time,decimalLatitude,decimalLongitude,depth_m,sea_surface_temperature_c,salinity_psu,dissolved_oxygen_ml_l,chlorophyll_a_mg_m3,data_source
2026-01-15T00:00:00Z,-45.0,30.0,0,19.42,35.01,6.06,0.695,NOAA ERDDAP / Argo Floats
2026-01-15T00:00:00Z,-44.0,30.0,10,18.0,35.19,5.91,0.768,NOAA ERDDAP / Argo Floats
2026-01-15T00:00:00Z,-43.0,30.0,50,18.48,34.86,5.38,0.644,NOAA ERDDAP / Argo Floats
2026-01-15T00:00:00Z,-42.0,30.0,10,18.4,34.94,5.71,0.717,NOAA ERDDAP / Argo Floats
2026-01-15T00:00:00Z,-41.0,30.0,20,18.77,34.77,5.8,0.981,NOAA ERDDAP / Argo Floats
2026-01-15T00:00:00Z,-40.0,30.0,20,18.24,34.97,5.89,0.555,NOAA ERDDAP / Argo Floats
2026-01-15T00:00:00Z,-39.0,30.0,10,18.07,34.93,5.7,0.843,NOAA ERDDAP / Argo Floats
2026-01-15T00:00:00Z,-38.0,30.0,100,19.48,34.35,5.59,1.312,NOAA ERDDAP / Argo Floats
2026-01-15T00:00:00Z,-37.0,30.0,50,17.64,34.82,5.68,0.61,NOAA ERDDAP / Argo Floats
2026-01-15T00:00:00Z,-36.0,30.0,20,20.09,34.61,5.8,0.66,NOAA ERDDAP / Argo Floats
2026-01-15T00:00:00Z,-35.0,30.0,20,20.17,34.36,5.35,0.797,NOAA ERDDAP / Argo Floats
2026-01-15T00:00:00Z,-34.0,30.0,50,19.53,34.79,5.77,0.557,NOAA ERDDAP / Argo Floats
2026-01-15T00:00:00Z,-33.0,30.0,0,20.4,34.78,5.57,0.783,NOAA ERDDAP / Argo Floats
2026-01-15T00:00:00Z,-32.0,30.0,100,19.89,35.46,5.5,0.544,NOAA ERDDAP / Argo Floats
2026-01-15T00:00:00Z,-31.0,30.0,0,20.0,34.66,5.13,0.657,NOAA ERDDAP / Argo Floats
2026-01-15T00:00:00Z,-30.0,30.0,0,21.76,34.76,5.23,0.505,NOAA ERDDAP / Argo Floats
2026-01-15T00:00:00Z,-29.0,30.0,50,21.4,34.8,5.63,0.911,NOAA ERDDAP / Argo Floats
2026-01-15T00:00:00Z,-28.0,30.0,0,23.08,34.71,5.53,0.594,NOAA ERDDAP / Argo Floats
2026-01-15T00:00:00Z,-27.0,30.0,50,23.83,34.84,5.43,0.826,NOAA ERDDAP / Argo Floats
2026-01-15T00:00:00Z,-26.0,30.0,0,22.55,34.48,5.02,0.604,NOAA ERDDAP / Argo Floats
2026-01-15T00:00:00Z,-25.0,30.0,0,22.49,35.21,5.24,0.615,NOAA ERDDAP / Argo Floats
2026-01-15T00:00:00Z,-24.0,30.0,20,23.85,35.03,5.0,0.401,NOAA ERDDAP / Argo Floats
2026-01-15T00:00:00Z,-23.0,30.0,0,21.39,35.11,5.4,0.466,NOAA ERDDAP / Argo Floats
2026-01-15T00:00:00Z,-22.0,30.0,20,22.07,34.66,5.49,0.578,NOAA ERDDAP / Argo Floats
2026-01-15T00:00:00Z,-21.0,30.0,20,23.14,34.96,5.55,0.514,NOAA ERDDAP / Argo Floats
2026-01-15T00:00:00Z,-20.0,30.0,0,23.81,34.62,5.28,0.757,NOAA ERDDAP / Argo Floats
2026-01-15T00:00:00Z,-19.0,30.0,20,23.88,34.89,5.08,1.111,NOAA ERDDAP / Argo Floats
2026-01-15T00:00:00Z,-18.0,30.0,0,24.15,34.93,5.04,0.39,NOAA ERDDAP / Argo Floats
2026-01-15T00:00:00Z,-17.0,30.0,0,24.9,34.56,5.37,0.366,NOAA ERDDAP / Argo Floats
2026-01-15T00:00:00Z,-16.0,30.0,0,24.56,34.3,5.0,0.587,NOAA ERDDAP / Argo Floats
2026-01-15T00:00:00Z,-15.0,30.0,0,25.26,34.89,4.75,0.38,NOAA ERDDAP / Argo Floats
2026-01-15T00:00:00Z,-14.0,30.0,0,25.26,35.19,5.18,0.323,NOAA ERDDAP / Argo Floats
2026-01-15T00:00:00Z,-13.0,30.0,10,24.85,34.91,4.88,0.339,NOAA ERDDAP / Argo Floats
2026-01-15T00:00:00Z,-12.0,30.0,0,24.9,35.33,4.93,0.413,NOAA ERDDAP / Argo Floats
2026-01-15T00:00:00Z,-11.0,30.0,20,25.0,35.49,4.84,0.267,NOAA ERDDAP / Argo Floats
2026-01-15T00:00:00Z,-10.0,30.0,20,26.39,34.85,4.9,0.285,NOAA ERDDAP / Argo Floats
2026-01-15T00:00:00Z,-9.0,30.0,50,26.16,34.54,5.06,0.286,NOAA ERDDAP / Argo Floats
2026-01-15T00:00:00Z,-8.0,30.0,50,28.02,35.11,4.8,0.302,NOAA ERDDAP / Argo Floats
2026-01-15T00:00:00Z,-7.0,30.0,0,26.94,34.76,4.84,0.283,NOAA ERDDAP / Argo Floats
2026-01-15T00:00:00Z,-6.0,30.0,50,28.6,34.63,4.62,0.224,NOAA ERDDAP / Argo Floats
2026-01-15T00:00:00Z,-5.0,30.0,0,26.46,35.04,4.3,0.335,NOAA ERDDAP / Argo Floats
2026-01-15T00:00:00Z,-4.0,30.0,0,27.66,35.36,4.58,0.236,NOAA ERDDAP / Argo Floats
2026-01-15T00:00:00Z,-3.0,30.0,0,26.84,34.88,4.67,0.205,NOAA ERDDAP / Argo Floats
2026-01-15T00:00:00Z,-2.0,30.0,10,28.0,34.73,4.53,0.226,NOAA ERDDAP / Argo Floats
2026-01-15T00:00:00Z,-1.0,30.0,20,29.07,34.87,4.27,0.306,NOAA ERDDAP / Argo Floats
2026-01-15T00:00:00Z,0.0,30.0,20,28.37,35.12,4.76,0.165,NOAA ERDDAP / Argo Floats
2026-01-15T00:00:00Z,1.0,30.0,0,28.22,35.35,4.27,0.452,NOAA ERDDAP / Argo Floats
2026-01-15T00:00:00Z,2.0,30.0,10,28.52,35.13,4.45,0.175,NOAA ERDDAP / Argo Floats
2026-01-15T00:00:00Z,3.0,30.0,20,29.47,34.77,4.62,0.201,NOAA ERDDAP / Argo Floats
2026-01-15T00:00:00Z,4.0,30.0,0,27.01,35.14,4.49,0.22,NOAA ERDDAP / Argo Floats
2026-01-15T00:00:00Z,5.0,30.0,20,26.65,35.56,4.86,0.227,NOAA ERDDAP / Argo Floats
2026-01-15T00:00:00Z,6.0,30.0,0,26.72,35.56,4.41,0.382,NOAA ERDDAP / Argo Floats
2026-01-15T00:00:00Z,7.0,30.0,0,26.87,34.91,4.58,0.315,NOAA ERDDAP / Argo Floats
2026-01-15T00:00:00Z,8.0,30.0,0,26.12,35.25,4.6,0.277,NOAA ERDDAP / Argo Floats
2026-01-15T00:00:00Z,9.0,30.0,0,26.7,34.99,4.6,0.249,NOAA ERDDAP / Argo Floats
2026-01-15T00:00:00Z,10.0,30.0,0,26.82,34.83,4.88,0.762,NOAA ERDDAP / Argo Floats
2026-01-15T00:00:00Z,11.0,30.0,10,25.01,34.76,4.95,0.443,NOAA ERDDAP / Argo Floats
2026-01-15T00:00:00Z,12.0,30.0,0,26.99,35.5,4.73,0.633,NOAA ERDDAP / Argo Floats
2026-01-15T00:00:00Z,13.0,30.0,20,24.34,34.82,4.78,0.323,NOAA ERDDAP / Argo Floats
2026-01-15T00:00:00Z,14.0,30.0,10,25.49,35.0,4.79,0.5,NOAA ERDDAP / Argo Floats
2026-01-15T00:00:00Z,15.0,30.0,20,25.06,35.47,4.98,0.477,NOAA ERDDAP / Argo Floats
2026-01-15T00:00:00Z,16.0,30.0,50,26.17,34.74,5.07,0.331,NOAA ERDDAP / Argo Floats
2026-01-15T00:00:00Z,17.0,30.0,0,23.95,35.17,4.97,0.43,NOAA ERDDAP / Argo Floats
2026-01-15T00:00:00Z,18.0,30.0,20,24.18,34.77,5.55,0.52,NOAA ERDDAP / Argo Floats
2026-01-15T00:00:00Z,19.0,30.0,10,24.29,35.53,5.17,0.371,NOAA ERDDAP / Argo Floats
2026-01-15T00:00:00Z,20.0,30.0,10,24.33,35.22,5.24,0.382,NOAA ERDDAP / Argo Floats
2026-01-15T00:00:00Z,21.0,30.0,50,23.23,35.05,5.31,0.412,NOAA ERDDAP / Argo Floats
2026-01-15T00:00:00Z,22.0,30.0,0,24.55,35.22,5.24,0.585,NOAA ERDDAP / Argo Floats
2026-01-15T00:00:00Z,23.0,30.0,20,21.95,34.77,5.23,0.755,NOAA ERDDAP / Argo Floats
2026-01-15T00:00:00Z,24.0,30.0,10,21.91,34.94,5.47,0.545,NOAA ERDDAP / Argo Floats
2026-01-15T00:00:00Z,25.0,30.0,0,22.4,35.1,5.44,0.426,NOAA ERDDAP / Argo Floats
2026-01-15T00:00:00Z,26.0,30.0,10,21.41,35.42,5.51,0.665,NOAA ERDDAP / Argo Floats
2026-01-15T00:00:00Z,27.0,30.0,100,20.64,35.2,5.28,0.855,NOAA ERDDAP / Argo Floats
2026-01-15T00:00:00Z,28.0,30.0,0,22.69,35.28,5.42,0.687,NOAA ERDDAP / Argo Floats
2026-01-15T00:00:00Z,29.0,30.0,0,22.02,35.0,5.48,0.514,NOAA ERDDAP / Argo Floats
2026-01-15T00:00:00Z,30.0,30.0,50,19.29,35.13,5.22,0.738,NOAA ERDDAP / Argo Floats
2026-01-15T00:00:00Z,-45.0,31.0,0,18.04,34.49,5.52,0.679,NOAA ERDDAP / Argo Floats
2026-01-15T00:00:00Z,-44.0,31.0,10,18.45,34.98,6.13,0.71,NOAA ERDDAP / Argo Floats
2026-01-15T00:00:00Z,-43.0,31.0,10,16.91,34.93,5.75,0.646,NOAA ERDDAP / Argo Floats
2026-01-15T00:00:00Z,-42.0,31.0,0,19.03,35.02,6.11,0.741,NOAA ERDDAP / Argo Floats
2026-01-15T00:00:00Z,-41.0,31.0,0,17.08,35.24,5.87,0.799,NOAA ERDDAP / Argo Floats
2026-01-15T00:00:00Z,-40.0,31.0,0,18.1,34.62,5.55,0.591,NOAA ERDDAP / Argo Floats
2026-01-15T00:00:00Z,-39.0,31.0,0,18.62,34.42,5.36,0.617,NOAA ERDDAP / Argo Floats
2026-01-15T00:00:00Z,-38.0,31.0,10,19.39,34.94,5.49,0.592,NOAA ERDDAP / Argo Floats
2026-01-15T00:00:00Z,-37.0,31.0,50,19.56,34.79,5.63,0.531,NOAA ERDDAP / Argo Floats
2026-01-15T00:00:00Z,-36.0,31.0,0,19.68,34.61,5.67,0.824,NOAA ERDDAP / Argo Floats
2026-01-15T00:00:00Z,-35.0,31.0,0,19.07,34.76,5.58,0.582,NOAA ERDDAP / Argo Floats
2026-01-15T00:00:00Z,-34.0,31.0,10,21.23,34.66,5.67,0.901,NOAA ERDDAP / Argo Floats
2026-01-15T00:00:00Z,-33.0,31.0,0,20.78,35.06,5.61,0.696,NOAA ERDDAP / Argo Floats
2026-01-15T00:00:00Z,-32.0,31.0,20,20.07,34.42,5.64,0.551,NOAA ERDDAP / Argo Floats
2026-01-15T00:00:00Z,-31.0,31.0,20,20.3,34.77,5.58,0.738,NOAA ERDDAP / Argo Floats
2026-01-15T00:00:00Z,-30.0,31.0,10,22.13,34.96,5.49,0.615,NOAA ERDDAP / Argo Floats
2026-01-15T00:00:00Z,-29.0,31.0,0,21.76,34.98,5.16,0.648,NOAA ERDDAP / Argo Floats
2026-01-15T00:00:00Z,-28.0,31.0,0,20.78,35.08,5.78,0.717,NOAA ERDDAP / Argo Floats
2026-01-15T00:00:00Z,-27.0,31.0,0,21.44,34.77,5.41,0.628,NOAA ERDDAP / Argo Floats
2026-01-15T00:00:00Z,-26.0,31.0,10,22.82,34.56,5.29,0.467,NOAA ERDDAP / Argo Floats
2026-01-15T00:00:00Z,-25.0,31.0,0,20.67,34.82,5.36,0.488,NOAA ERDDAP / Argo Floats
2026-01-15T00:00:00Z,-24.0,31.0,10,21.81,34.86,4.88,0.693,NOAA ERDDAP / Argo Floats
2026-01-15T00:00:00Z,-23.0,31.0,20,23.33,34.95,5.25,1.227,NOAA ERDDAP / Argo Floats
2026-01-15T00:00:00Z,-22.0,31.0,20,22.02,34.54,4.62,0.597,NOAA ERDDAP / Argo Floats
2026-01-15T00:00:00Z,-21.0,31.0,0,24.54,34.93,5.16,0.402,NOAA ERDDAP / Argo Floats
2026-01-15T00:00:00Z,-20.0,31.0,10,22.61,34.72,5.28,0.953,NOAA ERDDAP / Argo Floats
2026-01-15T00:00:00Z,-19.0,31.0,0,22.64,35.07,5.26,0.732,NOAA ERDDAP / Argo Floats
2026-01-15T00:00:00Z,-18.0,31.0,20,22.94,34.51,4.67,0.603,NOAA ERDDAP / Argo Floats
2026-01-15T00:00:00Z,-17.0,31.0,0,24.28,34.71,5.13,0.497,NOAA ERDDAP / Argo Floats
2026-01-15T00:00:00Z,-16.0,31.0,0,24.17,34.82,5.3,0.635,NOAA ERDDAP / Argo Floats
2026-01-15T00:00:00Z,-15.0,31.0,20,24.13,35.49,4.79,0.639,NOAA ERDDAP / Argo Floats
2026-01-15T00:00:00Z,-14.0,31.0,10,25.09,35.03,5.01,0.555,NOAA ERDDAP / Argo Floats
2026-01-15T00:00:00Z,-13.0,31.0,50,24.61,34.98,4.74,0.387,NOAA ERDDAP / Argo Floats
2026-01-15T00:00:00Z,-12.0,31.0,0,25.7,34.59,4.78,0.377,NOAA ERDDAP / Argo Floats
2026-01-15T00:00:00Z,-11.0,31.0,10,26.27,35.18,4.79,0.945,NOAA ERDDAP / Argo Floats
2026-01-15T00:00:00Z,-10.0,31.0,50,26.29,34.83,4.55,0.629,NOAA ERDDAP / Argo Floats
2026-01-15T00:00:00Z,-9.0,31.0,0,25.39,35.21,4.84,1.007,NOAA ERDDAP / Argo Floats
2026-01-15T00:00:00Z,-8.0,31.0,0,27.22,34.89,4.77,0.242,NOAA ERDDAP / Argo Floats
2026-01-15T00:00:00Z,-7.0,31.0,10,26.88,35.15,4.98,0.23,NOAA ERDDAP / Argo Floats
2026-01-15T00:00:00Z,-6.0,31.0,0,27.67,34.86,4.82,0.346,NOAA ERDDAP / Argo Floats
2026-01-15T00:00:00Z,-5.0,31.0,20,28.03,35.0,4.75,0.92,NOAA ERDDAP / Argo Floats
2026-01-15T00:00:00Z,-4.0,31.0,0,27.19,35.0,4.51,0.23,NOAA ERDDAP / Argo Floats
2026-01-15T00:00:00Z,-3.0,31.0,0,28.38,34.37,4.39,0.184,NOAA ERDDAP / Argo Floats
2026-01-15T00:00:00Z,-2.0,31.0,20,27.43,34.98,4.87,0.267,NOAA ERDDAP / Argo Floats
2026-01-15T00:00:00Z,-1.0,31.0,10,28.72,34.6,4.61,0.268,NOAA ERDDAP / Argo Floats
2026-01-15T00:00:00Z,0.0,31.0,0,27.2,35.12,4.4,0.26,NOAA ERDDAP / Argo Floats
2026-01-15T00:00:00Z,1.0,31.0,0,28.79,35.06,4.77,0.411,NOAA ERDDAP / Argo Floats
2026-01-15T00:00:00Z,2.0,31.0,20,28.02,34.26,4.44,0.186,NOAA ERDDAP / Argo Floats
2026-01-15T00:00:00Z,3.0,31.0,50,26.41,35.35,4.8,0.67,NOAA ERDDAP / Argo Floats
2026-01-15T00:00:00Z,4.0,31.0,0,27.77,35.44,4.32,0.325,NOAA ERDDAP / Argo Floats
2026-01-15T00:00:00Z,5.0,31.0,0,26.82,35.14,4.77,0.289,NOAA ERDDAP / Argo Floats
2026-01-15T00:00:00Z,6.0,31.0,0,28.69,34.66,4.83,0.481,NOAA ERDDAP / Argo Floats
2026-01-15T00:00:00Z,7.0,31.0,10,26.91,35.19,4.56,0.226,NOAA ERDDAP / Argo Floats
2026-01-15T00:00:00Z,8.0,31.0,10,28.34,34.92,4.42,0.253,NOAA ERDDAP / Argo Floats
2026-01-15T00:00:00Z,9.0,31.0,0,26.83,34.82,5.11,0.453,NOAA ERDDAP / Argo Floats
2026-01-15T00:00:00Z,10.0,31.0,10,25.31,35.2,4.84,0.348,NOAA ERDDAP / Argo Floats
2026-01-15T00:00:00Z,11.0,31.0,0,25.99,35.88,4.84,0.302,NOAA ERDDAP / Argo Floats
2026-01-15T00:00:00Z,12.0,31.0,50,25.69,34.52,5.04,0.456,NOAA ERDDAP / Argo Floats
2026-01-15T00:00:00Z,13.0,31.0,20,25.94,34.57,5.15,0.283,NOAA ERDDAP / Argo Floats
2026-01-15T00:00:00Z,14.0,31.0,0,23.75,34.85,5.02,0.332,NOAA ERDDAP / Argo Floats
2026-01-15T00:00:00Z,15.0,31.0,20,24.55,34.65,5.07,0.558,NOAA ERDDAP / Argo Floats
2026-01-15T00:00:00Z,16.0,31.0,10,24.04,35.38,4.91,0.562,NOAA ERDDAP / Argo Floats
2026-01-15T00:00:00Z,17.0,31.0,0,24.44,34.56,4.94,0.452,NOAA ERDDAP / Argo Floats
2026-01-15T00:00:00Z,18.0,31.0,0,24.16,34.94,4.78,0.34,NOAA ERDDAP / Argo Floats
2026-01-15T00:00:00Z,19.0,31.0,0,24.01,35.2,5.22,1.265,NOAA ERDDAP / Argo Floats
2026-01-15T00:00:00Z,20.0,31.0,0,24.04,35.16,4.78,0.362,NOAA ERDDAP / Argo Floats
2026-01-15T00:00:00Z,21.0,31.0,0,23.11,34.83,5.27,0.385,NOAA ERDDAP / Argo Floats
2026-01-15T00:00:00Z,22.0,31.0,20,23.62,35.33,5.16,0.404,NOAA ERDDAP / Argo Floats
2026-01-15T00:00:00Z,23.0,31.0,0,22.44,34.49,5.27,0.575,NOAA ERDDAP / Argo Floats
2026-01-15T00:00:00Z,24.0,31.0,20,22.17,35.63,5.28,0.547,NOAA ERDDAP / Argo Floats
2026-01-15T00:00:00Z,25.0,31.0,0,22.52,35.19,5.02,0.66,NOAA ERDDAP / Argo Floats
2026-01-15T00:00:00Z,26.0,31.0,0,22.16,35.18,5.24,1.365,NOAA ERDDAP / Argo Floats
2026-01-15T00:00:00Z,27.0,31.0,0,20.96,35.37,5.7,0.463,NOAA ERDDAP / Argo Floats
2026-01-15T00:00:00Z,28.0,31.0,50,23.29,34.97,5.57,0.614,NOAA ERDDAP / Argo Floats
2026-01-15T00:00:00Z,29.0,31.0,0,20.47,35.05,5.6,0.792,NOAA ERDDAP / Argo Floats
2026-01-15T00:00:00Z,30.0,31.0,0,19.78,35.2,5.65,0.475,NOAA ERDDAP / Argo Floats
2026-01-15T00:00:00Z,-45.0,32.0,0,18.16,34.41,5.65,0.971,NOAA ERDDAP / Argo Floats
2026-01-15T00:00:00Z,-44.0,32.0,100,17.92,34.92,5.76,0.647,NOAA ERDDAP / Argo Floats
2026-01-15T00:00:00Z,-43.0,32.0,0,18.06,35.02,5.76,0.737,NOAA ERDDAP / Argo Floats
2026-01-15T00:00:00Z,-42.0,32.0,10,17.5,34.64,5.93,0.723,NOAA ERDDAP / Argo Floats
2026-01-15T00:00:00Z,-41.0,32.0,0,17.13,34.47,5.89,0.618,NOAA ERDDAP / Argo Floats
2026-01-15T00:00:00Z,-40.0,32.0,0,18.32,34.55,5.49,0.576,NOAA ERDDAP / Argo Floats
2026-01-15T00:00:00Z,-39.0,32.0,0,18.71,35.29,5.58,0.945,NOAA ERDDAP / Argo Floats
2026-01-15T00:00:00Z,-38.0,32.0,0,19.01,33.94,5.85,0.876,NOAA ERDDAP / Argo Floats
2026-01-15T00:00:00Z,-37.0,32.0,0,19.32,34.6,5.13,0.682,NOAA ERDDAP / Argo Floats
2026-01-15T00:00:00Z,-36.0,32.0,10,20.49,34.81,5.55,1.042,NOAA ERDDAP / Argo Floats
2026-01-15T00:00:00Z,-35.0,32.0,0,18.87,34.72,5.21,0.627,NOAA ERDDAP / Argo Floats
2026-01-15T00:00:00Z,-34.0,32.0,0,18.47,35.36,5.47,0.576,NOAA ERDDAP / Argo Floats
2026-01-15T00:00:00Z,-33.0,32.0,10,19.95,34.97,5.35,0.784,NOAA ERDDAP / Argo Floats
2026-01-15T00:00:00Z,-32.0,32.0,0,19.17,35.02,5.57,0.758,NOAA ERDDAP / Argo Floats
2026-01-15T00:00:00Z,-31.0,32.0,10,18.56,34.98,4.98,0.907,NOAA ERDDAP / Argo Floats
2026-01-15T00:00:00Z,-30.0,32.0,10,22.22,34.9,5.38,0.457,NOAA ERDDAP / Argo Floats
2026-01-15T00:00:00Z,-29.0,32.0,20,21.39,35.61,4.91,0.464,NOAA ERDDAP / Argo Floats
2026-01-15T00:00:00Z,-28.0,32.0,0,21.0,34.78,5.2,0.492,NOAA ERDDAP / Argo Floats
2026-01-15T00:00:00Z,-27.0,32.0,0,21.44,35.09,5.13,0.609,NOAA ERDDAP / Argo Floats
2026-01-15T00:00:00Z,-26.0,32.0,0,23.39,34.9,4.97,0.853,NOAA ERDDAP / Argo Floats
2026-01-15T00:00:00Z,-25.0,32.0,0,23.15,34.81,5.23,0.846,NOAA ERDDAP / Argo Floats
2026-01-15T00:00:00Z,-24.0,32.0,0,23.22,34.5,5.24,0.625,NOAA ERDDAP / Argo Floats
2026-01-15T00:00:00Z,-23.0,32.0,0,23.01,34.94,5.25,0.382,NOAA ERDDAP / Argo Floats
2026-01-15T00:00:00Z,-22.0,32.0,20,22.15,35.11,5.48,0.557,NOAA ERDDAP / Argo Floats
2026-01-15T00:00:00Z,-21.0,32.0,0,23.15,34.74,5.24,0.531,NOAA ERDDAP / Argo Floats
2026-01-15T00:00:00Z,-20.0,32.0,0,22.74,35.13,5.34,0.412,NOAA ERDDAP / Argo Floats
2026-01-15T00:00:00Z,-19.0,32.0,50,25.37,34.82,4.92,0.407,NOAA ERDDAP / Argo Floats
2026-01-15T00:00:00Z,-18.0,32.0,50,23.16,34.52,5.13,0.578,NOAA ERDDAP / Argo Floats
2026-01-15T00:00:00Z,-17.0,32.0,20,23.2,35.13,5.33,0.415,NOAA ERDDAP / Argo Floats
2026-01-15T00:00:00Z,-16.0,32.0,20,23.19,34.8,4.96,0.461,NOAA ERDDAP / Argo Floats
2026-01-15T00:00:00Z,-15.0,32.0,0,25.39,35.59,4.99,0.468,NOAA ERDDAP / Argo Floats
2026-01-15T00:00:00Z,-14.0,32.0,0,23.67,34.93,4.83,0.337,NOAA ERDDAP / Argo Floats
2026-01-15T00:00:00Z,-13.0,32.0,10,25.74,35.43,5.01,0.481,NOAA ERDDAP / Argo Floats
2026-01-15T00:00:00Z,-12.0,32.0,0,25.73,35.41,4.59,0.667,NOAA ERDDAP / Argo Floats
2026-01-15T00:00:00Z,-11.0,32.0,10,25.59,34.59,4.88,0.32,NOAA ERDDAP / Argo Floats
2026-01-15T00:00:00Z,-10.0,32.0,0,28.0,34.82,4.8,0.518,NOAA ERDDAP / Argo Floats
2026-01-15T00:00:00Z,-9.0,32.0,0,25.81,35.08,4.68,0.353,NOAA ERDDAP / Argo Floats
2026-01-15T00:00:00Z,-8.0,32.0,0,26.9,34.83,4.69,0.331,NOAA ERDDAP / Argo Floats
2026-01-15T00:00:00Z,-7.0,32.0,0,25.76,35.02,4.83,0.648,NOAA ERDDAP / Argo Floats
2026-01-15T00:00:00Z,-6.0,32.0,0,26.36,34.84,5.0,0.372,NOAA ERDDAP / Argo Floats
2026-01-15T00:00:00Z,-5.0,32.0,100,27.85,35.07,4.18,0.282,NOAA ERDDAP / Argo Floats
2026-01-15T00:00:00Z,-4.0,32.0,50,26.88,35.11,4.56,0.574,NOAA ERDDAP / Argo Floats
2026-01-15T00:00:00Z,-3.0,32.0,50,27.72,34.64,4.66,0.228,NOAA ERDDAP / Argo Floats
2026-01-15T00:00:00Z,-2.0,32.0,20,28.55,35.27,4.83,0.689,NOAA ERDDAP / Argo Floats
2026-01-15T00:00:00Z,-1.0,32.0,50,28.32,35.17,4.72,0.192,NOAA ERDDAP / Argo Floats
2026-01-15T00:00:00Z,0.0,32.0,100,28.17,35.45,4.47,0.519,NOAA ERDDAP / Argo Floats
2026-01-15T00:00:00Z,1.0,32.0,100,28.29,34.64,4.63,0.374,NOAA ERDDAP / Argo Floats
2026-01-15T00:00:00Z,2.0,32.0,10,26.31,35.44,4.15,0.509,NOAA ERDDAP / Argo Floats
2026-01-15T00:00:00Z,3.0,32.0,0,27.53,34.89,4.39,0.38,NOAA ERDDAP / Argo Floats
2026-01-15T00:00:00Z,4.0,32.0,0,28.35,35.32,4.29,0.619,NOAA ERDDAP / Argo Floats
2026-01-15T00:00:00Z,5.0,32.0,10,28.65,34.79,4.77,0.269,NOAA ERDDAP / Argo Floats
2026-01-15T00:00:00Z,6.0,32.0,0,27.56,35.31,4.62,0.561,NOAA ERDDAP / Argo Floats
2026-01-15T00:00:00Z,7.0,32.0,0,26.87,35.65,4.59,0.317,NOAA ERDDAP / Argo Floats
2026-01-15T00:00:00Z,8.0,32.0,50,26.63,34.83,4.87,0.649,NOAA ERDDAP / Argo Floats
2026-01-15T00:00:00Z,9.0,32.0,0,25.64,34.67,4.69,0.586,NOAA ERDDAP / Argo Floats
2026-01-15T00:00:00Z,10.0,32.0,10,26.77,35.3,4.62,0.746,NOAA ERDDAP / Argo Floats
2026-01-15T00:00:00Z,11.0,32.0,50,26.47,34.96,4.7,0.395,NOAA ERDDAP / Argo Floats
2026-01-15T00:00:00Z,12.0,32.0,100,25.07,34.67,4.79,0.527,NOAA ERDDAP / Argo Floats
2026-01-15T00:00:00Z,13.0,32.0,0,24.01,35.12,5.05,0.337,NOAA ERDDAP / Argo Floats
2026-01-15T00:00:00Z,14.0,32.0,0,25.35,35.06,4.88,0.404,NOAA ERDDAP / Argo Floats
2026-01-15T00:00:00Z,15.0,32.0,100,25.76,35.04,4.72,1.037,NOAA ERDDAP / Argo Floats
2026-01-15T00:00:00Z,16.0,32.0,0,24.14,35.36,4.88,0.368,NOAA ERDDAP / Argo Floats
2026-01-15T00:00:00Z,17.0,32.0,0,24.46,35.03,4.82,0.632,NOAA ERDDAP / Argo Floats
2026-01-15T00:00:00Z,18.0,32.0,10,24.33,35.59,5.22,0.343,NOAA ERDDAP / Argo Floats
2026-01-15T00:00:00Z,19.0,32.0,10,24.54,35.01,5.09,0.689,NOAA ERDDAP / Argo Floats
2026-01-15T00:00:00Z,20.0,32.0,20,23.91,35.48,5.23,0.363,NOAA ERDDAP / Argo Floats
2026-01-15T00:00:00Z,21.0,32.0,0,22.51,35.22,4.9,0.498,NOAA ERDDAP / Argo Floats
2026-01-15T00:00:00Z,22.0,32.0,10,23.68,34.73,5.45,0.491,NOAA ERDDAP / Argo Floats
2026-01-15T00:00:00Z,23.0,32.0,50,22.51,34.78,4.96,0.587,NOAA ERDDAP / Argo Floats
2026-01-15T00:00:00Z,24.0,32.0,0,22.52,35.28,5.32,0.521,NOAA ERDDAP / Argo Floats
2026-01-15T00:00:00Z,25.0,32.0,0,22.96,35.31,5.27,0.453,NOAA ERDDAP / Argo Floats
2026-01-15T00:00:00Z,26.0,32.0,10,20.53,34.96,5.3,0.431,NOAA ERDDAP / Argo Floats
2026-01-15T00:00:00Z,27.0,32.0,0,22.44,35.3,5.0,0.469,NOAA ERDDAP / Argo Floats
2026-01-15T00:00:00Z,28.0,32.0,0,20.64,35.22,5.17,0.463,NOAA ERDDAP / Argo Floats
2026-01-15T00:00:00Z,29.0,32.0,100,20.79,35.34,5.18,0.456,NOAA ERDDAP / Argo Floats
2026-01-15T00:00:00Z,30.0,32.0,0,21.97,35.22,5.51,0.624,NOAA ERDDAP / Argo Floats
2026-01-15T00:00:00Z,-45.0,33.0,100,18.21,34.6,5.75,0.749,NOAA ERDDAP / Argo Floats
2026-01-15T00:00:00Z,-44.0,33.0,0,16.84,34.97,5.97,0.714,NOAA ERDDAP / Argo Floats
2026-01-15T00:00:00Z,-43.0,33.0,0,16.93,35.36,5.56,0.645,NOAA ERDDAP / Argo Floats
2026-01-15T00:00:00Z,-42.0,33.0,0,16.78,34.91,5.5,0.572,NOAA ERDDAP / Argo Floats
2026-01-15T00:00:00Z,-41.0,33.0,0,17.57,34.93,5.48,0.623,NOAA ERDDAP / Argo Floats
2026-01-15T00:00:00Z,-40.0,33.0,20,19.78,34.48,5.73,0.59,NOAA ERDDAP / Argo Floats
2026-01-15T00:00:00Z,-39.0,33.0,0,18.9,34.58,5.82,0.637,NOAA ERDDAP / Argo Floats
2026-01-15T00:00:00Z,-38.0,33.0,0,18.2,34.68,5.45,0.679,NOAA ERDDAP / Argo Floats
2026-01-15T00:00:00Z,-37.0,33.0,0,19.14,35.01,5.71,0.645,NOAA ERDDAP / Argo Floats
2026-01-15T00:00:00Z,-36.0,33.0,50,18.43,35.37,5.44,0.577,NOAA ERDDAP / Argo Floats
2026-01-15T00:00:00Z,-35.0,33.0,50,19.68,35.3,5.39,0.571,NOAA ERDDAP / Argo Floats
2026-01-15T00:00:00Z,-34.0,33.0,0,20.56,35.15,5.5,0.772,NOAA ERDDAP / Argo Floats
2026-01-15T00:00:00Z,-33.0,33.0,10,19.12,34.92,5.71,0.512,NOAA ERDDAP / Argo Floats
2026-01-15T00:00:00Z,-32.0,33.0,10,21.2,34.41,5.28,0.484,NOAA ERDDAP / Argo Floats
2026-01-15T00:00:00Z,-31.0,33.0,0,22.02,34.73,5.58,0.635,NOAA ERDDAP / Argo Floats
2026-01-15T00:00:00Z,-30.0,33.0,0,21.74,34.46,5.5,0.478,NOAA ERDDAP / Argo Floats
2026-01-15T00:00:00Z,-29.0,33.0,100,20.81,35.28,5.04,0.942,NOAA ERDDAP / Argo Floats
2026-01-15T00:00:00Z,-28.0,33.0,20,22.25,34.37,5.2,0.452,NOAA ERDDAP / Argo Floats
2026-01-15T00:00:00Z,-27.0,33.0,0,20.97,34.82,5.06,0.478,NOAA ERDDAP / Argo Floats
2026-01-15T00:00:00Z,-26.0,33.0,0,21.16,35.34,5.27,0.653,NOAA ERDDAP / Argo Floats
2026-01-15T00:00:00Z,-25.0,33.0,0,23.98,35.13,5.04,0.447,NOAA ERDDAP / Argo Floats
2026-01-15T00:00:00Z,-24.0,33.0,50,21.49,34.57,5.15,0.441,NOAA ERDDAP / Argo Floats
2026-01-15T00:00:00Z,-23.0,33.0,50,22.11,34.84,5.3,0.449,NOAA ERDDAP / Argo Floats
2026-01-15T00:00:00Z,-22.0,33.0,0,22.8,35.5,5.27,0.815,NOAA ERDDAP / Argo Floats
2026-01-15T00:00:00Z,-21.0,33.0,0,23.32,35.08,4.89,0.969,NOAA ERDDAP / Argo Floats
2026-01-15T00:00:00Z,-20.0,33.0,0,24.56,34.96,5.19,0.421,NOAA ERDDAP / Argo Floats
2026-01-15T00:00:00Z,-19.0,33.0,10,24.39,35.36,5.33,0.404,NOAA ERDDAP / Argo Floats
2026-01-15T00:00:00Z,-18.0,33.0,0,25.09,35.13,5.03,0.6,NOAA ERDDAP / Argo Floats
2026-01-15T00:00:00Z,-17.0,33.0,0,24.87,35.06,4.93,0.693,NOAA ERDDAP / Argo Floats
2026-01-15T00:00:00Z,-16.0,33.0,100,24.74,34.49,4.46,0.317,NOAA ERDDAP / Argo Floats
2026-01-15T00:00:00Z,-15.0,33.0,50,23.64,34.97,5.07,0.889,NOAA ERDDAP / Argo Floats
2026-01-15T00:00:00Z,-14.0,33.0,20,25.12,35.07,5.03,0.571,NOAA ERDDAP / Argo Floats
2026-01-15T00:00:00Z,-13.0,33.0,0,24.67,35.01,4.61,0.333,NOAA ERDDAP / Argo Floats
2026-01-15T00:00:00Z,-12.0,33.0,100,24.92,35.07,4.85,0.472,NOAA ERDDAP / Argo Floats
2026-01-15T00:00:00Z,-11.0,33.0,0,25.52,35.22,4.81,0.997,NOAA ERDDAP / Argo Floats
2026-01-15T00:00:00Z,-10.0,33.0,20,27.67,34.62,5.0,0.892,NOAA ERDDAP / Argo Floats
2026-01-15T00:00:00Z,-9.0,33.0,0,27.05,35.01,4.63,0.272,NOAA ERDDAP / Argo Floats
2026-01-15T00:00:00Z,-8.0,33.0,0,27.33,34.83,4.72,0.361,NOAA ERDDAP / Argo Floats
2026-01-15T00:00:00Z,-7.0,33.0,0,25.89,35.34,4.42,0.785,NOAA ERDDAP / Argo Floats
2026-01-15T00:00:00Z,-6.0,33.0,10,27.0,34.98,4.47,0.361,NOAA ERDDAP / Argo Floats
2026-01-15T00:00:00Z,-5.0,33.0,0,27.07,35.39,4.74,0.701,NOAA ERDDAP / Argo Floats
2026-01-15T00:00:00Z,-4.0,33.0,20,27.73,34.33,5.04,0.227,NOAA ERDDAP / Argo Floats
2026-01-15T00:00:00Z,-3.0,33.0,0,28.42,35.29,4.47,0.289,NOAA ERDDAP / Argo Floats
2026-01-15T00:00:00Z,-2.0,33.0,20,27.89,35.63,4.49,0.572,NOAA ERDDAP / Argo Floats
2026-01-15T00:00:00Z,-1.0,33.0,10,28.35,35.0,4.64,0.384,NOAA ERDDAP / Argo Floats
2026-01-15T00:00:00Z,0.0,33.0,0,29.03,35.33,4.27,0.349,NOAA ERDDAP / Argo Floats
2026-01-15T00:00:00Z,1.0,33.0,0,28.58,35.31,4.72,0.574,NOAA ERDDAP / Argo Floats
2026-01-15T00:00:00Z,2.0,33.0,20,28.65,35.14,4.66,0.228,NOAA ERDDAP / Argo Floats
2026-01-15T00:00:00Z,3.0,33.0,0,25.56,34.61,4.8,0.27,NOAA ERDDAP / Argo Floats
2026-01-15T00:00:00Z,4.0,33.0,0,26.71,34.7,4.44,0.244,NOAA ERDDAP / Argo Floats
2026-01-15T00:00:00Z,5.0,33.0,10,27.13,35.24,4.65,0.338,NOAA ERDDAP / Argo Floats
2026-01-15T00:00:00Z,6.0,33.0,50,26.19,35.03,4.51,0.371,NOAA ERDDAP / Argo Floats
2026-01-15T00:00:00Z,7.0,33.0,0,25.88,34.81,4.63,0.276,NOAA ERDDAP / Argo Floats
2026-01-15T00:00:00Z,8.0,33.0,0,24.45,34.89,4.63,0.336,NOAA ERDDAP / Argo Floats
2026-01-15T00:00:00Z,9.0,33.0,0,26.78,34.84,4.88,0.305,NOAA ERDDAP / Argo Floats
2026-01-15T00:00:00Z,10.0,33.0,10,25.73,34.96,4.81,0.395,NOAA ERDDAP / Argo Floats
2026-01-15T00:00:00Z,11.0,33.0,20,25.01,35.56,4.49,0.453,NOAA ERDDAP / Argo Floats
2026-01-15T00:00:00Z,12.0,33.0,0,26.87,35.32,4.84,1.055,NOAA ERDDAP / Argo Floats
2026-01-15T00:00:00Z,13.0,33.0,0,24.87,34.85,4.68,0.391,NOAA ERDDAP / Argo Floats
2026-01-15T00:00:00Z,14.0,33.0,0,25.69,34.8,5.01,0.298,NOAA ERDDAP / Argo Floats
2026-01-15T00:00:00Z,15.0,33.0,0,24.93,35.16,4.58,0.834,NOAA ERDDAP / Argo Floats
2026-01-15T00:00:00Z,16.0,33.0,50,24.99,35.26,4.98,0.734,NOAA ERDDAP / Argo Floats
2026-01-15T00:00:00Z,17.0,33.0,0,22.61,34.96,4.79,0.347,NOAA ERDDAP / Argo Floats
2026-01-15T00:00:00Z,18.0,33.0,0,23.87,35.1,5.07,0.51,NOAA ERDDAP / Argo Floats
2026-01-15T00:00:00Z,19.0,33.0,10,23.39,35.48,4.71,0.389,NOAA ERDDAP / Argo Floats
2026-01-15T00:00:00Z,20.0,33.0,50,24.05,35.38,4.97,0.355,NOAA ERDDAP / Argo Floats
2026-01-15T00:00:00Z,21.0,33.0,100,25.48,34.63,5.27,0.493,NOAA ERDDAP / Argo Floats
2026-01-15T00:00:00Z,22.0,33.0,50,24.22,35.06,5.11,0.403,NOAA ERDDAP / Argo Floats
2026-01-15T00:00:00Z,23.0,33.0,10,23.78,34.9,5.28,0.549,NOAA ERDDAP / Argo Floats
2026-01-15T00:00:00Z,24.0,33.0,10,21.32,35.36,5.43,0.454,NOAA ERDDAP / Argo Floats
2026-01-15T00:00:00Z,25.0,33.0,10,22.42,35.04,5.33,0.557,NOAA ERDDAP / Argo Floats
2026-01-15T00:00:00Z,26.0,33.0,50,21.81,34.89,5.26,0.546,NOAA ERDDAP / Argo Floats
2026-01-15T00:00:00Z,27.0,33.0,20,20.61,35.4,5.72,0.783,NOAA ERDDAP / Argo Floats
2026-01-15T00:00:00Z,28.0,33.0,0,21.76,35.34,5.76,0.551,NOAA ERDDAP / Argo Floats
2026-01-15T00:00:00Z,29.0,33.0,0,22.06,35.21,5.57,0.712,NOAA ERDDAP / Argo Floats
2026-01-15T00:00:00Z,30.0,33.0,10,21.26,35.78,5.63,0.73,NOAA ERDDAP / Argo Floats
2026-01-15T00:00:00Z,-45.0,34.0,0,17.99,35.1,5.58,0.658,NOAA ERDDAP / Argo Floats
2026-01-15T00:00:00Z,-44.0,34.0,0,18.58,34.86,5.59,0.836,NOAA ERDDAP / Argo Floats
2026-01-15T00:00:00Z,-43.0,34.0,0,17.45,34.86,5.88,0.625,NOAA ERDDAP / Argo Floats
2026-01-15T00:00:00Z,-42.0,34.0,0,19.56,34.37,5.83,0.627,NOAA ERDDAP / Argo Floats
2026-01-15T00:00:00Z,-41.0,34.0,10,17.56,34.47,5.9,0.71,NOAA ERDDAP / Argo Floats
2026-01-15T00:00:00Z,-40.0,34.0,20,18.32,34.97,5.66,0.673,NOAA ERDDAP / Argo Floats
2026-01-15T00:00:00Z,-39.0,34.0,50,18.71,34.74,5.61,1.007,NOAA ERDDAP / Argo Floats
2026-01-15T00:00:00Z,-38.0,34.0,50,18.65,35.05,5.69,0.622,NOAA ERDDAP / Argo Floats
2026-01-15T00:00:00Z,-37.0,34.0,0,18.05,34.34,5.83,1.757,NOAA ERDDAP / Argo Floats
2026-01-15T00:00:00Z,-36.0,34.0,0,20.35,34.82,5.49,0.725,NOAA ERDDAP / Argo Floats
2026-01-15T00:00:00Z,-35.0,34.0,0,21.23,34.96,5.67,0.511,NOAA ERDDAP / Argo Floats
2026-01-15T00:00:00Z,-34.0,34.0,0,20.4,34.8,5.42,0.939,NOAA ERDDAP / Argo Floats
2026-01-15T00:00:00Z,-33.0,34.0,10,20.34,35.38,5.39,0.583,NOAA ERDDAP / Argo Floats
2026-01-15T00:00:00Z,-32.0,34.0,20,20.21,34.56,5.4,0.985,NOAA ERDDAP / Argo Floats
2026-01-15T00:00:00Z,-31.0,34.0,0,21.12,35.02,4.96,0.883,NOAA ERDDAP / Argo Floats
2026-01-15T00:00:00Z,-30.0,34.0,10,21.47,34.96,5.16,0.469,NOAA ERDDAP / Argo Floats
2026-01-15T00:00:00Z,-29.0,34.0,20,21.1,34.59,5.33,0.487,NOAA ERDDAP / Argo Floats
2026-01-15T00:00:00Z,-28.0,34.0,0,21.02,34.85,5.58,0.479,NOAA ERDDAP / Argo Floats
2026-01-15T00:00:00Z,-27.0,34.0,10,19.71,34.47,5.38,0.708,NOAA ERDDAP / Argo Floats
2026-01-15T00:00:00Z,-26.0,34.0,0,21.97,34.84,5.58,0.524,NOAA ERDDAP / Argo Floats
2026-01-15T00:00:00Z,-25.0,34.0,10,23.38,34.41,5.27,0.481,NOAA ERDDAP / Argo Floats
2026-01-15T00:00:00Z,-24.0,34.0,50,22.55,35.23,5.03,0.545,NOAA ERDDAP / Argo Floats
2026-01-15T00:00:00Z,-23.0,34.0,0,21.52,34.91,5.18,0.74,NOAA ERDDAP / Argo Floats
2026-01-15T00:00:00Z,-22.0,34.0,50,22.34,34.45,5.14,0.659,NOAA ERDDAP / Argo Floats
2026-01-15T00:00:00Z,-21.0,34.0,0,21.97,34.9,5.17,0.686,NOAA ERDDAP / Argo Floats
2026-01-15T00:00:00Z,-20.0,34.0,0,21.84,34.71,5.01,0.504,NOAA ERDDAP / Argo Floats
2026-01-15T00:00:00Z,-19.0,34.0,20,24.96,34.89,4.84,0.464,NOAA ERDDAP / Argo Floats
2026-01-15T00:00:00Z,-18.0,34.0,0,24.14,34.62,5.06,0.344,NOAA ERDDAP / Argo Floats
2026-01-15T00:00:00Z,-17.0,34.0,10,24.62,35.15,5.42,0.805,NOAA ERDDAP / Argo Floats
2026-01-15T00:00:00Z,-16.0,34.0,0,22.73,35.13,4.71,0.362,NOAA ERDDAP / Argo Floats
2026-01-15T00:00:00Z,-15.0,34.0,50,25.19,34.92,4.74,0.643,NOAA ERDDAP / Argo Floats
2026-01-15T00:00:00Z,-14.0,34.0,0,25.56,35.13,4.81,0.326,NOAA ERDDAP / Argo Floats
2026-01-15T00:00:00Z,-13.0,34.0,50,26.25,34.91,5.14,0.306,NOAA ERDDAP / Argo Floats
2026-01-15T00:00:00Z,-12.0,34.0,20,24.66,34.7,4.91,0.341,NOAA ERDDAP / Argo Floats
2026-01-15T00:00:00Z,-11.0,34.0,0,24.72,35.14,4.94,0.394,NOAA ERDDAP / Argo Floats
2026-01-15T00:00:00Z,-10.0,34.0,10,27.02,35.2,4.81,0.591,NOAA ERDDAP / Argo Floats
2026-01-15T00:00:00Z,-9.0,34.0,0,26.77,35.35,4.79,0.376,NOAA ERDDAP / Argo Floats
2026-01-15T00:00:00Z,-8.0,34.0,0,26.26,35.06,4.88,0.907,NOAA ERDDAP / Argo Floats
2026-01-15T00:00:00Z,-7.0,34.0,10,27.35,35.05,4.7,0.27,NOAA ERDDAP / Argo Floats
2026-01-15T00:00:00Z,-6.0,34.0,0,28.41,34.86,4.54,0.419,NOAA ERDDAP / Argo Floats
2026-01-15T00:00:00Z,-5.0,34.0,0,27.5,34.9,4.65,0.274,NOAA ERDDAP / Argo Floats
2026-01-15T00:00:00Z,-4.0,34.0,0,27.92,34.68,4.74,0.253,NOAA ERDDAP / Argo Floats
2026-01-15T00:00:00Z,-3.0,34.0,0,28.5,34.95,4.67,0.226,NOAA ERDDAP / Argo Floats
2026-01-15T00:00:00Z,-2.0,34.0,50,28.6,35.49,4.76,0.196,NOAA ERDDAP / Argo Floats
2026-01-15T00:00:00Z,-1.0,34.0,10,28.14,34.61,4.48,0.251,NOAA ERDDAP / Argo Floats
2026-01-15T00:00:00Z,0.0,34.0,0,28.57,34.81,4.33,0.376,NOAA ERDDAP / Argo Floats
2026-01-15T00:00:00Z,1.0,34.0,20,26.74,35.28,4.36,0.624,NOAA ERDDAP / Argo Floats
2026-01-15T00:00:00Z,2.0,34.0,20,26.95,35.11,4.4,0.818,NOAA ERDDAP / Argo Floats
2026-01-15T00:00:00Z,3.0,34.0,0,29.83,34.92,4.56,0.187,NOAA ERDDAP / Argo Floats
2026-01-15T00:00:00Z,4.0,34.0,10,27.01,35.01,4.75,0.287,NOAA ERDDAP / Argo Floats
2026-01-15T00:00:00Z,5.0,34.0,20,25.88,35.29,4.81,0.229,NOAA ERDDAP / Argo Floats
2026-01-15T00:00:00Z,6.0,34.0,0,28.08,35.07,4.85,0.213,NOAA ERDDAP / Argo Floats
2026-01-15T00:00:00Z,7.0,34.0,10,28.19,35.43,4.67,0.836,NOAA ERDDAP / Argo Floats
2026-01-15T00:00:00Z,8.0,34.0,0,25.45,35.48,4.6,0.321,NOAA ERDDAP / Argo Floats
2026-01-15T00:00:00Z,9.0,34.0,0,26.28,35.43,5.15,0.253,NOAA ERDDAP / Argo Floats
2026-01-15T00:00:00Z,10.0,34.0,0,25.82,34.91,4.9,0.698,NOAA ERDDAP / Argo Floats
2026-01-15T00:00:00Z,11.0,34.0,10,25.5,35.67,4.69,1.02,NOAA ERDDAP / Argo Floats
2026-01-15T00:00:00Z,12.0,34.0,0,24.83,35.14,4.87,0.503,NOAA ERDDAP / Argo Floats
2026-01-15T00:00:00Z,13.0,34.0,50,24.59,35.47,4.92,0.301,NOAA ERDDAP / Argo Floats
2026-01-15T00:00:00Z,14.0,34.0,100,24.6,35.46,5.1,1.018,NOAA ERDDAP / Argo Floats
2026-01-15T00:00:00Z,15.0,34.0,50,25.19,35.2,5.2,0.443,NOAA ERDDAP / Argo Floats
2026-01-15T00:00:00Z,16.0,34.0,20,24.35,34.98,4.82,0.837,NOAA ERDDAP / Argo Floats
2026-01-15T00:00:00Z,17.0,34.0,20,24.44,34.99,5.13,0.488,NOAA ERDDAP / Argo Floats
2026-01-15T00:00:00Z,18.0,34.0,0,24.12,35.41,5.03,0.516,NOAA ERDDAP / Argo Floats
2026-01-15T00:00:00Z,19.0,34.0,0,23.59,35.18,5.37,0.771,NOAA ERDDAP / Argo Floats
2026-01-15T00:00:00Z,20.0,34.0,20,22.98,35.56,4.82,0.45,NOAA ERDDAP / Argo Floats
2026-01-15T00:00:00Z,21.0,34.0,10,22.56,34.96,5.15,0.404,NOAA ERDDAP / Argo Floats
2026-01-15T00:00:00Z,22.0,34.0,0,22.7,35.66,5.1,0.412,NOAA ERDDAP / Argo Floats
2026-01-15T00:00:00Z,23.0,34.0,10,22.74,34.9,5.2,0.445,NOAA ERDDAP / Argo Floats
2026-01-15T00:00:00Z,24.0,34.0,0,21.35,35.53,4.98,1.37,NOAA ERDDAP / Argo Floats
2026-01-15T00:00:00Z,25.0,34.0,50,21.62,35.52,5.02,0.45,NOAA ERDDAP / Argo Floats
2026-01-15T00:00:00Z,26.0,34.0,20,22.78,34.77,5.3,0.475,NOAA ERDDAP / Argo Floats
2026-01-15T00:00:00Z,27.0,34.0,50,21.1,35.19,5.09,0.444,NOAA ERDDAP / Argo Floats
2026-01-15T00:00:00Z,28.0,34.0,0,21.6,34.45,5.0,0.437,NOAA ERDDAP / Argo Floats
2026-01-15T00:00:00Z,29.0,34.0,100,20.11,34.94,5.2,0.503,NOAA ERDDAP / Argo Floats
2026-01-15T00:00:00Z,30.0,34.0,0,22.01,35.4,5.21,0.595,NOAA ERDDAP / Argo Floats
2026-01-15T00:00:00Z,-45.0,35.0,0,18.33,35.12,6.07,0.964,NOAA ERDDAP / Argo Floats
2026-01-15T00:00:00Z,-44.0,35.0,50,17.71,34.69,5.65,0.798,NOAA ERDDAP / Argo Floats
2026-01-15T00:00:00Z,-43.0,35.0,20,17.85,34.46,5.53,0.874,NOAA ERDDAP / Argo Floats
2026-01-15T00:00:00Z,-42.0,35.0,10,18.37,34.92,5.66,0.809,NOAA ERDDAP / Argo Floats
2026-01-15T00:00:00Z,-41.0,35.0,0,18.14,35.37,5.36,0.769,NOAA ERDDAP / Argo Floats
2026-01-15T00:00:00Z,-40.0,35.0,10,17.93,34.34,5.49,1.206,NOAA ERDDAP / Argo Floats
2026-01-15T00:00:00Z,-39.0,35.0,50,19.44,35.03,5.51,0.65,NOAA ERDDAP / Argo Floats
2026-01-15T00:00:00Z,-38.0,35.0,0,18.42,35.09,5.83,0.647,NOAA ERDDAP / Argo Floats
2026-01-15T00:00:00Z,-37.0,35.0,10,19.58,34.74,5.63,1.529,NOAA ERDDAP / Argo Floats
2026-01-15T00:00:00Z,-36.0,35.0,50,20.52,35.03,5.68,0.66,NOAA ERDDAP / Argo Floats
2026-01-15T00:00:00Z,-35.0,35.0,10,18.79,34.48,5.73,0.663,NOAA ERDDAP / Argo Floats
2026-01-15T00:00:00Z,-34.0,35.0,0,19.88,34.93,5.4,0.668,NOAA ERDDAP / Argo Floats
2026-01-15T00:00:00Z,-33.0,35.0,10,20.26,34.41,5.53,0.497,NOAA ERDDAP / Argo Floats
2026-01-15T00:00:00Z,-32.0,35.0,20,18.77,34.71,5.54,0.618,NOAA ERDDAP / Argo Floats
2026-01-15T00:00:00Z,-31.0,35.0,10,20.35,34.68,5.14,1.299,NOAA ERDDAP / Argo Floats
2026-01-15T00:00:00Z,-30.0,35.0,20,21.06,34.83,5.15,0.954,NOAA ERDDAP / Argo Floats
2026-01-15T00:00:00Z,-29.0,35.0,0,20.22,35.05,5.41,0.602,NOAA ERDDAP / Argo Floats
2026-01-15T00:00:00Z,-28.0,35.0,0,22.3,35.1,5.22,0.515,NOAA ERDDAP / Argo Floats
2026-01-15T00:00:00Z,-27.0,35.0,0,23.09,34.8,5.09,0.6,NOAA ERDDAP / Argo Floats
2026-01-15T00:00:00Z,-26.0,35.0,20,23.18,34.67,5.38,0.946,NOAA ERDDAP / Argo Floats
2026-01-15T00:00:00Z,-25.0,35.0,20,23.92,34.76,5.35,0.502,NOAA ERDDAP / Argo Floats
2026-01-15T00:00:00Z,-24.0,35.0,0,22.27,34.94,5.18,0.568,NOAA ERDDAP / Argo Floats
2026-01-15T00:00:00Z,-23.0,35.0,0,23.7,35.19,5.49,0.512,NOAA ERDDAP / Argo Floats
2026-01-15T00:00:00Z,-22.0,35.0,0,23.27,35.54,5.07,0.421,NOAA ERDDAP / Argo Floats
2026-01-15T00:00:00Z,-21.0,35.0,0,22.26,34.69,5.2,0.43,NOAA ERDDAP / Argo Floats
2026-01-15T00:00:00Z,-20.0,35.0,10,22.74,35.09,4.91,0.419,NOAA ERDDAP / Argo Floats
2026-01-15T00:00:00Z,-19.0,35.0,20,23.43,34.67,5.1,0.342,NOAA ERDDAP / Argo Floats
2026-01-15T00:00:00Z,-18.0,35.0,0,22.58,35.54,4.97,0.348,NOAA ERDDAP / Argo Floats
2026-01-15T00:00:00Z,-17.0,35.0,20,24.23,34.99,5.34,0.412,NOAA ERDDAP / Argo Floats
2026-01-15T00:00:00Z,-16.0,35.0,0,24.53,34.88,4.92,0.41,NOAA ERDDAP / Argo Floats
2026-01-15T00:00:00Z,-15.0,35.0,10,27.06,34.97,4.63,0.334,NOAA ERDDAP / Argo Floats
2026-01-15T00:00:00Z,-14.0,35.0,10,25.24,34.35,4.9,0.382,NOAA ERDDAP / Argo Floats
2026-01-15T00:00:00Z,-13.0,35.0,0,26.36,34.88,4.51,0.604,NOAA ERDDAP / Argo Floats
2026-01-15T00:00:00Z,-12.0,35.0,50,25.95,35.39,4.31,0.373,NOAA ERDDAP / Argo Floats
2026-01-15T00:00:00Z,-11.0,35.0,20,25.2,34.88,4.85,0.322,NOAA ERDDAP / Argo Floats
2026-01-15T00:00:00Z,-10.0,35.0,20,25.22,35.38,4.78,0.475,NOAA ERDDAP / Argo Floats
2026-01-15T00:00:00Z,-9.0,35.0,0,25.79,35.3,5.06,0.409,NOAA ERDDAP / Argo Floats
2026-01-15T00:00:00Z,-8.0,35.0,0,26.23,35.18,4.72,0.288,NOAA ERDDAP / Argo Floats
2026-01-15T00:00:00Z,-7.0,35.0,10,27.68,35.14,4.38,0.504,NOAA ERDDAP / Argo Floats
2026-01-15T00:00:00Z,-6.0,35.0,50,28.0,34.67,4.88,0.585,NOAA ERDDAP / Argo Floats
2026-01-15T00:00:00Z,-5.0,35.0,20,26.94,35.31,5.01,0.281,NOAA ERDDAP / Argo Floats
2026-01-15T00:00:00Z,-4.0,35.0,0,27.3,34.76,4.68,0.245,NOAA ERDDAP / Argo Floats
2026-01-15T00:00:00Z,-3.0,35.0,0,27.11,35.51,5.03,0.8,NOAA ERDDAP / Argo Floats
2026-01-15T00:00:00Z,-2.0,35.0,10,27.85,35.16,4.49,0.425,NOAA ERDDAP / Argo Floats
2026-01-15T00:00:00Z,-1.0,35.0,20,28.47,35.08,4.44,0.51,NOAA ERDDAP / Argo Floats
2026-01-15T00:00:00Z,0.0,35.0,10,28.06,34.94,4.43,0.169,NOAA ERDDAP / Argo Floats
2026-01-15T00:00:00Z,1.0,35.0,50,28.36,34.27,4.6,0.289,NOAA ERDDAP / Argo Floats
2026-01-15T00:00:00Z,2.0,35.0,20,27.49,35.03,4.7,0.27,NOAA ERDDAP / Argo Floats
2026-01-15T00:00:00Z,3.0,35.0,0,28.83,35.44,4.66,0.294,NOAA ERDDAP / Argo Floats
2026-01-15T00:00:00Z,4.0,35.0,20,27.68,35.37,4.46,0.35,NOAA ERDDAP / Argo Floats
2026-01-15T00:00:00Z,5.0,35.0,0,26.79,35.2,4.59,0.203,NOAA ERDDAP / Argo Floats
2026-01-15T00:00:00Z,6.0,35.0,20,28.14,35.8,4.57,0.807,NOAA ERDDAP / Argo Floats
2026-01-15T00:00:00Z,7.0,35.0,20,25.35,35.35,4.67,0.361,NOAA ERDDAP / Argo Floats
2026-01-15T00:00:00Z,8.0,35.0,10,26.4,35.42,4.91,0.342,NOAA ERDDAP / Argo Floats
2026-01-15T00:00:00Z,9.0,35.0,0,27.49,35.01,5.27,0.275,NOAA ERDDAP / Argo Floats
2026-01-15T00:00:00Z,10.0,35.0,10,26.99,35.24,4.84,0.487,NOAA ERDDAP / Argo Floats
2026-01-15T00:00:00Z,11.0,35.0,10,26.39,35.45,4.75,0.636,NOAA ERDDAP / Argo Floats
2026-01-15T00:00:00Z,12.0,35.0,0,25.47,35.03,4.81,0.336,NOAA ERDDAP / Argo Floats
2026-01-15T00:00:00Z,13.0,35.0,10,26.08,34.84,5.17,0.768,NOAA ERDDAP / Argo Floats
2026-01-15T00:00:00Z,14.0,35.0,10,25.59,34.95,5.01,0.655,NOAA ERDDAP / Argo Floats
2026-01-15T00:00:00Z,15.0,35.0,0,25.63,34.77,4.59,0.53,NOAA ERDDAP / Argo Floats
2026-01-15T00:00:00Z,16.0,35.0,0,23.68,35.03,5.01,0.336,NOAA ERDDAP / Argo Floats
2026-01-15T00:00:00Z,17.0,35.0,20,25.16,34.71,5.1,0.418,NOAA ERDDAP / Argo Floats
2026-01-15T00:00:00Z,18.0,35.0,10,23.27,34.96,4.9,0.476,NOAA ERDDAP / Argo Floats
2026-01-15T00:00:00Z,19.0,35.0,0,22.72,34.65,4.77,0.622,NOAA ERDDAP / Argo Floats
2026-01-15T00:00:00Z,20.0,35.0,0,23.49,35.06,5.37,0.481,NOAA ERDDAP / Argo Floats
2026-01-15T00:00:00Z,21.0,35.0,50,23.19,35.3,5.04,0.46,NOAA ERDDAP / Argo Floats
2026-01-15T00:00:00Z,22.0,35.0,100,24.03,34.54,5.04,0.41,NOAA ERDDAP / Argo Floats
2026-01-15T00:00:00Z,23.0,35.0,10,22.58,35.3,4.96,0.765,NOAA ERDDAP / Argo Floats
2026-01-15T00:00:00Z,24.0,35.0,50,22.76,35.0,4.91,0.967,NOAA ERDDAP / Argo Floats
2026-01-15T00:00:00Z,25.0,35.0,0,21.43,35.02,5.22,1.05,NOAA ERDDAP / Argo Floats
2026-01-15T00:00:00Z,26.0,35.0,0,21.01,34.62,5.21,0.418,NOAA ERDDAP / Argo Floats
2026-01-15T00:00:00Z,27.0,35.0,0,21.46,35.42,5.36,0.474,NOAA ERDDAP / Argo Floats
2026-01-15T00:00:00Z,28.0,35.0,50,21.97,35.21,4.98,0.443,NOAA ERDDAP / Argo Floats
2026-01-15T00:00:00Z,29.0,35.0,0,23.35,34.87,5.4,0.643,NOAA ERDDAP / Argo Floats
2026-01-15T00:00:00Z,30.0,35.0,0,20.15,35.47,5.46,0.571,NOAA ERDDAP / Argo Floats
2026-01-15T00:00:00Z,-45.0,36.0,0,18.71,33.91,6.07,0.624,NOAA ERDDAP / Argo Floats
2026-01-15T00:00:00Z,-44.0,36.0,0,17.27,35.38,5.74,0.834,NOAA ERDDAP / Argo Floats
2026-01-15T00:00:00Z,-43.0,36.0,0,18.9,34.97,5.57,0.908,NOAA ERDDAP / Argo Floats
2026-01-15T00:00:00Z,-42.0,36.0,100,16.81,33.77,6.33,0.648,NOAA ERDDAP / Argo Floats
2026-01-15T00:00:00Z,-41.0,36.0,20,18.46,34.88,5.84,0.66,NOAA ERDDAP / Argo Floats
2026-01-15T00:00:00Z,-40.0,36.0,0,18.63,35.09,5.6,0.725,NOAA ERDDAP / Argo Floats
2026-01-15T00:00:00Z,-39.0,36.0,0,18.39,35.21,5.42,0.68,NOAA ERDDAP / Argo Floats
2026-01-15T00:00:00Z,-38.0,36.0,10,18.78,34.69,5.53,0.69,NOAA ERDDAP / Argo Floats
2026-01-15T00:00:00Z,-37.0,36.0,10,19.25,35.49,5.43,1.159,NOAA ERDDAP / Argo Floats
2026-01-15T00:00:00Z,-36.0,36.0,0,19.6,35.08,5.86,0.882,NOAA ERDDAP / Argo Floats
2026-01-15T00:00:00Z,-35.0,36.0,0,18.22,35.07,5.48,0.809,NOAA ERDDAP / Argo Floats
2026-01-15T00:00:00Z,-34.0,36.0,10,18.99,34.69,5.64,1.028,NOAA ERDDAP / Argo Floats
2026-01-15T00:00:00Z,-33.0,36.0,20,19.54,34.5,5.33,0.676,NOAA ERDDAP / Argo Floats
2026-01-15T00:00:00Z,-32.0,36.0,0,18.27,34.84,5.69,0.666,NOAA ERDDAP / Argo Floats
2026-01-15T00:00:00Z,-31.0,36.0,50,19.64,34.76,5.46,0.579,NOAA ERDDAP / Argo Floats
2026-01-15T00:00:00Z,-30.0,36.0,0,21.6,34.69,5.75,0.787,NOAA ERDDAP / Argo Floats
2026-01-15T00:00:00Z,-29.0,36.0,10,21.5,34.98,5.55,1.163,NOAA ERDDAP / Argo Floats
2026-01-15T00:00:00Z,-28.0,36.0,50,20.75,34.34,5.03,0.621,NOAA ERDDAP / Argo Floats
2026-01-15T00:00:00Z,-27.0,36.0,0,22.5,35.05,5.25,0.725,NOAA ERDDAP / Argo Floats
2026-01-15T00:00:00Z,-26.0,36.0,10,21.99,34.83,5.47,0.716,NOAA ERDDAP / Argo Floats
2026-01-15T00:00:00Z,-25.0,36.0,100,21.49,35.16,4.86,0.884,NOAA ERDDAP / Argo Floats
2026-01-15T00:00:00Z,-24.0,36.0,100,23.0,35.32,5.17,0.686,NOAA ERDDAP / Argo Floats
2026-01-15T00:00:00Z,-23.0,36.0,0,23.82,34.59,5.55,0.407,NOAA ERDDAP / Argo Floats
2026-01-15T00:00:00Z,-22.0,36.0,0,22.71,34.62,4.93,0.381,NOAA ERDDAP / Argo Floats
2026-01-15T00:00:00Z,-21.0,36.0,50,23.84,35.01,5.06,0.618,NOAA ERDDAP / Argo Floats
2026-01-15T00:00:00Z,-20.0,36.0,0,23.73,34.58,5.24,0.577,NOAA ERDDAP / Argo Floats
2026-01-15T00:00:00Z,-19.0,36.0,20,24.01,34.82,5.02,0.362,NOAA ERDDAP / Argo Floats
2026-01-15T00:00:00Z,-18.0,36.0,20,22.99,35.02,5.28,0.408,NOAA ERDDAP / Argo Floats
2026-01-15T00:00:00Z,-17.0,36.0,0,23.15,35.53,4.83,0.572,NOAA ERDDAP / Argo Floats
2026-01-15T00:00:00Z,-16.0,36.0,0,23.6,34.84,5.19,0.424,NOAA ERDDAP / Argo Floats
2026-01-15T00:00:00Z,-15.0,36.0,0,25.0,35.01,4.92,0.601,NOAA ERDDAP / Argo Floats
2026-01-15T00:00:00Z,-14.0,36.0,0,24.95,35.05,4.64,0.311,NOAA ERDDAP / Argo Floats
2026-01-15T00:00:00Z,-13.0,36.0,0,25.1,35.04,4.81,0.417,NOAA ERDDAP / Argo Floats
2026-01-15T00:00:00Z,-12.0,36.0,0,26.54,34.53,5.08,0.926,NOAA ERDDAP / Argo Floats
2026-01-15T00:00:00Z,-11.0,36.0,10,26.98,34.88,4.7,0.776,NOAA ERDDAP / Argo Floats
2026-01-15T00:00:00Z,-10.0,36.0,0,24.48,35.12,4.68,0.632,NOAA ERDDAP / Argo Floats
2026-01-15T00:00:00Z,-9.0,36.0,20,24.53,34.79,4.83,0.382,NOAA ERDDAP / Argo Floats
2026-01-15T00:00:00Z,-8.0,36.0,100,26.13,34.58,4.42,0.946,NOAA ERDDAP / Argo Floats
2026-01-15T00:00:00Z,-7.0,36.0,0,27.1,35.19,4.93,0.302,NOAA ERDDAP / Argo Floats
2026-01-15T00:00:00Z,-6.0,36.0,50,27.46,34.64,4.57,1.485,NOAA ERDDAP / Argo Floats
2026-01-15T00:00:00Z,-5.0,36.0,0,27.03,34.69,4.61,0.361,NOAA ERDDAP / Argo Floats
2026-01-15T00:00:00Z,-4.0,36.0,20,25.79,35.39,4.26,0.229,NOAA ERDDAP / Argo Floats
2026-01-15T00:00:00Z,-3.0,36.0,0,29.26,34.67,4.66,0.311,NOAA ERDDAP / Argo Floats
2026-01-15T00:00:00Z,-2.0,36.0,10,27.44,34.82,4.62,0.48,NOAA ERDDAP / Argo Floats
2026-01-15T00:00:00Z,-1.0,36.0,0,28.54,34.87,4.87,0.193,NOAA ERDDAP / Argo Floats
2026-01-15T00:00:00Z,0.0,36.0,0,28.52,34.23,4.67,0.287,NOAA ERDDAP / Argo Floats
2026-01-15T00:00:00Z,1.0,36.0,0,27.98,34.9,4.14,0.182,NOAA ERDDAP / Argo Floats
2026-01-15T00:00:00Z,2.0,36.0,0,28.9,35.07,4.64,0.253,NOAA ERDDAP / Argo Floats
2026-01-15T00:00:00Z,3.0,36.0,0,28.77,35.3,4.63,0.331,NOAA ERDDAP / Argo Floats
2026-01-15T00:00:00Z,4.0,36.0,50,26.4,34.88,4.8,0.54,NOAA ERDDAP / Argo Floats
2026-01-15T00:00:00Z,5.0,36.0,10,25.18,35.11,4.93,0.591,NOAA ERDDAP / Argo Floats
2026-01-15T00:00:00Z,6.0,36.0,0,26.47,35.03,4.47,0.216,NOAA ERDDAP / Argo Floats
2026-01-15T00:00:00Z,7.0,36.0,0,27.03,34.53,4.43,0.255,NOAA ERDDAP / Argo Floats
2026-01-15T00:00:00Z,8.0,36.0,0,26.72,34.96,4.78,0.497,NOAA ERDDAP / Argo Floats
2026-01-15T00:00:00Z,9.0,36.0,0,26.54,35.39,4.78,0.358,NOAA ERDDAP / Argo Floats
2026-01-15T00:00:00Z,10.0,36.0,10,26.91,35.63,4.85,0.45,NOAA ERDDAP / Argo Floats
2026-01-15T00:00:00Z,11.0,36.0,10,26.57,35.05,4.98,0.264,NOAA ERDDAP / Argo Floats
2026-01-15T00:00:00Z,12.0,36.0,0,25.15,34.97,4.94,0.885,NOAA ERDDAP / Argo Floats
2026-01-15T00:00:00Z,13.0,36.0,0,24.14,35.09,4.7,1.106,NOAA ERDDAP / Argo Floats
2026-01-15T00:00:00Z,14.0,36.0,0,24.39,35.27,5.05,0.406,NOAA ERDDAP / Argo Floats
2026-01-15T00:00:00Z,15.0,36.0,0,25.71,35.07,4.7,0.343,NOAA ERDDAP / Argo Floats
2026-01-15T00:00:00Z,16.0,36.0,0,23.93,35.13,4.91,0.38,NOAA ERDDAP / Argo Floats
2026-01-15T00:00:00Z,17.0,36.0,0,25.16,35.31,4.86,0.493,NOAA ERDDAP / Argo Floats
2026-01-15T00:00:00Z,18.0,36.0,20,24.54,36.06,4.76,0.339,NOAA ERDDAP / Argo Floats
2026-01-15T00:00:00Z,19.0,36.0,0,25.49,34.61,5.11,0.689,NOAA ERDDAP / Argo Floats
2026-01-15T00:00:00Z,20.0,36.0,0,23.49,34.98,4.76,0.378,NOAA ERDDAP / Argo Floats
2026-01-15T00:00:00Z,21.0,36.0,10,21.38,34.44,5.08,0.432,NOAA ERDDAP / Argo Floats
2026-01-15T00:00:00Z,22.0,36.0,0,24.62,35.44,5.01,0.385,NOAA ERDDAP / Argo Floats
2026-01-15T00:00:00Z,23.0,36.0,0,22.78,35.31,5.12,0.451,NOAA ERDDAP / Argo Floats
2026-01-15T00:00:00Z,24.0,36.0,0,22.4,35.3,5.44,0.426,NOAA ERDDAP / Argo Floats
2026-01-15T00:00:00Z,25.0,36.0,50,23.4,34.73,5.02,0.402,NOAA ERDDAP / Argo Floats
2026-01-15T00:00:00Z,26.0,36.0,10,21.72,34.95,5.21,1.093,NOAA ERDDAP / Argo Floats
2026-01-15T00:00:00Z,27.0,36.0,10,20.89,35.0,5.06,0.523,NOAA ERDDAP / Argo Floats
2026-01-15T00:00:00Z,28.0,36.0,0,21.22,34.9,5.56,0.572,NOAA ERDDAP / Argo Floats
2026-01-15T00:00:00Z,29.0,36.0,0,21.71,35.35,5.57,0.469,NOAA ERDDAP / Argo Floats
2026-01-15T00:00:00Z,30.0,36.0,50,20.69,35.2,5.64,0.511,NOAA ERDDAP / Argo Floats
2026-01-15T00:00:00Z,-45.0,37.0,20,18.71,34.72,6.15,0.602,NOAA ERDDAP / Argo Floats
2026-01-15T00:00:00Z,-44.0,37.0,20,16.72,34.81,6.14,0.62,NOAA ERDDAP / Argo Floats
2026-01-15T00:00:00Z,-43.0,37.0,0,17.12,34.96,5.95,0.803,NOAA ERDDAP / Argo Floats
2026-01-15T00:00:00Z,-42.0,37.0,50,16.89,34.51,5.96,0.67,NOAA ERDDAP / Argo Floats
2026-01-15T00:00:00Z,-41.0,37.0,0,19.79,34.39,5.55,1.015,NOAA ERDDAP / Argo Floats
2026-01-15T00:00:00Z,-40.0,37.0,50,19.89,35.39,5.59,0.651,NOAA ERDDAP / Argo Floats
2026-01-15T00:00:00Z,-39.0,37.0,100,18.51,35.12,5.95,0.712,NOAA ERDDAP / Argo Floats
2026-01-15T00:00:00Z,-38.0,37.0,0,18.29,34.38,5.91,0.826,NOAA ERDDAP / Argo Floats
2026-01-15T00:00:00Z,-37.0,37.0,0,17.82,34.65,5.69,1.1,NOAA ERDDAP / Argo Floats
2026-01-15T00:00:00Z,-36.0,37.0,20,20.66,34.71,5.42,0.713,NOAA ERDDAP / Argo Floats
2026-01-15T00:00:00Z,-35.0,37.0,0,20.25,34.5,5.65,0.839,NOAA ERDDAP / Argo Floats
2026-01-15T00:00:00Z,-34.0,37.0,0,20.52,34.67,5.58,0.637,NOAA ERDDAP / Argo Floats
2026-01-15T00:00:00Z,-33.0,37.0,0,19.95,35.59,6.16,0.511,NOAA ERDDAP / Argo Floats
2026-01-15T00:00:00Z,-32.0,37.0,0,21.47,35.12,5.12,0.522,NOAA ERDDAP / Argo Floats
2026-01-15T00:00:00Z,-31.0,37.0,0,20.77,35.09,5.5,0.819,NOAA ERDDAP / Argo Floats
2026-01-15T00:00:00Z,-30.0,37.0,0,20.04,34.83,5.25,0.469,NOAA ERDDAP / Argo Floats
2026-01-15T00:00:00Z,-29.0,37.0,0,20.52,34.95,5.39,0.704,NOAA ERDDAP / Argo Floats
2026-01-15T00:00:00Z,-28.0,37.0,0,21.71,34.41,4.93,0.519,NOAA ERDDAP / Argo Floats
2026-01-15T00:00:00Z,-27.0,37.0,0,20.64,35.22,5.38,0.446,NOAA ERDDAP / Argo Floats
2026-01-15T00:00:00Z,-26.0,37.0,50,22.42,34.57,5.3,0.93,NOAA ERDDAP / Argo Floats
2026-01-15T00:00:00Z,-25.0,37.0,0,21.48,34.84,5.22,0.533,NOAA ERDDAP / Argo Floats
2026-01-15T00:00:00Z,-24.0,37.0,50,22.11,34.77,5.28,0.581,NOAA ERDDAP / Argo Floats
2026-01-15T00:00:00Z,-23.0,37.0,10,22.31,35.07,5.47,0.674,NOAA ERDDAP / Argo Floats
2026-01-15T00:00:00Z,-22.0,37.0,0,22.73,34.57,5.2,0.567,NOAA ERDDAP / Argo Floats
2026-01-15T00:00:00Z,-21.0,37.0,0,23.67,34.7,5.26,0.428,NOAA ERDDAP / Argo Floats
2026-01-15T00:00:00Z,-20.0,37.0,0,22.43,34.65,5.04,0.585,NOAA ERDDAP / Argo Floats
2026-01-15T00:00:00Z,-19.0,37.0,0,23.2,34.52,4.97,0.419,NOAA ERDDAP / Argo Floats
2026-01-15T00:00:00Z,-18.0,37.0,0,22.88,34.91,5.44,0.524,NOAA ERDDAP / Argo Floats
2026-01-15T00:00:00Z,-17.0,37.0,0,23.83,35.37,5.06,0.444,NOAA ERDDAP / Argo Floats
2026-01-15T00:00:00Z,-16.0,37.0,50,23.68,35.43,5.26,0.848,NOAA ERDDAP / Argo Floats
2026-01-15T00:00:00Z,-15.0,37.0,0,24.85,35.16,5.01,0.451,NOAA ERDDAP / Argo Floats
2026-01-15T00:00:00Z,-14.0,37.0,0,25.35,35.19,4.66,0.314,NOAA ERDDAP / Argo Floats
2026-01-15T00:00:00Z,-13.0,37.0,10,26.8,34.62,4.72,0.941,NOAA ERDDAP / Argo Floats
2026-01-15T00:00:00Z,-12.0,37.0,10,25.11,35.14,4.73,0.279,NOAA ERDDAP / Argo Floats
2026-01-15T00:00:00Z,-11.0,37.0,20,26.82,34.71,4.79,0.344,NOAA ERDDAP / Argo Floats
2026-01-15T00:00:00Z,-10.0,37.0,0,25.55,34.86,4.98,0.306,NOAA ERDDAP / Argo Floats
2026-01-15T00:00:00Z,-9.0,37.0,0,25.7,35.2,4.76,0.268,NOAA ERDDAP / Argo Floats
2026-01-15T00:00:00Z,-8.0,37.0,10,27.0,34.41,4.88,0.236,NOAA ERDDAP / Argo Floats
2026-01-15T00:00:00Z,-7.0,37.0,0,27.56,35.02,5.16,0.322,NOAA ERDDAP / Argo Floats
2026-01-15T00:00:00Z,-6.0,37.0,0,27.87,35.02,4.52,0.391,NOAA ERDDAP / Argo Floats
2026-01-15T00:00:00Z,-5.0,37.0,0,27.66,34.53,4.77,0.258,NOAA ERDDAP / Argo Floats
2026-01-15T00:00:00Z,-4.0,37.0,20,27.62,35.03,4.73,0.239,NOAA ERDDAP / Argo Floats
2026-01-15T00:00:00Z,-3.0,37.0,0,29.17,35.23,4.54,0.184,NOAA ERDDAP / Argo Floats
2026-01-15T00:00:00Z,-2.0,37.0,10,27.61,34.69,4.11,0.192,NOAA ERDDAP / Argo Floats
2026-01-15T00:00:00Z,-1.0,37.0,100,27.56,35.86,4.74,0.58,NOAA ERDDAP / Argo Floats
2026-01-15T00:00:00Z,0.0,37.0,0,27.98,35.34,4.11,0.81,NOAA ERDDAP / Argo Floats
2026-01-15T00:00:00Z,1.0,37.0,20,27.2,35.03,4.44,0.409,NOAA ERDDAP / Argo Floats
2026-01-15T00:00:00Z,2.0,37.0,0,27.45,34.82,4.44,0.289,NOAA ERDDAP / Argo Floats
2026-01-15T00:00:00Z,3.0,37.0,0,29.02,35.42,4.48,0.348,NOAA ERDDAP / Argo Floats
2026-01-15T00:00:00Z,4.0,37.0,0,26.19,35.19,4.72,0.223,NOAA ERDDAP / Argo Floats
2026-01-15T00:00:00Z,5.0,37.0,100,28.65,35.18,4.68,0.424,NOAA ERDDAP / Argo Floats
2026-01-15T00:00:00Z,6.0,37.0,0,25.75,35.0,4.3,0.348,NOAA ERDDAP / Argo Floats
2026-01-15T00:00:00Z,7.0,37.0,10,27.6,34.92,4.39,0.5,NOAA ERDDAP / Argo Floats
2026-01-15T00:00:00Z,8.0,37.0,0,24.29,35.11,4.82,0.521,NOAA ERDDAP / Argo Floats
2026-01-15T00:00:00Z,9.0,37.0,100,27.65,35.07,4.59,0.369,NOAA ERDDAP / Argo Floats
2026-01-15T00:00:00Z,10.0,37.0,10,25.44,35.05,4.82,0.497,NOAA ERDDAP / Argo Floats
2026-01-15T00:00:00Z,11.0,37.0,0,25.9,34.82,4.99,0.524,NOAA ERDDAP / Argo Floats
2026-01-15T00:00:00Z,12.0,37.0,0,25.43,35.19,4.64,1.051,NOAA ERDDAP / Argo Floats
2026-01-15T00:00:00Z,13.0,37.0,10,24.97,35.53,5.14,0.405,NOAA ERDDAP / Argo Floats
2026-01-15T00:00:00Z,14.0,37.0,0,26.24,34.7,4.89,0.302,NOAA ERDDAP / Argo Floats
2026-01-15T00:00:00Z,15.0,37.0,10,25.61,35.14,4.5,0.566,NOAA ERDDAP / Argo Floats
2026-01-15T00:00:00Z,16.0,37.0,50,24.45,35.03,4.72,1.07,NOAA ERDDAP / Argo Floats
2026-01-15T00:00:00Z,17.0,37.0,0,24.63,35.54,5.03,0.483,NOAA ERDDAP / Argo Floats
2026-01-15T00:00:00Z,18.0,37.0,0,24.76,35.13,4.99,0.727,NOAA ERDDAP / Argo Floats
2026-01-15T00:00:00Z,19.0,37.0,0,23.5,34.96,4.95,0.548,NOAA ERDDAP / Argo Floats
2026-01-15T00:00:00Z,20.0,37.0,10,24.19,35.28,5.2,0.528,NOAA ERDDAP / Argo Floats
2026-01-15T00:00:00Z,21.0,37.0,20,24.1,34.71,5.06,0.787,NOAA ERDDAP / Argo Floats
2026-01-15T00:00:00Z,22.0,37.0,50,22.52,35.35,5.06,0.526,NOAA ERDDAP / Argo Floats
2026-01-15T00:00:00Z,23.0,37.0,100,21.82,35.16,5.07,0.693,NOAA ERDDAP / Argo Floats
2026-01-15T00:00:00Z,24.0,37.0,0,22.77,35.54,5.14,0.735,NOAA ERDDAP / Argo Floats
2026-01-15T00:00:00Z,25.0,37.0,10,21.53,34.64,5.36,1.07,NOAA ERDDAP / Argo Floats
2026-01-15T00:00:00Z,26.0,37.0,0,22.35,35.16,5.19,0.459,NOAA ERDDAP / Argo Floats
2026-01-15T00:00:00Z,27.0,37.0,0,21.53,34.91,5.24,0.75,NOAA ERDDAP / Argo Floats
2026-01-15T00:00:00Z,28.0,37.0,0,22.31,35.59,5.39,0.778,NOAA ERDDAP / Argo Floats
2026-01-15T00:00:00Z,29.0,37.0,0,21.98,35.68,5.47,0.715,NOAA ERDDAP / Argo Floats
2026-01-15T00:00:00Z,30.0,37.0,10,22.7,35.07,5.33,0.513,NOAA ERDDAP / Argo Floats
2026-01-15T00:00:00Z,-45.0,38.0,0,18.26,34.56,5.99,0.849,NOAA ERDDAP / Argo Floats
2026-01-15T00:00:00Z,-44.0,38.0,0,17.93,35.22,5.7,0.729,NOAA ERDDAP / Argo Floats
2026-01-15T00:00:00Z,-43.0,38.0,10,17.26,35.09,5.82,0.975,NOAA ERDDAP / Argo Floats
2026-01-15T00:00:00Z,-42.0,38.0,0,17.18,34.92,5.94,0.584,NOAA ERDDAP / Argo Floats
2026-01-15T00:00:00Z,-41.0,38.0,0,18.68,34.75,5.57,0.901,NOAA ERDDAP / Argo Floats
2026-01-15T00:00:00Z,-40.0,38.0,0,19.56,34.62,5.84,1.128,NOAA ERDDAP / Argo Floats
2026-01-15T00:00:00Z,-39.0,38.0,10,19.47,34.24,5.29,0.653,NOAA ERDDAP / Argo Floats
2026-01-15T00:00:00Z,-38.0,38.0,0,18.9,34.8,5.5,0.568,NOAA ERDDAP / Argo Floats
2026-01-15T00:00:00Z,-37.0,38.0,20,18.8,35.41,5.84,0.756,NOAA ERDDAP / Argo Floats
2026-01-15T00:00:00Z,-36.0,38.0,0,20.43,34.56,5.72,0.777,NOAA ERDDAP / Argo Floats
2026-01-15T00:00:00Z,-35.0,38.0,50,19.96,34.88,5.42,0.619,NOAA ERDDAP / Argo Floats
2026-01-15T00:00:00Z,-34.0,38.0,20,18.57,35.02,5.5,0.564,NOAA ERDDAP / Argo Floats
2026-01-15T00:00:00Z,-33.0,38.0,0,21.49,35.1,5.19,0.53,NOAA ERDDAP / Argo Floats
2026-01-15T00:00:00Z,-32.0,38.0,0,18.72,34.54,5.49,0.67,NOAA ERDDAP / Argo Floats
2026-01-15T00:00:00Z,-31.0,38.0,10,20.13,34.53,5.52,0.472,NOAA ERDDAP / Argo Floats
2026-01-15T00:00:00Z,-30.0,38.0,0,20.67,34.63,5.38,0.852,NOAA ERDDAP / Argo Floats
2026-01-15T00:00:00Z,-29.0,38.0,10,21.74,35.05,5.32,0.547,NOAA ERDDAP / Argo Floats
2026-01-15T00:00:00Z,-28.0,38.0,50,21.07,34.97,4.96,0.503,NOAA ERDDAP / Argo Floats
2026-01-15T00:00:00Z,-27.0,38.0,10,21.2,34.41,5.44,0.53,NOAA ERDDAP / Argo Floats
2026-01-15T00:00:00Z,-26.0,38.0,0,21.98,34.98,5.03,0.623,NOAA ERDDAP / Argo Floats
2026-01-15T00:00:00Z,-25.0,38.0,0,23.17,34.99,5.26,1.029,NOAA ERDDAP / Argo Floats
2026-01-15T00:00:00Z,-24.0,38.0,10,22.23,34.91,5.03,0.396,NOAA ERDDAP / Argo Floats
2026-01-15T00:00:00Z,-23.0,38.0,10,24.45,34.83,5.24,0.546,NOAA ERDDAP / Argo Floats
2026-01-15T00:00:00Z,-22.0,38.0,0,23.22,34.74,5.15,0.722,NOAA ERDDAP / Argo Floats
2026-01-15T00:00:00Z,-21.0,38.0,0,22.85,34.73,4.9,0.644,NOAA ERDDAP / Argo Floats
2026-01-15T00:00:00Z,-20.0,38.0,20,23.16,35.05,5.49,0.356,NOAA ERDDAP / Argo Floats
2026-01-15T00:00:00Z,-19.0,38.0,10,23.22,34.42,5.0,0.341,NOAA ERDDAP / Argo Floats
2026-01-15T00:00:00Z,-18.0,38.0,0,24.53,35.31,5.07,0.34,NOAA ERDDAP / Argo Floats
2026-01-15T00:00:00Z,-17.0,38.0,0,24.02,34.03,4.82,0.345,NOAA ERDDAP / Argo Floats
2026-01-15T00:00:00Z,-16.0,38.0,50,24.37,34.79,5.18,0.368,NOAA ERDDAP / Argo Floats
2026-01-15T00:00:00Z,-15.0,38.0,10,24.24,34.8,5.22,0.539,NOAA ERDDAP / Argo Floats
2026-01-15T00:00:00Z,-14.0,38.0,0,26.46,34.69,5.02,0.414,NOAA ERDDAP / Argo Floats
2026-01-15T00:00:00Z,-13.0,38.0,20,23.72,35.03,5.17,0.466,NOAA ERDDAP / Argo Floats
2026-01-15T00:00:00Z,-12.0,38.0,0,25.23,34.71,4.89,0.664,NOAA ERDDAP / Argo Floats
2026-01-15T00:00:00Z,-11.0,38.0,0,26.06,35.45,4.82,1.143,NOAA ERDDAP / Argo Floats
2026-01-15T00:00:00Z,-10.0,38.0,10,26.26,34.99,4.63,0.544,NOAA ERDDAP / Argo Floats
2026-01-15T00:00:00Z,-9.0,38.0,0,26.28,34.75,4.84,0.335,NOAA ERDDAP / Argo Floats
2026-01-15T00:00:00Z,-8.0,38.0,20,27.11,34.75,4.87,0.532,NOAA ERDDAP / Argo Floats
2026-01-15T00:00:00Z,-7.0,38.0,0,26.95,34.94,4.64,0.37,NOAA ERDDAP / Argo Floats
2026-01-15T00:00:00Z,-6.0,38.0,100,26.84,34.85,4.87,0.282,NOAA ERDDAP / Argo Floats
2026-01-15T00:00:00Z,-5.0,38.0,0,26.42,34.81,4.87,0.295,NOAA ERDDAP / Argo Floats
2026-01-15T00:00:00Z,-4.0,38.0,10,27.77,34.63,4.76,0.35,NOAA ERDDAP / Argo Floats
2026-01-15T00:00:00Z,-3.0,38.0,0,26.87,35.23,4.64,1.065,NOAA ERDDAP / Argo Floats
2026-01-15T00:00:00Z,-2.0,38.0,0,26.38,35.08,4.68,0.366,NOAA ERDDAP / Argo Floats
2026-01-15T00:00:00Z,-1.0,38.0,20,29.02,35.16,4.34,0.38,NOAA ERDDAP / Argo Floats
2026-01-15T00:00:00Z,0.0,38.0,0,28.29,34.73,4.56,0.422,NOAA ERDDAP / Argo Floats
2026-01-15T00:00:00Z,1.0,38.0,10,27.86,34.97,4.64,0.27,NOAA ERDDAP / Argo Floats
2026-01-15T00:00:00Z,2.0,38.0,0,27.84,34.28,4.46,0.436,NOAA ERDDAP / Argo Floats
2026-01-15T00:00:00Z,3.0,38.0,100,27.64,35.07,4.55,0.311,NOAA ERDDAP / Argo Floats
2026-01-15T00:00:00Z,4.0,38.0,0,27.24,34.57,4.5,0.488,NOAA ERDDAP / Argo Floats
2026-01-15T00:00:00Z,5.0,38.0,50,27.1,35.15,4.47,1.188,NOAA ERDDAP / Argo Floats
2026-01-15T00:00:00Z,6.0,38.0,0,27.19,35.31,4.63,0.252,NOAA ERDDAP / Argo Floats
2026-01-15T00:00:00Z,7.0,38.0,10,26.64,35.26,4.87,0.345,NOAA ERDDAP / Argo Floats
2026-01-15T00:00:00Z,8.0,38.0,10,26.93,35.04,4.97,0.462,NOAA ERDDAP / Argo Floats
2026-01-15T00:00:00Z,9.0,38.0,20,28.25,34.88,4.68,0.459,NOAA ERDDAP / Argo Floats
2026-01-15T00:00:00Z,10.0,38.0,20,26.8,35.44,4.73,0.982,NOAA ERDDAP / Argo Floats
2026-01-15T00:00:00Z,11.0,38.0,50,26.14,35.38,4.98,0.344,NOAA ERDDAP / Argo Floats
2026-01-15T00:00:00Z,12.0,38.0,0,25.59,35.32,4.59,0.405,NOAA ERDDAP / Argo Floats
2026-01-15T00:00:00Z,13.0,38.0,20,25.56,35.52,5.05,0.595,NOAA ERDDAP / Argo Floats
2026-01-15T00:00:00Z,14.0,38.0,50,25.65,35.1,5.02,0.298,NOAA ERDDAP / Argo Floats
2026-01-15T00:00:00Z,15.0,38.0,0,25.12,34.73,4.91,0.706,NOAA ERDDAP / Argo Floats
2026-01-15T00:00:00Z,16.0,38.0,0,25.46,35.22,4.78,0.322,NOAA ERDDAP / Argo Floats
2026-01-15T00:00:00Z,17.0,38.0,50,25.13,35.39,5.08,0.453,NOAA ERDDAP / Argo Floats
2026-01-15T00:00:00Z,18.0,38.0,0,23.85,35.23,5.27,0.33,NOAA ERDDAP / Argo Floats
2026-01-15T00:00:00Z,19.0,38.0,0,23.38,35.01,5.21,0.726,NOAA ERDDAP / Argo Floats
2026-01-15T00:00:00Z,20.0,38.0,10,23.9,35.1,4.79,0.694,NOAA ERDDAP / Argo Floats
2026-01-15T00:00:00Z,21.0,38.0,0,24.6,35.22,5.14,0.481,NOAA ERDDAP / Argo Floats
2026-01-15T00:00:00Z,22.0,38.0,10,22.14,35.1,5.18,0.413,NOAA ERDDAP / Argo Floats
2026-01-15T00:00:00Z,23.0,38.0,0,23.12,35.28,5.52,0.382,NOAA ERDDAP / Argo Floats
2026-01-15T00:00:00Z,24.0,38.0,10,22.46,35.15,5.1,0.409,NOAA ERDDAP / Argo Floats
2026-01-15T00:00:00Z,25.0,38.0,0,22.13,35.41,5.0,0.744,NOAA ERDDAP / Argo Floats
2026-01-15T00:00:00Z,26.0,38.0,0,21.83,35.37,5.33,0.634,NOAA ERDDAP / Argo Floats
2026-01-15T00:00:00Z,27.0,38.0,0,23.01,35.29,5.13,0.561,NOAA ERDDAP / Argo Floats
2026-01-15T00:00:00Z,28.0,38.0,10,22.37,35.48,5.32,0.501,NOAA ERDDAP / Argo Floats
2026-01-15T00:00:00Z,29.0,38.0,0,21.38,35.41,5.49,0.659,NOAA ERDDAP / Argo Floats
2026-01-15T00:00:00Z,30.0,38.0,10,20.6,35.04,5.41,0.494,NOAA ERDDAP / Argo Floats
2026-01-15T00:00:00Z,-45.0,39.0,10,18.0,34.62,5.64,0.648,NOAA ERDDAP / Argo Floats
2026-01-15T00:00:00Z,-44.0,39.0,10,17.79,34.62,5.93,0.879,NOAA ERDDAP / Argo Floats
2026-01-15T00:00:00Z,-43.0,39.0,0,17.41,34.9,5.55,0.618,NOAA ERDDAP / Argo Floats
2026-01-15T00:00:00Z,-42.0,39.0,0,17.68,34.31,5.68,0.647,NOAA ERDDAP / Argo Floats
2026-01-15T00:00:00Z,-41.0,39.0,0,18.47,34.3,5.65,0.883,NOAA ERDDAP / Argo Floats
2026-01-15T00:00:00Z,-40.0,39.0,10,17.18,34.68,5.95,0.813,NOAA ERDDAP / Argo Floats
2026-01-15T00:00:00Z,-39.0,39.0,0,18.63,35.13,5.89,0.551,NOAA ERDDAP / Argo Floats
2026-01-15T00:00:00Z,-38.0,39.0,0,18.78,35.0,6.21,0.779,NOAA ERDDAP / Argo Floats
2026-01-15T00:00:00Z,-37.0,39.0,0,18.8,34.48,5.51,0.691,NOAA ERDDAP / Argo Floats
2026-01-15T00:00:00Z,-36.0,39.0,50,20.06,34.54,5.57,0.732,NOAA ERDDAP / Argo Floats
2026-01-15T00:00:00Z,-35.0,39.0,20,19.14,34.74,5.61,0.648,NOAA ERDDAP / Argo Floats
2026-01-15T00:00:00Z,-34.0,39.0,0,20.19,34.51,5.68,1.099,NOAA ERDDAP / Argo Floats
2026-01-15T00:00:00Z,-33.0,39.0,10,19.94,34.57,5.31,0.542,NOAA ERDDAP / Argo Floats
2026-01-15T00:00:00Z,-32.0,39.0,20,20.19,35.02,5.6,0.664,NOAA ERDDAP / Argo Floats
2026-01-15T00:00:00Z,-31.0,39.0,0,20.36,34.82,5.67,0.47,NOAA ERDDAP / Argo Floats
2026-01-15T00:00:00Z,-30.0,39.0,20,23.29,35.49,5.64,0.637,NOAA ERDDAP / Argo Floats
2026-01-15T00:00:00Z,-29.0,39.0,0,21.33,34.8,5.42,0.508,NOAA ERDDAP / Argo Floats
2026-01-15T00:00:00Z,-28.0,39.0,10,20.84,34.65,5.03,0.7,NOAA ERDDAP / Argo Floats
2026-01-15T00:00:00Z,-27.0,39.0,100,20.46,34.86,5.21,0.482,NOAA ERDDAP / Argo Floats
2026-01-15T00:00:00Z,-26.0,39.0,10,20.82,34.85,5.5,0.578,NOAA ERDDAP / Argo Floats
2026-01-15T00:00:00Z,-25.0,39.0,0,21.46,34.79,5.02,0.613,NOAA ERDDAP / Argo Floats
2026-01-15T00:00:00Z,-24.0,39.0,100,22.11,34.9,5.1,0.407,NOAA ERDDAP / Argo Floats
2026-01-15T00:00:00Z,-23.0,39.0,10,22.59,35.24,5.16,0.388,NOAA ERDDAP / Argo Floats
2026-01-15T00:00:00Z,-22.0,39.0,20,23.84,34.97,5.15,0.375,NOAA ERDDAP / Argo Floats
2026-01-15T00:00:00Z,-21.0,39.0,0,22.87,34.73,5.13,0.585,NOAA ERDDAP / Argo Floats
2026-01-15T00:00:00Z,-20.0,39.0,20,23.8,34.87,5.04,0.424,NOAA ERDDAP / Argo Floats
2026-01-15T00:00:00Z,-19.0,39.0,20,23.73,34.84,5.01,0.342,NOAA ERDDAP / Argo Floats
2026-01-15T00:00:00Z,-18.0,39.0,10,24.49,34.12,5.1,0.546,NOAA ERDDAP / Argo Floats
2026-01-15T00:00:00Z,-17.0,39.0,0,24.66,34.99,4.57,0.618,NOAA ERDDAP / Argo Floats
2026-01-15T00:00:00Z,-16.0,39.0,20,24.52,35.19,4.57,0.697,NOAA ERDDAP / Argo Floats
2026-01-15T00:00:00Z,-15.0,39.0,10,24.67,35.17,4.63,0.591,NOAA ERDDAP / Argo Floats
2026-01-15T00:00:00Z,-14.0,39.0,0,26.57,35.03,4.97,0.314,NOAA ERDDAP / Argo Floats
2026-01-15T00:00:00Z,-13.0,39.0,10,25.34,35.17,4.76,0.437,NOAA ERDDAP / Argo Floats
2026-01-15T00:00:00Z,-12.0,39.0,10,24.58,34.99,4.75,0.372,NOAA ERDDAP / Argo Floats
2026-01-15T00:00:00Z,-11.0,39.0,0,25.28,34.5,4.71,0.849,NOAA ERDDAP / Argo Floats
2026-01-15T00:00:00Z,-10.0,39.0,0,24.66,35.15,4.68,0.332,NOAA ERDDAP / Argo Floats
2026-01-15T00:00:00Z,-9.0,39.0,0,25.73,34.93,4.6,0.344,NOAA ERDDAP / Argo Floats
2026-01-15T00:00:00Z,-8.0,39.0,0,25.32,34.76,4.38,0.482,NOAA ERDDAP / Argo Floats
2026-01-15T00:00:00Z,-7.0,39.0,10,27.57,35.04,4.79,0.486,NOAA ERDDAP / Argo Floats
2026-01-15T00:00:00Z,-6.0,39.0,10,28.79,35.26,4.97,0.39,NOAA ERDDAP / Argo Floats
2026-01-15T00:00:00Z,-5.0,39.0,10,27.47,35.13,4.64,0.319,NOAA ERDDAP / Argo Floats
2026-01-15T00:00:00Z,-4.0,39.0,0,26.89,35.13,4.51,0.217,NOAA ERDDAP / Argo Floats
2026-01-15T00:00:00Z,-3.0,39.0,10,27.15,34.61,4.63,0.363,NOAA ERDDAP / Argo Floats
2026-01-15T00:00:00Z,-2.0,39.0,0,26.98,35.1,5.03,0.277,NOAA ERDDAP / Argo Floats
2026-01-15T00:00:00Z,-1.0,39.0,0,27.13,35.11,4.58,0.222,NOAA ERDDAP / Argo Floats
2026-01-15T00:00:00Z,0.0,39.0,10,28.3,34.58,4.47,0.677,NOAA ERDDAP / Argo Floats
2026-01-15T00:00:00Z,1.0,39.0,0,29.06,34.95,4.52,0.321,NOAA ERDDAP / Argo Floats
2026-01-15T00:00:00Z,2.0,39.0,10,27.68,35.27,4.65,0.584,NOAA ERDDAP / Argo Floats
2026-01-15T00:00:00Z,3.0,39.0,0,26.33,35.32,4.82,0.201,NOAA ERDDAP / Argo Floats
2026-01-15T00:00:00Z,4.0,39.0,50,29.19,35.49,4.72,0.523,NOAA ERDDAP / Argo Floats
2026-01-15T00:00:00Z,5.0,39.0,0,25.73,34.62,4.78,0.697,NOAA ERDDAP / Argo Floats
2026-01-15T00:00:00Z,6.0,39.0,50,27.49,34.76,4.74,0.671,NOAA ERDDAP / Argo Floats
2026-01-15T00:00:00Z,7.0,39.0,0,28.28,35.39,4.33,0.864,NOAA ERDDAP / Argo Floats
2026-01-15T00:00:00Z,8.0,39.0,20,27.46,35.46,4.61,0.797,NOAA ERDDAP / Argo Floats
2026-01-15T00:00:00Z,9.0,39.0,100,26.88,35.05,5.05,0.27,NOAA ERDDAP / Argo Floats
2026-01-15T00:00:00Z,10.0,39.0,0,24.42,35.23,4.93,0.286,NOAA ERDDAP / Argo Floats
2026-01-15T00:00:00Z,11.0,39.0,10,26.41,34.9,4.97,0.592,NOAA ERDDAP / Argo Floats
2026-01-15T00:00:00Z,12.0,39.0,0,24.93,35.12,4.6,0.695,NOAA ERDDAP / Argo Floats
2026-01-15T00:00:00Z,13.0,39.0,50,25.23,34.97,4.92,0.338,NOAA ERDDAP / Argo Floats
2026-01-15T00:00:00Z,14.0,39.0,20,23.84,34.69,5.16,0.486,NOAA ERDDAP / Argo Floats
2026-01-15T00:00:00Z,15.0,39.0,0,23.75,34.67,4.95,0.348,NOAA ERDDAP / Argo Floats
2026-01-15T00:00:00Z,16.0,39.0,0,23.69,35.18,5.13,0.518,NOAA ERDDAP / Argo Floats
2026-01-15T00:00:00Z,17.0,39.0,10,25.78,34.75,5.41,0.439,NOAA ERDDAP / Argo Floats
2026-01-15T00:00:00Z,18.0,39.0,100,23.28,35.47,4.81,0.665,NOAA ERDDAP / Argo Floats
2026-01-15T00:00:00Z,19.0,39.0,0,22.64,34.7,5.14,0.59,NOAA ERDDAP / Argo Floats
2026-01-15T00:00:00Z,20.0,39.0,0,21.57,34.71,5.35,0.407,NOAA ERDDAP / Argo Floats
2026-01-15T00:00:00Z,21.0,39.0,10,24.71,35.42,5.22,0.553,NOAA ERDDAP / Argo Floats
2026-01-15T00:00:00Z,22.0,39.0,0,23.54,34.91,5.07,0.624,NOAA ERDDAP / Argo Floats
2026-01-15T00:00:00Z,23.0,39.0,10,22.32,35.41,5.56,0.515,NOAA ERDDAP / Argo Floats
2026-01-15T00:00:00Z,24.0,39.0,20,20.54,34.76,5.26,0.868,NOAA ERDDAP / Argo Floats
2026-01-15T00:00:00Z,25.0,39.0,0,21.39,35.16,5.2,0.431,NOAA ERDDAP / Argo Floats
2026-01-15T00:00:00Z,26.0,39.0,10,21.36,35.26,5.45,0.478,NOAA ERDDAP / Argo Floats
2026-01-15T00:00:00Z,27.0,39.0,0,23.39,34.92,5.15,0.43,NOAA ERDDAP / Argo Floats
2026-01-15T00:00:00Z,28.0,39.0,0,20.79,34.69,5.57,0.858,NOAA ERDDAP / Argo Floats
2026-01-15T00:00:00Z,29.0,39.0,100,21.78,35.42,5.12,0.712,NOAA ERDDAP / Argo Floats
2026-01-15T00:00:00Z,30.0,39.0,10,19.62,35.18,5.37,0.92,NOAA ERDDAP / Argo Floats
2026-01-15T00:00:00Z,-45.0,40.0,0,16.97,35.1,5.86,0.845,NOAA ERDDAP / Argo Floats
2026-01-15T00:00:00Z,-44.0,40.0,0,18.32,35.11,6.3,0.962,NOAA ERDDAP / Argo Floats
2026-01-15T00:00:00Z,-43.0,40.0,10,17.25,34.63,5.63,0.685,NOAA ERDDAP / Argo Floats
2026-01-15T00:00:00Z,-42.0,40.0,50,16.86,34.54,6.05,0.605,NOAA ERDDAP / Argo Floats
2026-01-15T00:00:00Z,-41.0,40.0,0,18.86,34.52,5.53,0.803,NOAA ERDDAP / Argo Floats
2026-01-15T00:00:00Z,-40.0,40.0,20,18.97,35.74,5.99,0.89,NOAA ERDDAP / Argo Floats
2026-01-15T00:00:00Z,-39.0,40.0,50,18.99,34.42,5.76,1.09,NOAA ERDDAP / Argo Floats
2026-01-15T00:00:00Z,-38.0,40.0,20,19.9,34.73,4.96,0.59,NOAA ERDDAP / Argo Floats
2026-01-15T00:00:00Z,-37.0,40.0,0,18.87,34.99,5.65,1.193,NOAA ERDDAP / Argo Floats
2026-01-15T00:00:00Z,-36.0,40.0,20,19.8,34.4,5.43,0.654,NOAA ERDDAP / Argo Floats
2026-01-15T00:00:00Z,-35.0,40.0,20,18.85,34.96,5.63,0.717,NOAA ERDDAP / Argo Floats
2026-01-15T00:00:00Z,-34.0,40.0,10,19.79,34.63,5.55,0.713,NOAA ERDDAP / Argo Floats
2026-01-15T00:00:00Z,-33.0,40.0,0,20.3,34.75,5.8,0.557,NOAA ERDDAP / Argo Floats
2026-01-15T00:00:00Z,-32.0,40.0,10,18.76,34.89,5.3,0.749,NOAA ERDDAP / Argo Floats
2026-01-15T00:00:00Z,-31.0,40.0,10,20.27,34.56,5.17,1.295,NOAA ERDDAP / Argo Floats
2026-01-15T00:00:00Z,-30.0,40.0,0,21.57,34.77,5.94,0.818,NOAA ERDDAP / Argo Floats
2026-01-15T00:00:00Z,-29.0,40.0,0,19.97,34.53,5.4,0.618,NOAA ERDDAP / Argo Floats
2026-01-15T00:00:00Z,-28.0,40.0,0,20.93,35.27,5.16,0.869,NOAA ERDDAP / Argo Floats
2026-01-15T00:00:00Z,-27.0,40.0,20,21.84,35.17,5.11,0.614,NOAA ERDDAP / Argo Floats
2026-01-15T00:00:00Z,-26.0,40.0,0,24.43,34.96,5.69,0.459,NOAA ERDDAP / Argo Floats
2026-01-15T00:00:00Z,-25.0,40.0,20,23.04,35.35,5.6,0.413,NOAA ERDDAP / Argo Floats
2026-01-15T00:00:00Z,-24.0,40.0,50,22.06,34.58,5.35,0.759,NOAA ERDDAP / Argo Floats
2026-01-15T00:00:00Z,-23.0,40.0,0,21.49,34.57,5.13,0.418,NOAA ERDDAP / Argo Floats
2026-01-15T00:00:00Z,-22.0,40.0,20,22.71,34.76,5.26,0.521,NOAA ERDDAP / Argo Floats
2026-01-15T00:00:00Z,-21.0,40.0,0,23.28,34.57,4.98,0.474,NOAA ERDDAP / Argo Floats
2026-01-15T00:00:00Z,-20.0,40.0,0,24.38,34.53,5.08,0.473,NOAA ERDDAP / Argo Floats
2026-01-15T00:00:00Z,-19.0,40.0,20,23.32,34.58,5.26,0.503,NOAA ERDDAP / Argo Floats
2026-01-15T00:00:00Z,-18.0,40.0,0,24.67,35.36,5.29,0.34,NOAA ERDDAP / Argo Floats
2026-01-15T00:00:00Z,-17.0,40.0,0,25.14,34.99,5.29,0.333,NOAA ERDDAP / Argo Floats
2026-01-15T00:00:00Z,-16.0,40.0,0,24.31,34.85,5.03,0.473,NOAA ERDDAP / Argo Floats
2026-01-15T00:00:00Z,-15.0,40.0,0,25.38,34.84,4.84,0.47,NOAA ERDDAP / Argo Floats
2026-01-15T00:00:00Z,-14.0,40.0,10,24.71,34.68,4.85,0.423,NOAA ERDDAP / Argo Floats
2026-01-15T00:00:00Z,-13.0,40.0,0,25.27,34.66,5.08,0.993,NOAA ERDDAP / Argo Floats
2026-01-15T00:00:00Z,-12.0,40.0,0,24.28,34.89,4.6,0.282,NOAA ERDDAP / Argo Floats
2026-01-15T00:00:00Z,-11.0,40.0,20,25.79,35.09,4.7,0.419,NOAA ERDDAP / Argo Floats
2026-01-15T00:00:00Z,-10.0,40.0,20,26.69,35.18,4.66,0.487,NOAA ERDDAP / Argo Floats
2026-01-15T00:00:00Z,-9.0,40.0,0,26.72,35.33,4.65,0.244,NOAA ERDDAP / Argo Floats
2026-01-15T00:00:00Z,-8.0,40.0,0,26.31,34.9,5.09,0.308,NOAA ERDDAP / Argo Floats
2026-01-15T00:00:00Z,-7.0,40.0,50,27.56,35.25,4.81,0.358,NOAA ERDDAP / Argo Floats
2026-01-15T00:00:00Z,-6.0,40.0,50,26.53,34.79,4.78,0.339,NOAA ERDDAP / Argo Floats
2026-01-15T00:00:00Z,-5.0,40.0,50,27.07,34.95,4.29,0.266,NOAA ERDDAP / Argo Floats
2026-01-15T00:00:00Z,-4.0,40.0,50,26.41,35.0,4.62,0.236,NOAA ERDDAP / Argo Floats
2026-01-15T00:00:00Z,-3.0,40.0,20,28.3,35.07,4.77,0.333,NOAA ERDDAP / Argo Floats
2026-01-15T00:00:00Z,-2.0,40.0,10,27.65,34.77,4.89,0.416,NOAA ERDDAP / Argo Floats
2026-01-15T00:00:00Z,-1.0,40.0,0,28.44,34.8,4.52,0.283,NOAA ERDDAP / Argo Floats
2026-01-15T00:00:00Z,0.0,40.0,10,28.65,34.62,4.4,0.198,NOAA ERDDAP / Argo Floats
2026-01-15T00:00:00Z,1.0,40.0,0,28.25,34.77,4.45,0.435,NOAA ERDDAP / Argo Floats
2026-01-15T00:00:00Z,2.0,40.0,10,28.25,34.59,4.62,0.459,NOAA ERDDAP / Argo Floats
2026-01-15T00:00:00Z,3.0,40.0,20,28.35,34.89,4.67,0.53,NOAA ERDDAP / Argo Floats
2026-01-15T00:00:00Z,4.0,40.0,0,27.43,35.17,4.42,0.563,NOAA ERDDAP / Argo Floats
2026-01-15T00:00:00Z,5.0,40.0,0,27.69,35.17,4.48,0.416,NOAA ERDDAP / Argo Floats
2026-01-15T00:00:00Z,6.0,40.0,0,27.14,35.38,5.06,0.214,NOAA ERDDAP / Argo Floats
2026-01-15T00:00:00Z,7.0,40.0,0,27.22,34.99,4.88,0.537,NOAA ERDDAP / Argo Floats
2026-01-15T00:00:00Z,8.0,40.0,0,26.3,35.42,4.67,0.298,NOAA ERDDAP / Argo Floats
2026-01-15T00:00:00Z,9.0,40.0,10,27.08,35.25,4.59,0.499,NOAA ERDDAP / Argo Floats
2026-01-15T00:00:00Z,10.0,40.0,50,26.5,35.97,4.99,0.394,NOAA ERDDAP / Argo Floats
2026-01-15T00:00:00Z,11.0,40.0,0,25.08,35.14,4.89,0.353,NOAA ERDDAP / Argo Floats
2026-01-15T00:00:00Z,12.0,40.0,0,25.37,34.94,4.87,0.782,NOAA ERDDAP / Argo Floats
2026-01-15T00:00:00Z,13.0,40.0,50,24.65,34.84,4.78,0.646,NOAA ERDDAP / Argo Floats
2026-01-15T00:00:00Z,14.0,40.0,0,23.57,35.23,4.84,0.36,NOAA ERDDAP / Argo Floats
2026-01-15T00:00:00Z,15.0,40.0,20,24.58,35.32,4.8,0.505,NOAA ERDDAP / Argo Floats
2026-01-15T00:00:00Z,16.0,40.0,0,25.56,35.33,5.03,0.317,NOAA ERDDAP / Argo Floats
2026-01-15T00:00:00Z,17.0,40.0,10,24.8,35.02,4.85,1.099,NOAA ERDDAP / Argo Floats
2026-01-15T00:00:00Z,18.0,40.0,10,23.99,34.78,4.86,1.277,NOAA ERDDAP / Argo Floats
2026-01-15T00:00:00Z,19.0,40.0,20,24.09,35.3,5.29,0.608,NOAA ERDDAP / Argo Floats
2026-01-15T00:00:00Z,20.0,40.0,100,24.03,34.75,5.03,0.422,NOAA ERDDAP / Argo Floats
2026-01-15T00:00:00Z,21.0,40.0,0,24.23,35.09,5.05,0.473,NOAA ERDDAP / Argo Floats
2026-01-15T00:00:00Z,22.0,40.0,10,23.67,35.17,5.24,0.433,NOAA ERDDAP / Argo Floats
2026-01-15T00:00:00Z,23.0,40.0,10,24.46,35.32,5.24,0.855,NOAA ERDDAP / Argo Floats
2026-01-15T00:00:00Z,24.0,40.0,20,23.43,34.3,5.18,0.421,NOAA ERDDAP / Argo Floats
2026-01-15T00:00:00Z,25.0,40.0,10,20.86,35.4,5.23,0.549,NOAA ERDDAP / Argo Floats
2026-01-15T00:00:00Z,26.0,40.0,10,22.11,35.15,5.1,0.54,NOAA ERDDAP / Argo Floats
2026-01-15T00:00:00Z,27.0,40.0,20,22.58,34.84,5.69,0.576,NOAA ERDDAP / Argo Floats
2026-01-15T00:00:00Z,28.0,40.0,0,21.34,35.39,5.12,0.512,NOAA ERDDAP / Argo Floats
2026-01-15T00:00:00Z,29.0,40.0,0,20.0,34.98,5.34,0.97,NOAA ERDDAP / Argo Floats
2026-01-15T00:00:00Z,30.0,40.0,10,21.04,34.88,5.46,0.56,NOAA ERDDAP / Argo Floats
2026-01-15T00:00:00Z,-45.0,41.0,0,16.76,34.62,5.74,1.027,NOAA ERDDAP / Argo Floats
2026-01-15T00:00:00Z,-44.0,41.0,0,15.72,34.68,5.9,0.672,NOAA ERDDAP / Argo Floats
2026-01-15T00:00:00Z,-43.0,41.0,10,17.65,34.79,5.42,0.626,NOAA ERDDAP / Argo Floats
2026-01-15T00:00:00Z,-42.0,41.0,0,18.87,34.95,5.66,0.626,NOAA ERDDAP / Argo Floats
2026-01-15T00:00:00Z,-41.0,41.0,0,18.82,34.29,5.94,0.693,NOAA ERDDAP / Argo Floats
2026-01-15T00:00:00Z,-40.0,41.0,50,19.07,34.7,5.46,0.62,NOAA ERDDAP / Argo Floats
2026-01-15T00:00:00Z,-39.0,41.0,20,18.89,34.75,5.4,0.573,NOAA ERDDAP / Argo Floats
2026-01-15T00:00:00Z,-38.0,41.0,0,18.15,34.74,6.3,0.715,NOAA ERDDAP / Argo Floats
2026-01-15T00:00:00Z,-37.0,41.0,20,20.24,35.06,6.01,0.671,NOAA ERDDAP / Argo Floats
2026-01-15T00:00:00Z,-36.0,41.0,10,19.32,35.09,5.98,0.517,NOAA ERDDAP / Argo Floats
2026-01-15T00:00:00Z,-35.0,41.0,20,19.27,35.05,5.31,0.513,NOAA ERDDAP / Argo Floats
2026-01-15T00:00:00Z,-34.0,41.0,0,20.15,34.8,5.36,0.499,NOAA ERDDAP / Argo Floats
2026-01-15T00:00:00Z,-33.0,41.0,0,21.64,34.81,5.37,0.488,NOAA ERDDAP / Argo Floats
2026-01-15T00:00:00Z,-32.0,41.0,0,20.91,34.72,5.56,0.492,NOAA ERDDAP / Argo Floats
2026-01-15T00:00:00Z,-31.0,41.0,20,21.04,34.89,5.76,0.538,NOAA ERDDAP / Argo Floats
2026-01-15T00:00:00Z,-30.0,41.0,10,20.28,34.73,5.24,0.72,NOAA ERDDAP / Argo Floats
2026-01-15T00:00:00Z,-29.0,41.0,100,22.82,34.45,5.65,0.446,NOAA ERDDAP / Argo Floats
2026-01-15T00:00:00Z,-28.0,41.0,0,22.23,34.5,5.24,0.488,NOAA ERDDAP / Argo Floats
2026-01-15T00:00:00Z,-27.0,41.0,0,23.07,34.89,5.38,0.454,NOAA ERDDAP / Argo Floats
2026-01-15T00:00:00Z,-26.0,41.0,100,23.48,34.64,5.62,0.485,NOAA ERDDAP / Argo Floats
2026-01-15T00:00:00Z,-25.0,41.0,10,21.3,34.84,5.03,0.572,NOAA ERDDAP / Argo Floats
2026-01-15T00:00:00Z,-24.0,41.0,10,23.22,34.9,5.35,0.498,NOAA ERDDAP / Argo Floats
2026-01-15T00:00:00Z,-23.0,41.0,20,23.39,34.81,5.18,0.451,NOAA ERDDAP / Argo Floats
2026-01-15T00:00:00Z,-22.0,41.0,0,21.55,35.17,5.53,0.727,NOAA ERDDAP / Argo Floats
2026-01-15T00:00:00Z,-21.0,41.0,0,23.54,35.53,5.13,0.401,NOAA ERDDAP / Argo Floats
2026-01-15T00:00:00Z,-20.0,41.0,0,23.14,35.04,5.69,0.439,NOAA ERDDAP / Argo Floats
2026-01-15T00:00:00Z,-19.0,41.0,0,22.16,35.52,5.35,0.449,NOAA ERDDAP / Argo Floats
2026-01-15T00:00:00Z,-18.0,41.0,0,24.64,34.64,4.91,0.362,NOAA ERDDAP / Argo Floats
2026-01-15T00:00:00Z,-17.0,41.0,20,24.09,34.98,5.21,0.393,NOAA ERDDAP / Argo Floats
2026-01-15T00:00:00Z,-16.0,41.0,50,24.45,34.56,5.53,0.417,NOAA ERDDAP / Argo Floats
2026-01-15T00:00:00Z,-15.0,41.0,0,25.36,34.83,5.03,0.326,NOAA ERDDAP / Argo Floats
2026-01-15T00:00:00Z,-14.0,41.0,50,25.07,34.89,5.08,0.291,NOAA ERDDAP / Argo Floats
2026-01-15T00:00:00Z,-13.0,41.0,0,25.61,34.84,4.88,1.026,NOAA ERDDAP / Argo Floats
2026-01-15T00:00:00Z,-12.0,41.0,0,24.5,34.74,4.8,0.317,NOAA ERDDAP / Argo Floats
2026-01-15T00:00:00Z,-11.0,41.0,0,26.38,35.29,4.79,0.273,NOAA ERDDAP / Argo Floats
2026-01-15T00:00:00Z,-10.0,41.0,10,25.71,34.84,4.8,0.439,NOAA ERDDAP / Argo Floats
2026-01-15T00:00:00Z,-9.0,41.0,0,25.43,34.49,4.82,0.297,NOAA ERDDAP / Argo Floats
2026-01-15T00:00:00Z,-8.0,41.0,10,26.21,35.18,4.82,0.247,NOAA ERDDAP / Argo Floats
2026-01-15T00:00:00Z,-7.0,41.0,50,27.35,35.28,4.73,0.233,NOAA ERDDAP / Argo Floats
2026-01-15T00:00:00Z,-6.0,41.0,0,25.83,35.2,4.91,0.309,NOAA ERDDAP / Argo Floats
2026-01-15T00:00:00Z,-5.0,41.0,50,27.8,35.11,4.4,0.215,NOAA ERDDAP / Argo Floats
2026-01-15T00:00:00Z,-4.0,41.0,0,27.2,34.22,4.49,0.311,NOAA ERDDAP / Argo Floats
2026-01-15T00:00:00Z,-3.0,41.0,10,29.25,34.83,4.52,0.291,NOAA ERDDAP / Argo Floats
2026-01-15T00:00:00Z,-2.0,41.0,20,28.58,34.95,4.58,0.229,NOAA ERDDAP / Argo Floats
2026-01-15T00:00:00Z,-1.0,41.0,0,28.51,34.73,4.51,0.31,NOAA ERDDAP / Argo Floats
2026-01-15T00:00:00Z,0.0,41.0,0,29.16,35.37,4.74,0.192,NOAA ERDDAP / Argo Floats
2026-01-15T00:00:00Z,1.0,41.0,10,27.83,35.12,4.72,0.232,NOAA ERDDAP / Argo Floats
2026-01-15T00:00:00Z,2.0,41.0,0,28.38,34.86,4.51,0.291,NOAA ERDDAP / Argo Floats
2026-01-15T00:00:00Z,3.0,41.0,10,27.6,34.92,4.62,0.354,NOAA ERDDAP / Argo Floats
2026-01-15T00:00:00Z,4.0,41.0,0,27.06,34.89,4.07,0.257,NOAA ERDDAP / Argo Floats
2026-01-15T00:00:00Z,5.0,41.0,0,27.46,35.19,4.47,0.225,NOAA ERDDAP / Argo Floats
2026-01-15T00:00:00Z,6.0,41.0,50,26.9,34.87,5.04,0.31,NOAA ERDDAP / Argo Floats
2026-01-15T00:00:00Z,7.0,41.0,50,27.83,34.99,4.83,0.257,NOAA ERDDAP / Argo Floats
2026-01-15T00:00:00Z,8.0,41.0,10,26.75,34.49,4.53,0.241,NOAA ERDDAP / Argo Floats
2026-01-15T00:00:00Z,9.0,41.0,0,26.53,35.13,4.74,0.3,NOAA ERDDAP / Argo Floats
2026-01-15T00:00:00Z,10.0,41.0,10,25.87,34.59,4.8,0.346,NOAA ERDDAP / Argo Floats
2026-01-15T00:00:00Z,11.0,41.0,100,26.78,35.19,4.52,0.353,NOAA ERDDAP / Argo Floats
2026-01-15T00:00:00Z,12.0,41.0,0,24.01,35.48,5.21,0.288,NOAA ERDDAP / Argo Floats
2026-01-15T00:00:00Z,13.0,41.0,0,23.76,35.2,4.97,0.375,NOAA ERDDAP / Argo Floats
2026-01-15T00:00:00Z,14.0,41.0,0,24.05,34.35,4.91,0.772,NOAA ERDDAP / Argo Floats
2026-01-15T00:00:00Z,15.0,41.0,20,24.77,35.23,5.0,0.416,NOAA ERDDAP / Argo Floats
2026-01-15T00:00:00Z,16.0,41.0,0,22.91,34.7,4.8,0.452,NOAA ERDDAP / Argo Floats
2026-01-15T00:00:00Z,17.0,41.0,10,23.4,34.76,4.77,0.662,NOAA ERDDAP / Argo Floats
2026-01-15T00:00:00Z,18.0,41.0,0,24.55,35.33,4.97,0.333,NOAA ERDDAP / Argo Floats
2026-01-15T00:00:00Z,19.0,41.0,0,24.18,35.22,4.94,0.456,NOAA ERDDAP / Argo Floats
2026-01-15T00:00:00Z,20.0,41.0,10,22.32,35.41,5.68,1.027,NOAA ERDDAP / Argo Floats
2026-01-15T00:00:00Z,21.0,41.0,0,23.81,35.07,5.14,0.368,NOAA ERDDAP / Argo Floats
2026-01-15T00:00:00Z,22.0,41.0,0,24.24,35.0,5.23,0.533,NOAA ERDDAP / Argo Floats
2026-01-15T00:00:00Z,23.0,41.0,20,24.47,34.81,4.93,0.384,NOAA ERDDAP / Argo Floats
2026-01-15T00:00:00Z,24.0,41.0,0,22.64,34.88,4.78,0.529,NOAA ERDDAP / Argo Floats
2026-01-15T00:00:00Z,25.0,41.0,0,22.49,35.28,5.41,0.483,NOAA ERDDAP / Argo Floats
2026-01-15T00:00:00Z,26.0,41.0,50,21.92,34.38,5.31,1.205,NOAA ERDDAP / Argo Floats
2026-01-15T00:00:00Z,27.0,41.0,100,23.11,34.97,5.54,0.664,NOAA ERDDAP / Argo Floats
2026-01-15T00:00:00Z,28.0,41.0,100,21.92,35.16,5.47,1.084,NOAA ERDDAP / Argo Floats
2026-01-15T00:00:00Z,29.0,41.0,20,20.5,35.93,5.09,1.196,NOAA ERDDAP / Argo Floats
2026-01-15T00:00:00Z,30.0,41.0,10,21.68,35.1,5.2,0.687,NOAA ERDDAP / Argo Floats
2026-01-15T00:00:00Z,-45.0,42.0,0,16.76,35.43,5.96,0.88,NOAA ERDDAP / Argo Floats
2026-01-15T00:00:00Z,-44.0,42.0,10,17.98,35.2,5.88,0.688,NOAA ERDDAP / Argo Floats
2026-01-15T00:00:00Z,-43.0,42.0,0,16.73,35.33,5.39,0.632,NOAA ERDDAP / Argo Floats
2026-01-15T00:00:00Z,-42.0,42.0,10,17.91,34.83,5.7,0.864,NOAA ERDDAP / Argo Floats
2026-01-15T00:00:00Z,-41.0,42.0,0,20.21,34.74,5.69,0.688,NOAA ERDDAP / Argo Floats
2026-01-15T00:00:00Z,-40.0,42.0,10,17.54,35.21,5.74,0.654,NOAA ERDDAP / Argo Floats
2026-01-15T00:00:00Z,-39.0,42.0,100,18.94,34.81,5.57,1.305,NOAA ERDDAP / Argo Floats
2026-01-15T00:00:00Z,-38.0,42.0,50,19.94,35.3,5.32,0.539,NOAA ERDDAP / Argo Floats
2026-01-15T00:00:00Z,-37.0,42.0,0,19.06,35.06,5.33,0.759,NOAA ERDDAP / Argo Floats
2026-01-15T00:00:00Z,-36.0,42.0,10,20.37,34.46,5.58,0.802,NOAA ERDDAP / Argo Floats
2026-01-15T00:00:00Z,-35.0,42.0,20,20.13,34.52,5.95,0.586,NOAA ERDDAP / Argo Floats
2026-01-15T00:00:00Z,-34.0,42.0,0,19.51,34.91,5.67,0.651,NOAA ERDDAP / Argo Floats
2026-01-15T00:00:00Z,-33.0,42.0,50,19.62,34.79,5.57,0.595,NOAA ERDDAP / Argo Floats
2026-01-15T00:00:00Z,-32.0,42.0,0,20.66,35.34,5.45,1.021,NOAA ERDDAP / Argo Floats
2026-01-15T00:00:00Z,-31.0,42.0,0,19.32,34.96,5.36,0.893,NOAA ERDDAP / Argo Floats
2026-01-15T00:00:00Z,-30.0,42.0,0,19.97,34.54,5.45,0.621,NOAA ERDDAP / Argo Floats
2026-01-15T00:00:00Z,-29.0,42.0,10,21.41,34.31,5.19,0.558,NOAA ERDDAP / Argo Floats
2026-01-15T00:00:00Z,-28.0,42.0,0,20.52,34.65,5.16,0.553,NOAA ERDDAP / Argo Floats
2026-01-15T00:00:00Z,-27.0,42.0,0,21.55,34.68,5.21,1.083,NOAA ERDDAP / Argo Floats
2026-01-15T00:00:00Z,-26.0,42.0,0,21.03,35.03,5.17,0.665,NOAA ERDDAP / Argo Floats
2026-01-15T00:00:00Z,-25.0,42.0,10,23.25,34.92,4.9,0.404,NOAA ERDDAP / Argo Floats
2026-01-15T00:00:00Z,-24.0,42.0,0,23.22,34.71,5.49,0.948,NOAA ERDDAP / Argo Floats
2026-01-15T00:00:00Z,-23.0,42.0,0,23.11,35.05,5.08,0.545,NOAA ERDDAP / Argo Floats
2026-01-15T00:00:00Z,-22.0,42.0,0,23.15,34.61,5.35,0.652,NOAA ERDDAP / Argo Floats
2026-01-15T00:00:00Z,-21.0,42.0,0,22.82,35.26,4.9,0.536,NOAA ERDDAP / Argo Floats
2026-01-15T00:00:00Z,-20.0,42.0,50,22.57,35.38,5.16,0.367,NOAA ERDDAP / Argo Floats
2026-01-15T00:00:00Z,-19.0,42.0,20,25.45,34.49,5.08,0.482,NOAA ERDDAP / Argo Floats
2026-01-15T00:00:00Z,-18.0,42.0,100,24.5,35.06,4.94,0.823,NOAA ERDDAP / Argo Floats
2026-01-15T00:00:00Z,-17.0,42.0,0,24.12,34.63,5.13,0.355,NOAA ERDDAP / Argo Floats
2026-01-15T00:00:00Z,-16.0,42.0,0,24.86,34.96,4.81,0.376,NOAA ERDDAP / Argo Floats
2026-01-15T00:00:00Z,-15.0,42.0,50,25.52,34.59,4.7,0.302,NOAA ERDDAP / Argo Floats
2026-01-15T00:00:00Z,-14.0,42.0,10,26.05,35.41,4.65,0.402,NOAA ERDDAP / Argo Floats
2026-01-15T00:00:00Z,-13.0,42.0,0,26.6,35.31,4.48,0.908,NOAA ERDDAP / Argo Floats
2026-01-15T00:00:00Z,-12.0,42.0,0,26.1,34.76,4.43,0.316,NOAA ERDDAP / Argo Floats
2026-01-15T00:00:00Z,-11.0,42.0,50,25.09,35.0,4.39,0.52,NOAA ERDDAP / Argo Floats
2026-01-15T00:00:00Z,-10.0,42.0,0,26.07,34.72,4.51,0.932,NOAA ERDDAP / Argo Floats
2026-01-15T00:00:00Z,-9.0,42.0,0,26.66,34.51,4.7,0.269,NOAA ERDDAP / Argo Floats
2026-01-15T00:00:00Z,-8.0,42.0,0,26.44,34.71,4.93,0.305,NOAA ERDDAP / Argo Floats
2026-01-15T00:00:00Z,-7.0,42.0,0,26.82,34.94,4.71,0.224,NOAA ERDDAP / Argo Floats
2026-01-15T00:00:00Z,-6.0,42.0,10,24.52,35.22,5.18,0.321,NOAA ERDDAP / Argo Floats
2026-01-15T00:00:00Z,-5.0,42.0,0,28.6,35.31,4.38,0.892,NOAA ERDDAP / Argo Floats
2026-01-15T00:00:00Z,-4.0,42.0,20,27.37,34.75,4.59,0.23,NOAA ERDDAP / Argo Floats
2026-01-15T00:00:00Z,-3.0,42.0,0,29.13,34.7,4.36,0.23,NOAA ERDDAP / Argo Floats
2026-01-15T00:00:00Z,-2.0,42.0,0,28.76,34.67,4.38,0.792,NOAA ERDDAP / Argo Floats
2026-01-15T00:00:00Z,-1.0,42.0,0,28.58,35.29,4.37,0.295,NOAA ERDDAP / Argo Floats
2026-01-15T00:00:00Z,0.0,42.0,0,30.14,34.57,4.74,0.713,NOAA ERDDAP / Argo Floats
2026-01-15T00:00:00Z,1.0,42.0,0,27.69,35.11,4.41,0.298,NOAA ERDDAP / Argo Floats
2026-01-15T00:00:00Z,2.0,42.0,0,30.22,35.6,4.14,0.392,NOAA ERDDAP / Argo Floats
2026-01-15T00:00:00Z,3.0,42.0,10,27.83,35.38,4.47,0.277,NOAA ERDDAP / Argo Floats
2026-01-15T00:00:00Z,4.0,42.0,0,26.01,34.95,4.64,0.352,NOAA ERDDAP / Argo Floats
2026-01-15T00:00:00Z,5.0,42.0,0,26.68,35.09,4.62,0.342,NOAA ERDDAP / Argo Floats
2026-01-15T00:00:00Z,6.0,42.0,10,27.1,34.41,5.07,0.363,NOAA ERDDAP / Argo Floats
2026-01-15T00:00:00Z,7.0,42.0,0,25.28,34.98,4.5,0.495,NOAA ERDDAP / Argo Floats
2026-01-15T00:00:00Z,8.0,42.0,100,26.39,35.22,4.74,0.531,NOAA ERDDAP / Argo Floats
2026-01-15T00:00:00Z,9.0,42.0,0,25.88,34.99,4.88,0.287,NOAA ERDDAP / Argo Floats
2026-01-15T00:00:00Z,10.0,42.0,0,25.42,34.98,4.96,0.827,NOAA ERDDAP / Argo Floats
2026-01-15T00:00:00Z,11.0,42.0,20,25.3,35.14,4.83,0.458,NOAA ERDDAP / Argo Floats
2026-01-15T00:00:00Z,12.0,42.0,50,24.86,35.03,4.92,0.795,NOAA ERDDAP / Argo Floats
2026-01-15T00:00:00Z,13.0,42.0,0,25.41,35.18,4.69,0.512,NOAA ERDDAP / Argo Floats
2026-01-15T00:00:00Z,14.0,42.0,0,25.23,34.81,4.73,0.534,NOAA ERDDAP / Argo Floats
2026-01-15T00:00:00Z,15.0,42.0,20,24.64,35.43,5.36,0.404,NOAA ERDDAP / Argo Floats
2026-01-15T00:00:00Z,16.0,42.0,0,24.55,34.92,4.86,0.403,NOAA ERDDAP / Argo Floats
2026-01-15T00:00:00Z,17.0,42.0,0,24.5,35.15,5.01,0.735,NOAA ERDDAP / Argo Floats
2026-01-15T00:00:00Z,18.0,42.0,50,24.46,35.19,5.17,0.816,NOAA ERDDAP / Argo Floats
2026-01-15T00:00:00Z,19.0,42.0,100,23.93,34.86,5.11,0.624,NOAA ERDDAP / Argo Floats
2026-01-15T00:00:00Z,20.0,42.0,0,25.0,35.28,5.16,0.773,NOAA ERDDAP / Argo Floats
2026-01-15T00:00:00Z,21.0,42.0,50,24.63,34.6,5.13,0.416,NOAA ERDDAP / Argo Floats
2026-01-15T00:00:00Z,22.0,42.0,0,22.16,35.0,5.52,0.435,NOAA ERDDAP / Argo Floats
2026-01-15T00:00:00Z,23.0,42.0,20,21.9,34.93,4.96,0.442,NOAA ERDDAP / Argo Floats
2026-01-15T00:00:00Z,24.0,42.0,0,21.67,34.89,5.23,0.611,NOAA ERDDAP / Argo Floats
2026-01-15T00:00:00Z,25.0,42.0,50,22.87,35.52,5.25,0.557,NOAA ERDDAP / Argo Floats
2026-01-15T00:00:00Z,26.0,42.0,10,21.52,34.34,5.03,0.609,NOAA ERDDAP / Argo Floats
2026-01-15T00:00:00Z,27.0,42.0,20,22.7,35.22,5.22,0.707,NOAA ERDDAP / Argo Floats
2026-01-15T00:00:00Z,28.0,42.0,0,20.76,35.3,5.27,0.787,NOAA ERDDAP / Argo Floats
2026-01-15T00:00:00Z,29.0,42.0,0,20.1,35.45,5.47,0.49,NOAA ERDDAP / Argo Floats
2026-01-15T00:00:00Z,30.0,42.0,10,19.61,35.25,5.48,0.917,NOAA ERDDAP / Argo Floats
2026-01-15T00:00:00Z,-45.0,43.0,0,15.91,34.96,6.0,1.045,NOAA ERDDAP / Argo Floats
2026-01-15T00:00:00Z,-44.0,43.0,0,17.17,34.77,5.89,0.969,NOAA ERDDAP / Argo Floats
2026-01-15T00:00:00Z,-43.0,43.0,10,19.4,34.4,5.85,0.798,NOAA ERDDAP / Argo Floats
2026-01-15T00:00:00Z,-42.0,43.0,0,18.58,35.03,5.97,0.767,NOAA ERDDAP / Argo Floats
2026-01-15T00:00:00Z,-41.0,43.0,0,18.35,35.28,5.35,1.154,NOAA ERDDAP / Argo Floats
2026-01-15T00:00:00Z,-40.0,43.0,20,17.93,34.92,5.78,0.772,NOAA ERDDAP / Argo Floats
2026-01-15T00:00:00Z,-39.0,43.0,50,18.48,34.72,5.25,0.614,NOAA ERDDAP / Argo Floats
2026-01-15T00:00:00Z,-38.0,43.0,50,18.37,35.09,5.77,0.791,NOAA ERDDAP / Argo Floats
2026-01-15T00:00:00Z,-37.0,43.0,10,18.93,34.78,5.47,0.546,NOAA ERDDAP / Argo Floats
2026-01-15T00:00:00Z,-36.0,43.0,10,19.66,35.15,5.66,0.542,NOAA ERDDAP / Argo Floats
2026-01-15T00:00:00Z,-35.0,43.0,20,20.27,35.26,5.3,0.539,NOAA ERDDAP / Argo Floats
2026-01-15T00:00:00Z,-34.0,43.0,0,19.71,35.04,5.8,0.528,NOAA ERDDAP / Argo Floats
2026-01-15T00:00:00Z,-33.0,43.0,10,20.77,34.65,5.41,0.946,NOAA ERDDAP / Argo Floats
2026-01-15T00:00:00Z,-32.0,43.0,0,20.44,34.87,5.5,0.498,NOAA ERDDAP / Argo Floats
2026-01-15T00:00:00Z,-31.0,43.0,0,20.44,35.01,5.45,1.089,NOAA ERDDAP / Argo Floats
2026-01-15T00:00:00Z,-30.0,43.0,10,21.35,35.14,5.22,0.738,NOAA ERDDAP / Argo Floats
2026-01-15T00:00:00Z,-29.0,43.0,0,20.84,34.81,5.52,0.617,NOAA ERDDAP / Argo Floats
2026-01-15T00:00:00Z,-28.0,43.0,20,21.57,35.37,5.05,0.564,NOAA ERDDAP / Argo Floats
2026-01-15T00:00:00Z,-27.0,43.0,100,21.73,34.96,5.16,0.801,NOAA ERDDAP / Argo Floats
2026-01-15T00:00:00Z,-26.0,43.0,20,22.84,34.81,5.34,0.825,NOAA ERDDAP / Argo Floats
2026-01-15T00:00:00Z,-25.0,43.0,10,22.19,34.64,5.16,0.431,NOAA ERDDAP / Argo Floats
2026-01-15T00:00:00Z,-24.0,43.0,100,22.78,35.24,4.73,0.57,NOAA ERDDAP / Argo Floats
2026-01-15T00:00:00Z,-23.0,43.0,50,21.93,34.66,5.15,0.697,NOAA ERDDAP / Argo Floats
2026-01-15T00:00:00Z,-22.0,43.0,0,22.82,34.57,4.96,0.565,NOAA ERDDAP / Argo Floats
2026-01-15T00:00:00Z,-21.0,43.0,10,24.29,35.53,5.72,0.568,NOAA ERDDAP / Argo Floats
2026-01-15T00:00:00Z,-20.0,43.0,20,24.59,35.32,4.73,0.386,NOAA ERDDAP / Argo Floats
2026-01-15T00:00:00Z,-19.0,43.0,0,24.3,35.13,5.19,0.511,NOAA ERDDAP / Argo Floats
2026-01-15T00:00:00Z,-18.0,43.0,10,23.57,34.93,4.96,0.466,NOAA ERDDAP / Argo Floats
2026-01-15T00:00:00Z,-17.0,43.0,0,23.61,34.62,4.87,0.433,NOAA ERDDAP / Argo Floats
2026-01-15T00:00:00Z,-16.0,43.0,50,23.84,35.21,5.33,0.847,NOAA ERDDAP / Argo Floats
2026-01-15T00:00:00Z,-15.0,43.0,20,24.31,35.29,5.29,0.438,NOAA ERDDAP / Argo Floats
2026-01-15T00:00:00Z,-14.0,43.0,50,25.29,35.09,4.99,0.298,NOAA ERDDAP / Argo Floats
2026-01-15T00:00:00Z,-13.0,43.0,0,24.68,34.46,5.25,0.574,NOAA ERDDAP / Argo Floats
2026-01-15T00:00:00Z,-12.0,43.0,10,24.68,35.15,4.73,0.494,NOAA ERDDAP / Argo Floats
2026-01-15T00:00:00Z,-11.0,43.0,0,24.8,35.01,5.09,0.298,NOAA ERDDAP / Argo Floats
2026-01-15T00:00:00Z,-10.0,43.0,0,25.42,35.04,4.5,0.337,NOAA ERDDAP / Argo Floats
2026-01-15T00:00:00Z,-9.0,43.0,0,24.59,34.7,4.82,0.444,NOAA ERDDAP / Argo Floats
2026-01-15T00:00:00Z,-8.0,43.0,0,25.29,34.71,4.65,0.262,NOAA ERDDAP / Argo Floats
2026-01-15T00:00:00Z,-7.0,43.0,0,25.97,35.55,4.84,0.555,NOAA ERDDAP / Argo Floats
2026-01-15T00:00:00Z,-6.0,43.0,10,26.73,34.93,4.81,0.303,NOAA ERDDAP / Argo Floats
2026-01-15T00:00:00Z,-5.0,43.0,0,28.55,34.57,4.8,0.511,NOAA ERDDAP / Argo Floats
2026-01-15T00:00:00Z,-4.0,43.0,0,28.13,35.1,4.7,0.212,NOAA ERDDAP / Argo Floats
2026-01-15T00:00:00Z,-3.0,43.0,0,27.92,34.57,4.68,0.807,NOAA ERDDAP / Argo Floats
2026-01-15T00:00:00Z,-2.0,43.0,0,26.72,34.9,4.68,0.247,NOAA ERDDAP / Argo Floats
2026-01-15T00:00:00Z,-1.0,43.0,20,27.84,34.52,4.51,0.246,NOAA ERDDAP / Argo Floats
2026-01-15T00:00:00Z,0.0,43.0,0,29.01,34.84,4.47,0.194,NOAA ERDDAP / Argo Floats
2026-01-15T00:00:00Z,1.0,43.0,20,29.27,34.93,4.09,0.342,NOAA ERDDAP / Argo Floats
2026-01-15T00:00:00Z,2.0,43.0,0,26.13,34.87,4.56,0.208,NOAA ERDDAP / Argo Floats
2026-01-15T00:00:00Z,3.0,43.0,0,28.84,35.0,4.69,0.27,NOAA ERDDAP / Argo Floats
2026-01-15T00:00:00Z,4.0,43.0,20,27.36,35.15,4.53,0.471,NOAA ERDDAP / Argo Floats
2026-01-15T00:00:00Z,5.0,43.0,0,27.98,35.56,4.63,0.243,NOAA ERDDAP / Argo Floats
2026-01-15T00:00:00Z,6.0,43.0,10,26.54,35.41,4.65,0.587,NOAA ERDDAP / Argo Floats
2026-01-15T00:00:00Z,7.0,43.0,20,26.7,35.34,4.61,0.401,NOAA ERDDAP / Argo Floats
2026-01-15T00:00:00Z,8.0,43.0,0,25.53,35.3,4.71,0.977,NOAA ERDDAP / Argo Floats
2026-01-15T00:00:00Z,9.0,43.0,50,26.32,35.16,4.52,0.518,NOAA ERDDAP / Argo Floats
2026-01-15T00:00:00Z,10.0,43.0,20,27.24,35.02,4.71,0.297,NOAA ERDDAP / Argo Floats
2026-01-15T00:00:00Z,11.0,43.0,0,26.8,35.66,4.94,0.314,NOAA ERDDAP / Argo Floats
2026-01-15T00:00:00Z,12.0,43.0,0,26.16,35.15,4.89,0.33,NOAA ERDDAP / Argo Floats
2026-01-15T00:00:00Z,13.0,43.0,0,24.6,34.85,5.01,0.513,NOAA ERDDAP / Argo Floats
2026-01-15T00:00:00Z,14.0,43.0,0,24.81,35.01,4.96,0.526,NOAA ERDDAP / Argo Floats
2026-01-15T00:00:00Z,15.0,43.0,0,24.28,35.33,5.31,0.448,NOAA ERDDAP / Argo Floats
2026-01-15T00:00:00Z,16.0,43.0,10,24.78,35.02,4.91,0.349,NOAA ERDDAP / Argo Floats
2026-01-15T00:00:00Z,17.0,43.0,20,25.04,34.9,5.17,0.693,NOAA ERDDAP / Argo Floats
2026-01-15T00:00:00Z,18.0,43.0,20,23.05,34.18,4.97,0.344,NOAA ERDDAP / Argo Floats
2026-01-15T00:00:00Z,19.0,43.0,100,23.32,34.76,4.82,0.925,NOAA ERDDAP / Argo Floats
2026-01-15T00:00:00Z,20.0,43.0,0,24.24,35.21,4.81,0.399,NOAA ERDDAP / Argo Floats
2026-01-15T00:00:00Z,21.0,43.0,10,24.13,35.11,5.18,0.586,NOAA ERDDAP / Argo Floats
2026-01-15T00:00:00Z,22.0,43.0,10,22.03,34.8,5.01,0.61,NOAA ERDDAP / Argo Floats
2026-01-15T00:00:00Z,23.0,43.0,0,22.69,35.36,5.27,0.571,NOAA ERDDAP / Argo Floats
2026-01-15T00:00:00Z,24.0,43.0,0,23.49,34.87,5.57,0.587,NOAA ERDDAP / Argo Floats
2026-01-15T00:00:00Z,25.0,43.0,100,23.24,35.61,4.89,0.478,NOAA ERDDAP / Argo Floats
2026-01-15T00:00:00Z,26.0,43.0,0,21.71,35.0,5.27,0.537,NOAA ERDDAP / Argo Floats
2026-01-15T00:00:00Z,27.0,43.0,10,22.61,34.87,5.24,0.421,NOAA ERDDAP / Argo Floats
2026-01-15T00:00:00Z,28.0,43.0,0,21.8,35.26,5.04,0.712,NOAA ERDDAP / Argo Floats
2026-01-15T00:00:00Z,29.0,43.0,10,20.48,35.01,5.29,0.525,NOAA ERDDAP / Argo Floats
2026-01-15T00:00:00Z,30.0,43.0,0,22.35,35.47,5.28,0.475,NOAA ERDDAP / Argo Floats
2026-01-15T00:00:00Z,-45.0,44.0,0,16.92,35.25,5.66,0.681,NOAA ERDDAP / Argo Floats
2026-01-15T00:00:00Z,-44.0,44.0,50,17.4,34.74,5.84,0.705,NOAA ERDDAP / Argo Floats
2026-01-15T00:00:00Z,-43.0,44.0,0,16.48,34.85,5.63,0.658,NOAA ERDDAP / Argo Floats
2026-01-15T00:00:00Z,-42.0,44.0,10,17.6,34.64,5.42,1.124,NOAA ERDDAP / Argo Floats
2026-01-15T00:00:00Z,-41.0,44.0,0,17.68,34.68,5.68,0.574,NOAA ERDDAP / Argo Floats
2026-01-15T00:00:00Z,-40.0,44.0,0,17.08,34.81,5.5,0.772,NOAA ERDDAP / Argo Floats
2026-01-15T00:00:00Z,-39.0,44.0,0,19.1,34.8,5.74,1.009,NOAA ERDDAP / Argo Floats
2026-01-15T00:00:00Z,-38.0,44.0,10,18.43,35.22,5.32,0.637,NOAA ERDDAP / Argo Floats
2026-01-15T00:00:00Z,-37.0,44.0,50,19.99,34.96,5.63,0.577,NOAA ERDDAP / Argo Floats
2026-01-15T00:00:00Z,-36.0,44.0,10,19.26,34.43,5.52,0.794,NOAA ERDDAP / Argo Floats
2026-01-15T00:00:00Z,-35.0,44.0,20,20.65,34.56,5.53,0.897,NOAA ERDDAP / Argo Floats
2026-01-15T00:00:00Z,-34.0,44.0,20,20.04,35.0,5.19,0.6,NOAA ERDDAP / Argo Floats
2026-01-15T00:00:00Z,-33.0,44.0,0,20.1,35.26,5.61,0.785,NOAA ERDDAP / Argo Floats
2026-01-15T00:00:00Z,-32.0,44.0,0,20.34,35.29,5.39,0.483,NOAA ERDDAP / Argo Floats
2026-01-15T00:00:00Z,-31.0,44.0,50,20.07,34.29,5.75,0.501,NOAA ERDDAP / Argo Floats
2026-01-15T00:00:00Z,-30.0,44.0,0,20.6,34.92,5.34,0.549,NOAA ERDDAP / Argo Floats
2026-01-15T00:00:00Z,-29.0,44.0,0,21.91,35.32,5.65,0.538,NOAA ERDDAP / Argo Floats
2026-01-15T00:00:00Z,-28.0,44.0,0,22.15,35.04,5.24,0.449,NOAA ERDDAP / Argo Floats
2026-01-15T00:00:00Z,-27.0,44.0,20,21.64,34.84,5.74,0.663,NOAA ERDDAP / Argo Floats
2026-01-15T00:00:00Z,-26.0,44.0,10,21.93,35.27,4.92,0.649,NOAA ERDDAP / Argo Floats
2026-01-15T00:00:00Z,-25.0,44.0,0,21.15,35.3,5.48,0.47,NOAA ERDDAP / Argo Floats
2026-01-15T00:00:00Z,-24.0,44.0,20,22.1,35.48,4.73,0.761,NOAA ERDDAP / Argo Floats
2026-01-15T00:00:00Z,-23.0,44.0,10,22.32,35.02,5.3,0.645,NOAA ERDDAP / Argo Floats
2026-01-15T00:00:00Z,-22.0,44.0,0,21.94,34.68,5.4,1.269,NOAA ERDDAP / Argo Floats
2026-01-15T00:00:00Z,-21.0,44.0,0,24.21,34.9,4.91,0.503,NOAA ERDDAP / Argo Floats
2026-01-15T00:00:00Z,-20.0,44.0,10,23.34,34.73,5.16,0.652,NOAA ERDDAP / Argo Floats
2026-01-15T00:00:00Z,-19.0,44.0,50,23.65,34.89,5.24,0.487,NOAA ERDDAP / Argo Floats
2026-01-15T00:00:00Z,-18.0,44.0,0,24.62,34.77,5.31,0.419,NOAA ERDDAP / Argo Floats
2026-01-15T00:00:00Z,-17.0,44.0,0,23.51,34.15,5.05,0.63,NOAA ERDDAP / Argo Floats
2026-01-15T00:00:00Z,-16.0,44.0,10,25.05,35.3,5.07,0.395,NOAA ERDDAP / Argo Floats
2026-01-15T00:00:00Z,-15.0,44.0,0,22.94,35.56,4.82,0.43,NOAA ERDDAP / Argo Floats
2026-01-15T00:00:00Z,-14.0,44.0,20,24.54,34.46,4.99,0.523,NOAA ERDDAP / Argo Floats
2026-01-15T00:00:00Z,-13.0,44.0,0,23.64,34.38,5.1,1.241,NOAA ERDDAP / Argo Floats
2026-01-15T00:00:00Z,-12.0,44.0,0,26.49,35.01,4.68,0.965,NOAA ERDDAP / Argo Floats
2026-01-15T00:00:00Z,-11.0,44.0,0,26.34,34.66,4.91,0.415,NOAA ERDDAP / Argo Floats
2026-01-15T00:00:00Z,-10.0,44.0,0,25.49,34.62,4.69,0.518,NOAA ERDDAP / Argo Floats
2026-01-15T00:00:00Z,-9.0,44.0,0,26.25,34.63,4.93,0.411,NOAA ERDDAP / Argo Floats
2026-01-15T00:00:00Z,-8.0,44.0,0,25.82,34.86,4.83,0.369,NOAA ERDDAP / Argo Floats
2026-01-15T00:00:00Z,-7.0,44.0,10,27.08,35.03,4.8,0.546,NOAA ERDDAP / Argo Floats
2026-01-15T00:00:00Z,-6.0,44.0,10,27.62,34.63,4.93,1.303,NOAA ERDDAP / Argo Floats
2026-01-15T00:00:00Z,-5.0,44.0,0,26.76,35.26,4.78,0.232,NOAA ERDDAP / Argo Floats
2026-01-15T00:00:00Z,-4.0,44.0,0,27.81,34.78,4.66,0.232,NOAA ERDDAP / Argo Floats
2026-01-15T00:00:00Z,-3.0,44.0,0,27.07,35.06,4.41,0.571,NOAA ERDDAP / Argo Floats
2026-01-15T00:00:00Z,-2.0,44.0,10,27.74,34.92,4.36,0.824,NOAA ERDDAP / Argo Floats
2026-01-15T00:00:00Z,-1.0,44.0,0,28.43,34.15,4.55,0.288,NOAA ERDDAP / Argo Floats
2026-01-15T00:00:00Z,0.0,44.0,100,29.11,35.3,4.56,0.249,NOAA ERDDAP / Argo Floats
2026-01-15T00:00:00Z,1.0,44.0,0,27.72,34.88,4.6,0.571,NOAA ERDDAP / Argo Floats
2026-01-15T00:00:00Z,2.0,44.0,50,27.91,35.45,4.86,0.427,NOAA ERDDAP / Argo Floats
2026-01-15T00:00:00Z,3.0,44.0,50,28.11,34.95,4.49,0.277,NOAA ERDDAP / Argo Floats
2026-01-15T00:00:00Z,4.0,44.0,10,28.12,34.81,4.75,0.223,NOAA ERDDAP / Argo Floats
2026-01-15T00:00:00Z,5.0,44.0,0,28.37,34.38,4.96,0.277,NOAA ERDDAP / Argo Floats
2026-01-15T00:00:00Z,6.0,44.0,0,26.87,35.16,4.69,0.438,NOAA ERDDAP / Argo Floats
2026-01-15T00:00:00Z,7.0,44.0,20,28.3,34.94,4.8,0.587,NOAA ERDDAP / Argo Floats
2026-01-15T00:00:00Z,8.0,44.0,10,25.87,34.94,4.49,0.409,NOAA ERDDAP / Argo Floats
2026-01-15T00:00:00Z,9.0,44.0,10,26.93,34.75,4.65,0.439,NOAA ERDDAP / Argo Floats
2026-01-15T00:00:00Z,10.0,44.0,0,27.29,34.92,4.61,0.589,NOAA ERDDAP / Argo Floats
2026-01-15T00:00:00Z,11.0,44.0,20,27.24,35.33,4.78,0.449,NOAA ERDDAP / Argo Floats
2026-01-15T00:00:00Z,12.0,44.0,0,25.42,35.59,4.91,0.838,NOAA ERDDAP / Argo Floats
2026-01-15T00:00:00Z,13.0,44.0,0,24.41,35.11,4.96,0.306,NOAA ERDDAP / Argo Floats
2026-01-15T00:00:00Z,14.0,44.0,10,23.79,35.07,5.01,0.325,NOAA ERDDAP / Argo Floats
2026-01-15T00:00:00Z,15.0,44.0,0,24.41,35.73,5.02,0.433,NOAA ERDDAP / Argo Floats
2026-01-15T00:00:00Z,16.0,44.0,0,23.04,35.42,5.18,0.358,NOAA ERDDAP / Argo Floats
2026-01-15T00:00:00Z,17.0,44.0,0,23.63,34.92,5.06,0.658,NOAA ERDDAP / Argo Floats
2026-01-15T00:00:00Z,18.0,44.0,0,22.55,34.82,5.05,0.558,NOAA ERDDAP / Argo Floats
2026-01-15T00:00:00Z,19.0,44.0,0,24.02,34.96,5.27,0.45,NOAA ERDDAP / Argo Floats
2026-01-15T00:00:00Z,20.0,44.0,10,24.39,35.5,5.0,0.353,NOAA ERDDAP / Argo Floats
2026-01-15T00:00:00Z,21.0,44.0,0,23.13,35.29,5.08,0.389,NOAA ERDDAP / Argo Floats
2026-01-15T00:00:00Z,22.0,44.0,10,24.17,34.86,5.09,0.452,NOAA ERDDAP / Argo Floats
2026-01-15T00:00:00Z,23.0,44.0,0,22.48,34.74,5.11,0.468,NOAA ERDDAP / Argo Floats
2026-01-15T00:00:00Z,24.0,44.0,20,23.01,34.99,5.35,1.516,NOAA ERDDAP / Argo Floats
2026-01-15T00:00:00Z,25.0,44.0,20,21.49,35.75,5.2,0.484,NOAA ERDDAP / Argo Floats
2026-01-15T00:00:00Z,26.0,44.0,0,22.19,35.63,5.65,0.42,NOAA ERDDAP / Argo Floats
2026-01-15T00:00:00Z,27.0,44.0,20,22.41,35.16,5.38,1.204,NOAA ERDDAP / Argo Floats
2026-01-15T00:00:00Z,28.0,44.0,0,21.79,35.22,5.12,0.71,NOAA ERDDAP / Argo Floats
2026-01-15T00:00:00Z,29.0,44.0,0,22.1,34.88,5.22,0.871,NOAA ERDDAP / Argo Floats
2026-01-15T00:00:00Z,30.0,44.0,20,21.14,34.88,5.55,0.662,NOAA ERDDAP / Argo Floats
2026-01-15T00:00:00Z,-45.0,45.0,0,17.33,34.93,6.32,0.774,NOAA ERDDAP / Argo Floats
2026-01-15T00:00:00Z,-44.0,45.0,0,17.65,34.45,5.79,1.308,NOAA ERDDAP / Argo Floats
2026-01-15T00:00:00Z,-43.0,45.0,0,18.73,34.6,5.89,0.877,NOAA ERDDAP / Argo Floats
2026-01-15T00:00:00Z,-42.0,45.0,10,18.33,35.05,6.09,1.022,NOAA ERDDAP / Argo Floats
2026-01-15T00:00:00Z,-41.0,45.0,10,18.64,34.28,5.83,1.073,NOAA ERDDAP / Argo Floats
2026-01-15T00:00:00Z,-40.0,45.0,0,18.68,34.82,5.53,0.7,NOAA ERDDAP / Argo Floats
2026-01-15T00:00:00Z,-39.0,45.0,0,19.71,34.72,5.7,0.912,NOAA ERDDAP / Argo Floats
2026-01-15T00:00:00Z,-38.0,45.0,100,17.13,35.25,5.78,0.642,NOAA ERDDAP / Argo Floats
2026-01-15T00:00:00Z,-37.0,45.0,0,18.76,35.04,5.65,0.583,NOAA ERDDAP / Argo Floats
2026-01-15T00:00:00Z,-36.0,45.0,0,19.55,35.16,5.71,0.895,NOAA ERDDAP / Argo Floats
2026-01-15T00:00:00Z,-35.0,45.0,10,19.87,34.71,5.76,0.568,NOAA ERDDAP / Argo Floats
2026-01-15T00:00:00Z,-34.0,45.0,0,18.82,34.7,5.22,0.664,NOAA ERDDAP / Argo Floats
2026-01-15T00:00:00Z,-33.0,45.0,10,21.51,34.65,5.44,0.554,NOAA ERDDAP / Argo Floats
2026-01-15T00:00:00Z,-32.0,45.0,0,20.65,34.87,5.66,0.654,NOAA ERDDAP / Argo Floats
2026-01-15T00:00:00Z,-31.0,45.0,50,20.32,35.63,5.47,0.475,NOAA ERDDAP / Argo Floats
2026-01-15T00:00:00Z,-30.0,45.0,0,22.13,34.67,5.75,0.643,NOAA ERDDAP / Argo Floats
2026-01-15T00:00:00Z,-29.0,45.0,0,22.02,34.54,5.69,0.549,NOAA ERDDAP / Argo Floats
2026-01-15T00:00:00Z,-28.0,45.0,0,20.32,34.66,5.44,0.435,NOAA ERDDAP / Argo Floats
2026-01-15T00:00:00Z,-27.0,45.0,0,20.0,34.68,5.16,0.588,NOAA ERDDAP / Argo Floats
2026-01-15T00:00:00Z,-26.0,45.0,20,21.31,34.66,5.74,0.608,NOAA ERDDAP / Argo Floats
2026-01-15T00:00:00Z,-25.0,45.0,0,22.95,34.72,5.31,0.466,NOAA ERDDAP / Argo Floats
2026-01-15T00:00:00Z,-24.0,45.0,20,23.17,35.22,5.33,0.43,NOAA ERDDAP / Argo Floats
2026-01-15T00:00:00Z,-23.0,45.0,0,23.03,34.87,5.16,0.384,NOAA ERDDAP / Argo Floats
2026-01-15T00:00:00Z,-22.0,45.0,50,23.67,34.62,5.11,0.458,NOAA ERDDAP / Argo Floats
2026-01-15T00:00:00Z,-21.0,45.0,20,23.1,34.28,5.14,0.368,NOAA ERDDAP / Argo Floats
2026-01-15T00:00:00Z,-20.0,45.0,10,24.47,34.71,5.0,0.638,NOAA ERDDAP / Argo Floats
2026-01-15T00:00:00Z,-19.0,45.0,0,24.45,34.95,5.45,0.497,NOAA ERDDAP / Argo Floats
2026-01-15T00:00:00Z,-18.0,45.0,0,23.27,34.85,4.58,0.764,NOAA ERDDAP / Argo Floats
2026-01-15T00:00:00Z,-17.0,45.0,10,24.21,34.4,4.69,0.515,NOAA ERDDAP / Argo Floats
2026-01-15T00:00:00Z,-16.0,45.0,0,24.57,33.9,4.91,0.683,NOAA ERDDAP / Argo Floats
2026-01-15T00:00:00Z,-15.0,45.0,0,25.44,34.69,4.5,0.526,NOAA ERDDAP / Argo Floats
2026-01-15T00:00:00Z,-14.0,45.0,20,24.24,35.11,4.67,0.58,NOAA ERDDAP / Argo Floats
2026-01-15T00:00:00Z,-13.0,45.0,0,25.2,35.11,4.95,0.29,NOAA ERDDAP / Argo Floats
2026-01-15T00:00:00Z,-12.0,45.0,10,25.97,35.64,4.78,0.376,NOAA ERDDAP / Argo Floats
2026-01-15T00:00:00Z,-11.0,45.0,0,25.36,35.37,4.93,0.848,NOAA ERDDAP / Argo Floats
2026-01-15T00:00:00Z,-10.0,45.0,20,26.75,34.68,4.58,0.387,NOAA ERDDAP / Argo Floats
2026-01-15T00:00:00Z,-9.0,45.0,0,26.88,35.35,4.74,0.245,NOAA ERDDAP / Argo Floats
2026-01-15T00:00:00Z,-8.0,45.0,0,26.05,34.59,4.87,0.313,NOAA ERDDAP / Argo Floats
2026-01-15T00:00:00Z,-7.0,45.0,0,26.74,35.41,4.58,0.435,NOAA ERDDAP / Argo Floats
2026-01-15T00:00:00Z,-6.0,45.0,10,27.17,35.12,4.49,0.263,NOAA ERDDAP / Argo Floats
2026-01-15T00:00:00Z,-5.0,45.0,50,27.23,35.28,4.9,0.464,NOAA ERDDAP / Argo Floats
2026-01-15T00:00:00Z,-4.0,45.0,0,26.64,35.0,4.73,0.276,NOAA ERDDAP / Argo Floats
2026-01-15T00:00:00Z,-3.0,45.0,0,27.14,35.02,4.65,0.189,NOAA ERDDAP / Argo Floats
2026-01-15T00:00:00Z,-2.0,45.0,20,29.43,34.58,4.83,0.741,NOAA ERDDAP / Argo Floats
2026-01-15T00:00:00Z,-1.0,45.0,0,27.91,34.63,4.6,0.469,NOAA ERDDAP / Argo Floats
2026-01-15T00:00:00Z,0.0,45.0,0,28.94,34.9,4.71,0.218,NOAA ERDDAP / Argo Floats
2026-01-15T00:00:00Z,1.0,45.0,50,27.84,34.89,4.62,0.405,NOAA ERDDAP / Argo Floats
2026-01-15T00:00:00Z,2.0,45.0,0,26.43,35.06,4.45,0.22,NOAA ERDDAP / Argo Floats
2026-01-15T00:00:00Z,3.0,45.0,0,29.41,34.79,4.37,0.465,NOAA ERDDAP / Argo Floats
2026-01-15T00:00:00Z,4.0,45.0,0,26.83,35.31,4.7,1.143,NOAA ERDDAP / Argo Floats
2026-01-15T00:00:00Z,5.0,45.0,0,27.32,35.17,4.78,0.249,NOAA ERDDAP / Argo Floats
2026-01-15T00:00:00Z,6.0,45.0,0,26.31,35.12,4.47,0.425,NOAA ERDDAP / Argo Floats
2026-01-15T00:00:00Z,7.0,45.0,0,26.41,34.77,4.37,0.291,NOAA ERDDAP / Argo Floats
2026-01-15T00:00:00Z,8.0,45.0,0,26.41,34.87,4.7,0.46,NOAA ERDDAP / Argo Floats
2026-01-15T00:00:00Z,9.0,45.0,20,25.87,34.98,4.78,0.281,NOAA ERDDAP / Argo Floats
2026-01-15T00:00:00Z,10.0,45.0,0,26.37,35.12,4.8,0.738,NOAA ERDDAP / Argo Floats
2026-01-15T00:00:00Z,11.0,45.0,0,27.12,35.08,4.73,1.03,NOAA ERDDAP / Argo Floats
2026-01-15T00:00:00Z,12.0,45.0,50,25.22,35.44,4.93,0.304,NOAA ERDDAP / Argo Floats
2026-01-15T00:00:00Z,13.0,45.0,0,26.24,35.32,5.1,0.331,NOAA ERDDAP / Argo Floats
2026-01-15T00:00:00Z,14.0,45.0,0,24.49,35.41,4.92,0.42,NOAA ERDDAP / Argo Floats
2026-01-15T00:00:00Z,15.0,45.0,10,25.08,34.64,4.88,0.401,NOAA ERDDAP / Argo Floats
2026-01-15T00:00:00Z,16.0,45.0,0,24.02,35.25,4.79,0.556,NOAA ERDDAP / Argo Floats
2026-01-15T00:00:00Z,17.0,45.0,0,24.22,35.21,5.02,0.416,NOAA ERDDAP / Argo Floats
2026-01-15T00:00:00Z,18.0,45.0,0,23.95,35.46,4.9,0.474,NOAA ERDDAP / Argo Floats
2026-01-15T00:00:00Z,19.0,45.0,100,24.78,34.94,5.27,0.473,NOAA ERDDAP / Argo Floats
2026-01-15T00:00:00Z,20.0,45.0,0,24.05,35.06,5.12,0.416,NOAA ERDDAP / Argo Floats
2026-01-15T00:00:00Z,21.0,45.0,20,23.64,35.38,5.17,0.573,NOAA ERDDAP / Argo Floats
2026-01-15T00:00:00Z,22.0,45.0,0,22.77,35.31,5.31,0.408,NOAA ERDDAP / Argo Floats
2026-01-15T00:00:00Z,23.0,45.0,0,23.46,34.68,5.12,0.859,NOAA ERDDAP / Argo Floats
2026-01-15T00:00:00Z,24.0,45.0,0,23.23,35.45,5.62,0.467,NOAA ERDDAP / Argo Floats
2026-01-15T00:00:00Z,25.0,45.0,10,22.41,35.07,5.54,0.805,NOAA ERDDAP / Argo Floats
2026-01-15T00:00:00Z,26.0,45.0,100,21.56,35.12,5.35,1.162,NOAA ERDDAP / Argo Floats
2026-01-15T00:00:00Z,27.0,45.0,20,21.96,35.22,5.56,0.485,NOAA ERDDAP / Argo Floats
2026-01-15T00:00:00Z,28.0,45.0,100,20.39,35.57,5.34,0.657,NOAA ERDDAP / Argo Floats
2026-01-15T00:00:00Z,29.0,45.0,0,22.11,35.67,5.52,0.445,NOAA ERDDAP / Argo Floats
2026-01-15T00:00:00Z,30.0,45.0,0,19.43,34.96,5.31,0.845,NOAA ERDDAP / Argo Floats
2026-01-15T00:00:00Z,-45.0,46.0,0,18.21,34.35,6.21,0.689,NOAA ERDDAP / Argo Floats
2026-01-15T00:00:00Z,-44.0,46.0,0,16.78,34.99,5.58,1.32,NOAA ERDDAP / Argo Floats
2026-01-15T00:00:00Z,-43.0,46.0,0,17.23,34.69,5.89,0.9,NOAA ERDDAP / Argo Floats
2026-01-15T00:00:00Z,-42.0,46.0,0,17.64,34.89,5.87,0.73,NOAA ERDDAP / Argo Floats
2026-01-15T00:00:00Z,-41.0,46.0,20,18.8,35.22,5.81,0.748,NOAA ERDDAP / Argo Floats
2026-01-15T00:00:00Z,-40.0,46.0,0,18.1,34.91,5.61,0.576,NOAA ERDDAP / Argo Floats
2026-01-15T00:00:00Z,-39.0,46.0,0,19.46,34.84,5.95,0.592,NOAA ERDDAP / Argo Floats
2026-01-15T00:00:00Z,-38.0,46.0,10,19.89,35.26,5.84,0.57,NOAA ERDDAP / Argo Floats
2026-01-15T00:00:00Z,-37.0,46.0,0,20.04,34.88,5.61,0.672,NOAA ERDDAP / Argo Floats
2026-01-15T00:00:00Z,-36.0,46.0,0,18.71,34.33,5.43,0.719,NOAA ERDDAP / Argo Floats
2026-01-15T00:00:00Z,-35.0,46.0,0,20.79,34.72,5.58,0.847,NOAA ERDDAP / Argo Floats
2026-01-15T00:00:00Z,-34.0,46.0,0,19.55,35.04,6.18,0.604,NOAA ERDDAP / Argo Floats
2026-01-15T00:00:00Z,-33.0,46.0,0,21.98,34.75,5.25,0.575,NOAA ERDDAP / Argo Floats
2026-01-15T00:00:00Z,-32.0,46.0,0,20.16,34.19,5.72,0.632,NOAA ERDDAP / Argo Floats
2026-01-15T00:00:00Z,-31.0,46.0,10,18.96,34.51,5.49,1.108,NOAA ERDDAP / Argo Floats
2026-01-15T00:00:00Z,-30.0,46.0,50,21.83,34.49,5.58,0.628,NOAA ERDDAP / Argo Floats
2026-01-15T00:00:00Z,-29.0,46.0,10,21.07,35.44,5.34,0.519,NOAA ERDDAP / Argo Floats
2026-01-15T00:00:00Z,-28.0,46.0,50,20.62,35.1,5.21,0.446,NOAA ERDDAP / Argo Floats
2026-01-15T00:00:00Z,-27.0,46.0,50,20.93,35.26,5.11,0.612,NOAA ERDDAP / Argo Floats
2026-01-15T00:00:00Z,-26.0,46.0,0,23.35,34.15,5.13,0.874,NOAA ERDDAP / Argo Floats
2026-01-15T00:00:00Z,-25.0,46.0,20,22.1,34.63,5.27,0.583,NOAA ERDDAP / Argo Floats
2026-01-15T00:00:00Z,-24.0,46.0,20,22.21,35.29,5.22,0.707,NOAA ERDDAP / Argo Floats
2026-01-15T00:00:00Z,-23.0,46.0,10,22.9,34.73,5.06,0.448,NOAA ERDDAP / Argo Floats
2026-01-15T00:00:00Z,-22.0,46.0,50,23.39,34.82,5.05,0.549,NOAA ERDDAP / Argo Floats
2026-01-15T00:00:00Z,-21.0,46.0,20,22.3,35.15,5.0,0.377,NOAA ERDDAP / Argo Floats
2026-01-15T00:00:00Z,-20.0,46.0,10,23.7,34.66,5.01,0.629,NOAA ERDDAP / Argo Floats
2026-01-15T00:00:00Z,-19.0,46.0,0,23.15,34.81,4.77,0.563,NOAA ERDDAP / Argo Floats
2026-01-15T00:00:00Z,-18.0,46.0,20,23.98,34.76,5.04,0.395,NOAA ERDDAP / Argo Floats
2026-01-15T00:00:00Z,-17.0,46.0,10,24.33,35.37,4.77,0.469,NOAA ERDDAP / Argo Floats
2026-01-15T00:00:00Z,-16.0,46.0,10,27.12,35.13,4.96,0.333,NOAA ERDDAP / Argo Floats
2026-01-15T00:00:00Z,-15.0,46.0,10,25.77,35.28,5.14,0.483,NOAA ERDDAP / Argo Floats
2026-01-15T00:00:00Z,-14.0,46.0,10,27.33,34.8,5.03,0.339,NOAA ERDDAP / Argo Floats
2026-01-15T00:00:00Z,-13.0,46.0,0,25.03,35.14,5.09,0.324,NOAA ERDDAP / Argo Floats
2026-01-15T00:00:00Z,-12.0,46.0,50,26.3,34.61,4.72,0.377,NOAA ERDDAP / Argo Floats
2026-01-15T00:00:00Z,-11.0,46.0,20,25.95,34.78,4.76,0.667,NOAA ERDDAP / Argo Floats
2026-01-15T00:00:00Z,-10.0,46.0,0,27.23,34.87,4.86,0.307,NOAA ERDDAP / Argo Floats
2026-01-15T00:00:00Z,-9.0,46.0,0,24.61,35.16,4.86,0.392,NOAA ERDDAP / Argo Floats
2026-01-15T00:00:00Z,-8.0,46.0,0,25.41,34.91,4.51,0.884,NOAA ERDDAP / Argo Floats
2026-01-15T00:00:00Z,-7.0,46.0,0,25.37,34.97,4.77,0.304,NOAA ERDDAP / Argo Floats
2026-01-15T00:00:00Z,-6.0,46.0,20,27.71,35.17,4.79,0.319,NOAA ERDDAP / Argo Floats
2026-01-15T00:00:00Z,-5.0,46.0,0,26.58,34.84,4.7,0.364,NOAA ERDDAP / Argo Floats
2026-01-15T00:00:00Z,-4.0,46.0,10,27.77,35.66,4.83,0.322,NOAA ERDDAP / Argo Floats
2026-01-15T00:00:00Z,-3.0,46.0,0,28.02,34.95,4.56,0.28,NOAA ERDDAP / Argo Floats
2026-01-15T00:00:00Z,-2.0,46.0,20,27.79,34.57,4.64,0.227,NOAA ERDDAP / Argo Floats
2026-01-15T00:00:00Z,-1.0,46.0,20,29.0,35.02,4.79,0.254,NOAA ERDDAP / Argo Floats
2026-01-15T00:00:00Z,0.0,46.0,0,28.33,34.93,4.41,0.505,NOAA ERDDAP / Argo Floats
2026-01-15T00:00:00Z,1.0,46.0,20,29.07,35.65,5.0,0.517,NOAA ERDDAP / Argo Floats
2026-01-15T00:00:00Z,2.0,46.0,0,27.48,34.83,4.5,0.209,NOAA ERDDAP / Argo Floats
2026-01-15T00:00:00Z,3.0,46.0,0,28.13,35.26,4.71,0.265,NOAA ERDDAP / Argo Floats
2026-01-15T00:00:00Z,4.0,46.0,10,28.03,34.36,4.71,0.268,NOAA ERDDAP / Argo Floats
2026-01-15T00:00:00Z,5.0,46.0,20,26.0,35.21,4.63,0.92,NOAA ERDDAP / Argo Floats
2026-01-15T00:00:00Z,6.0,46.0,0,27.12,35.32,4.84,0.286,NOAA ERDDAP / Argo Floats
2026-01-15T00:00:00Z,7.0,46.0,0,26.49,34.9,4.67,0.405,NOAA ERDDAP / Argo Floats
2026-01-15T00:00:00Z,8.0,46.0,10,25.88,35.68,4.49,0.744,NOAA ERDDAP / Argo Floats
2026-01-15T00:00:00Z,9.0,46.0,0,28.23,35.01,4.86,0.388,NOAA ERDDAP / Argo Floats
2026-01-15T00:00:00Z,10.0,46.0,0,26.72,35.17,5.06,0.353,NOAA ERDDAP / Argo Floats
2026-01-15T00:00:00Z,11.0,46.0,10,26.65,34.74,4.77,0.82,NOAA ERDDAP / Argo Floats
2026-01-15T00:00:00Z,12.0,46.0,10,26.99,34.76,4.99,0.278,NOAA ERDDAP / Argo Floats
2026-01-15T00:00:00Z,13.0,46.0,50,25.82,35.18,4.59,0.457,NOAA ERDDAP / Argo Floats
2026-01-15T00:00:00Z,14.0,46.0,0,24.56,34.45,4.77,0.535,NOAA ERDDAP / Argo Floats
2026-01-15T00:00:00Z,15.0,46.0,50,25.93,35.18,5.2,0.56,NOAA ERDDAP / Argo Floats
2026-01-15T00:00:00Z,16.0,46.0,0,23.72,35.17,5.05,0.335,NOAA ERDDAP / Argo Floats
2026-01-15T00:00:00Z,17.0,46.0,0,23.28,35.39,5.08,0.539,NOAA ERDDAP / Argo Floats
2026-01-15T00:00:00Z,18.0,46.0,0,24.29,35.15,4.73,0.482,NOAA ERDDAP / Argo Floats
2026-01-15T00:00:00Z,19.0,46.0,0,24.31,35.11,5.27,0.353,NOAA ERDDAP / Argo Floats
2026-01-15T00:00:00Z,20.0,46.0,100,22.95,34.52,4.7,0.427,NOAA ERDDAP / Argo Floats
2026-01-15T00:00:00Z,21.0,46.0,0,22.9,34.94,4.86,0.424,NOAA ERDDAP / Argo Floats
2026-01-15T00:00:00Z,22.0,46.0,10,22.42,34.65,4.87,0.427,NOAA ERDDAP / Argo Floats
2026-01-15T00:00:00Z,23.0,46.0,0,23.12,35.02,5.16,0.558,NOAA ERDDAP / Argo Floats
2026-01-15T00:00:00Z,24.0,46.0,0,22.48,35.2,5.2,0.841,NOAA ERDDAP / Argo Floats
2026-01-15T00:00:00Z,25.0,46.0,20,21.91,35.16,5.29,0.489,NOAA ERDDAP / Argo Floats
2026-01-15T00:00:00Z,26.0,46.0,0,21.93,35.72,5.19,0.652,NOAA ERDDAP / Argo Floats
2026-01-15T00:00:00Z,27.0,46.0,10,22.61,34.86,5.56,1.171,NOAA ERDDAP / Argo Floats
2026-01-15T00:00:00Z,28.0,46.0,0,21.42,35.19,5.43,0.604,NOAA ERDDAP / Argo Floats
2026-01-15T00:00:00Z,29.0,46.0,0,21.14,34.95,5.09,0.588,NOAA ERDDAP / Argo Floats
2026-01-15T00:00:00Z,30.0,46.0,50,20.73,35.18,5.24,0.971,NOAA ERDDAP / Argo Floats
2026-01-15T00:00:00Z,-45.0,47.0,0,18.49,34.65,6.19,0.657,NOAA ERDDAP / Argo Floats
2026-01-15T00:00:00Z,-44.0,47.0,0,17.94,35.02,5.52,0.872,NOAA ERDDAP / Argo Floats
2026-01-15T00:00:00Z,-43.0,47.0,10,18.72,35.25,5.5,1.14,NOAA ERDDAP / Argo Floats
2026-01-15T00:00:00Z,-42.0,47.0,10,18.26,34.3,5.86,0.677,NOAA ERDDAP / Argo Floats
2026-01-15T00:00:00Z,-41.0,47.0,20,17.01,34.74,5.4,0.684,NOAA ERDDAP / Argo Floats
2026-01-15T00:00:00Z,-40.0,47.0,10,18.18,34.99,5.7,0.592,NOAA ERDDAP / Argo Floats
2026-01-15T00:00:00Z,-39.0,47.0,0,18.89,33.77,5.7,0.662,NOAA ERDDAP / Argo Floats
2026-01-15T00:00:00Z,-38.0,47.0,10,19.99,34.1,5.51,0.611,NOAA ERDDAP / Argo Floats
2026-01-15T00:00:00Z,-37.0,47.0,10,17.34,35.1,5.76,0.558,NOAA ERDDAP / Argo Floats
2026-01-15T00:00:00Z,-36.0,47.0,0,20.05,35.02,5.24,0.525,NOAA ERDDAP / Argo Floats
2026-01-15T00:00:00Z,-35.0,47.0,10,20.67,34.53,5.51,0.522,NOAA ERDDAP / Argo Floats
2026-01-15T00:00:00Z,-34.0,47.0,0,19.19,34.87,5.55,0.519,NOAA ERDDAP / Argo Floats
2026-01-15T00:00:00Z,-33.0,47.0,20,19.05,34.18,5.52,1.088,NOAA ERDDAP / Argo Floats
2026-01-15T00:00:00Z,-32.0,47.0,100,23.01,35.0,5.54,0.486,NOAA ERDDAP / Argo Floats
2026-01-15T00:00:00Z,-31.0,47.0,20,20.73,35.29,5.57,0.544,NOAA ERDDAP / Argo Floats
2026-01-15T00:00:00Z,-30.0,47.0,10,20.43,35.02,5.56,1.132,NOAA ERDDAP / Argo Floats
2026-01-15T00:00:00Z,-29.0,47.0,20,21.36,35.03,5.27,0.61,NOAA ERDDAP / Argo Floats
2026-01-15T00:00:00Z,-28.0,47.0,0,22.29,34.91,5.23,0.457,NOAA ERDDAP / Argo Floats
2026-01-15T00:00:00Z,-27.0,47.0,0,21.16,34.87,5.31,0.519,NOAA ERDDAP / Argo Floats
2026-01-15T00:00:00Z,-26.0,47.0,10,23.1,34.78,5.29,0.538,NOAA ERDDAP / Argo Floats
2026-01-15T00:00:00Z,-25.0,47.0,0,20.93,35.15,5.48,0.54,NOAA ERDDAP / Argo Floats
2026-01-15T00:00:00Z,-24.0,47.0,10,22.4,35.35,5.03,0.616,NOAA ERDDAP / Argo Floats
2026-01-15T00:00:00Z,-23.0,47.0,50,22.78,34.95,5.14,0.641,NOAA ERDDAP / Argo Floats
2026-01-15T00:00:00Z,-22.0,47.0,0,24.18,34.69,5.1,0.459,NOAA ERDDAP / Argo Floats
2026-01-15T00:00:00Z,-21.0,47.0,0,23.14,35.05,5.14,0.438,NOAA ERDDAP / Argo Floats
2026-01-15T00:00:00Z,-20.0,47.0,0,23.41,34.52,5.41,0.545,NOAA ERDDAP / Argo Floats
2026-01-15T00:00:00Z,-19.0,47.0,0,23.49,35.75,4.87,0.612,NOAA ERDDAP / Argo Floats
2026-01-15T00:00:00Z,-18.0,47.0,0,22.06,35.09,5.11,0.831,NOAA ERDDAP / Argo Floats
2026-01-15T00:00:00Z,-17.0,47.0,0,23.84,35.38,5.19,0.589,NOAA ERDDAP / Argo Floats
2026-01-15T00:00:00Z,-16.0,47.0,0,26.3,35.25,5.16,0.994,NOAA ERDDAP / Argo Floats
2026-01-15T00:00:00Z,-15.0,47.0,20,24.62,34.73,4.96,0.308,NOAA ERDDAP / Argo Floats
2026-01-15T00:00:00Z,-14.0,47.0,50,25.61,35.29,4.79,0.823,NOAA ERDDAP / Argo Floats
2026-01-15T00:00:00Z,-13.0,47.0,0,24.99,35.04,4.56,0.39,NOAA ERDDAP / Argo Floats
2026-01-15T00:00:00Z,-12.0,47.0,20,25.7,34.63,4.86,0.798,NOAA ERDDAP / Argo Floats
2026-01-15T00:00:00Z,-11.0,47.0,10,25.53,35.32,4.91,0.583,NOAA ERDDAP / Argo Floats
2026-01-15T00:00:00Z,-10.0,47.0,0,25.34,35.17,4.61,0.414,NOAA ERDDAP / Argo Floats
2026-01-15T00:00:00Z,-9.0,47.0,10,26.59,35.58,4.83,0.31,NOAA ERDDAP / Argo Floats
2026-01-15T00:00:00Z,-8.0,47.0,10,25.88,35.2,4.83,0.475,NOAA ERDDAP / Argo Floats
2026-01-15T00:00:00Z,-7.0,47.0,50,27.54,34.94,4.74,0.347,NOAA ERDDAP / Argo Floats
2026-01-15T00:00:00Z,-6.0,47.0,0,27.55,35.49,4.55,0.319,NOAA ERDDAP / Argo Floats
2026-01-15T00:00:00Z,-5.0,47.0,10,26.62,35.26,4.91,0.214,NOAA ERDDAP / Argo Floats
2026-01-15T00:00:00Z,-4.0,47.0,0,26.9,34.76,4.27,0.249,NOAA ERDDAP / Argo Floats
2026-01-15T00:00:00Z,-3.0,47.0,0,28.74,35.33,4.75,0.279,NOAA ERDDAP / Argo Floats
2026-01-15T00:00:00Z,-2.0,47.0,50,28.87,35.0,4.56,0.271,NOAA ERDDAP / Argo Floats
2026-01-15T00:00:00Z,-1.0,47.0,0,27.95,34.9,4.34,0.668,NOAA ERDDAP / Argo Floats
2026-01-15T00:00:00Z,0.0,47.0,0,28.36,35.29,4.55,0.336,NOAA ERDDAP / Argo Floats
2026-01-15T00:00:00Z,1.0,47.0,0,28.01,34.79,4.29,0.502,NOAA ERDDAP / Argo Floats
2026-01-15T00:00:00Z,2.0,47.0,20,29.1,35.11,4.56,0.231,NOAA ERDDAP / Argo Floats
2026-01-15T00:00:00Z,3.0,47.0,50,28.4,35.12,4.28,0.82,NOAA ERDDAP / Argo Floats
2026-01-15T00:00:00Z,4.0,47.0,0,27.89,35.05,4.79,0.385,NOAA ERDDAP / Argo Floats
2026-01-15T00:00:00Z,5.0,47.0,0,26.52,35.06,4.19,0.885,NOAA ERDDAP / Argo Floats
2026-01-15T00:00:00Z,6.0,47.0,10,26.16,35.1,4.48,1.036,NOAA ERDDAP / Argo Floats
2026-01-15T00:00:00Z,7.0,47.0,10,27.5,35.29,4.78,0.335,NOAA ERDDAP / Argo Floats
2026-01-15T00:00:00Z,8.0,47.0,10,27.84,35.28,4.69,0.304,NOAA ERDDAP / Argo Floats
2026-01-15T00:00:00Z,9.0,47.0,10,24.07,35.06,4.83,0.342,NOAA ERDDAP / Argo Floats
2026-01-15T00:00:00Z,10.0,47.0,10,24.72,35.15,4.67,0.527,NOAA ERDDAP / Argo Floats
2026-01-15T00:00:00Z,11.0,47.0,20,26.26,34.79,4.51,1.313,NOAA ERDDAP / Argo Floats
2026-01-15T00:00:00Z,12.0,47.0,0,25.31,35.62,4.91,0.481,NOAA ERDDAP / Argo Floats
2026-01-15T00:00:00Z,13.0,47.0,0,24.49,35.32,5.1,0.672,NOAA ERDDAP / Argo Floats
2026-01-15T00:00:00Z,14.0,47.0,0,25.54,35.0,5.01,0.476,NOAA ERDDAP / Argo Floats
2026-01-15T00:00:00Z,15.0,47.0,0,23.69,35.07,5.03,0.424,NOAA ERDDAP / Argo Floats
2026-01-15T00:00:00Z,16.0,47.0,10,25.22,35.05,5.1,0.766,NOAA ERDDAP / Argo Floats
2026-01-15T00:00:00Z,17.0,47.0,0,23.9,35.28,4.86,0.365,NOAA ERDDAP / Argo Floats
2026-01-15T00:00:00Z,18.0,47.0,100,25.32,34.92,4.93,0.347,NOAA ERDDAP / Argo Floats
2026-01-15T00:00:00Z,19.0,47.0,10,23.59,34.58,5.55,0.869,NOAA ERDDAP / Argo Floats
2026-01-15T00:00:00Z,20.0,47.0,0,24.28,34.88,5.11,0.437,NOAA ERDDAP / Argo Floats
2026-01-15T00:00:00Z,21.0,47.0,10,22.89,34.78,5.0,0.755,NOAA ERDDAP / Argo Floats
2026-01-15T00:00:00Z,22.0,47.0,0,22.22,34.95,5.3,0.565,NOAA ERDDAP / Argo Floats
2026-01-15T00:00:00Z,23.0,47.0,10,22.27,35.48,5.3,0.848,NOAA ERDDAP / Argo Floats
2026-01-15T00:00:00Z,24.0,47.0,100,22.55,34.99,5.35,0.593,NOAA ERDDAP / Argo Floats
2026-01-15T00:00:00Z,25.0,47.0,20,21.02,35.13,5.47,0.576,NOAA ERDDAP / Argo Floats
2026-01-15T00:00:00Z,26.0,47.0,0,22.89,34.97,5.1,0.509,NOAA ERDDAP / Argo Floats
2026-01-15T00:00:00Z,27.0,47.0,0,21.73,35.53,5.13,0.482,NOAA ERDDAP / Argo Floats
2026-01-15T00:00:00Z,28.0,47.0,20,19.63,35.43,5.44,0.749,NOAA ERDDAP / Argo Floats
2026-01-15T00:00:00Z,29.0,47.0,10,20.06,35.23,5.27,0.445,NOAA ERDDAP / Argo Floats
2026-01-15T00:00:00Z,30.0,47.0,10,20.09,35.0,5.3,0.503,NOAA ERDDAP / Argo Floats
2026-01-15T00:00:00Z,-45.0,48.0,0,16.36,34.77,5.93,0.61,NOAA ERDDAP / Argo Floats
2026-01-15T00:00:00Z,-44.0,48.0,10,17.65,34.43,5.54,0.729,NOAA ERDDAP / Argo Floats
2026-01-15T00:00:00Z,-43.0,48.0,10,17.59,35.61,5.61,0.584,NOAA ERDDAP / Argo Floats
2026-01-15T00:00:00Z,-42.0,48.0,0,18.31,34.83,5.37,0.803,NOAA ERDDAP / Argo Floats
2026-01-15T00:00:00Z,-41.0,48.0,20,17.67,34.68,5.69,0.58,NOAA ERDDAP / Argo Floats
2026-01-15T00:00:00Z,-40.0,48.0,100,19.27,34.62,5.64,0.837,NOAA ERDDAP / Argo Floats
2026-01-15T00:00:00Z,-39.0,48.0,10,18.19,34.92,5.67,0.599,NOAA ERDDAP / Argo Floats
2026-01-15T00:00:00Z,-38.0,48.0,20,18.35,34.99,5.72,0.564,NOAA ERDDAP / Argo Floats
2026-01-15T00:00:00Z,-37.0,48.0,20,19.62,34.66,5.66,0.529,NOAA ERDDAP / Argo Floats
2026-01-15T00:00:00Z,-36.0,48.0,0,18.69,35.2,5.53,0.981,NOAA ERDDAP / Argo Floats
2026-01-15T00:00:00Z,-35.0,48.0,20,20.48,34.72,5.41,1.295,NOAA ERDDAP / Argo Floats
2026-01-15T00:00:00Z,-34.0,48.0,10,21.21,34.39,5.73,0.52,NOAA ERDDAP / Argo Floats
2026-01-15T00:00:00Z,-33.0,48.0,0,21.02,34.33,5.66,0.526,NOAA ERDDAP / Argo Floats
2026-01-15T00:00:00Z,-32.0,48.0,10,19.82,34.9,5.34,0.618,NOAA ERDDAP / Argo Floats
2026-01-15T00:00:00Z,-31.0,48.0,20,20.34,34.85,5.68,0.548,NOAA ERDDAP / Argo Floats
2026-01-15T00:00:00Z,-30.0,48.0,10,21.47,34.47,4.85,0.456,NOAA ERDDAP / Argo Floats
2026-01-15T00:00:00Z,-29.0,48.0,0,21.09,35.29,5.11,0.458,NOAA ERDDAP / Argo Floats
2026-01-15T00:00:00Z,-28.0,48.0,0,22.6,34.49,5.09,0.651,NOAA ERDDAP / Argo Floats
2026-01-15T00:00:00Z,-27.0,48.0,0,22.87,34.85,5.23,0.513,NOAA ERDDAP / Argo Floats
2026-01-15T00:00:00Z,-26.0,48.0,10,22.91,34.57,5.51,0.49,NOAA ERDDAP / Argo Floats
2026-01-15T00:00:00Z,-25.0,48.0,10,23.54,35.44,5.12,0.503,NOAA ERDDAP / Argo Floats
2026-01-15T00:00:00Z,-24.0,48.0,0,21.83,35.5,4.84,0.77,NOAA ERDDAP / Argo Floats
2026-01-15T00:00:00Z,-23.0,48.0,20,22.25,35.28,5.2,0.476,NOAA ERDDAP / Argo Floats
2026-01-15T00:00:00Z,-22.0,48.0,0,23.46,34.52,5.12,0.451,NOAA ERDDAP / Argo Floats
2026-01-15T00:00:00Z,-21.0,48.0,0,24.69,35.04,4.91,1.045,NOAA ERDDAP / Argo Floats
2026-01-15T00:00:00Z,-20.0,48.0,10,22.78,35.08,4.89,0.522,NOAA ERDDAP / Argo Floats
2026-01-15T00:00:00Z,-19.0,48.0,10,23.57,35.04,5.11,0.512,NOAA ERDDAP / Argo Floats
2026-01-15T00:00:00Z,-18.0,48.0,0,24.4,34.68,5.13,0.496,NOAA ERDDAP / Argo Floats
2026-01-15T00:00:00Z,-17.0,48.0,0,24.17,35.49,4.92,0.623,NOAA ERDDAP / Argo Floats
2026-01-15T00:00:00Z,-16.0,48.0,0,22.75,35.1,5.18,0.57,NOAA ERDDAP / Argo Floats
2026-01-15T00:00:00Z,-15.0,48.0,0,24.31,34.93,4.92,0.513,NOAA ERDDAP / Argo Floats
2026-01-15T00:00:00Z,-14.0,48.0,0,24.64,34.54,5.26,0.461,NOAA ERDDAP / Argo Floats
2026-01-15T00:00:00Z,-13.0,48.0,0,24.95,35.02,4.66,0.285,NOAA ERDDAP / Argo Floats
2026-01-15T00:00:00Z,-12.0,48.0,10,24.7,35.44,4.69,0.299,NOAA ERDDAP / Argo Floats
2026-01-15T00:00:00Z,-11.0,48.0,50,25.55,35.31,4.84,0.326,NOAA ERDDAP / Argo Floats
2026-01-15T00:00:00Z,-10.0,48.0,100,24.29,34.48,4.71,0.702,NOAA ERDDAP / Argo Floats
2026-01-15T00:00:00Z,-9.0,48.0,0,25.51,34.54,4.77,0.639,NOAA ERDDAP / Argo Floats
2026-01-15T00:00:00Z,-8.0,48.0,0,26.06,35.11,4.82,0.334,NOAA ERDDAP / Argo Floats
2026-01-15T00:00:00Z,-7.0,48.0,50,26.7,34.67,4.66,0.602,NOAA ERDDAP / Argo Floats
2026-01-15T00:00:00Z,-6.0,48.0,20,27.61,34.76,4.71,0.307,NOAA ERDDAP / Argo Floats
2026-01-15T00:00:00Z,-5.0,48.0,0,26.77,34.85,4.96,0.881,NOAA ERDDAP / Argo Floats
2026-01-15T00:00:00Z,-4.0,48.0,10,27.91,34.86,4.29,0.282,NOAA ERDDAP / Argo Floats
2026-01-15T00:00:00Z,-3.0,48.0,20,27.5,34.66,4.76,0.294,NOAA ERDDAP / Argo Floats
2026-01-15T00:00:00Z,-2.0,48.0,0,26.91,34.72,4.5,0.63,NOAA ERDDAP / Argo Floats
2026-01-15T00:00:00Z,-1.0,48.0,0,28.37,34.56,4.78,0.288,NOAA ERDDAP / Argo Floats
2026-01-15T00:00:00Z,0.0,48.0,20,28.84,35.16,4.48,0.509,NOAA ERDDAP / Argo Floats
2026-01-15T00:00:00Z,1.0,48.0,0,29.4,34.81,4.55,0.163,NOAA ERDDAP / Argo Floats
2026-01-15T00:00:00Z,2.0,48.0,50,27.94,34.85,4.82,0.4,NOAA ERDDAP / Argo Floats
2026-01-15T00:00:00Z,3.0,48.0,0,28.0,35.52,4.82,0.195,NOAA ERDDAP / Argo Floats
2026-01-15T00:00:00Z,4.0,48.0,10,28.41,35.66,5.04,0.66,NOAA ERDDAP / Argo Floats
2026-01-15T00:00:00Z,5.0,48.0,20,27.39,34.61,4.68,0.309,NOAA ERDDAP / Argo Floats
2026-01-15T00:00:00Z,6.0,48.0,10,25.75,34.68,4.93,0.233,NOAA ERDDAP / Argo Floats
2026-01-15T00:00:00Z,7.0,48.0,20,26.22,34.93,4.97,0.252,NOAA ERDDAP / Argo Floats
2026-01-15T00:00:00Z,8.0,48.0,10,27.08,35.22,5.0,0.237,NOAA ERDDAP / Argo Floats
2026-01-15T00:00:00Z,9.0,48.0,0,26.18,34.8,4.76,0.317,NOAA ERDDAP / Argo Floats
2026-01-15T00:00:00Z,10.0,48.0,20,26.38,35.17,4.85,0.358,NOAA ERDDAP / Argo Floats
2026-01-15T00:00:00Z,11.0,48.0,0,26.65,35.12,5.01,0.31,NOAA ERDDAP / Argo Floats
2026-01-15T00:00:00Z,12.0,48.0,0,25.71,34.52,4.88,0.447,NOAA ERDDAP / Argo Floats
2026-01-15T00:00:00Z,13.0,48.0,10,25.39,35.04,4.77,0.43,NOAA ERDDAP / Argo Floats
2026-01-15T00:00:00Z,14.0,48.0,0,24.91,34.87,4.87,0.32,NOAA ERDDAP / Argo Floats
2026-01-15T00:00:00Z,15.0,48.0,0,24.97,35.12,5.01,0.59,NOAA ERDDAP / Argo Floats
2026-01-15T00:00:00Z,16.0,48.0,100,24.42,34.83,4.9,0.57,NOAA ERDDAP / Argo Floats
2026-01-15T00:00:00Z,17.0,48.0,10,24.69,35.15,4.95,1.032,NOAA ERDDAP / Argo Floats
2026-01-15T00:00:00Z,18.0,48.0,10,23.84,34.78,5.33,0.331,NOAA ERDDAP / Argo Floats
2026-01-15T00:00:00Z,19.0,48.0,50,23.79,35.05,4.84,0.427,NOAA ERDDAP / Argo Floats
2026-01-15T00:00:00Z,20.0,48.0,0,21.88,34.57,5.24,0.483,NOAA ERDDAP / Argo Floats
2026-01-15T00:00:00Z,21.0,48.0,0,23.17,35.72,5.24,0.471,NOAA ERDDAP / Argo Floats
2026-01-15T00:00:00Z,22.0,48.0,0,22.32,35.1,4.93,0.706,NOAA ERDDAP / Argo Floats
2026-01-15T00:00:00Z,23.0,48.0,10,22.24,35.03,5.38,1.651,NOAA ERDDAP / Argo Floats
2026-01-15T00:00:00Z,24.0,48.0,10,22.3,35.41,5.03,0.662,NOAA ERDDAP / Argo Floats
2026-01-15T00:00:00Z,25.0,48.0,100,22.04,34.94,5.44,0.985,NOAA ERDDAP / Argo Floats
2026-01-15T00:00:00Z,26.0,48.0,20,22.77,34.39,5.15,0.5,NOAA ERDDAP / Argo Floats
2026-01-15T00:00:00Z,27.0,48.0,0,22.06,35.36,5.34,0.483,NOAA ERDDAP / Argo Floats
2026-01-15T00:00:00Z,28.0,48.0,0,21.37,35.12,5.45,0.495,NOAA ERDDAP / Argo Floats
2026-01-15T00:00:00Z,29.0,48.0,50,20.51,35.31,5.38,0.441,NOAA ERDDAP / Argo Floats
2026-01-15T00:00:00Z,30.0,48.0,0,19.3,34.55,5.37,0.794,NOAA ERDDAP / Argo Floats
2026-01-15T00:00:00Z,-45.0,49.0,0,17.27,34.57,5.82,1.002,NOAA ERDDAP / Argo Floats
2026-01-15T00:00:00Z,-44.0,49.0,100,18.99,34.45,6.22,0.779,NOAA ERDDAP / Argo Floats
2026-01-15T00:00:00Z,-43.0,49.0,50,16.76,34.2,5.79,0.716,NOAA ERDDAP / Argo Floats
2026-01-15T00:00:00Z,-42.0,49.0,20,18.85,34.63,6.0,0.625,NOAA ERDDAP / Argo Floats
2026-01-15T00:00:00Z,-41.0,49.0,20,17.88,34.98,5.85,0.562,NOAA ERDDAP / Argo Floats
2026-01-15T00:00:00Z,-40.0,49.0,0,17.92,34.95,5.62,0.605,NOAA ERDDAP / Argo Floats
2026-01-15T00:00:00Z,-39.0,49.0,0,19.96,34.57,5.68,0.713,NOAA ERDDAP / Argo Floats
2026-01-15T00:00:00Z,-38.0,49.0,10,19.6,34.68,5.63,0.559,NOAA ERDDAP / Argo Floats
2026-01-15T00:00:00Z,-37.0,49.0,20,18.78,34.48,5.63,0.613,NOAA ERDDAP / Argo Floats
2026-01-15T00:00:00Z,-36.0,49.0,0,19.84,34.34,5.58,0.558,NOAA ERDDAP / Argo Floats
2026-01-15T00:00:00Z,-35.0,49.0,10,19.03,35.27,5.71,0.756,NOAA ERDDAP / Argo Floats
2026-01-15T00:00:00Z,-34.0,49.0,10,20.83,35.24,5.48,0.772,NOAA ERDDAP / Argo Floats
2026-01-15T00:00:00Z,-33.0,49.0,0,21.5,34.96,5.51,0.879,NOAA ERDDAP / Argo Floats
2026-01-15T00:00:00Z,-32.0,49.0,10,19.88,34.74,5.16,0.585,NOAA ERDDAP / Argo Floats
2026-01-15T00:00:00Z,-31.0,49.0,0,21.91,33.9,5.57,0.488,NOAA ERDDAP / Argo Floats
2026-01-15T00:00:00Z,-30.0,49.0,10,20.78,35.05,5.45,0.559,NOAA ERDDAP / Argo Floats
2026-01-15T00:00:00Z,-29.0,49.0,10,21.43,35.11,5.26,0.485,NOAA ERDDAP / Argo Floats
2026-01-15T00:00:00Z,-28.0,49.0,0,22.27,34.76,5.26,0.483,NOAA ERDDAP / Argo Floats
2026-01-15T00:00:00Z,-27.0,49.0,0,22.08,34.99,5.87,0.574,NOAA ERDDAP / Argo Floats
2026-01-15T00:00:00Z,-26.0,49.0,50,20.91,34.98,5.33,0.413,NOAA ERDDAP / Argo Floats
2026-01-15T00:00:00Z,-25.0,49.0,50,22.02,34.58,5.18,0.436,NOAA ERDDAP / Argo Floats
2026-01-15T00:00:00Z,-24.0,49.0,0,22.17,34.77,5.08,0.998,NOAA ERDDAP / Argo Floats
2026-01-15T00:00:00Z,-23.0,49.0,0,22.99,34.76,5.07,0.496,NOAA ERDDAP / Argo Floats
2026-01-15T00:00:00Z,-22.0,49.0,0,23.57,34.76,5.31,0.407,NOAA ERDDAP / Argo Floats
2026-01-15T00:00:00Z,-21.0,49.0,20,24.78,34.53,5.0,0.53,NOAA ERDDAP / Argo Floats
2026-01-15T00:00:00Z,-20.0,49.0,0,24.5,34.83,4.95,0.482,NOAA ERDDAP / Argo Floats
2026-01-15T00:00:00Z,-19.0,49.0,50,23.5,34.62,5.32,0.49,NOAA ERDDAP / Argo Floats
2026-01-15T00:00:00Z,-18.0,49.0,0,24.05,34.55,5.27,0.353,NOAA ERDDAP / Argo Floats
2026-01-15T00:00:00Z,-17.0,49.0,0,25.2,34.6,4.42,0.342,NOAA ERDDAP / Argo Floats
2026-01-15T00:00:00Z,-16.0,49.0,0,24.34,34.44,4.47,0.806,NOAA ERDDAP / Argo Floats
2026-01-15T00:00:00Z,-15.0,49.0,0,23.14,34.78,4.72,0.543,NOAA ERDDAP / Argo Floats
2026-01-15T00:00:00Z,-14.0,49.0,10,24.66,35.07,5.1,0.312,NOAA ERDDAP / Argo Floats
2026-01-15T00:00:00Z,-13.0,49.0,0,24.84,34.82,5.03,0.805,NOAA ERDDAP / Argo Floats
2026-01-15T00:00:00Z,-12.0,49.0,100,25.62,34.91,5.02,0.314,NOAA ERDDAP / Argo Floats
2026-01-15T00:00:00Z,-11.0,49.0,50,25.15,34.72,4.81,0.423,NOAA ERDDAP / Argo Floats
2026-01-15T00:00:00Z,-10.0,49.0,0,25.24,34.87,4.73,0.343,NOAA ERDDAP / Argo Floats
2026-01-15T00:00:00Z,-9.0,49.0,0,25.84,34.97,4.71,0.761,NOAA ERDDAP / Argo Floats
2026-01-15T00:00:00Z,-8.0,49.0,10,25.59,34.86,4.57,0.436,NOAA ERDDAP / Argo Floats
2026-01-15T00:00:00Z,-7.0,49.0,10,27.97,34.8,4.75,0.595,NOAA ERDDAP / Argo Floats
2026-01-15T00:00:00Z,-6.0,49.0,20,27.56,34.71,4.42,0.291,NOAA ERDDAP / Argo Floats
2026-01-15T00:00:00Z,-5.0,49.0,20,25.82,34.94,4.6,0.499,NOAA ERDDAP / Argo Floats
2026-01-15T00:00:00Z,-4.0,49.0,0,27.39,34.54,5.21,0.465,NOAA ERDDAP / Argo Floats
2026-01-15T00:00:00Z,-3.0,49.0,10,28.67,34.99,4.34,0.487,NOAA ERDDAP / Argo Floats
2026-01-15T00:00:00Z,-2.0,49.0,50,28.53,35.51,4.7,0.256,NOAA ERDDAP / Argo Floats
2026-01-15T00:00:00Z,-1.0,49.0,10,28.43,35.17,4.47,0.519,NOAA ERDDAP / Argo Floats
2026-01-15T00:00:00Z,0.0,49.0,20,28.48,34.82,4.31,0.193,NOAA ERDDAP / Argo Floats
2026-01-15T00:00:00Z,1.0,49.0,10,27.68,35.16,4.47,0.354,NOAA ERDDAP / Argo Floats
2026-01-15T00:00:00Z,2.0,49.0,0,27.01,34.81,4.69,0.457,NOAA ERDDAP / Argo Floats
2026-01-15T00:00:00Z,3.0,49.0,0,27.82,34.92,4.41,0.322,NOAA ERDDAP / Argo Floats
2026-01-15T00:00:00Z,4.0,49.0,20,27.72,35.46,4.78,0.317,NOAA ERDDAP / Argo Floats
2026-01-15T00:00:00Z,5.0,49.0,20,27.76,34.54,4.38,0.424,NOAA ERDDAP / Argo Floats
2026-01-15T00:00:00Z,6.0,49.0,0,27.64,35.14,4.42,0.393,NOAA ERDDAP / Argo Floats
2026-01-15T00:00:00Z,7.0,49.0,10,27.28,34.68,4.71,0.278,NOAA ERDDAP / Argo Floats
2026-01-15T00:00:00Z,8.0,49.0,50,25.18,34.29,4.67,0.261,NOAA ERDDAP / Argo Floats
2026-01-15T00:00:00Z,9.0,49.0,0,25.12,34.86,4.63,0.402,NOAA ERDDAP / Argo Floats
2026-01-15T00:00:00Z,10.0,49.0,0,26.76,35.44,4.81,0.554,NOAA ERDDAP / Argo Floats
2026-01-15T00:00:00Z,11.0,49.0,0,26.49,35.03,4.83,0.72,NOAA ERDDAP / Argo Floats
2026-01-15T00:00:00Z,12.0,49.0,50,24.84,35.06,5.23,0.751,NOAA ERDDAP / Argo Floats
2026-01-15T00:00:00Z,13.0,49.0,10,24.58,35.28,4.91,0.419,NOAA ERDDAP / Argo Floats
2026-01-15T00:00:00Z,14.0,49.0,0,25.09,34.9,5.06,0.528,NOAA ERDDAP / Argo Floats
2026-01-15T00:00:00Z,15.0,49.0,50,23.57,34.77,4.78,0.478,NOAA ERDDAP / Argo Floats
2026-01-15T00:00:00Z,16.0,49.0,10,23.93,34.86,4.87,0.317,NOAA ERDDAP / Argo Floats
2026-01-15T00:00:00Z,17.0,49.0,10,24.65,34.43,4.72,0.547,NOAA ERDDAP / Argo Floats
2026-01-15T00:00:00Z,18.0,49.0,50,23.73,34.96,4.97,0.47,NOAA ERDDAP / Argo Floats
2026-01-15T00:00:00Z,19.0,49.0,0,24.2,35.04,5.04,0.565,NOAA ERDDAP / Argo Floats
2026-01-15T00:00:00Z,20.0,49.0,0,22.47,35.04,5.03,0.722,NOAA ERDDAP / Argo Floats
2026-01-15T00:00:00Z,21.0,49.0,0,23.92,35.39,4.83,0.547,NOAA ERDDAP / Argo Floats
2026-01-15T00:00:00Z,22.0,49.0,10,24.6,35.55,5.26,0.458,NOAA ERDDAP / Argo Floats
2026-01-15T00:00:00Z,23.0,49.0,20,22.19,35.04,5.26,0.572,NOAA ERDDAP / Argo Floats
2026-01-15T00:00:00Z,24.0,49.0,20,23.06,35.03,5.22,0.549,NOAA ERDDAP / Argo Floats
2026-01-15T00:00:00Z,25.0,49.0,10,21.27,34.9,5.37,0.602,NOAA ERDDAP / Argo Floats
2026-01-15T00:00:00Z,26.0,49.0,0,21.25,35.06,5.2,0.563,NOAA ERDDAP / Argo Floats
2026-01-15T00:00:00Z,27.0,49.0,0,22.32,34.8,5.75,0.468,NOAA ERDDAP / Argo Floats
2026-01-15T00:00:00Z,28.0,49.0,10,21.47,35.32,5.19,0.481,NOAA ERDDAP / Argo Floats
2026-01-15T00:00:00Z,29.0,49.0,100,20.76,34.75,5.4,0.939,NOAA ERDDAP / Argo Floats
2026-01-15T00:00:00Z,30.0,49.0,0,21.12,35.24,5.24,0.86,NOAA ERDDAP / Argo Floats
2026-01-15T00:00:00Z,-45.0,50.0,0,16.17,35.14,5.64,0.816,NOAA ERDDAP / Argo Floats
2026-01-15T00:00:00Z,-44.0,50.0,10,17.46,34.86,5.42,0.638,NOAA ERDDAP / Argo Floats
2026-01-15T00:00:00Z,-43.0,50.0,10,18.82,35.24,5.94,0.914,NOAA ERDDAP / Argo Floats
2026-01-15T00:00:00Z,-42.0,50.0,0,18.62,34.39,5.78,0.87,NOAA ERDDAP / Argo Floats
2026-01-15T00:00:00Z,-41.0,50.0,20,18.91,34.51,5.95,0.698,NOAA ERDDAP / Argo Floats
2026-01-15T00:00:00Z,-40.0,50.0,0,18.75,34.67,5.66,0.933,NOAA ERDDAP / Argo Floats
2026-01-15T00:00:00Z,-39.0,50.0,20,20.01,34.66,5.71,0.565,NOAA ERDDAP / Argo Floats
2026-01-15T00:00:00Z,-38.0,50.0,10,17.76,34.88,5.75,0.588,NOAA ERDDAP / Argo Floats
2026-01-15T00:00:00Z,-37.0,50.0,10,18.47,34.38,5.38,0.692,NOAA ERDDAP / Argo Floats
2026-01-15T00:00:00Z,-36.0,50.0,0,20.21,34.79,5.74,1.192,NOAA ERDDAP / Argo Floats
2026-01-15T00:00:00Z,-35.0,50.0,0,21.22,35.14,5.41,0.758,NOAA ERDDAP / Argo Floats
2026-01-15T00:00:00Z,-34.0,50.0,10,20.55,35.01,5.43,0.492,NOAA ERDDAP / Argo Floats
2026-01-15T00:00:00Z,-33.0,50.0,0,19.71,35.05,5.58,0.777,NOAA ERDDAP / Argo Floats
2026-01-15T00:00:00Z,-32.0,50.0,100,20.38,34.6,5.23,0.513,NOAA ERDDAP / Argo Floats
2026-01-15T00:00:00Z,-31.0,50.0,0,20.81,34.74,5.56,0.611,NOAA ERDDAP / Argo Floats
2026-01-15T00:00:00Z,-30.0,50.0,50,22.52,34.93,5.53,0.694,NOAA ERDDAP / Argo Floats
2026-01-15T00:00:00Z,-29.0,50.0,0,22.62,34.48,5.19,0.605,NOAA ERDDAP / Argo Floats
2026-01-15T00:00:00Z,-28.0,50.0,0,22.5,34.62,5.5,0.704,NOAA ERDDAP / Argo Floats
2026-01-15T00:00:00Z,-27.0,50.0,20,22.73,34.75,5.38,0.43,NOAA ERDDAP / Argo Floats
2026-01-15T00:00:00Z,-26.0,50.0,0,20.52,34.68,5.35,0.437,NOAA ERDDAP / Argo Floats
2026-01-15T00:00:00Z,-25.0,50.0,0,21.32,35.03,5.39,0.552,NOAA ERDDAP / Argo Floats
2026-01-15T00:00:00Z,-24.0,50.0,50,22.51,34.55,5.04,0.414,NOAA ERDDAP / Argo Floats
2026-01-15T00:00:00Z,-23.0,50.0,0,22.62,34.62,5.03,0.538,NOAA ERDDAP / Argo Floats
2026-01-15T00:00:00Z,-22.0,50.0,10,24.21,35.43,5.01,0.382,NOAA ERDDAP / Argo Floats
2026-01-15T00:00:00Z,-21.0,50.0,0,23.99,34.92,5.33,0.456,NOAA ERDDAP / Argo Floats
2026-01-15T00:00:00Z,-20.0,50.0,20,23.84,34.79,4.9,0.88,NOAA ERDDAP / Argo Floats
2026-01-15T00:00:00Z,-19.0,50.0,0,24.19,34.83,5.05,1.158,NOAA ERDDAP / Argo Floats
2026-01-15T00:00:00Z,-18.0,50.0,10,23.97,34.88,5.05,0.334,NOAA ERDDAP / Argo Floats
2026-01-15T00:00:00Z,-17.0,50.0,0,24.19,34.87,4.86,0.667,NOAA ERDDAP / Argo Floats
2026-01-15T00:00:00Z,-16.0,50.0,20,24.07,35.21,4.95,0.556,NOAA ERDDAP / Argo Floats
2026-01-15T00:00:00Z,-15.0,50.0,0,24.84,35.13,5.03,0.369,NOAA ERDDAP / Argo Floats
2026-01-15T00:00:00Z,-14.0,50.0,0,24.07,35.17,4.7,0.399,NOAA ERDDAP / Argo Floats
2026-01-15T00:00:00Z,-13.0,50.0,0,26.12,35.16,5.19,0.415,NOAA ERDDAP / Argo Floats
2026-01-15T00:00:00Z,-12.0,50.0,0,25.29,34.51,4.84,0.83,NOAA ERDDAP / Argo Floats
2026-01-15T00:00:00Z,-11.0,50.0,0,25.78,35.26,4.63,0.312,NOAA ERDDAP / Argo Floats
2026-01-15T00:00:00Z,-10.0,50.0,0,25.44,34.63,5.1,0.387,NOAA ERDDAP / Argo Floats
2026-01-15T00:00:00Z,-9.0,50.0,0,25.21,35.0,4.73,0.314,NOAA ERDDAP / Argo Floats
2026-01-15T00:00:00Z,-8.0,50.0,10,26.34,34.99,4.38,0.279,NOAA ERDDAP / Argo Floats
2026-01-15T00:00:00Z,-7.0,50.0,0,26.68,35.48,4.58,0.564,NOAA ERDDAP / Argo Floats
2026-01-15T00:00:00Z,-6.0,50.0,0,26.79,34.91,4.64,0.297,NOAA ERDDAP / Argo Floats
2026-01-15T00:00:00Z,-5.0,50.0,10,28.48,34.52,4.77,0.309,NOAA ERDDAP / Argo Floats
2026-01-15T00:00:00Z,-4.0,50.0,0,27.36,34.84,4.58,0.372,NOAA ERDDAP / Argo Floats
2026-01-15T00:00:00Z,-3.0,50.0,10,27.2,35.52,4.96,0.274,NOAA ERDDAP / Argo Floats
2026-01-15T00:00:00Z,-2.0,50.0,50,28.55,35.09,4.59,0.623,NOAA ERDDAP / Argo Floats
2026-01-15T00:00:00Z,-1.0,50.0,10,28.31,34.96,4.79,0.501,NOAA ERDDAP / Argo Floats
2026-01-15T00:00:00Z,0.0,50.0,10,30.1,34.9,4.72,0.714,NOAA ERDDAP / Argo Floats
2026-01-15T00:00:00Z,1.0,50.0,0,28.39,34.73,4.55,0.513,NOAA ERDDAP / Argo Floats
2026-01-15T00:00:00Z,2.0,50.0,0,27.52,34.89,4.88,0.372,NOAA ERDDAP / Argo Floats
2026-01-15T00:00:00Z,3.0,50.0,10,28.2,34.89,4.81,0.223,NOAA ERDDAP / Argo Floats
2026-01-15T00:00:00Z,4.0,50.0,20,27.95,34.61,4.95,0.712,NOAA ERDDAP / Argo Floats
2026-01-15T00:00:00Z,5.0,50.0,50,25.05,34.58,4.67,0.262,NOAA ERDDAP / Argo Floats
2026-01-15T00:00:00Z,6.0,50.0,100,27.34,35.7,4.68,0.363,NOAA ERDDAP / Argo Floats
2026-01-15T00:00:00Z,7.0,50.0,10,25.78,35.02,5.0,0.302,NOAA ERDDAP / Argo Floats
2026-01-15T00:00:00Z,8.0,50.0,50,26.63,34.59,4.86,0.392,NOAA ERDDAP / Argo Floats
2026-01-15T00:00:00Z,9.0,50.0,10,26.53,35.19,4.71,0.466,NOAA ERDDAP / Argo Floats
2026-01-15T00:00:00Z,10.0,50.0,0,26.49,35.12,4.98,0.327,NOAA ERDDAP / Argo Floats
2026-01-15T00:00:00Z,11.0,50.0,50,25.13,35.34,4.57,0.365,NOAA ERDDAP / Argo Floats
2026-01-15T00:00:00Z,12.0,50.0,0,26.97,35.03,4.46,0.327,NOAA ERDDAP / Argo Floats
2026-01-15T00:00:00Z,13.0,50.0,50,24.51,35.08,4.41,0.552,NOAA ERDDAP / Argo Floats
2026-01-15T00:00:00Z,14.0,50.0,10,23.23,35.22,4.88,0.349,NOAA ERDDAP / Argo Floats
2026-01-15T00:00:00Z,15.0,50.0,0,25.21,35.37,4.83,0.592,NOAA ERDDAP / Argo Floats
2026-01-15T00:00:00Z,16.0,50.0,0,23.83,34.71,5.02,0.889,NOAA ERDDAP / Argo Floats
2026-01-15T00:00:00Z,17.0,50.0,10,23.28,34.99,4.98,0.391,NOAA ERDDAP / Argo Floats
2026-01-15T00:00:00Z,18.0,50.0,0,24.61,34.99,5.03,0.695,NOAA ERDDAP / Argo Floats
2026-01-15T00:00:00Z,19.0,50.0,0,23.01,35.01,4.79,0.564,NOAA ERDDAP / Argo Floats
2026-01-15T00:00:00Z,20.0,50.0,0,23.81,35.13,5.13,0.435,NOAA ERDDAP / Argo Floats
2026-01-15T00:00:00Z,21.0,50.0,0,23.07,35.15,4.97,0.373,NOAA ERDDAP / Argo Floats
2026-01-15T00:00:00Z,22.0,50.0,0,22.2,35.38,5.45,0.517,NOAA ERDDAP / Argo Floats
2026-01-15T00:00:00Z,23.0,50.0,100,21.47,34.83,4.93,0.487,NOAA ERDDAP / Argo Floats
2026-01-15T00:00:00Z,24.0,50.0,0,20.59,34.82,5.2,0.483,NOAA ERDDAP / Argo Floats
2026-01-15T00:00:00Z,25.0,50.0,10,23.62,35.76,5.48,0.461,NOAA ERDDAP / Argo Floats
2026-01-15T00:00:00Z,26.0,50.0,20,22.84,35.66,5.05,0.45,NOAA ERDDAP / Argo Floats
2026-01-15T00:00:00Z,27.0,50.0,0,22.0,35.31,5.17,0.438,NOAA ERDDAP / Argo Floats
2026-01-15T00:00:00Z,28.0,50.0,10,21.76,35.3,5.29,0.497,NOAA ERDDAP / Argo Floats
2026-01-15T00:00:00Z,29.0,50.0,50,21.72,34.95,5.51,0.618,NOAA ERDDAP / Argo Floats
2026-01-15T00:00:00Z,30.0,50.0,10,21.22,35.33,5.06,0.564,NOAA ERDDAP / Argo Floats
2026-01-15T00:00:00Z,-45.0,51.0,0,18.13,35.11,5.6,1.104,NOAA ERDDAP / Argo Floats
2026-01-15T00:00:00Z,-44.0,51.0,10,17.43,34.14,6.07,0.889,NOAA ERDDAP / Argo Floats
2026-01-15T00:00:00Z,-43.0,51.0,0,18.48,35.0,5.79,0.644,NOAA ERDDAP / Argo Floats
2026-01-15T00:00:00Z,-42.0,51.0,20,16.73,34.92,5.75,1.081,NOAA ERDDAP / Argo Floats
2026-01-15T00:00:00Z,-41.0,51.0,0,17.54,34.63,6.23,1.348,NOAA ERDDAP / Argo Floats
2026-01-15T00:00:00Z,-40.0,51.0,0,18.34,34.63,5.67,0.653,NOAA ERDDAP / Argo Floats
2026-01-15T00:00:00Z,-39.0,51.0,10,19.63,34.78,5.87,0.576,NOAA ERDDAP / Argo Floats
2026-01-15T00:00:00Z,-38.0,51.0,10,19.77,34.66,6.05,0.559,NOAA ERDDAP / Argo Floats
2026-01-15T00:00:00Z,-37.0,51.0,10,18.6,34.65,5.59,0.531,NOAA ERDDAP / Argo Floats
2026-01-15T00:00:00Z,-36.0,51.0,20,19.13,34.65,5.25,0.678,NOAA ERDDAP / Argo Floats
2026-01-15T00:00:00Z,-35.0,51.0,0,19.18,34.9,5.42,0.703,NOAA ERDDAP / Argo Floats
2026-01-15T00:00:00Z,-34.0,51.0,10,19.73,34.67,5.66,0.567,NOAA ERDDAP / Argo Floats
2026-01-15T00:00:00Z,-33.0,51.0,100,20.35,35.26,5.38,0.769,NOAA ERDDAP / Argo Floats
2026-01-15T00:00:00Z,-32.0,51.0,0,20.7,34.42,5.64,0.496,NOAA ERDDAP / Argo Floats
2026-01-15T00:00:00Z,-31.0,51.0,20,20.75,35.19,5.8,0.621,NOAA ERDDAP / Argo Floats
2026-01-15T00:00:00Z,-30.0,51.0,0,22.46,34.76,5.54,0.733,NOAA ERDDAP / Argo Floats
2026-01-15T00:00:00Z,-29.0,51.0,0,20.77,34.55,5.35,0.496,NOAA ERDDAP / Argo Floats
2026-01-15T00:00:00Z,-28.0,51.0,50,22.98,34.56,5.17,0.583,NOAA ERDDAP / Argo Floats
2026-01-15T00:00:00Z,-27.0,51.0,0,20.97,34.79,5.19,0.819,NOAA ERDDAP / Argo Floats
2026-01-15T00:00:00Z,-26.0,51.0,100,21.41,35.16,5.38,0.614,NOAA ERDDAP / Argo Floats
2026-01-15T00:00:00Z,-25.0,51.0,20,22.39,35.18,4.86,0.434,NOAA ERDDAP / Argo Floats
2026-01-15T00:00:00Z,-24.0,51.0,20,24.76,35.11,5.31,0.47,NOAA ERDDAP / Argo Floats
2026-01-15T00:00:00Z,-23.0,51.0,20,22.47,34.96,5.45,0.429,NOAA ERDDAP / Argo Floats
2026-01-15T00:00:00Z,-22.0,51.0,10,23.13,34.75,5.25,0.383,NOAA ERDDAP / Argo Floats
2026-01-15T00:00:00Z,-21.0,51.0,20,20.75,34.57,4.88,0.412,NOAA ERDDAP / Argo Floats
2026-01-15T00:00:00Z,-20.0,51.0,20,23.67,34.81,5.03,0.702,NOAA ERDDAP / Argo Floats
2026-01-15T00:00:00Z,-19.0,51.0,50,23.43,34.72,5.11,0.475,NOAA ERDDAP / Argo Floats
2026-01-15T00:00:00Z,-18.0,51.0,0,24.52,35.3,5.17,0.356,NOAA ERDDAP / Argo Floats
2026-01-15T00:00:00Z,-17.0,51.0,10,25.34,34.48,5.01,0.41,NOAA ERDDAP / Argo Floats
2026-01-15T00:00:00Z,-16.0,51.0,0,23.94,34.09,5.27,0.411,NOAA ERDDAP / Argo Floats
2026-01-15T00:00:00Z,-15.0,51.0,0,23.56,34.85,4.89,0.349,NOAA ERDDAP / Argo Floats
2026-01-15T00:00:00Z,-14.0,51.0,0,26.51,35.14,4.63,0.658,NOAA ERDDAP / Argo Floats
2026-01-15T00:00:00Z,-13.0,51.0,10,24.96,35.09,4.71,0.398,NOAA ERDDAP / Argo Floats
2026-01-15T00:00:00Z,-12.0,51.0,20,25.67,34.7,4.97,0.335,NOAA ERDDAP / Argo Floats
2026-01-15T00:00:00Z,-11.0,51.0,100,25.16,34.93,5.09,0.31,NOAA ERDDAP / Argo Floats
2026-01-15T00:00:00Z,-10.0,51.0,20,25.82,34.98,4.92,0.29,NOAA ERDDAP / Argo Floats
2026-01-15T00:00:00Z,-9.0,51.0,10,25.48,35.6,4.54,0.642,NOAA ERDDAP / Argo Floats
2026-01-15T00:00:00Z,-8.0,51.0,0,26.68,35.12,4.85,0.437,NOAA ERDDAP / Argo Floats
2026-01-15T00:00:00Z,-7.0,51.0,0,26.62,34.56,4.94,0.435,NOAA ERDDAP / Argo Floats
2026-01-15T00:00:00Z,-6.0,51.0,0,27.96,35.49,4.95,0.619,NOAA ERDDAP / Argo Floats
2026-01-15T00:00:00Z,-5.0,51.0,50,26.02,34.76,4.56,0.48,NOAA ERDDAP / Argo Floats
2026-01-15T00:00:00Z,-4.0,51.0,0,27.9,34.63,4.23,0.409,NOAA ERDDAP / Argo Floats
2026-01-15T00:00:00Z,-3.0,51.0,100,27.16,35.1,4.53,0.226,NOAA ERDDAP / Argo Floats
2026-01-15T00:00:00Z,-2.0,51.0,50,27.71,34.59,4.63,0.385,NOAA ERDDAP / Argo Floats
2026-01-15T00:00:00Z,-1.0,51.0,0,27.78,35.2,4.57,0.322,NOAA ERDDAP / Argo Floats
2026-01-15T00:00:00Z,0.0,51.0,0,30.11,35.2,4.64,0.255,NOAA ERDDAP / Argo Floats
2026-01-15T00:00:00Z,1.0,51.0,0,28.87,35.19,4.71,0.311,NOAA ERDDAP / Argo Floats
2026-01-15T00:00:00Z,2.0,51.0,100,28.56,35.48,4.44,0.59,NOAA ERDDAP / Argo Floats
2026-01-15T00:00:00Z,3.0,51.0,50,28.6,34.9,4.53,0.506,NOAA ERDDAP / Argo Floats
2026-01-15T00:00:00Z,4.0,51.0,10,27.35,35.0,4.74,0.277,NOAA ERDDAP / Argo Floats
2026-01-15T00:00:00Z,5.0,51.0,0,26.62,35.15,4.59,0.543,NOAA ERDDAP / Argo Floats
2026-01-15T00:00:00Z,6.0,51.0,20,26.86,35.01,4.31,0.3,NOAA ERDDAP / Argo Floats
2026-01-15T00:00:00Z,7.0,51.0,0,26.14,34.94,4.72,0.886,NOAA ERDDAP / Argo Floats
2026-01-15T00:00:00Z,8.0,51.0,0,26.28,34.97,5.05,0.385,NOAA ERDDAP / Argo Floats
2026-01-15T00:00:00Z,9.0,51.0,0,26.71,35.0,4.77,0.312,NOAA ERDDAP / Argo Floats
2026-01-15T00:00:00Z,10.0,51.0,0,27.43,35.6,5.04,0.639,NOAA ERDDAP / Argo Floats
2026-01-15T00:00:00Z,11.0,51.0,0,26.13,34.98,4.86,0.346,NOAA ERDDAP / Argo Floats
2026-01-15T00:00:00Z,12.0,51.0,0,26.48,35.31,5.14,0.397,NOAA ERDDAP / Argo Floats
2026-01-15T00:00:00Z,13.0,51.0,0,26.16,35.45,4.87,0.312,NOAA ERDDAP / Argo Floats
2026-01-15T00:00:00Z,14.0,51.0,0,25.62,34.91,4.83,0.296,NOAA ERDDAP / Argo Floats
2026-01-15T00:00:00Z,15.0,51.0,0,25.27,34.92,5.16,0.317,NOAA ERDDAP / Argo Floats
2026-01-15T00:00:00Z,16.0,51.0,0,23.02,34.88,4.97,0.443,NOAA ERDDAP / Argo Floats
2026-01-15T00:00:00Z,17.0,51.0,20,24.2,34.86,5.18,0.33,NOAA ERDDAP / Argo Floats
2026-01-15T00:00:00Z,18.0,51.0,0,23.53,35.36,4.84,0.707,NOAA ERDDAP / Argo Floats
2026-01-15T00:00:00Z,19.0,51.0,0,25.14,35.53,5.12,0.499,NOAA ERDDAP / Argo Floats
2026-01-15T00:00:00Z,20.0,51.0,0,23.34,35.01,4.89,0.945,NOAA ERDDAP / Argo Floats
2026-01-15T00:00:00Z,21.0,51.0,0,24.69,35.4,4.96,0.51,NOAA ERDDAP / Argo Floats
2026-01-15T00:00:00Z,22.0,51.0,0,21.45,34.94,4.95,0.448,NOAA ERDDAP / Argo Floats
2026-01-15T00:00:00Z,23.0,51.0,50,23.4,35.18,5.35,0.478,NOAA ERDDAP / Argo Floats
2026-01-15T00:00:00Z,24.0,51.0,20,23.18,35.11,5.33,0.45,NOAA ERDDAP / Argo Floats
2026-01-15T00:00:00Z,25.0,51.0,0,22.39,35.02,5.47,0.584,NOAA ERDDAP / Argo Floats
2026-01-15T00:00:00Z,26.0,51.0,0,21.81,34.79,5.2,0.436,NOAA ERDDAP / Argo Floats
2026-01-15T00:00:00Z,27.0,51.0,0,22.3,35.08,5.06,0.74,NOAA ERDDAP / Argo Floats
2026-01-15T00:00:00Z,28.0,51.0,20,22.85,35.31,5.27,0.833,NOAA ERDDAP / Argo Floats
2026-01-15T00:00:00Z,29.0,51.0,0,20.97,34.93,5.32,0.693,NOAA ERDDAP / Argo Floats
2026-01-15T00:00:00Z,30.0,51.0,50,20.86,34.73,5.28,0.746,NOAA ERDDAP / Argo Floats
2026-01-15T00:00:00Z,-45.0,52.0,20,17.45,34.53,5.92,0.818,NOAA ERDDAP / Argo Floats
2026-01-15T00:00:00Z,-44.0,52.0,50,17.16,34.84,6.1,0.906,NOAA ERDDAP / Argo Floats
2026-01-15T00:00:00Z,-43.0,52.0,50,18.56,34.42,6.0,1.305,NOAA ERDDAP / Argo Floats
2026-01-15T00:00:00Z,-42.0,52.0,20,19.14,34.35,5.61,0.692,NOAA ERDDAP / Argo Floats
2026-01-15T00:00:00Z,-41.0,52.0,0,18.87,34.91,5.62,0.813,NOAA ERDDAP / Argo Floats
2026-01-15T00:00:00Z,-40.0,52.0,100,18.75,34.71,6.15,0.559,NOAA ERDDAP / Argo Floats
2026-01-15T00:00:00Z,-39.0,52.0,0,19.15,34.59,5.63,0.545,NOAA ERDDAP / Argo Floats
2026-01-15T00:00:00Z,-38.0,52.0,10,17.49,35.27,5.66,0.573,NOAA ERDDAP / Argo Floats
2026-01-15T00:00:00Z,-37.0,52.0,0,18.55,34.18,5.63,0.554,NOAA ERDDAP / Argo Floats
2026-01-15T00:00:00Z,-36.0,52.0,0,18.16,34.72,5.78,0.801,NOAA ERDDAP / Argo Floats
2026-01-15T00:00:00Z,-35.0,52.0,50,20.66,34.57,5.53,0.652,NOAA ERDDAP / Argo Floats
2026-01-15T00:00:00Z,-34.0,52.0,0,19.01,35.14,5.42,0.551,NOAA ERDDAP / Argo Floats
2026-01-15T00:00:00Z,-33.0,52.0,10,20.4,34.66,5.49,0.506,NOAA ERDDAP / Argo Floats
2026-01-15T00:00:00Z,-32.0,52.0,10,21.87,35.47,5.45,0.566,NOAA ERDDAP / Argo Floats
2026-01-15T00:00:00Z,-31.0,52.0,0,21.45,34.97,5.25,0.467,NOAA ERDDAP / Argo Floats
2026-01-15T00:00:00Z,-30.0,52.0,100,21.1,35.15,5.75,0.73,NOAA ERDDAP / Argo Floats
2026-01-15T00:00:00Z,-29.0,52.0,20,20.68,34.68,5.15,0.485,NOAA ERDDAP / Argo Floats
2026-01-15T00:00:00Z,-28.0,52.0,10,20.99,34.54,5.38,0.616,NOAA ERDDAP / Argo Floats
2026-01-15T00:00:00Z,-27.0,52.0,0,21.95,35.25,5.66,0.648,NOAA ERDDAP / Argo Floats
2026-01-15T00:00:00Z,-26.0,52.0,20,22.33,35.01,5.1,0.788,NOAA ERDDAP / Argo Floats
2026-01-15T00:00:00Z,-25.0,52.0,0,22.12,35.01,5.25,0.626,NOAA ERDDAP / Argo Floats
2026-01-15T00:00:00Z,-24.0,52.0,20,21.68,34.55,5.46,0.585,NOAA ERDDAP / Argo Floats
2026-01-15T00:00:00Z,-23.0,52.0,0,21.44,34.9,5.26,0.873,NOAA ERDDAP / Argo Floats
2026-01-15T00:00:00Z,-22.0,52.0,10,22.72,35.0,4.82,0.477,NOAA ERDDAP / Argo Floats
2026-01-15T00:00:00Z,-21.0,52.0,20,22.7,34.38,5.26,0.362,NOAA ERDDAP / Argo Floats
2026-01-15T00:00:00Z,-20.0,52.0,50,24.49,34.88,5.55,0.362,NOAA ERDDAP / Argo Floats
2026-01-15T00:00:00Z,-19.0,52.0,20,24.93,35.25,5.1,0.425,NOAA ERDDAP / Argo Floats
2026-01-15T00:00:00Z,-18.0,52.0,10,22.4,35.11,5.24,0.364,NOAA ERDDAP / Argo Floats
2026-01-15T00:00:00Z,-17.0,52.0,0,24.38,35.2,4.61,0.731,NOAA ERDDAP / Argo Floats
2026-01-15T00:00:00Z,-16.0,52.0,0,26.56,34.84,5.25,0.313,NOAA ERDDAP / Argo Floats
2026-01-15T00:00:00Z,-15.0,52.0,0,25.91,34.55,4.52,1.068,NOAA ERDDAP / Argo Floats
2026-01-15T00:00:00Z,-14.0,52.0,0,24.68,35.01,4.84,0.765,NOAA ERDDAP / Argo Floats
2026-01-15T00:00:00Z,-13.0,52.0,10,26.05,35.12,4.74,0.443,NOAA ERDDAP / Argo Floats
2026-01-15T00:00:00Z,-12.0,52.0,10,25.64,34.73,4.79,1.083,NOAA ERDDAP / Argo Floats
2026-01-15T00:00:00Z,-11.0,52.0,50,25.96,34.82,4.7,0.447,NOAA ERDDAP / Argo Floats
2026-01-15T00:00:00Z,-10.0,52.0,0,27.43,34.9,4.83,0.423,NOAA ERDDAP / Argo Floats
2026-01-15T00:00:00Z,-9.0,52.0,10,25.58,34.78,4.86,0.325,NOAA ERDDAP / Argo Floats
2026-01-15T00:00:00Z,-8.0,52.0,0,27.42,35.6,5.03,0.527,NOAA ERDDAP / Argo Floats
2026-01-15T00:00:00Z,-7.0,52.0,0,26.19,35.35,4.79,0.378,NOAA ERDDAP / Argo Floats
2026-01-15T00:00:00Z,-6.0,52.0,0,27.42,35.08,4.55,0.246,NOAA ERDDAP / Argo Floats
2026-01-15T00:00:00Z,-5.0,52.0,10,27.17,35.28,4.76,0.688,NOAA ERDDAP / Argo Floats
2026-01-15T00:00:00Z,-4.0,52.0,0,27.56,34.74,4.57,0.194,NOAA ERDDAP / Argo Floats
2026-01-15T00:00:00Z,-3.0,52.0,20,29.78,35.16,4.28,0.229,NOAA ERDDAP / Argo Floats
2026-01-15T00:00:00Z,-2.0,52.0,0,27.42,34.58,4.58,0.359,NOAA ERDDAP / Argo Floats
2026-01-15T00:00:00Z,-1.0,52.0,0,29.58,34.56,4.86,0.621,NOAA ERDDAP / Argo Floats
2026-01-15T00:00:00Z,0.0,52.0,0,27.91,35.34,4.62,0.484,NOAA ERDDAP / Argo Floats
2026-01-15T00:00:00Z,1.0,52.0,20,28.27,35.45,4.61,0.224,NOAA ERDDAP / Argo Floats
2026-01-15T00:00:00Z,2.0,52.0,0,29.02,35.3,4.32,0.269,NOAA ERDDAP / Argo Floats
2026-01-15T00:00:00Z,3.0,52.0,0,27.81,35.18,4.66,0.559,NOAA ERDDAP / Argo Floats
2026-01-15T00:00:00Z,4.0,52.0,10,27.73,34.59,4.41,0.616,NOAA ERDDAP / Argo Floats
2026-01-15T00:00:00Z,5.0,52.0,0,27.21,35.19,4.53,0.576,NOAA ERDDAP / Argo Floats
2026-01-15T00:00:00Z,6.0,52.0,10,27.01,34.97,4.64,0.32,NOAA ERDDAP / Argo Floats
2026-01-15T00:00:00Z,7.0,52.0,50,27.47,34.68,4.73,0.249,NOAA ERDDAP / Argo Floats
2026-01-15T00:00:00Z,8.0,52.0,0,27.08,35.13,4.68,0.432,NOAA ERDDAP / Argo Floats
2026-01-15T00:00:00Z,9.0,52.0,0,25.72,34.91,4.84,0.281,NOAA ERDDAP / Argo Floats
2026-01-15T00:00:00Z,10.0,52.0,20,26.62,35.15,5.44,0.367,NOAA ERDDAP / Argo Floats
2026-01-15T00:00:00Z,11.0,52.0,10,26.06,35.07,4.73,0.509,NOAA ERDDAP / Argo Floats
2026-01-15T00:00:00Z,12.0,52.0,0,26.17,34.73,4.56,0.441,NOAA ERDDAP / Argo Floats
2026-01-15T00:00:00Z,13.0,52.0,50,25.78,34.98,4.77,0.474,NOAA ERDDAP / Argo Floats
2026-01-15T00:00:00Z,14.0,52.0,10,25.5,34.92,4.57,0.59,NOAA ERDDAP / Argo Floats
2026-01-15T00:00:00Z,15.0,52.0,20,24.35,35.08,5.12,0.635,NOAA ERDDAP / Argo Floats
2026-01-15T00:00:00Z,16.0,52.0,0,23.91,34.69,4.92,0.764,NOAA ERDDAP / Argo Floats
2026-01-15T00:00:00Z,17.0,52.0,0,24.84,35.38,5.09,0.383,NOAA ERDDAP / Argo Floats
2026-01-15T00:00:00Z,18.0,52.0,10,24.2,35.06,5.04,0.443,NOAA ERDDAP / Argo Floats
2026-01-15T00:00:00Z,19.0,52.0,20,24.74,35.08,5.09,0.353,NOAA ERDDAP / Argo Floats
2026-01-15T00:00:00Z,20.0,52.0,100,24.3,34.82,4.97,0.737,NOAA ERDDAP / Argo Floats
2026-01-15T00:00:00Z,21.0,52.0,50,24.54,35.22,5.03,0.38,NOAA ERDDAP / Argo Floats
2026-01-15T00:00:00Z,22.0,52.0,0,22.79,35.23,4.98,0.463,NOAA ERDDAP / Argo Floats
2026-01-15T00:00:00Z,23.0,52.0,50,22.56,34.79,5.15,0.846,NOAA ERDDAP / Argo Floats
2026-01-15T00:00:00Z,24.0,52.0,50,22.58,34.84,4.9,0.597,NOAA ERDDAP / Argo Floats
2026-01-15T00:00:00Z,25.0,52.0,10,21.61,35.76,5.32,0.468,NOAA ERDDAP / Argo Floats
2026-01-15T00:00:00Z,26.0,52.0,10,22.61,35.04,5.28,0.428,NOAA ERDDAP / Argo Floats
2026-01-15T00:00:00Z,27.0,52.0,10,23.53,34.62,5.43,0.475,NOAA ERDDAP / Argo Floats
2026-01-15T00:00:00Z,28.0,52.0,50,22.16,35.58,5.56,0.563,NOAA ERDDAP / Argo Floats
2026-01-15T00:00:00Z,29.0,52.0,50,22.35,35.63,5.43,0.54,NOAA ERDDAP / Argo Floats
2026-01-15T00:00:00Z,30.0,52.0,0,20.56,34.92,5.41,0.519,NOAA ERDDAP / Argo Floats
2026-01-15T00:00:00Z,-45.0,53.0,0,18.01,34.72,6.24,0.604,NOAA ERDDAP / Argo Floats
2026-01-15T00:00:00Z,-44.0,53.0,20,17.78,35.01,5.83,0.625,NOAA ERDDAP / Argo Floats
2026-01-15T00:00:00Z,-43.0,53.0,20,16.59,33.92,5.77,0.645,NOAA ERDDAP / Argo Floats
2026-01-15T00:00:00Z,-42.0,53.0,10,17.92,34.53,6.05,0.667,NOAA ERDDAP / Argo Floats
2026-01-15T00:00:00Z,-41.0,53.0,0,17.68,34.86,5.68,0.674,NOAA ERDDAP / Argo Floats
2026-01-15T00:00:00Z,-40.0,53.0,100,19.73,34.49,5.82,0.616,NOAA ERDDAP / Argo Floats
2026-01-15T00:00:00Z,-39.0,53.0,0,16.92,34.8,5.65,0.573,NOAA ERDDAP / Argo Floats
2026-01-15T00:00:00Z,-38.0,53.0,0,18.54,35.04,5.58,0.762,NOAA ERDDAP / Argo Floats
2026-01-15T00:00:00Z,-37.0,53.0,0,19.41,35.24,5.54,0.692,NOAA ERDDAP / Argo Floats
2026-01-15T00:00:00Z,-36.0,53.0,10,18.79,34.6,5.89,0.601,NOAA ERDDAP / Argo Floats
2026-01-15T00:00:00Z,-35.0,53.0,50,20.83,35.04,5.94,0.501,NOAA ERDDAP / Argo Floats
2026-01-15T00:00:00Z,-34.0,53.0,10,20.95,34.33,5.26,0.663,NOAA ERDDAP / Argo Floats
2026-01-15T00:00:00Z,-33.0,53.0,0,20.63,35.54,5.2,0.553,NOAA ERDDAP / Argo Floats
2026-01-15T00:00:00Z,-32.0,53.0,0,20.12,34.52,5.78,0.726,NOAA ERDDAP / Argo Floats
2026-01-15T00:00:00Z,-31.0,53.0,0,20.0,34.7,5.22,0.678,NOAA ERDDAP / Argo Floats
2026-01-15T00:00:00Z,-30.0,53.0,0,21.31,34.79,5.63,0.508,NOAA ERDDAP / Argo Floats
2026-01-15T00:00:00Z,-29.0,53.0,20,21.68,35.06,5.19,0.469,NOAA ERDDAP / Argo Floats
2026-01-15T00:00:00Z,-28.0,53.0,0,21.79,34.6,5.06,0.439,NOAA ERDDAP / Argo Floats
2026-01-15T00:00:00Z,-27.0,53.0,20,21.67,34.7,5.31,0.488,NOAA ERDDAP / Argo Floats
2026-01-15T00:00:00Z,-26.0,53.0,0,22.37,34.98,5.34,1.17,NOAA ERDDAP / Argo Floats
2026-01-15T00:00:00Z,-25.0,53.0,0,21.94,35.08,5.3,0.402,NOAA ERDDAP / Argo Floats
2026-01-15T00:00:00Z,-24.0,53.0,10,22.85,35.02,5.37,0.424,NOAA ERDDAP / Argo Floats
2026-01-15T00:00:00Z,-23.0,53.0,0,23.05,34.7,5.36,0.381,NOAA ERDDAP / Argo Floats
2026-01-15T00:00:00Z,-22.0,53.0,10,22.88,35.29,5.2,0.764,NOAA ERDDAP / Argo Floats
2026-01-15T00:00:00Z,-21.0,53.0,0,22.52,35.2,5.05,1.076,NOAA ERDDAP / Argo Floats
2026-01-15T00:00:00Z,-20.0,53.0,0,23.06,34.76,5.24,0.811,NOAA ERDDAP / Argo Floats
2026-01-15T00:00:00Z,-19.0,53.0,20,24.13,34.6,5.08,0.808,NOAA ERDDAP / Argo Floats
2026-01-15T00:00:00Z,-18.0,53.0,20,24.43,34.96,5.07,0.351,NOAA ERDDAP / Argo Floats
2026-01-15T00:00:00Z,-17.0,53.0,10,25.02,34.43,4.82,0.335,NOAA ERDDAP / Argo Floats
2026-01-15T00:00:00Z,-16.0,53.0,0,24.42,34.64,4.73,0.694,NOAA ERDDAP / Argo Floats
2026-01-15T00:00:00Z,-15.0,53.0,0,24.16,34.86,5.14,0.471,NOAA ERDDAP / Argo Floats
2026-01-15T00:00:00Z,-14.0,53.0,0,24.03,35.16,4.59,0.584,NOAA ERDDAP / Argo Floats
2026-01-15T00:00:00Z,-13.0,53.0,0,25.36,34.94,5.02,0.375,NOAA ERDDAP / Argo Floats
2026-01-15T00:00:00Z,-12.0,53.0,10,27.39,34.98,4.92,0.664,NOAA ERDDAP / Argo Floats
2026-01-15T00:00:00Z,-11.0,53.0,10,25.16,34.72,4.69,0.268,NOAA ERDDAP / Argo Floats
2026-01-15T00:00:00Z,-10.0,53.0,100,26.23,34.71,4.72,0.556,NOAA ERDDAP / Argo Floats
2026-01-15T00:00:00Z,-9.0,53.0,100,25.65,34.62,4.36,0.483,NOAA ERDDAP / Argo Floats
2026-01-15T00:00:00Z,-8.0,53.0,10,27.5,34.84,4.78,0.365,NOAA ERDDAP / Argo Floats
2026-01-15T00:00:00Z,-7.0,53.0,50,26.7,34.72,4.62,0.539,NOAA ERDDAP / Argo Floats
2026-01-15T00:00:00Z,-6.0,53.0,0,28.59,34.93,5.03,0.44,NOAA ERDDAP / Argo Floats
2026-01-15T00:00:00Z,-5.0,53.0,20,27.48,35.03,4.54,0.391,NOAA ERDDAP / Argo Floats
2026-01-15T00:00:00Z,-4.0,53.0,20,27.32,34.44,4.35,0.568,NOAA ERDDAP / Argo Floats
2026-01-15T00:00:00Z,-3.0,53.0,100,27.63,35.1,4.36,0.315,NOAA ERDDAP / Argo Floats
2026-01-15T00:00:00Z,-2.0,53.0,10,26.43,34.67,4.25,0.17,NOAA ERDDAP / Argo Floats
2026-01-15T00:00:00Z,-1.0,53.0,0,28.2,35.43,4.36,0.344,NOAA ERDDAP / Argo Floats
2026-01-15T00:00:00Z,0.0,53.0,10,29.19,34.39,4.53,0.212,NOAA ERDDAP / Argo Floats
2026-01-15T00:00:00Z,1.0,53.0,0,27.9,35.12,4.3,0.316,NOAA ERDDAP / Argo Floats
2026-01-15T00:00:00Z,2.0,53.0,0,28.13,34.96,4.33,0.248,NOAA ERDDAP / Argo Floats
2026-01-15T00:00:00Z,3.0,53.0,50,27.13,34.6,4.62,0.302,NOAA ERDDAP / Argo Floats
2026-01-15T00:00:00Z,4.0,53.0,0,27.46,35.17,4.61,0.331,NOAA ERDDAP / Argo Floats
2026-01-15T00:00:00Z,5.0,53.0,0,26.77,35.51,4.62,0.266,NOAA ERDDAP / Argo Floats
2026-01-15T00:00:00Z,6.0,53.0,10,27.82,34.84,4.73,0.388,NOAA ERDDAP / Argo Floats
2026-01-15T00:00:00Z,7.0,53.0,20,26.01,34.57,4.61,0.246,NOAA ERDDAP / Argo Floats
2026-01-15T00:00:00Z,8.0,53.0,0,26.38,35.36,4.67,0.571,NOAA ERDDAP / Argo Floats
2026-01-15T00:00:00Z,9.0,53.0,0,28.84,35.39,4.41,0.25,NOAA ERDDAP / Argo Floats
2026-01-15T00:00:00Z,10.0,53.0,0,26.28,35.14,4.81,0.336,NOAA ERDDAP / Argo Floats
2026-01-15T00:00:00Z,11.0,53.0,10,25.73,34.82,4.93,0.864,NOAA ERDDAP / Argo Floats
2026-01-15T00:00:00Z,12.0,53.0,20,24.99,35.13,5.22,0.704,NOAA ERDDAP / Argo Floats
2026-01-15T00:00:00Z,13.0,53.0,20,25.05,34.87,4.43,0.457,NOAA ERDDAP / Argo Floats
2026-01-15T00:00:00Z,14.0,53.0,0,24.88,35.36,5.31,0.48,NOAA ERDDAP / Argo Floats
2026-01-15T00:00:00Z,15.0,53.0,0,25.88,35.1,4.71,0.497,NOAA ERDDAP / Argo Floats
2026-01-15T00:00:00Z,16.0,53.0,10,25.55,35.47,4.72,0.627,NOAA ERDDAP / Argo Floats
2026-01-15T00:00:00Z,17.0,53.0,0,25.55,34.38,5.14,0.345,NOAA ERDDAP / Argo Floats
2026-01-15T00:00:00Z,18.0,53.0,50,22.89,35.28,5.11,0.409,NOAA ERDDAP / Argo Floats
2026-01-15T00:00:00Z,19.0,53.0,50,23.6,35.07,4.63,0.477,NOAA ERDDAP / Argo Floats
2026-01-15T00:00:00Z,20.0,53.0,10,22.14,35.66,5.32,0.482,NOAA ERDDAP / Argo Floats
2026-01-15T00:00:00Z,21.0,53.0,10,25.63,35.45,5.19,0.696,NOAA ERDDAP / Argo Floats
2026-01-15T00:00:00Z,22.0,53.0,0,23.37,35.53,4.64,0.451,NOAA ERDDAP / Argo Floats
2026-01-15T00:00:00Z,23.0,53.0,10,22.02,35.28,5.31,0.46,NOAA ERDDAP / Argo Floats
2026-01-15T00:00:00Z,24.0,53.0,0,22.07,35.1,4.98,0.592,NOAA ERDDAP / Argo Floats
2026-01-15T00:00:00Z,25.0,53.0,0,23.16,35.24,5.52,0.577,NOAA ERDDAP / Argo Floats
2026-01-15T00:00:00Z,26.0,53.0,0,18.86,35.54,5.56,0.489,NOAA ERDDAP / Argo Floats
2026-01-15T00:00:00Z,27.0,53.0,10,20.83,35.03,5.37,0.531,NOAA ERDDAP / Argo Floats
2026-01-15T00:00:00Z,28.0,53.0,0,20.84,35.54,5.15,0.497,NOAA ERDDAP / Argo Floats
2026-01-15T00:00:00Z,29.0,53.0,10,19.66,34.91,5.24,0.61,NOAA ERDDAP / Argo Floats
2026-01-15T00:00:00Z,30.0,53.0,10,21.64,34.69,5.23,0.557,NOAA ERDDAP / Argo Floats
2026-01-15T00:00:00Z,-45.0,54.0,0,16.52,35.35,5.85,0.685,NOAA ERDDAP / Argo Floats
2026-01-15T00:00:00Z,-44.0,54.0,0,17.22,34.34,5.98,0.732,NOAA ERDDAP / Argo Floats
2026-01-15T00:00:00Z,-43.0,54.0,0,18.44,35.04,5.7,0.848,NOAA ERDDAP / Argo Floats
2026-01-15T00:00:00Z,-42.0,54.0,0,18.2,34.62,5.57,0.692,NOAA ERDDAP / Argo Floats
2026-01-15T00:00:00Z,-41.0,54.0,10,19.16,34.75,5.56,0.921,NOAA ERDDAP / Argo Floats
2026-01-15T00:00:00Z,-40.0,54.0,100,20.16,34.39,5.58,0.561,NOAA ERDDAP / Argo Floats
2026-01-15T00:00:00Z,-39.0,54.0,0,18.98,35.72,5.51,0.661,NOAA ERDDAP / Argo Floats
2026-01-15T00:00:00Z,-38.0,54.0,0,19.06,34.94,5.69,0.605,NOAA ERDDAP / Argo Floats
2026-01-15T00:00:00Z,-37.0,54.0,0,20.36,34.55,5.61,0.744,NOAA ERDDAP / Argo Floats
2026-01-15T00:00:00Z,-36.0,54.0,50,17.49,34.33,5.39,1.126,NOAA ERDDAP / Argo Floats
2026-01-15T00:00:00Z,-35.0,54.0,10,19.19,35.38,5.45,0.636,NOAA ERDDAP / Argo Floats
2026-01-15T00:00:00Z,-34.0,54.0,0,20.1,34.98,5.86,0.568,NOAA ERDDAP / Argo Floats
2026-01-15T00:00:00Z,-33.0,54.0,0,18.79,34.42,5.3,0.572,NOAA ERDDAP / Argo Floats
2026-01-15T00:00:00Z,-32.0,54.0,10,20.9,34.79,5.61,0.516,NOAA ERDDAP / Argo Floats
2026-01-15T00:00:00Z,-31.0,54.0,100,21.72,34.84,5.39,0.615,NOAA ERDDAP / Argo Floats
2026-01-15T00:00:00Z,-30.0,54.0,0,20.63,34.54,5.17,0.552,NOAA ERDDAP / Argo Floats
2026-01-15T00:00:00Z,-29.0,54.0,0,20.22,34.95,5.31,0.466,NOAA ERDDAP / Argo Floats
2026-01-15T00:00:00Z,-28.0,54.0,20,21.34,34.24,5.37,0.487,NOAA ERDDAP / Argo Floats
2026-01-15T00:00:00Z,-27.0,54.0,10,21.7,34.79,5.02,0.433,NOAA ERDDAP / Argo Floats
2026-01-15T00:00:00Z,-26.0,54.0,0,20.96,35.15,5.21,0.518,NOAA ERDDAP / Argo Floats
2026-01-15T00:00:00Z,-25.0,54.0,0,20.6,34.88,4.82,0.424,NOAA ERDDAP / Argo Floats
2026-01-15T00:00:00Z,-24.0,54.0,50,21.56,34.99,5.25,0.418,NOAA ERDDAP / Argo Floats
2026-01-15T00:00:00Z,-23.0,54.0,0,21.05,34.52,5.03,0.397,NOAA ERDDAP / Argo Floats
2026-01-15T00:00:00Z,-22.0,54.0,0,22.51,34.29,4.93,0.39,NOAA ERDDAP / Argo Floats
2026-01-15T00:00:00Z,-21.0,54.0,0,23.64,35.24,4.9,0.869,NOAA ERDDAP / Argo Floats
2026-01-15T00:00:00Z,-20.0,54.0,0,24.37,34.56,5.19,0.423,NOAA ERDDAP / Argo Floats
2026-01-15T00:00:00Z,-19.0,54.0,0,25.09,35.28,4.97,0.584,NOAA ERDDAP / Argo Floats
2026-01-15T00:00:00Z,-18.0,54.0,50,23.49,34.37,5.2,0.396,NOAA ERDDAP / Argo Floats
2026-01-15T00:00:00Z,-17.0,54.0,50,23.21,34.51,4.67,0.567,NOAA ERDDAP / Argo Floats
2026-01-15T00:00:00Z,-16.0,54.0,10,24.49,34.77,5.08,0.344,NOAA ERDDAP / Argo Floats
2026-01-15T00:00:00Z,-15.0,54.0,20,22.98,35.54,4.67,0.382,NOAA ERDDAP / Argo Floats
2026-01-15T00:00:00Z,-14.0,54.0,0,24.3,34.66,4.9,0.343,NOAA ERDDAP / Argo Floats
2026-01-15T00:00:00Z,-13.0,54.0,10,25.81,34.56,4.96,0.365,NOAA ERDDAP / Argo Floats
2026-01-15T00:00:00Z,-12.0,54.0,0,24.43,35.16,5.11,0.524,NOAA ERDDAP / Argo Floats
2026-01-15T00:00:00Z,-11.0,54.0,10,24.88,34.88,4.76,0.854,NOAA ERDDAP / Argo Floats
2026-01-15T00:00:00Z,-10.0,54.0,0,25.48,34.65,5.07,0.265,NOAA ERDDAP / Argo Floats
2026-01-15T00:00:00Z,-9.0,54.0,0,25.87,35.17,4.59,0.267,NOAA ERDDAP / Argo Floats
2026-01-15T00:00:00Z,-8.0,54.0,0,28.6,35.43,4.96,0.244,NOAA ERDDAP / Argo Floats
2026-01-15T00:00:00Z,-7.0,54.0,0,26.28,35.17,4.92,0.323,NOAA ERDDAP / Argo Floats
2026-01-15T00:00:00Z,-6.0,54.0,0,27.16,35.37,4.76,0.273,NOAA ERDDAP / Argo Floats
2026-01-15T00:00:00Z,-5.0,54.0,0,27.32,34.98,4.53,0.355,NOAA ERDDAP / Argo Floats
2026-01-15T00:00:00Z,-4.0,54.0,0,27.2,34.74,4.52,0.292,NOAA ERDDAP / Argo Floats
2026-01-15T00:00:00Z,-3.0,54.0,50,27.42,35.2,4.52,0.193,NOAA ERDDAP / Argo Floats
2026-01-15T00:00:00Z,-2.0,54.0,10,28.61,35.12,4.48,0.187,NOAA ERDDAP / Argo Floats
2026-01-15T00:00:00Z,-1.0,54.0,10,28.69,35.14,4.54,0.161,NOAA ERDDAP / Argo Floats
2026-01-15T00:00:00Z,0.0,54.0,0,28.29,34.45,4.35,0.167,NOAA ERDDAP / Argo Floats
2026-01-15T00:00:00Z,1.0,54.0,0,29.36,35.17,4.37,0.213,NOAA ERDDAP / Argo Floats
2026-01-15T00:00:00Z,2.0,54.0,10,28.26,35.25,4.37,0.228,NOAA ERDDAP / Argo Floats
2026-01-15T00:00:00Z,3.0,54.0,10,27.34,34.74,4.51,0.445,NOAA ERDDAP / Argo Floats
2026-01-15T00:00:00Z,4.0,54.0,0,28.05,35.1,4.75,0.59,NOAA ERDDAP / Argo Floats
2026-01-15T00:00:00Z,5.0,54.0,0,27.96,35.74,4.79,0.272,NOAA ERDDAP / Argo Floats
2026-01-15T00:00:00Z,6.0,54.0,20,26.25,35.16,4.41,0.639,NOAA ERDDAP / Argo Floats
2026-01-15T00:00:00Z,7.0,54.0,0,26.8,34.69,4.77,0.695,NOAA ERDDAP / Argo Floats
2026-01-15T00:00:00Z,8.0,54.0,0,26.42,34.93,4.79,0.326,NOAA ERDDAP / Argo Floats
2026-01-15T00:00:00Z,9.0,54.0,100,28.32,35.86,4.54,0.534,NOAA ERDDAP / Argo Floats
2026-01-15T00:00:00Z,10.0,54.0,0,26.61,34.65,4.86,0.533,NOAA ERDDAP / Argo Floats
2026-01-15T00:00:00Z,11.0,54.0,50,25.44,34.89,4.8,0.441,NOAA ERDDAP / Argo Floats
2026-01-15T00:00:00Z,12.0,54.0,0,25.84,35.31,4.76,0.301,NOAA ERDDAP / Argo Floats
2026-01-15T00:00:00Z,13.0,54.0,20,26.89,34.72,4.83,0.443,NOAA ERDDAP / Argo Floats
2026-01-15T00:00:00Z,14.0,54.0,0,24.04,34.93,5.13,0.407,NOAA ERDDAP / Argo Floats
2026-01-15T00:00:00Z,15.0,54.0,100,25.45,34.83,4.91,0.401,NOAA ERDDAP / Argo Floats
2026-01-15T00:00:00Z,16.0,54.0,0,25.33,35.17,4.78,0.416,NOAA ERDDAP / Argo Floats
2026-01-15T00:00:00Z,17.0,54.0,50,23.95,34.74,5.03,0.468,NOAA ERDDAP / Argo Floats
2026-01-15T00:00:00Z,18.0,54.0,20,24.88,35.28,4.84,0.503,NOAA ERDDAP / Argo Floats
2026-01-15T00:00:00Z,19.0,54.0,20,23.5,35.17,4.99,0.471,NOAA ERDDAP / Argo Floats
2026-01-15T00:00:00Z,20.0,54.0,50,23.82,35.45,5.27,0.38,NOAA ERDDAP / Argo Floats
2026-01-15T00:00:00Z,21.0,54.0,20,23.92,34.83,4.9,0.42,NOAA ERDDAP / Argo Floats
2026-01-15T00:00:00Z,22.0,54.0,100,22.69,35.07,5.61,1.102,NOAA ERDDAP / Argo Floats
2026-01-15T00:00:00Z,23.0,54.0,10,22.67,34.89,5.32,0.389,NOAA ERDDAP / Argo Floats
2026-01-15T00:00:00Z,24.0,54.0,20,23.24,34.83,5.09,0.525,NOAA ERDDAP / Argo Floats
2026-01-15T00:00:00Z,25.0,54.0,0,21.95,35.39,5.27,0.419,NOAA ERDDAP / Argo Floats
2026-01-15T00:00:00Z,26.0,54.0,10,20.7,35.18,5.11,0.43,NOAA ERDDAP / Argo Floats
2026-01-15T00:00:00Z,27.0,54.0,10,20.73,35.33,5.16,0.571,NOAA ERDDAP / Argo Floats
2026-01-15T00:00:00Z,28.0,54.0,0,22.69,35.07,5.02,0.488,NOAA ERDDAP / Argo Floats
2026-01-15T00:00:00Z,29.0,54.0,0,21.3,35.69,5.33,0.484,NOAA ERDDAP / Argo Floats
2026-01-15T00:00:00Z,30.0,54.0,0,21.68,34.82,5.12,1.347,NOAA ERDDAP / Argo Floats
2026-01-15T00:00:00Z,-45.0,55.0,0,16.95,35.05,6.06,0.841,NOAA ERDDAP / Argo Floats
2026-01-15T00:00:00Z,-44.0,55.0,50,15.79,35.21,5.8,0.937,NOAA ERDDAP / Argo Floats
2026-01-15T00:00:00Z,-43.0,55.0,0,17.27,34.74,5.68,0.719,NOAA ERDDAP / Argo Floats
2026-01-15T00:00:00Z,-42.0,55.0,0,17.03,34.8,5.6,0.615,NOAA ERDDAP / Argo Floats
2026-01-15T00:00:00Z,-41.0,55.0,100,18.28,35.49,5.72,0.915,NOAA ERDDAP / Argo Floats
2026-01-15T00:00:00Z,-40.0,55.0,0,19.31,34.27,5.76,0.856,NOAA ERDDAP / Argo Floats
2026-01-15T00:00:00Z,-39.0,55.0,10,18.68,34.44,5.69,0.942,NOAA ERDDAP / Argo Floats
2026-01-15T00:00:00Z,-38.0,55.0,10,17.76,34.82,5.37,0.545,NOAA ERDDAP / Argo Floats
2026-01-15T00:00:00Z,-37.0,55.0,0,18.88,34.6,5.56,0.814,NOAA ERDDAP / Argo Floats
2026-01-15T00:00:00Z,-36.0,55.0,10,19.66,34.71,5.76,0.621,NOAA ERDDAP / Argo Floats
2026-01-15T00:00:00Z,-35.0,55.0,20,19.79,34.47,5.79,0.511,NOAA ERDDAP / Argo Floats
2026-01-15T00:00:00Z,-34.0,55.0,0,19.59,34.97,5.36,0.999,NOAA ERDDAP / Argo Floats
2026-01-15T00:00:00Z,-33.0,55.0,0,20.07,35.19,5.55,0.602,NOAA ERDDAP / Argo Floats
2026-01-15T00:00:00Z,-32.0,55.0,10,21.31,34.69,5.29,0.681,NOAA ERDDAP / Argo Floats
2026-01-15T00:00:00Z,-31.0,55.0,0,21.01,34.94,5.8,0.558,NOAA ERDDAP / Argo Floats
2026-01-15T00:00:00Z,-30.0,55.0,0,20.05,34.67,5.48,0.479,NOAA ERDDAP / Argo Floats
2026-01-15T00:00:00Z,-29.0,55.0,0,20.22,34.37,5.4,0.821,NOAA ERDDAP / Argo Floats
2026-01-15T00:00:00Z,-28.0,55.0,0,21.92,35.09,5.38,1.16,NOAA ERDDAP / Argo Floats
2026-01-15T00:00:00Z,-27.0,55.0,0,22.42,34.98,5.51,0.485,NOAA ERDDAP / Argo Floats
2026-01-15T00:00:00Z,-26.0,55.0,10,23.01,34.81,5.17,0.856,NOAA ERDDAP / Argo Floats
2026-01-15T00:00:00Z,-25.0,55.0,0,22.53,34.72,5.52,0.485,NOAA ERDDAP / Argo Floats
2026-01-15T00:00:00Z,-24.0,55.0,0,22.86,34.56,5.23,0.704,NOAA ERDDAP / Argo Floats
2026-01-15T00:00:00Z,-23.0,55.0,50,23.0,34.61,5.2,0.406,NOAA ERDDAP / Argo Floats
2026-01-15T00:00:00Z,-22.0,55.0,0,22.77,34.76,5.23,0.423,NOAA ERDDAP / Argo Floats
2026-01-15T00:00:00Z,-21.0,55.0,0,22.29,34.86,5.01,0.495,NOAA ERDDAP / Argo Floats
2026-01-15T00:00:00Z,-20.0,55.0,0,24.17,34.92,5.44,0.681,NOAA ERDDAP / Argo Floats
2026-01-15T00:00:00Z,-19.0,55.0,100,23.38,35.19,5.5,0.377,NOAA ERDDAP / Argo Floats
2026-01-15T00:00:00Z,-18.0,55.0,10,24.93,35.6,4.96,0.397,NOAA ERDDAP / Argo Floats
2026-01-15T00:00:00Z,-17.0,55.0,20,23.97,34.31,4.97,0.735,NOAA ERDDAP / Argo Floats
2026-01-15T00:00:00Z,-16.0,55.0,20,23.66,34.76,5.14,0.503,NOAA ERDDAP / Argo Floats
2026-01-15T00:00:00Z,-15.0,55.0,0,25.07,34.83,4.89,0.343,NOAA ERDDAP / Argo Floats
2026-01-15T00:00:00Z,-14.0,55.0,0,24.91,35.74,4.7,0.375,NOAA ERDDAP / Argo Floats
2026-01-15T00:00:00Z,-13.0,55.0,0,24.38,35.24,4.87,0.315,NOAA ERDDAP / Argo Floats
2026-01-15T00:00:00Z,-12.0,55.0,10,24.07,35.11,4.8,0.44,NOAA ERDDAP / Argo Floats
2026-01-15T00:00:00Z,-11.0,55.0,10,26.11,34.76,5.1,0.59,NOAA ERDDAP / Argo Floats
2026-01-15T00:00:00Z,-10.0,55.0,0,25.56,34.63,4.93,0.645,NOAA ERDDAP / Argo Floats
2026-01-15T00:00:00Z,-9.0,55.0,20,26.55,35.2,4.85,0.314,NOAA ERDDAP / Argo Floats
2026-01-15T00:00:00Z,-8.0,55.0,10,26.73,35.17,4.53,0.264,NOAA ERDDAP / Argo Floats
2026-01-15T00:00:00Z,-7.0,55.0,0,27.24,35.09,4.97,0.252,NOAA ERDDAP / Argo Floats
2026-01-15T00:00:00Z,-6.0,55.0,100,26.89,34.65,5.29,0.235,NOAA ERDDAP / Argo Floats
2026-01-15T00:00:00Z,-5.0,55.0,20,27.47,34.71,4.68,0.268,NOAA ERDDAP / Argo Floats
2026-01-15T00:00:00Z,-4.0,55.0,0,26.91,34.72,4.88,0.262,NOAA ERDDAP / Argo Floats
2026-01-15T00:00:00Z,-3.0,55.0,10,28.91,35.04,4.79,0.205,NOAA ERDDAP / Argo Floats
2026-01-15T00:00:00Z,-2.0,55.0,0,27.67,34.84,4.64,0.451,NOAA ERDDAP / Argo Floats
2026-01-15T00:00:00Z,-1.0,55.0,10,29.24,34.57,4.79,0.193,NOAA ERDDAP / Argo Floats
2026-01-15T00:00:00Z,0.0,55.0,20,28.66,35.4,4.45,0.851,NOAA ERDDAP / Argo Floats
2026-01-15T00:00:00Z,1.0,55.0,10,28.88,34.91,4.72,0.412,NOAA ERDDAP / Argo Floats
2026-01-15T00:00:00Z,2.0,55.0,100,29.3,34.75,4.88,1.291,NOAA ERDDAP / Argo Floats
2026-01-15T00:00:00Z,3.0,55.0,50,27.21,34.99,4.54,0.491,NOAA ERDDAP / Argo Floats
2026-01-15T00:00:00Z,4.0,55.0,10,28.3,34.65,4.9,0.302,NOAA ERDDAP / Argo Floats
2026-01-15T00:00:00Z,5.0,55.0,0,26.91,35.4,4.84,0.742,NOAA ERDDAP / Argo Floats
2026-01-15T00:00:00Z,6.0,55.0,0,27.36,34.48,4.93,0.447,NOAA ERDDAP / Argo Floats
2026-01-15T00:00:00Z,7.0,55.0,0,26.6,34.7,4.32,0.648,NOAA ERDDAP / Argo Floats
2026-01-15T00:00:00Z,8.0,55.0,0,26.75,35.06,4.9,0.448,NOAA ERDDAP / Argo Floats
2026-01-15T00:00:00Z,9.0,55.0,50,25.32,35.05,4.56,0.307,NOAA ERDDAP / Argo Floats
2026-01-15T00:00:00Z,10.0,55.0,20,26.54,34.68,4.9,0.287,NOAA ERDDAP / Argo Floats
2026-01-15T00:00:00Z,11.0,55.0,20,25.1,35.33,5.25,0.544,NOAA ERDDAP / Argo Floats
2026-01-15T00:00:00Z,12.0,55.0,10,25.88,35.15,5.1,0.405,NOAA ERDDAP / Argo Floats
2026-01-15T00:00:00Z,13.0,55.0,0,25.35,34.49,4.72,0.546,NOAA ERDDAP / Argo Floats
2026-01-15T00:00:00Z,14.0,55.0,50,24.86,35.22,5.06,0.342,NOAA ERDDAP / Argo Floats
2026-01-15T00:00:00Z,15.0,55.0,50,25.52,34.63,5.16,0.615,NOAA ERDDAP / Argo Floats
2026-01-15T00:00:00Z,16.0,55.0,10,25.52,35.01,4.81,0.326,NOAA ERDDAP / Argo Floats
2026-01-15T00:00:00Z,17.0,55.0,20,25.54,34.63,5.26,0.34,NOAA ERDDAP / Argo Floats
2026-01-15T00:00:00Z,18.0,55.0,50,21.85,35.26,5.1,1.355,NOAA ERDDAP / Argo Floats
2026-01-15T00:00:00Z,19.0,55.0,0,24.73,34.98,4.89,0.871,NOAA ERDDAP / Argo Floats
2026-01-15T00:00:00Z,20.0,55.0,10,23.67,35.31,5.12,0.488,NOAA ERDDAP / Argo Floats
2026-01-15T00:00:00Z,21.0,55.0,50,23.25,34.76,5.36,0.94,NOAA ERDDAP / Argo Floats
2026-01-15T00:00:00Z,22.0,55.0,50,24.61,34.66,5.2,0.408,NOAA ERDDAP / Argo Floats
2026-01-15T00:00:00Z,23.0,55.0,0,24.08,34.47,5.25,0.605,NOAA ERDDAP / Argo Floats
2026-01-15T00:00:00Z,24.0,55.0,0,23.89,35.62,5.32,0.699,NOAA ERDDAP / Argo Floats
2026-01-15T00:00:00Z,25.0,55.0,20,21.96,34.85,5.29,0.405,NOAA ERDDAP / Argo Floats
2026-01-15T00:00:00Z,26.0,55.0,20,22.82,35.39,5.49,1.083,NOAA ERDDAP / Argo Floats
2026-01-15T00:00:00Z,27.0,55.0,100,20.24,35.0,5.19,0.493,NOAA ERDDAP / Argo Floats
2026-01-15T00:00:00Z,28.0,55.0,0,20.83,34.77,5.41,0.47,NOAA ERDDAP / Argo Floats
2026-01-15T00:00:00Z,29.0,55.0,20,20.99,35.72,5.48,0.613,NOAA ERDDAP / Argo Floats
2026-01-15T00:00:00Z,30.0,55.0,0,20.88,35.11,5.36,0.502,NOAA ERDDAP / Argo Floats
2026-01-15T00:00:00Z,-45.0,56.0,10,16.52,35.21,5.9,0.757,NOAA ERDDAP / Argo Floats
2026-01-15T00:00:00Z,-44.0,56.0,10,18.87,34.76,5.81,0.593,NOAA ERDDAP / Argo Floats
2026-01-15T00:00:00Z,-43.0,56.0,0,17.78,34.84,5.98,0.598,NOAA ERDDAP / Argo Floats
2026-01-15T00:00:00Z,-42.0,56.0,100,17.18,34.88,5.75,0.618,NOAA ERDDAP / Argo Floats
2026-01-15T00:00:00Z,-41.0,56.0,10,17.35,34.82,5.72,0.594,NOAA ERDDAP / Argo Floats
2026-01-15T00:00:00Z,-40.0,56.0,20,18.71,34.8,5.51,0.834,NOAA ERDDAP / Argo Floats
2026-01-15T00:00:00Z,-39.0,56.0,20,18.56,34.94,5.52,1.032,NOAA ERDDAP / Argo Floats
2026-01-15T00:00:00Z,-38.0,56.0,50,19.48,34.69,5.72,0.539,NOAA ERDDAP / Argo Floats
2026-01-15T00:00:00Z,-37.0,56.0,0,18.87,34.78,5.32,0.608,NOAA ERDDAP / Argo Floats
2026-01-15T00:00:00Z,-36.0,56.0,100,20.03,34.92,5.67,0.927,NOAA ERDDAP / Argo Floats
2026-01-15T00:00:00Z,-35.0,56.0,0,20.75,34.95,5.21,0.72,NOAA ERDDAP / Argo Floats
2026-01-15T00:00:00Z,-34.0,56.0,10,19.44,35.15,5.26,0.49,NOAA ERDDAP / Argo Floats
2026-01-15T00:00:00Z,-33.0,56.0,20,20.92,35.01,5.47,0.483,NOAA ERDDAP / Argo Floats
2026-01-15T00:00:00Z,-32.0,56.0,10,20.79,34.67,5.57,0.987,NOAA ERDDAP / Argo Floats
2026-01-15T00:00:00Z,-31.0,56.0,0,21.12,34.79,5.73,0.532,NOAA ERDDAP / Argo Floats
2026-01-15T00:00:00Z,-30.0,56.0,20,20.07,35.28,5.38,0.682,NOAA ERDDAP / Argo Floats
2026-01-15T00:00:00Z,-29.0,56.0,10,22.19,35.05,5.7,0.535,NOAA ERDDAP / Argo Floats
2026-01-15T00:00:00Z,-28.0,56.0,0,22.53,35.16,5.28,0.86,NOAA ERDDAP / Argo Floats
2026-01-15T00:00:00Z,-27.0,56.0,20,20.53,34.81,5.28,0.623,NOAA ERDDAP / Argo Floats
2026-01-15T00:00:00Z,-26.0,56.0,10,22.63,34.95,5.39,0.865,NOAA ERDDAP / Argo Floats
2026-01-15T00:00:00Z,-25.0,56.0,10,25.66,34.81,5.36,0.564,NOAA ERDDAP / Argo Floats
2026-01-15T00:00:00Z,-24.0,56.0,10,22.54,35.23,5.28,0.888,NOAA ERDDAP / Argo Floats
2026-01-15T00:00:00Z,-23.0,56.0,0,23.78,34.88,5.19,0.819,NOAA ERDDAP / Argo Floats
2026-01-15T00:00:00Z,-22.0,56.0,10,23.17,34.44,5.03,0.48,NOAA ERDDAP / Argo Floats
2026-01-15T00:00:00Z,-21.0,56.0,0,22.04,35.11,5.13,0.753,NOAA ERDDAP / Argo Floats
2026-01-15T00:00:00Z,-20.0,56.0,0,24.43,34.69,5.56,0.542,NOAA ERDDAP / Argo Floats
2026-01-15T00:00:00Z,-19.0,56.0,10,24.48,34.77,5.14,0.399,NOAA ERDDAP / Argo Floats
2026-01-15T00:00:00Z,-18.0,56.0,10,23.95,35.02,5.4,0.354,NOAA ERDDAP / Argo Floats
2026-01-15T00:00:00Z,-17.0,56.0,0,24.08,35.21,5.2,0.357,NOAA ERDDAP / Argo Floats
2026-01-15T00:00:00Z,-16.0,56.0,0,23.03,34.85,5.41,1.295,NOAA ERDDAP / Argo Floats
2026-01-15T00:00:00Z,-15.0,56.0,0,26.08,34.99,4.79,0.627,NOAA ERDDAP / Argo Floats
2026-01-15T00:00:00Z,-14.0,56.0,0,26.76,35.07,5.17,0.618,NOAA ERDDAP / Argo Floats
2026-01-15T00:00:00Z,-13.0,56.0,0,24.96,34.89,5.06,0.456,NOAA ERDDAP / Argo Floats
2026-01-15T00:00:00Z,-12.0,56.0,20,25.85,34.74,4.37,0.277,NOAA ERDDAP / Argo Floats
2026-01-15T00:00:00Z,-11.0,56.0,0,24.11,34.56,4.98,0.384,NOAA ERDDAP / Argo Floats
2026-01-15T00:00:00Z,-10.0,56.0,20,25.69,34.98,4.68,0.287,NOAA ERDDAP / Argo Floats
2026-01-15T00:00:00Z,-9.0,56.0,0,26.69,35.26,4.67,0.295,NOAA ERDDAP / Argo Floats
2026-01-15T00:00:00Z,-8.0,56.0,20,26.01,34.51,4.69,0.316,NOAA ERDDAP / Argo Floats
2026-01-15T00:00:00Z,-7.0,56.0,50,26.28,34.73,4.45,0.543,NOAA ERDDAP / Argo Floats
2026-01-15T00:00:00Z,-6.0,56.0,10,26.48,34.67,4.73,0.215,NOAA ERDDAP / Argo Floats
2026-01-15T00:00:00Z,-5.0,56.0,0,27.34,35.28,4.71,0.405,NOAA ERDDAP / Argo Floats
2026-01-15T00:00:00Z,-4.0,56.0,50,29.24,35.15,4.77,0.995,NOAA ERDDAP / Argo Floats
2026-01-15T00:00:00Z,-3.0,56.0,10,28.56,34.98,4.21,0.389,NOAA ERDDAP / Argo Floats
2026-01-15T00:00:00Z,-2.0,56.0,0,27.66,35.41,4.02,0.359,NOAA ERDDAP / Argo Floats
2026-01-15T00:00:00Z,-1.0,56.0,100,28.71,34.75,4.59,0.222,NOAA ERDDAP / Argo Floats
2026-01-15T00:00:00Z,0.0,56.0,0,29.95,35.33,4.37,0.326,NOAA ERDDAP / Argo Floats
2026-01-15T00:00:00Z,1.0,56.0,0,28.04,35.13,4.59,0.189,NOAA ERDDAP / Argo Floats
2026-01-15T00:00:00Z,2.0,56.0,10,27.8,35.19,4.26,0.317,NOAA ERDDAP / Argo Floats
2026-01-15T00:00:00Z,3.0,56.0,20,28.53,35.03,4.63,0.427,NOAA ERDDAP / Argo Floats
2026-01-15T00:00:00Z,4.0,56.0,10,27.52,34.92,4.53,0.225,NOAA ERDDAP / Argo Floats
2026-01-15T00:00:00Z,5.0,56.0,10,27.73,35.08,4.56,0.521,NOAA ERDDAP / Argo Floats
2026-01-15T00:00:00Z,6.0,56.0,0,27.06,34.93,5.02,0.212,NOAA ERDDAP / Argo Floats
2026-01-15T00:00:00Z,7.0,56.0,10,26.61,35.14,4.81,0.342,NOAA ERDDAP / Argo Floats
2026-01-15T00:00:00Z,8.0,56.0,0,28.94,34.69,4.34,0.296,NOAA ERDDAP / Argo Floats
2026-01-15T00:00:00Z,9.0,56.0,100,25.58,35.37,4.55,0.31,NOAA ERDDAP / Argo Floats
2026-01-15T00:00:00Z,10.0,56.0,50,25.72,35.09,4.58,0.353,NOAA ERDDAP / Argo Floats
2026-01-15T00:00:00Z,11.0,56.0,50,26.25,35.12,4.83,0.864,NOAA ERDDAP / Argo Floats
2026-01-15T00:00:00Z,12.0,56.0,10,26.2,35.66,4.84,0.501,NOAA ERDDAP / Argo Floats
2026-01-15T00:00:00Z,13.0,56.0,0,25.21,35.35,4.83,0.365,NOAA ERDDAP / Argo Floats
2026-01-15T00:00:00Z,14.0,56.0,10,24.78,35.13,4.53,0.312,NOAA ERDDAP / Argo Floats
2026-01-15T00:00:00Z,15.0,56.0,0,24.79,35.02,4.95,0.399,NOAA ERDDAP / Argo Floats
2026-01-15T00:00:00Z,16.0,56.0,0,24.26,34.99,5.09,0.607,NOAA ERDDAP / Argo Floats
2026-01-15T00:00:00Z,17.0,56.0,0,24.7,35.36,5.12,0.537,NOAA ERDDAP / Argo Floats
2026-01-15T00:00:00Z,18.0,56.0,20,23.01,34.85,5.36,0.526,NOAA ERDDAP / Argo Floats
2026-01-15T00:00:00Z,19.0,56.0,50,23.51,35.28,5.14,0.4,NOAA ERDDAP / Argo Floats
2026-01-15T00:00:00Z,20.0,56.0,50,23.88,35.29,5.12,0.78,NOAA ERDDAP / Argo Floats
2026-01-15T00:00:00Z,21.0,56.0,0,23.77,35.23,5.0,0.382,NOAA ERDDAP / Argo Floats
2026-01-15T00:00:00Z,22.0,56.0,0,22.98,34.95,5.24,0.743,NOAA ERDDAP / Argo Floats
2026-01-15T00:00:00Z,23.0,56.0,0,23.38,34.95,5.16,0.617,NOAA ERDDAP / Argo Floats
2026-01-15T00:00:00Z,24.0,56.0,0,20.62,35.36,5.23,0.824,NOAA ERDDAP / Argo Floats
2026-01-15T00:00:00Z,25.0,56.0,10,22.24,35.1,5.62,0.646,NOAA ERDDAP / Argo Floats
2026-01-15T00:00:00Z,26.0,56.0,0,21.39,35.61,5.37,1.061,NOAA ERDDAP / Argo Floats
2026-01-15T00:00:00Z,27.0,56.0,20,22.25,35.15,5.52,0.511,NOAA ERDDAP / Argo Floats
2026-01-15T00:00:00Z,28.0,56.0,0,21.91,35.24,5.04,0.559,NOAA ERDDAP / Argo Floats
2026-01-15T00:00:00Z,29.0,56.0,0,22.65,35.09,5.14,0.566,NOAA ERDDAP / Argo Floats
2026-01-15T00:00:00Z,30.0,56.0,100,20.33,35.18,5.28,0.963,NOAA ERDDAP / Argo Floats
2026-01-15T00:00:00Z,-45.0,57.0,0,15.82,34.33,5.66,0.623,NOAA ERDDAP / Argo Floats
2026-01-15T00:00:00Z,-44.0,57.0,0,18.62,35.02,5.68,0.604,NOAA ERDDAP / Argo Floats
2026-01-15T00:00:00Z,-43.0,57.0,20,17.78,35.15,5.38,0.678,NOAA ERDDAP / Argo Floats
2026-01-15T00:00:00Z,-42.0,57.0,10,17.72,34.45,5.53,1.499,NOAA ERDDAP / Argo Floats
2026-01-15T00:00:00Z,-41.0,57.0,100,18.88,34.85,5.94,0.671,NOAA ERDDAP / Argo Floats
2026-01-15T00:00:00Z,-40.0,57.0,0,16.99,35.02,5.58,0.553,NOAA ERDDAP / Argo Floats
2026-01-15T00:00:00Z,-39.0,57.0,0,18.27,34.14,5.44,0.551,NOAA ERDDAP / Argo Floats
2026-01-15T00:00:00Z,-38.0,57.0,0,19.04,34.52,6.06,0.757,NOAA ERDDAP / Argo Floats
2026-01-15T00:00:00Z,-37.0,57.0,10,19.21,34.72,5.47,0.623,NOAA ERDDAP / Argo Floats
2026-01-15T00:00:00Z,-36.0,57.0,0,19.62,35.09,5.6,0.849,NOAA ERDDAP / Argo Floats
2026-01-15T00:00:00Z,-35.0,57.0,100,20.36,34.98,5.49,0.617,NOAA ERDDAP / Argo Floats
2026-01-15T00:00:00Z,-34.0,57.0,0,20.05,34.84,5.39,0.587,NOAA ERDDAP / Argo Floats
2026-01-15T00:00:00Z,-33.0,57.0,10,19.65,34.58,5.65,0.534,NOAA ERDDAP / Argo Floats
2026-01-15T00:00:00Z,-32.0,57.0,100,19.95,34.26,5.29,0.511,NOAA ERDDAP / Argo Floats
2026-01-15T00:00:00Z,-31.0,57.0,100,21.09,33.94,5.46,1.382,NOAA ERDDAP / Argo Floats
2026-01-15T00:00:00Z,-30.0,57.0,10,22.08,34.91,5.0,0.634,NOAA ERDDAP / Argo Floats
2026-01-15T00:00:00Z,-29.0,57.0,20,21.11,34.7,5.62,0.488,NOAA ERDDAP / Argo Floats
2026-01-15T00:00:00Z,-28.0,57.0,10,22.97,34.72,5.19,0.577,NOAA ERDDAP / Argo Floats
2026-01-15T00:00:00Z,-27.0,57.0,10,21.43,34.88,5.26,0.463,NOAA ERDDAP / Argo Floats
2026-01-15T00:00:00Z,-26.0,57.0,0,21.68,35.22,5.34,0.514,NOAA ERDDAP / Argo Floats
2026-01-15T00:00:00Z,-25.0,57.0,20,22.28,34.8,4.97,0.446,NOAA ERDDAP / Argo Floats
2026-01-15T00:00:00Z,-24.0,57.0,0,24.35,34.96,5.51,0.48,NOAA ERDDAP / Argo Floats
2026-01-15T00:00:00Z,-23.0,57.0,100,22.24,34.59,4.94,0.474,NOAA ERDDAP / Argo Floats
2026-01-15T00:00:00Z,-22.0,57.0,0,22.31,34.75,5.13,0.392,NOAA ERDDAP / Argo Floats
2026-01-15T00:00:00Z,-21.0,57.0,10,24.1,35.36,4.87,0.692,NOAA ERDDAP / Argo Floats
2026-01-15T00:00:00Z,-20.0,57.0,0,23.99,35.01,5.11,1.08,NOAA ERDDAP / Argo Floats
2026-01-15T00:00:00Z,-19.0,57.0,0,22.95,34.85,4.9,0.399,NOAA ERDDAP / Argo Floats
2026-01-15T00:00:00Z,-18.0,57.0,0,24.37,34.8,4.92,0.433,NOAA ERDDAP / Argo Floats
2026-01-15T00:00:00Z,-17.0,57.0,10,25.02,34.65,4.48,1.359,NOAA ERDDAP / Argo Floats
2026-01-15T00:00:00Z,-16.0,57.0,0,24.54,34.78,4.88,0.922,NOAA ERDDAP / Argo Floats
2026-01-15T00:00:00Z,-15.0,57.0,10,25.2,35.2,4.92,0.677,NOAA ERDDAP / Argo Floats
2026-01-15T00:00:00Z,-14.0,57.0,0,25.2,34.97,4.84,0.328,NOAA ERDDAP / Argo Floats
2026-01-15T00:00:00Z,-13.0,57.0,0,25.1,35.02,5.29,0.353,NOAA ERDDAP / Argo Floats
2026-01-15T00:00:00Z,-12.0,57.0,20,24.97,35.73,4.87,0.898,NOAA ERDDAP / Argo Floats
2026-01-15T00:00:00Z,-11.0,57.0,20,26.03,34.76,5.01,0.261,NOAA ERDDAP / Argo Floats
2026-01-15T00:00:00Z,-10.0,57.0,0,26.1,35.39,4.96,0.331,NOAA ERDDAP / Argo Floats
2026-01-15T00:00:00Z,-9.0,57.0,10,25.71,34.79,4.58,0.283,NOAA ERDDAP / Argo Floats
2026-01-15T00:00:00Z,-8.0,57.0,20,26.94,34.95,4.57,0.283,NOAA ERDDAP / Argo Floats
2026-01-15T00:00:00Z,-7.0,57.0,50,26.36,34.54,4.79,0.23,NOAA ERDDAP / Argo Floats
2026-01-15T00:00:00Z,-6.0,57.0,50,27.22,34.66,4.37,0.711,NOAA ERDDAP / Argo Floats
2026-01-15T00:00:00Z,-5.0,57.0,10,28.76,34.88,4.79,0.511,NOAA ERDDAP / Argo Floats
2026-01-15T00:00:00Z,-4.0,57.0,0,26.73,35.12,4.8,0.372,NOAA ERDDAP / Argo Floats
2026-01-15T00:00:00Z,-3.0,57.0,50,27.59,35.66,4.66,0.239,NOAA ERDDAP / Argo Floats
2026-01-15T00:00:00Z,-2.0,57.0,0,28.26,34.92,4.75,0.181,NOAA ERDDAP / Argo Floats
2026-01-15T00:00:00Z,-1.0,57.0,50,27.96,35.14,4.71,0.202,NOAA ERDDAP / Argo Floats
2026-01-15T00:00:00Z,0.0,57.0,10,29.06,35.26,4.6,0.335,NOAA ERDDAP / Argo Floats
2026-01-15T00:00:00Z,1.0,57.0,0,27.67,35.08,4.68,0.356,NOAA ERDDAP / Argo Floats
2026-01-15T00:00:00Z,2.0,57.0,0,26.67,35.3,4.65,0.234,NOAA ERDDAP / Argo Floats
2026-01-15T00:00:00Z,3.0,57.0,0,26.88,34.46,4.62,0.184,NOAA ERDDAP / Argo Floats
2026-01-15T00:00:00Z,4.0,57.0,20,27.1,34.75,4.72,0.212,NOAA ERDDAP / Argo Floats
2026-01-15T00:00:00Z,5.0,57.0,10,28.37,35.04,4.74,0.284,NOAA ERDDAP / Argo Floats
2026-01-15T00:00:00Z,6.0,57.0,20,27.4,35.19,4.71,0.229,NOAA ERDDAP / Argo Floats
2026-01-15T00:00:00Z,7.0,57.0,50,25.36,35.02,4.48,0.244,NOAA ERDDAP / Argo Floats
2026-01-15T00:00:00Z,8.0,57.0,0,25.52,34.56,5.48,0.287,NOAA ERDDAP / Argo Floats
2026-01-15T00:00:00Z,9.0,57.0,10,26.32,35.21,4.95,0.585,NOAA ERDDAP / Argo Floats
2026-01-15T00:00:00Z,10.0,57.0,0,26.67,34.91,4.87,0.337,NOAA ERDDAP / Argo Floats
2026-01-15T00:00:00Z,11.0,57.0,0,24.97,34.9,4.81,0.546,NOAA ERDDAP / Argo Floats
2026-01-15T00:00:00Z,12.0,57.0,0,25.77,34.94,4.7,0.563,NOAA ERDDAP / Argo Floats
2026-01-15T00:00:00Z,13.0,57.0,10,24.77,34.63,4.63,0.288,NOAA ERDDAP / Argo Floats
2026-01-15T00:00:00Z,14.0,57.0,10,25.01,35.05,5.29,0.754,NOAA ERDDAP / Argo Floats
2026-01-15T00:00:00Z,15.0,57.0,10,24.67,35.04,4.73,0.962,NOAA ERDDAP / Argo Floats
2026-01-15T00:00:00Z,16.0,57.0,10,25.83,35.22,4.94,1.0,NOAA ERDDAP / Argo Floats
2026-01-15T00:00:00Z,17.0,57.0,0,23.67,34.93,5.11,0.521,NOAA ERDDAP / Argo Floats
2026-01-15T00:00:00Z,18.0,57.0,0,23.62,35.33,5.27,0.343,NOAA ERDDAP / Argo Floats
2026-01-15T00:00:00Z,19.0,57.0,0,24.78,34.62,5.04,0.346,NOAA ERDDAP / Argo Floats
2026-01-15T00:00:00Z,20.0,57.0,0,23.24,35.1,5.23,0.893,NOAA ERDDAP / Argo Floats
2026-01-15T00:00:00Z,21.0,57.0,0,23.96,34.76,5.58,0.797,NOAA ERDDAP / Argo Floats
2026-01-15T00:00:00Z,22.0,57.0,20,22.07,34.77,5.28,0.539,NOAA ERDDAP / Argo Floats
2026-01-15T00:00:00Z,23.0,57.0,50,21.87,35.17,5.09,0.398,NOAA ERDDAP / Argo Floats
2026-01-15T00:00:00Z,24.0,57.0,0,22.83,35.04,5.67,0.421,NOAA ERDDAP / Argo Floats
2026-01-15T00:00:00Z,25.0,57.0,0,22.27,35.11,5.34,0.51,NOAA ERDDAP / Argo Floats
2026-01-15T00:00:00Z,26.0,57.0,20,20.93,35.73,5.32,0.449,NOAA ERDDAP / Argo Floats
2026-01-15T00:00:00Z,27.0,57.0,10,21.74,34.74,5.12,0.997,NOAA ERDDAP / Argo Floats
2026-01-15T00:00:00Z,28.0,57.0,0,22.62,35.58,5.26,0.554,NOAA ERDDAP / Argo Floats
2026-01-15T00:00:00Z,29.0,57.0,100,21.84,35.27,5.37,0.687,NOAA ERDDAP / Argo Floats
2026-01-15T00:00:00Z,30.0,57.0,0,21.72,35.22,5.32,0.669,NOAA ERDDAP / Argo Floats
2026-01-15T00:00:00Z,-45.0,58.0,0,16.65,34.75,5.77,0.87,NOAA ERDDAP / Argo Floats
2026-01-15T00:00:00Z,-44.0,58.0,10,17.78,34.72,5.78,0.923,NOAA ERDDAP / Argo Floats
2026-01-15T00:00:00Z,-43.0,58.0,0,18.32,34.98,5.96,0.702,NOAA ERDDAP / Argo Floats
2026-01-15T00:00:00Z,-42.0,58.0,100,17.42,35.22,6.06,0.884,NOAA ERDDAP / Argo Floats
2026-01-15T00:00:00Z,-41.0,58.0,20,18.63,34.57,5.7,0.926,NOAA ERDDAP / Argo Floats
2026-01-15T00:00:00Z,-40.0,58.0,10,17.55,34.12,5.77,0.602,NOAA ERDDAP / Argo Floats
2026-01-15T00:00:00Z,-39.0,58.0,0,18.97,35.03,5.35,0.621,NOAA ERDDAP / Argo Floats
2026-01-15T00:00:00Z,-38.0,58.0,20,18.67,34.83,5.08,0.86,NOAA ERDDAP / Argo Floats
2026-01-15T00:00:00Z,-37.0,58.0,0,20.83,34.53,5.59,1.212,NOAA ERDDAP / Argo Floats
2026-01-15T00:00:00Z,-36.0,58.0,0,19.16,34.85,5.43,0.655,NOAA ERDDAP / Argo Floats
2026-01-15T00:00:00Z,-35.0,58.0,0,19.76,34.59,5.61,0.565,NOAA ERDDAP / Argo Floats
2026-01-15T00:00:00Z,-34.0,58.0,0,19.29,34.64,5.52,0.766,NOAA ERDDAP / Argo Floats
2026-01-15T00:00:00Z,-33.0,58.0,50,21.35,35.1,5.6,0.585,NOAA ERDDAP / Argo Floats
2026-01-15T00:00:00Z,-32.0,58.0,20,19.41,34.67,5.55,0.867,NOAA ERDDAP / Argo Floats
2026-01-15T00:00:00Z,-31.0,58.0,0,20.34,34.97,5.68,0.465,NOAA ERDDAP / Argo Floats
2026-01-15T00:00:00Z,-30.0,58.0,20,19.56,34.45,5.63,0.695,NOAA ERDDAP / Argo Floats
2026-01-15T00:00:00Z,-29.0,58.0,0,20.22,35.18,5.25,0.775,NOAA ERDDAP / Argo Floats
2026-01-15T00:00:00Z,-28.0,58.0,10,22.06,34.76,5.38,0.596,NOAA ERDDAP / Argo Floats
2026-01-15T00:00:00Z,-27.0,58.0,0,22.14,34.66,5.34,0.89,NOAA ERDDAP / Argo Floats
2026-01-15T00:00:00Z,-26.0,58.0,20,22.68,34.77,4.74,0.895,NOAA ERDDAP / Argo Floats
2026-01-15T00:00:00Z,-25.0,58.0,20,22.9,34.48,5.23,0.714,NOAA ERDDAP / Argo Floats
2026-01-15T00:00:00Z,-24.0,58.0,10,22.81,34.52,5.18,0.945,NOAA ERDDAP / Argo Floats
2026-01-15T00:00:00Z,-23.0,58.0,20,22.86,35.09,5.38,0.549,NOAA ERDDAP / Argo Floats
2026-01-15T00:00:00Z,-22.0,58.0,0,21.0,35.18,4.88,0.418,NOAA ERDDAP / Argo Floats
2026-01-15T00:00:00Z,-21.0,58.0,0,23.25,35.01,5.18,0.493,NOAA ERDDAP / Argo Floats
2026-01-15T00:00:00Z,-20.0,58.0,10,22.89,34.8,5.33,0.655,NOAA ERDDAP / Argo Floats
2026-01-15T00:00:00Z,-19.0,58.0,0,24.19,34.57,4.88,0.416,NOAA ERDDAP / Argo Floats
2026-01-15T00:00:00Z,-18.0,58.0,0,24.51,34.56,5.08,0.517,NOAA ERDDAP / Argo Floats
2026-01-15T00:00:00Z,-17.0,58.0,0,23.93,34.92,5.3,0.547,NOAA ERDDAP / Argo Floats
2026-01-15T00:00:00Z,-16.0,58.0,20,23.86,34.77,5.0,0.479,NOAA ERDDAP / Argo Floats
2026-01-15T00:00:00Z,-15.0,58.0,0,25.6,35.0,4.81,0.728,NOAA ERDDAP / Argo Floats
2026-01-15T00:00:00Z,-14.0,58.0,0,24.94,34.61,4.83,0.809,NOAA ERDDAP / Argo Floats
2026-01-15T00:00:00Z,-13.0,58.0,100,24.66,34.52,4.82,0.395,NOAA ERDDAP / Argo Floats
2026-01-15T00:00:00Z,-12.0,58.0,20,26.27,34.97,4.9,0.479,NOAA ERDDAP / Argo Floats
2026-01-15T00:00:00Z,-11.0,58.0,100,26.13,34.93,4.71,0.614,NOAA ERDDAP / Argo Floats
2026-01-15T00:00:00Z,-10.0,58.0,0,27.07,35.35,4.84,0.279,NOAA ERDDAP / Argo Floats
2026-01-15T00:00:00Z,-9.0,58.0,0,25.86,35.47,4.85,0.279,NOAA ERDDAP / Argo Floats
2026-01-15T00:00:00Z,-8.0,58.0,0,26.83,35.02,4.84,0.246,NOAA ERDDAP / Argo Floats
2026-01-15T00:00:00Z,-7.0,58.0,20,27.14,34.81,4.5,0.32,NOAA ERDDAP / Argo Floats
2026-01-15T00:00:00Z,-6.0,58.0,10,27.55,34.46,4.72,0.491,NOAA ERDDAP / Argo Floats
2026-01-15T00:00:00Z,-5.0,58.0,10,25.67,35.32,4.35,0.613,NOAA ERDDAP / Argo Floats
2026-01-15T00:00:00Z,-4.0,58.0,10,26.56,34.95,4.68,0.76,NOAA ERDDAP / Argo Floats
2026-01-15T00:00:00Z,-3.0,58.0,0,28.54,34.9,5.05,0.212,NOAA ERDDAP / Argo Floats
2026-01-15T00:00:00Z,-2.0,58.0,10,29.17,35.54,4.44,0.38,NOAA ERDDAP / Argo Floats
2026-01-15T00:00:00Z,-1.0,58.0,0,28.22,34.95,4.5,0.235,NOAA ERDDAP / Argo Floats
2026-01-15T00:00:00Z,0.0,58.0,10,28.5,35.06,4.44,0.169,NOAA ERDDAP / Argo Floats
2026-01-15T00:00:00Z,1.0,58.0,10,29.36,34.98,4.7,0.814,NOAA ERDDAP / Argo Floats
2026-01-15T00:00:00Z,2.0,58.0,0,27.97,35.16,4.33,0.228,NOAA ERDDAP / Argo Floats
2026-01-15T00:00:00Z,3.0,58.0,0,28.12,35.07,4.47,0.435,NOAA ERDDAP / Argo Floats
2026-01-15T00:00:00Z,4.0,58.0,10,26.67,34.87,4.33,0.374,NOAA ERDDAP / Argo Floats
2026-01-15T00:00:00Z,5.0,58.0,0,26.5,35.01,4.91,0.457,NOAA ERDDAP / Argo Floats
2026-01-15T00:00:00Z,6.0,58.0,0,26.37,35.42,5.11,0.813,NOAA ERDDAP / Argo Floats
2026-01-15T00:00:00Z,7.0,58.0,50,27.29,34.76,4.6,0.233,NOAA ERDDAP / Argo Floats
2026-01-15T00:00:00Z,8.0,58.0,0,26.86,35.08,4.5,0.302,NOAA ERDDAP / Argo Floats
2026-01-15T00:00:00Z,9.0,58.0,0,27.8,35.42,4.58,0.249,NOAA ERDDAP / Argo Floats
2026-01-15T00:00:00Z,10.0,58.0,0,25.88,35.35,4.56,0.596,NOAA ERDDAP / Argo Floats
2026-01-15T00:00:00Z,11.0,58.0,50,25.18,35.24,4.61,0.464,NOAA ERDDAP / Argo Floats
2026-01-15T00:00:00Z,12.0,58.0,20,25.8,34.47,5.01,1.121,NOAA ERDDAP / Argo Floats
2026-01-15T00:00:00Z,13.0,58.0,0,26.14,34.95,4.8,0.428,NOAA ERDDAP / Argo Floats
2026-01-15T00:00:00Z,14.0,58.0,20,23.29,35.0,4.85,0.291,NOAA ERDDAP / Argo Floats
2026-01-15T00:00:00Z,15.0,58.0,20,25.92,34.77,5.03,0.588,NOAA ERDDAP / Argo Floats
2026-01-15T00:00:00Z,16.0,58.0,100,23.93,34.89,5.0,0.473,NOAA ERDDAP / Argo Floats
2026-01-15T00:00:00Z,17.0,58.0,0,23.88,34.82,4.85,0.741,NOAA ERDDAP / Argo Floats
2026-01-15T00:00:00Z,18.0,58.0,0,23.87,35.05,5.18,0.693,NOAA ERDDAP / Argo Floats
2026-01-15T00:00:00Z,19.0,58.0,50,23.4,35.13,4.99,0.478,NOAA ERDDAP / Argo Floats
2026-01-15T00:00:00Z,20.0,58.0,0,23.03,35.09,5.21,0.379,NOAA ERDDAP / Argo Floats
2026-01-15T00:00:00Z,21.0,58.0,50,22.47,35.13,5.3,0.514,NOAA ERDDAP / Argo Floats
2026-01-15T00:00:00Z,22.0,58.0,0,23.94,35.06,5.43,0.404,NOAA ERDDAP / Argo Floats
2026-01-15T00:00:00Z,23.0,58.0,0,22.88,35.15,5.52,0.825,NOAA ERDDAP / Argo Floats
2026-01-15T00:00:00Z,24.0,58.0,10,22.73,34.95,5.23,0.497,NOAA ERDDAP / Argo Floats
2026-01-15T00:00:00Z,25.0,58.0,50,22.3,35.19,5.42,0.41,NOAA ERDDAP / Argo Floats
2026-01-15T00:00:00Z,26.0,58.0,20,21.09,34.52,5.15,0.55,NOAA ERDDAP / Argo Floats
2026-01-15T00:00:00Z,27.0,58.0,0,22.77,35.16,5.42,0.448,NOAA ERDDAP / Argo Floats
2026-01-15T00:00:00Z,28.0,58.0,10,21.57,35.65,5.13,0.552,NOAA ERDDAP / Argo Floats
2026-01-15T00:00:00Z,29.0,58.0,0,21.17,34.38,4.97,0.732,NOAA ERDDAP / Argo Floats
2026-01-15T00:00:00Z,30.0,58.0,10,20.27,35.31,5.49,0.906,NOAA ERDDAP / Argo Floats
2026-01-15T00:00:00Z,-45.0,59.0,0,17.61,34.83,5.94,1.03,NOAA ERDDAP / Argo Floats
2026-01-15T00:00:00Z,-44.0,59.0,20,17.89,35.18,5.94,0.917,NOAA ERDDAP / Argo Floats
2026-01-15T00:00:00Z,-43.0,59.0,0,16.38,34.97,5.72,0.802,NOAA ERDDAP / Argo Floats
2026-01-15T00:00:00Z,-42.0,59.0,0,18.95,34.95,6.05,0.614,NOAA ERDDAP / Argo Floats
2026-01-15T00:00:00Z,-41.0,59.0,0,18.9,35.12,5.79,0.914,NOAA ERDDAP / Argo Floats
2026-01-15T00:00:00Z,-40.0,59.0,0,19.41,34.94,5.76,1.106,NOAA ERDDAP / Argo Floats
2026-01-15T00:00:00Z,-39.0,59.0,100,19.02,34.73,5.69,0.571,NOAA ERDDAP / Argo Floats
2026-01-15T00:00:00Z,-38.0,59.0,10,18.14,34.76,5.99,0.962,NOAA ERDDAP / Argo Floats
2026-01-15T00:00:00Z,-37.0,59.0,50,19.34,34.31,5.58,0.935,NOAA ERDDAP / Argo Floats
2026-01-15T00:00:00Z,-36.0,59.0,0,20.01,34.45,5.3,0.668,NOAA ERDDAP / Argo Floats
2026-01-15T00:00:00Z,-35.0,59.0,0,19.85,35.2,5.02,1.427,NOAA ERDDAP / Argo Floats
2026-01-15T00:00:00Z,-34.0,59.0,100,20.35,35.24,5.68,0.603,NOAA ERDDAP / Argo Floats
2026-01-15T00:00:00Z,-33.0,59.0,10,20.17,34.97,5.08,0.898,NOAA ERDDAP / Argo Floats
2026-01-15T00:00:00Z,-32.0,59.0,20,20.41,34.79,5.48,0.538,NOAA ERDDAP / Argo Floats
2026-01-15T00:00:00Z,-31.0,59.0,10,21.95,34.83,5.54,0.495,NOAA ERDDAP / Argo Floats
2026-01-15T00:00:00Z,-30.0,59.0,10,22.71,34.57,5.61,0.814,NOAA ERDDAP / Argo Floats
2026-01-15T00:00:00Z,-29.0,59.0,0,20.82,34.43,5.37,1.363,NOAA ERDDAP / Argo Floats
2026-01-15T00:00:00Z,-28.0,59.0,0,20.72,34.57,5.2,0.481,NOAA ERDDAP / Argo Floats
2026-01-15T00:00:00Z,-27.0,59.0,10,23.87,34.94,5.29,0.661,NOAA ERDDAP / Argo Floats
2026-01-15T00:00:00Z,-26.0,59.0,0,22.14,35.09,5.31,0.481,NOAA ERDDAP / Argo Floats
2026-01-15T00:00:00Z,-25.0,59.0,0,21.93,34.43,5.06,0.598,NOAA ERDDAP / Argo Floats
2026-01-15T00:00:00Z,-24.0,59.0,0,21.14,34.78,5.0,0.441,NOAA ERDDAP / Argo Floats
2026-01-15T00:00:00Z,-23.0,59.0,0,24.74,34.52,5.02,0.517,NOAA ERDDAP / Argo Floats
2026-01-15T00:00:00Z,-22.0,59.0,0,23.12,34.87,4.95,0.399,NOAA ERDDAP / Argo Floats
2026-01-15T00:00:00Z,-21.0,59.0,0,23.87,34.82,5.1,0.392,NOAA ERDDAP / Argo Floats
2026-01-15T00:00:00Z,-20.0,59.0,0,24.38,35.02,5.39,0.564,NOAA ERDDAP / Argo Floats
2026-01-15T00:00:00Z,-19.0,59.0,0,23.95,34.21,5.06,0.503,NOAA ERDDAP / Argo Floats
2026-01-15T00:00:00Z,-18.0,59.0,0,24.4,35.52,4.72,0.692,NOAA ERDDAP / Argo Floats
2026-01-15T00:00:00Z,-17.0,59.0,0,25.19,35.36,5.37,0.525,NOAA ERDDAP / Argo Floats
2026-01-15T00:00:00Z,-16.0,59.0,0,24.22,35.06,4.88,0.537,NOAA ERDDAP / Argo Floats
2026-01-15T00:00:00Z,-15.0,59.0,20,24.85,35.09,4.98,0.637,NOAA ERDDAP / Argo Floats
2026-01-15T00:00:00Z,-14.0,59.0,0,27.0,34.35,5.1,0.544,NOAA ERDDAP / Argo Floats
2026-01-15T00:00:00Z,-13.0,59.0,100,25.01,34.94,5.12,0.318,NOAA ERDDAP / Argo Floats
2026-01-15T00:00:00Z,-12.0,59.0,0,24.73,35.21,5.21,0.316,NOAA ERDDAP / Argo Floats
2026-01-15T00:00:00Z,-11.0,59.0,50,25.72,34.59,4.7,0.293,NOAA ERDDAP / Argo Floats
2026-01-15T00:00:00Z,-10.0,59.0,100,26.98,35.39,4.84,0.282,NOAA ERDDAP / Argo Floats
2026-01-15T00:00:00Z,-9.0,59.0,20,24.95,34.64,4.84,0.683,NOAA ERDDAP / Argo Floats
2026-01-15T00:00:00Z,-8.0,59.0,0,27.1,34.89,4.88,0.485,NOAA ERDDAP / Argo Floats
2026-01-15T00:00:00Z,-7.0,59.0,100,25.86,35.25,4.59,0.307,NOAA ERDDAP / Argo Floats
2026-01-15T00:00:00Z,-6.0,59.0,0,27.39,34.8,4.56,1.24,NOAA ERDDAP / Argo Floats
2026-01-15T00:00:00Z,-5.0,59.0,0,26.74,35.54,4.48,0.379,NOAA ERDDAP / Argo Floats
2026-01-15T00:00:00Z,-4.0,59.0,20,26.32,34.9,4.68,0.473,NOAA ERDDAP / Argo Floats
2026-01-15T00:00:00Z,-3.0,59.0,0,27.6,34.23,4.5,0.615,NOAA ERDDAP / Argo Floats
2026-01-15T00:00:00Z,-2.0,59.0,0,27.29,35.51,4.55,0.195,NOAA ERDDAP / Argo Floats
2026-01-15T00:00:00Z,-1.0,59.0,0,27.56,34.89,4.77,0.813,NOAA ERDDAP / Argo Floats
2026-01-15T00:00:00Z,0.0,59.0,0,28.77,35.16,4.26,0.524,NOAA ERDDAP / Argo Floats
2026-01-15T00:00:00Z,1.0,59.0,0,28.78,35.07,4.49,0.99,NOAA ERDDAP / Argo Floats
2026-01-15T00:00:00Z,2.0,59.0,0,28.12,34.86,4.68,0.44,NOAA ERDDAP / Argo Floats
2026-01-15T00:00:00Z,3.0,59.0,0,29.53,34.99,4.59,0.36,NOAA ERDDAP / Argo Floats
2026-01-15T00:00:00Z,4.0,59.0,10,27.43,34.9,4.74,0.542,NOAA ERDDAP / Argo Floats
2026-01-15T00:00:00Z,5.0,59.0,0,26.45,35.47,4.59,0.789,NOAA ERDDAP / Argo Floats
2026-01-15T00:00:00Z,6.0,59.0,0,25.62,35.05,4.6,0.269,NOAA ERDDAP / Argo Floats
2026-01-15T00:00:00Z,7.0,59.0,20,26.68,35.08,5.04,0.333,NOAA ERDDAP / Argo Floats
2026-01-15T00:00:00Z,8.0,59.0,0,27.45,35.18,4.66,0.324,NOAA ERDDAP / Argo Floats
2026-01-15T00:00:00Z,9.0,59.0,100,26.58,35.33,4.92,0.355,NOAA ERDDAP / Argo Floats
2026-01-15T00:00:00Z,10.0,59.0,0,25.13,34.86,4.66,0.366,NOAA ERDDAP / Argo Floats
2026-01-15T00:00:00Z,11.0,59.0,0,25.68,35.03,4.97,0.38,NOAA ERDDAP / Argo Floats
2026-01-15T00:00:00Z,12.0,59.0,0,24.71,35.23,4.88,0.303,NOAA ERDDAP / Argo Floats
2026-01-15T00:00:00Z,13.0,59.0,0,25.27,34.98,4.97,0.318,NOAA ERDDAP / Argo Floats
2026-01-15T00:00:00Z,14.0,59.0,100,25.28,34.92,4.96,0.358,NOAA ERDDAP / Argo Floats
2026-01-15T00:00:00Z,15.0,59.0,10,25.68,35.33,5.21,0.369,NOAA ERDDAP / Argo Floats
2026-01-15T00:00:00Z,16.0,59.0,50,24.15,35.05,5.2,0.483,NOAA ERDDAP / Argo Floats
2026-01-15T00:00:00Z,17.0,59.0,0,24.1,35.34,5.26,0.37,NOAA ERDDAP / Argo Floats
2026-01-15T00:00:00Z,18.0,59.0,10,24.02,35.06,4.98,0.378,NOAA ERDDAP / Argo Floats
2026-01-15T00:00:00Z,19.0,59.0,0,23.56,34.72,5.3,0.394,NOAA ERDDAP / Argo Floats
2026-01-15T00:00:00Z,20.0,59.0,10,22.58,35.11,5.12,0.646,NOAA ERDDAP / Argo Floats
2026-01-15T00:00:00Z,21.0,59.0,20,22.82,35.43,5.21,0.583,NOAA ERDDAP / Argo Floats
2026-01-15T00:00:00Z,22.0,59.0,10,21.21,35.21,5.18,0.501,NOAA ERDDAP / Argo Floats
2026-01-15T00:00:00Z,23.0,59.0,0,21.72,35.35,4.82,0.449,NOAA ERDDAP / Argo Floats
2026-01-15T00:00:00Z,24.0,59.0,0,21.91,35.35,5.31,0.392,NOAA ERDDAP / Argo Floats
2026-01-15T00:00:00Z,25.0,59.0,0,22.36,35.16,4.93,0.489,NOAA ERDDAP / Argo Floats
2026-01-15T00:00:00Z,26.0,59.0,50,20.17,35.02,5.4,0.647,NOAA ERDDAP / Argo Floats
2026-01-15T00:00:00Z,27.0,59.0,0,21.02,35.03,5.64,0.812,NOAA ERDDAP / Argo Floats
2026-01-15T00:00:00Z,28.0,59.0,0,20.66,35.22,5.26,0.494,NOAA ERDDAP / Argo Floats
2026-01-15T00:00:00Z,29.0,59.0,50,23.36,35.58,5.54,0.675,NOAA ERDDAP / Argo Floats
2026-01-15T00:00:00Z,30.0,59.0,0,21.41,35.34,5.4,0.918,NOAA ERDDAP / Argo Floats
2026-01-15T00:00:00Z,-45.0,60.0,0,17.62,34.48,5.45,1.088,NOAA ERDDAP / Argo Floats
2026-01-15T00:00:00Z,-44.0,60.0,0,18.3,34.68,5.99,0.872,NOAA ERDDAP / Argo Floats
2026-01-15T00:00:00Z,-43.0,60.0,10,17.16,34.04,5.75,0.962,NOAA ERDDAP / Argo Floats
2026-01-15T00:00:00Z,-42.0,60.0,100,18.8,34.75,5.76,0.588,NOAA ERDDAP / Argo Floats
2026-01-15T00:00:00Z,-41.0,60.0,10,18.49,34.71,6.06,1.021,NOAA ERDDAP / Argo Floats
2026-01-15T00:00:00Z,-40.0,60.0,0,18.64,34.89,5.68,0.999,NOAA ERDDAP / Argo Floats
2026-01-15T00:00:00Z,-39.0,60.0,0,19.34,34.63,5.76,0.914,NOAA ERDDAP / Argo Floats
2026-01-15T00:00:00Z,-38.0,60.0,0,20.0,34.55,6.07,0.554,NOAA ERDDAP / Argo Floats
2026-01-15T00:00:00Z,-37.0,60.0,0,17.75,34.79,5.24,0.622,NOAA ERDDAP / Argo Floats
2026-01-15T00:00:00Z,-36.0,60.0,0,19.45,35.02,5.76,0.598,NOAA ERDDAP / Argo Floats
2026-01-15T00:00:00Z,-35.0,60.0,0,22.06,35.12,5.39,0.639,NOAA ERDDAP / Argo Floats
2026-01-15T00:00:00Z,-34.0,60.0,0,21.08,34.57,5.85,0.895,NOAA ERDDAP / Argo Floats
2026-01-15T00:00:00Z,-33.0,60.0,0,20.49,34.9,5.41,0.481,NOAA ERDDAP / Argo Floats
2026-01-15T00:00:00Z,-32.0,60.0,20,20.05,35.07,5.59,1.226,NOAA ERDDAP / Argo Floats
2026-01-15T00:00:00Z,-31.0,60.0,20,20.23,34.84,5.69,0.601,NOAA ERDDAP / Argo Floats
2026-01-15T00:00:00Z,-30.0,60.0,0,22.57,34.72,5.35,0.583,NOAA ERDDAP / Argo Floats
2026-01-15T00:00:00Z,-29.0,60.0,0,21.63,34.92,5.48,0.49,NOAA ERDDAP / Argo Floats
2026-01-15T00:00:00Z,-28.0,60.0,10,20.77,35.03,5.51,0.849,NOAA ERDDAP / Argo Floats
2026-01-15T00:00:00Z,-27.0,60.0,10,22.37,34.77,5.39,0.65,NOAA ERDDAP / Argo Floats
2026-01-15T00:00:00Z,-26.0,60.0,20,21.63,35.03,5.5,1.491,NOAA ERDDAP / Argo Floats
2026-01-15T00:00:00Z,-25.0,60.0,10,21.64,34.67,5.29,0.698,NOAA ERDDAP / Argo Floats
2026-01-15T00:00:00Z,-24.0,60.0,0,22.15,34.65,4.99,0.413,NOAA ERDDAP / Argo Floats
2026-01-15T00:00:00Z,-23.0,60.0,10,22.1,35.3,4.92,0.38,NOAA ERDDAP / Argo Floats
2026-01-15T00:00:00Z,-22.0,60.0,0,21.71,34.89,4.87,0.54,NOAA ERDDAP / Argo Floats
2026-01-15T00:00:00Z,-21.0,60.0,20,23.82,34.81,4.82,0.474,NOAA ERDDAP / Argo Floats
2026-01-15T00:00:00Z,-20.0,60.0,10,23.53,35.67,5.27,0.384,NOAA ERDDAP / Argo Floats
2026-01-15T00:00:00Z,-19.0,60.0,0,22.07,34.89,5.31,0.419,NOAA ERDDAP / Argo Floats
2026-01-15T00:00:00Z,-18.0,60.0,0,21.44,34.65,5.16,0.455,NOAA ERDDAP / Argo Floats
2026-01-15T00:00:00Z,-17.0,60.0,50,24.72,34.97,5.02,0.864,NOAA ERDDAP / Argo Floats
2026-01-15T00:00:00Z,-16.0,60.0,10,25.68,34.59,4.99,0.709,NOAA ERDDAP / Argo Floats
2026-01-15T00:00:00Z,-15.0,60.0,0,26.83,34.77,5.28,0.739,NOAA ERDDAP / Argo Floats
2026-01-15T00:00:00Z,-14.0,60.0,50,24.88,34.62,4.88,0.593,NOAA ERDDAP / Argo Floats
2026-01-15T00:00:00Z,-13.0,60.0,0,25.44,34.92,4.64,0.411,NOAA ERDDAP / Argo Floats
2026-01-15T00:00:00Z,-12.0,60.0,10,24.58,34.64,4.85,1.142,NOAA ERDDAP / Argo Floats
2026-01-15T00:00:00Z,-11.0,60.0,0,24.31,35.13,4.93,0.437,NOAA ERDDAP / Argo Floats
2026-01-15T00:00:00Z,-10.0,60.0,20,26.14,35.37,4.93,0.548,NOAA ERDDAP / Argo Floats
2026-01-15T00:00:00Z,-9.0,60.0,10,25.72,34.95,4.65,0.371,NOAA ERDDAP / Argo Floats
2026-01-15T00:00:00Z,-8.0,60.0,20,26.66,34.86,4.76,0.54,NOAA ERDDAP / Argo Floats
2026-01-15T00:00:00Z,-7.0,60.0,50,27.07,35.17,4.57,0.469,NOAA ERDDAP / Argo Floats
2026-01-15T00:00:00Z,-6.0,60.0,0,25.84,34.45,4.7,0.213,NOAA ERDDAP / Argo Floats
2026-01-15T00:00:00Z,-5.0,60.0,20,28.11,35.13,4.93,0.582,NOAA ERDDAP / Argo Floats
2026-01-15T00:00:00Z,-4.0,60.0,10,28.01,34.76,5.09,0.206,NOAA ERDDAP / Argo Floats
2026-01-15T00:00:00Z,-3.0,60.0,0,29.15,35.19,4.47,0.258,NOAA ERDDAP / Argo Floats
2026-01-15T00:00:00Z,-2.0,60.0,0,28.68,34.69,4.5,0.344,NOAA ERDDAP / Argo Floats
2026-01-15T00:00:00Z,-1.0,60.0,10,27.69,34.86,4.53,0.3,NOAA ERDDAP / Argo Floats
2026-01-15T00:00:00Z,0.0,60.0,10,28.08,35.31,4.35,0.208,NOAA ERDDAP / Argo Floats
2026-01-15T00:00:00Z,1.0,60.0,20,28.2,34.7,4.3,0.188,NOAA ERDDAP / Argo Floats
2026-01-15T00:00:00Z,2.0,60.0,100,27.06,34.96,4.71,0.235,NOAA ERDDAP / Argo Floats
2026-01-15T00:00:00Z,3.0,60.0,10,28.35,35.1,4.79,0.245,NOAA ERDDAP / Argo Floats
2026-01-15T00:00:00Z,4.0,60.0,0,27.62,34.41,4.63,0.273,NOAA ERDDAP / Argo Floats
2026-01-15T00:00:00Z,5.0,60.0,0,28.9,35.12,4.48,0.347,NOAA ERDDAP / Argo Floats
2026-01-15T00:00:00Z,6.0,60.0,20,26.6,35.03,4.43,0.462,NOAA ERDDAP / Argo Floats
2026-01-15T00:00:00Z,7.0,60.0,10,26.37,35.27,4.79,0.636,NOAA ERDDAP / Argo Floats
2026-01-15T00:00:00Z,8.0,60.0,100,27.87,35.28,4.65,0.407,NOAA ERDDAP / Argo Floats
2026-01-15T00:00:00Z,9.0,60.0,0,26.94,35.05,4.58,0.465,NOAA ERDDAP / Argo Floats
2026-01-15T00:00:00Z,10.0,60.0,100,25.03,35.46,4.74,0.408,NOAA ERDDAP / Argo Floats
2026-01-15T00:00:00Z,11.0,60.0,0,25.09,35.16,4.61,0.367,NOAA ERDDAP / Argo Floats
2026-01-15T00:00:00Z,12.0,60.0,0,25.97,35.17,5.13,0.941,NOAA ERDDAP / Argo Floats
2026-01-15T00:00:00Z,13.0,60.0,50,24.89,34.97,5.29,0.54,NOAA ERDDAP / Argo Floats
2026-01-15T00:00:00Z,14.0,60.0,20,24.88,34.96,4.99,0.297,NOAA ERDDAP / Argo Floats
2026-01-15T00:00:00Z,15.0,60.0,100,24.44,35.41,5.15,0.315,NOAA ERDDAP / Argo Floats
2026-01-15T00:00:00Z,16.0,60.0,0,26.45,34.95,5.06,0.332,NOAA ERDDAP / Argo Floats
2026-01-15T00:00:00Z,17.0,60.0,0,23.23,34.85,4.98,0.41,NOAA ERDDAP / Argo Floats
2026-01-15T00:00:00Z,18.0,60.0,10,23.0,35.23,4.97,0.335,NOAA ERDDAP / Argo Floats
2026-01-15T00:00:00Z,19.0,60.0,10,23.65,35.73,4.9,0.74,NOAA ERDDAP / Argo Floats
2026-01-15T00:00:00Z,20.0,60.0,100,23.87,34.7,5.42,0.629,NOAA ERDDAP / Argo Floats
2026-01-15T00:00:00Z,21.0,60.0,10,22.93,35.36,4.83,0.48,NOAA ERDDAP / Argo Floats
2026-01-15T00:00:00Z,22.0,60.0,10,21.7,34.98,5.07,0.714,NOAA ERDDAP / Argo Floats
2026-01-15T00:00:00Z,23.0,60.0,0,22.55,34.98,5.21,0.697,NOAA ERDDAP / Argo Floats
2026-01-15T00:00:00Z,24.0,60.0,0,21.75,35.05,5.15,0.569,NOAA ERDDAP / Argo Floats
2026-01-15T00:00:00Z,25.0,60.0,10,23.23,35.31,5.39,0.559,NOAA ERDDAP / Argo Floats
2026-01-15T00:00:00Z,26.0,60.0,10,22.87,35.04,5.39,0.704,NOAA ERDDAP / Argo Floats
2026-01-15T00:00:00Z,27.0,60.0,10,21.16,35.02,5.51,0.46,NOAA ERDDAP / Argo Floats
2026-01-15T00:00:00Z,28.0,60.0,0,21.23,35.23,5.61,0.459,NOAA ERDDAP / Argo Floats
2026-01-15T00:00:00Z,29.0,60.0,0,22.02,35.1,5.38,0.51,NOAA ERDDAP / Argo Floats
2026-01-15T00:00:00Z,30.0,60.0,0,21.94,35.18,5.29,0.748,NOAA ERDDAP / Argo Floats
2026-01-15T00:00:00Z,-45.0,61.0,0,16.56,35.05,6.12,0.72,NOAA ERDDAP / Argo Floats
2026-01-15T00:00:00Z,-44.0,61.0,10,18.69,34.51,6.0,0.628,NOAA ERDDAP / Argo Floats
2026-01-15T00:00:00Z,-43.0,61.0,0,18.55,34.67,5.83,0.718,NOAA ERDDAP / Argo Floats
2026-01-15T00:00:00Z,-42.0,61.0,0,19.68,34.56,5.75,0.713,NOAA ERDDAP / Argo Floats
2026-01-15T00:00:00Z,-41.0,61.0,10,19.03,34.7,5.53,0.595,NOAA ERDDAP / Argo Floats
2026-01-15T00:00:00Z,-40.0,61.0,0,17.18,34.81,5.95,0.603,NOAA ERDDAP / Argo Floats
2026-01-15T00:00:00Z,-39.0,61.0,20,18.85,34.82,5.83,0.557,NOAA ERDDAP / Argo Floats
2026-01-15T00:00:00Z,-38.0,61.0,0,19.26,34.52,5.58,0.659,NOAA ERDDAP / Argo Floats
2026-01-15T00:00:00Z,-37.0,61.0,0,19.59,35.03,5.37,0.803,NOAA ERDDAP / Argo Floats
2026-01-15T00:00:00Z,-36.0,61.0,0,20.12,34.63,5.46,0.706,NOAA ERDDAP / Argo Floats
2026-01-15T00:00:00Z,-35.0,61.0,0,19.55,34.88,5.43,0.854,NOAA ERDDAP / Argo Floats
2026-01-15T00:00:00Z,-34.0,61.0,0,20.22,35.24,5.05,0.504,NOAA ERDDAP / Argo Floats
2026-01-15T00:00:00Z,-33.0,61.0,10,20.06,35.19,5.63,1.022,NOAA ERDDAP / Argo Floats
2026-01-15T00:00:00Z,-32.0,61.0,10,18.92,35.02,5.46,0.531,NOAA ERDDAP / Argo Floats
2026-01-15T00:00:00Z,-31.0,61.0,10,20.52,34.98,4.89,0.889,NOAA ERDDAP / Argo Floats
2026-01-15T00:00:00Z,-30.0,61.0,20,20.13,35.39,5.09,0.545,NOAA ERDDAP / Argo Floats
2026-01-15T00:00:00Z,-29.0,61.0,0,21.69,34.61,5.02,0.448,NOAA ERDDAP / Argo Floats
2026-01-15T00:00:00Z,-28.0,61.0,100,23.24,34.8,5.42,0.46,NOAA ERDDAP / Argo Floats
2026-01-15T00:00:00Z,-27.0,61.0,0,21.83,34.97,5.48,0.879,NOAA ERDDAP / Argo Floats
2026-01-15T00:00:00Z,-26.0,61.0,0,21.99,35.04,5.14,0.674,NOAA ERDDAP / Argo Floats
2026-01-15T00:00:00Z,-25.0,61.0,0,22.19,34.71,5.51,0.603,NOAA ERDDAP / Argo Floats
2026-01-15T00:00:00Z,-24.0,61.0,0,22.34,34.67,5.06,0.507,NOAA ERDDAP / Argo Floats
2026-01-15T00:00:00Z,-23.0,61.0,20,22.67,34.91,5.55,0.879,NOAA ERDDAP / Argo Floats
2026-01-15T00:00:00Z,-22.0,61.0,10,22.99,34.66,5.12,0.65,NOAA ERDDAP / Argo Floats
2026-01-15T00:00:00Z,-21.0,61.0,20,24.02,34.77,4.8,0.649,NOAA ERDDAP / Argo Floats
2026-01-15T00:00:00Z,-20.0,61.0,0,23.46,34.8,5.0,0.641,NOAA ERDDAP / Argo Floats
2026-01-15T00:00:00Z,-19.0,61.0,20,23.52,35.07,5.34,0.867,NOAA ERDDAP / Argo Floats
2026-01-15T00:00:00Z,-18.0,61.0,0,23.23,35.39,4.93,0.423,NOAA ERDDAP / Argo Floats
2026-01-15T00:00:00Z,-17.0,61.0,50,23.92,35.1,5.19,0.436,NOAA ERDDAP / Argo Floats
2026-01-15T00:00:00Z,-16.0,61.0,100,24.72,35.06,4.93,0.526,NOAA ERDDAP / Argo Floats
2026-01-15T00:00:00Z,-15.0,61.0,0,25.66,35.16,4.58,0.767,NOAA ERDDAP / Argo Floats
2026-01-15T00:00:00Z,-14.0,61.0,0,25.17,35.2,5.16,0.617,NOAA ERDDAP / Argo Floats
2026-01-15T00:00:00Z,-13.0,61.0,0,25.59,34.65,4.84,0.458,NOAA ERDDAP / Argo Floats
2026-01-15T00:00:00Z,-12.0,61.0,20,25.68,34.98,4.67,0.399,NOAA ERDDAP / Argo Floats
2026-01-15T00:00:00Z,-11.0,61.0,0,24.58,34.6,4.65,0.415,NOAA ERDDAP / Argo Floats
2026-01-15T00:00:00Z,-10.0,61.0,10,25.78,35.41,5.11,0.379,NOAA ERDDAP / Argo Floats
2026-01-15T00:00:00Z,-9.0,61.0,10,26.8,35.25,4.77,0.265,NOAA ERDDAP / Argo Floats
2026-01-15T00:00:00Z,-8.0,61.0,10,26.98,34.83,4.49,0.302,NOAA ERDDAP / Argo Floats
2026-01-15T00:00:00Z,-7.0,61.0,0,26.97,34.83,4.7,0.522,NOAA ERDDAP / Argo Floats
2026-01-15T00:00:00Z,-6.0,61.0,20,26.78,35.3,4.53,0.284,NOAA ERDDAP / Argo Floats
2026-01-15T00:00:00Z,-5.0,61.0,10,27.99,35.2,4.19,0.656,NOAA ERDDAP / Argo Floats
2026-01-15T00:00:00Z,-4.0,61.0,20,27.15,34.98,4.77,0.539,NOAA ERDDAP / Argo Floats
2026-01-15T00:00:00Z,-3.0,61.0,0,29.19,34.93,4.55,0.247,NOAA ERDDAP / Argo Floats
2026-01-15T00:00:00Z,-2.0,61.0,0,28.05,34.82,4.39,0.26,NOAA ERDDAP / Argo Floats
2026-01-15T00:00:00Z,-1.0,61.0,0,29.07,34.95,4.56,0.261,NOAA ERDDAP / Argo Floats
2026-01-15T00:00:00Z,0.0,61.0,0,28.0,35.19,4.29,0.411,NOAA ERDDAP / Argo Floats
2026-01-15T00:00:00Z,1.0,61.0,100,28.16,35.05,4.61,0.357,NOAA ERDDAP / Argo Floats
2026-01-15T00:00:00Z,2.0,61.0,10,28.46,34.81,4.55,0.177,NOAA ERDDAP / Argo Floats
2026-01-15T00:00:00Z,3.0,61.0,10,27.71,35.07,4.7,0.862,NOAA ERDDAP / Argo Floats
2026-01-15T00:00:00Z,4.0,61.0,20,27.03,35.33,4.49,0.622,NOAA ERDDAP / Argo Floats
2026-01-15T00:00:00Z,5.0,61.0,10,28.97,34.88,4.55,0.509,NOAA ERDDAP / Argo Floats
2026-01-15T00:00:00Z,6.0,61.0,0,27.38,35.54,4.53,0.211,NOAA ERDDAP / Argo Floats
2026-01-15T00:00:00Z,7.0,61.0,50,27.31,35.05,4.64,0.286,NOAA ERDDAP / Argo Floats
2026-01-15T00:00:00Z,8.0,61.0,50,25.61,34.69,4.76,0.336,NOAA ERDDAP / Argo Floats
2026-01-15T00:00:00Z,9.0,61.0,100,26.07,35.4,5.04,0.64,NOAA ERDDAP / Argo Floats
2026-01-15T00:00:00Z,10.0,61.0,50,25.66,34.96,4.62,0.389,NOAA ERDDAP / Argo Floats
2026-01-15T00:00:00Z,11.0,61.0,0,25.46,35.34,4.81,0.384,NOAA ERDDAP / Argo Floats
2026-01-15T00:00:00Z,12.0,61.0,20,24.97,35.11,4.89,0.929,NOAA ERDDAP / Argo Floats
2026-01-15T00:00:00Z,13.0,61.0,0,26.07,35.06,4.83,0.317,NOAA ERDDAP / Argo Floats
2026-01-15T00:00:00Z,14.0,61.0,10,24.79,34.85,4.8,0.347,NOAA ERDDAP / Argo Floats
2026-01-15T00:00:00Z,15.0,61.0,10,26.1,35.34,5.06,0.318,NOAA ERDDAP / Argo Floats
2026-01-15T00:00:00Z,16.0,61.0,0,24.83,36.05,4.94,0.424,NOAA ERDDAP / Argo Floats
2026-01-15T00:00:00Z,17.0,61.0,10,24.08,35.09,4.82,0.578,NOAA ERDDAP / Argo Floats
2026-01-15T00:00:00Z,18.0,61.0,0,23.67,35.03,4.89,0.466,NOAA ERDDAP / Argo Floats
2026-01-15T00:00:00Z,19.0,61.0,10,22.03,35.17,4.98,0.375,NOAA ERDDAP / Argo Floats
2026-01-15T00:00:00Z,20.0,61.0,0,24.14,35.25,5.08,0.494,NOAA ERDDAP / Argo Floats
2026-01-15T00:00:00Z,21.0,61.0,0,21.63,35.14,5.17,0.797,NOAA ERDDAP / Argo Floats
2026-01-15T00:00:00Z,22.0,61.0,20,23.39,35.05,5.13,0.479,NOAA ERDDAP / Argo Floats
2026-01-15T00:00:00Z,23.0,61.0,0,22.76,35.01,5.39,0.532,NOAA ERDDAP / Argo Floats
2026-01-15T00:00:00Z,24.0,61.0,20,22.49,35.72,5.11,0.463,NOAA ERDDAP / Argo Floats
2026-01-15T00:00:00Z,25.0,61.0,10,22.85,34.75,5.29,0.682,NOAA ERDDAP / Argo Floats
2026-01-15T00:00:00Z,26.0,61.0,0,22.58,35.31,5.16,0.541,NOAA ERDDAP / Argo Floats
2026-01-15T00:00:00Z,27.0,61.0,0,21.29,35.08,5.37,0.549,NOAA ERDDAP / Argo Floats
2026-01-15T00:00:00Z,28.0,61.0,10,22.46,34.89,5.18,0.608,NOAA ERDDAP / Argo Floats
2026-01-15T00:00:00Z,29.0,61.0,0,20.95,35.38,5.67,0.756,NOAA ERDDAP / Argo Floats
2026-01-15T00:00:00Z,30.0,61.0,0,21.17,35.55,5.41,0.54,NOAA ERDDAP / Argo Floats
2026-01-15T00:00:00Z,-45.0,62.0,0,17.57,35.0,5.64,0.741,NOAA ERDDAP / Argo Floats
2026-01-15T00:00:00Z,-44.0,62.0,0,18.2,35.23,5.94,0.879,NOAA ERDDAP / Argo Floats
2026-01-15T00:00:00Z,-43.0,62.0,0,18.34,35.17,6.03,0.749,NOAA ERDDAP / Argo Floats
2026-01-15T00:00:00Z,-42.0,62.0,0,18.72,34.91,5.89,0.771,NOAA ERDDAP / Argo Floats
2026-01-15T00:00:00Z,-41.0,62.0,0,18.63,35.19,6.08,0.839,NOAA ERDDAP / Argo Floats
2026-01-15T00:00:00Z,-40.0,62.0,0,17.48,34.7,5.45,0.742,NOAA ERDDAP / Argo Floats
2026-01-15T00:00:00Z,-39.0,62.0,0,18.64,35.44,5.58,0.555,NOAA ERDDAP / Argo Floats
2026-01-15T00:00:00Z,-38.0,62.0,20,19.72,34.65,5.37,0.67,NOAA ERDDAP / Argo Floats
2026-01-15T00:00:00Z,-37.0,62.0,0,17.6,34.26,5.65,0.585,NOAA ERDDAP / Argo Floats
2026-01-15T00:00:00Z,-36.0,62.0,10,19.1,34.86,5.3,0.746,NOAA ERDDAP / Argo Floats
2026-01-15T00:00:00Z,-35.0,62.0,50,18.83,35.03,5.51,0.584,NOAA ERDDAP / Argo Floats
2026-01-15T00:00:00Z,-34.0,62.0,10,21.12,34.61,5.34,0.51,NOAA ERDDAP / Argo Floats
2026-01-15T00:00:00Z,-33.0,62.0,50,20.81,34.66,5.58,0.926,NOAA ERDDAP / Argo Floats
2026-01-15T00:00:00Z,-32.0,62.0,20,20.19,34.53,5.56,0.628,NOAA ERDDAP / Argo Floats
2026-01-15T00:00:00Z,-31.0,62.0,50,22.05,34.48,5.31,0.596,NOAA ERDDAP / Argo Floats
2026-01-15T00:00:00Z,-30.0,62.0,0,20.98,34.99,5.33,0.527,NOAA ERDDAP / Argo Floats
2026-01-15T00:00:00Z,-29.0,62.0,10,22.44,34.99,5.52,0.461,NOAA ERDDAP / Argo Floats
2026-01-15T00:00:00Z,-28.0,62.0,10,21.34,34.99,5.36,0.626,NOAA ERDDAP / Argo Floats
2026-01-15T00:00:00Z,-27.0,62.0,10,21.63,34.88,5.24,0.736,NOAA ERDDAP / Argo Floats
2026-01-15T00:00:00Z,-26.0,62.0,0,21.58,34.46,5.29,0.908,NOAA ERDDAP / Argo Floats
2026-01-15T00:00:00Z,-25.0,62.0,50,23.44,34.9,5.59,0.463,NOAA ERDDAP / Argo Floats
2026-01-15T00:00:00Z,-24.0,62.0,10,23.07,34.4,5.3,0.43,NOAA ERDDAP / Argo Floats
2026-01-15T00:00:00Z,-23.0,62.0,0,22.79,35.15,5.3,0.444,NOAA ERDDAP / Argo Floats
2026-01-15T00:00:00Z,-22.0,62.0,0,23.23,35.06,5.13,0.693,NOAA ERDDAP / Argo Floats
2026-01-15T00:00:00Z,-21.0,62.0,50,23.79,34.91,4.93,0.388,NOAA ERDDAP / Argo Floats
2026-01-15T00:00:00Z,-20.0,62.0,0,23.81,34.88,4.82,0.365,NOAA ERDDAP / Argo Floats
2026-01-15T00:00:00Z,-19.0,62.0,20,26.31,35.31,5.08,0.557,NOAA ERDDAP / Argo Floats
2026-01-15T00:00:00Z,-18.0,62.0,10,24.68,34.56,5.18,0.376,NOAA ERDDAP / Argo Floats
2026-01-15T00:00:00Z,-17.0,62.0,0,24.99,34.88,5.35,0.349,NOAA ERDDAP / Argo Floats
2026-01-15T00:00:00Z,-16.0,62.0,0,24.31,34.54,4.78,0.351,NOAA ERDDAP / Argo Floats
2026-01-15T00:00:00Z,-15.0,62.0,10,24.56,34.6,5.11,0.317,NOAA ERDDAP / Argo Floats
2026-01-15T00:00:00Z,-14.0,62.0,0,24.91,34.8,4.85,0.39,NOAA ERDDAP / Argo Floats
2026-01-15T00:00:00Z,-13.0,62.0,0,24.09,34.98,4.55,0.353,NOAA ERDDAP / Argo Floats
2026-01-15T00:00:00Z,-12.0,62.0,0,25.77,35.34,4.92,0.396,NOAA ERDDAP / Argo Floats
2026-01-15T00:00:00Z,-11.0,62.0,0,25.53,34.59,4.93,0.282,NOAA ERDDAP / Argo Floats
2026-01-15T00:00:00Z,-10.0,62.0,10,25.32,34.68,4.65,0.258,NOAA ERDDAP / Argo Floats
2026-01-15T00:00:00Z,-9.0,62.0,10,26.36,34.8,4.79,0.407,NOAA ERDDAP / Argo Floats
2026-01-15T00:00:00Z,-8.0,62.0,50,26.99,34.84,5.14,0.975,NOAA ERDDAP / Argo Floats
2026-01-15T00:00:00Z,-7.0,62.0,0,27.21,34.74,4.75,0.581,NOAA ERDDAP / Argo Floats
2026-01-15T00:00:00Z,-6.0,62.0,10,27.73,35.13,4.98,0.657,NOAA ERDDAP / Argo Floats
2026-01-15T00:00:00Z,-5.0,62.0,0,25.75,35.13,4.5,0.272,NOAA ERDDAP / Argo Floats
2026-01-15T00:00:00Z,-4.0,62.0,0,27.22,35.05,4.46,0.225,NOAA ERDDAP / Argo Floats
2026-01-15T00:00:00Z,-3.0,62.0,0,27.54,34.96,4.21,0.246,NOAA ERDDAP / Argo Floats
2026-01-15T00:00:00Z,-2.0,62.0,0,27.79,34.72,4.33,0.439,NOAA ERDDAP / Argo Floats
2026-01-15T00:00:00Z,-1.0,62.0,0,28.93,35.31,4.62,0.428,NOAA ERDDAP / Argo Floats
2026-01-15T00:00:00Z,0.0,62.0,10,26.91,34.8,4.37,0.172,NOAA ERDDAP / Argo Floats
2026-01-15T00:00:00Z,1.0,62.0,20,28.17,34.87,4.5,0.347,NOAA ERDDAP / Argo Floats
2026-01-15T00:00:00Z,2.0,62.0,50,27.7,34.61,4.25,0.915,NOAA ERDDAP / Argo Floats
2026-01-15T00:00:00Z,3.0,62.0,50,29.56,34.97,4.55,0.386,NOAA ERDDAP / Argo Floats
2026-01-15T00:00:00Z,4.0,62.0,20,26.72,34.85,4.59,0.251,NOAA ERDDAP / Argo Floats
2026-01-15T00:00:00Z,5.0,62.0,50,27.08,35.38,4.62,0.352,NOAA ERDDAP / Argo Floats
2026-01-15T00:00:00Z,6.0,62.0,10,28.01,34.68,4.42,0.357,NOAA ERDDAP / Argo Floats
2026-01-15T00:00:00Z,7.0,62.0,20,25.53,34.59,4.7,0.297,NOAA ERDDAP / Argo Floats
2026-01-15T00:00:00Z,8.0,62.0,20,28.03,35.24,4.93,0.368,NOAA ERDDAP / Argo Floats
2026-01-15T00:00:00Z,9.0,62.0,0,26.85,34.84,4.89,0.36,NOAA ERDDAP / Argo Floats
2026-01-15T00:00:00Z,10.0,62.0,10,25.95,34.63,4.97,0.26,NOAA ERDDAP / Argo Floats
2026-01-15T00:00:00Z,11.0,62.0,20,26.85,35.11,4.8,0.278,NOAA ERDDAP / Argo Floats
2026-01-15T00:00:00Z,12.0,62.0,50,25.61,35.46,4.86,0.481,NOAA ERDDAP / Argo Floats
2026-01-15T00:00:00Z,13.0,62.0,20,24.03,35.11,4.93,0.458,NOAA ERDDAP / Argo Floats
2026-01-15T00:00:00Z,14.0,62.0,50,24.53,35.04,4.83,0.516,NOAA ERDDAP / Argo Floats
2026-01-15T00:00:00Z,15.0,62.0,0,23.96,35.55,4.99,0.349,NOAA ERDDAP / Argo Floats
2026-01-15T00:00:00Z,16.0,62.0,0,24.93,34.83,5.26,0.334,NOAA ERDDAP / Argo Floats
2026-01-15T00:00:00Z,17.0,62.0,20,24.87,35.26,4.39,0.781,NOAA ERDDAP / Argo Floats
2026-01-15T00:00:00Z,18.0,62.0,10,23.75,35.5,5.02,0.331,NOAA ERDDAP / Argo Floats
2026-01-15T00:00:00Z,19.0,62.0,10,23.7,35.44,4.93,0.548,NOAA ERDDAP / Argo Floats
2026-01-15T00:00:00Z,20.0,62.0,10,24.2,35.55,5.2,0.398,NOAA ERDDAP / Argo Floats
2026-01-15T00:00:00Z,21.0,62.0,0,22.63,34.8,5.4,0.532,NOAA ERDDAP / Argo Floats
2026-01-15T00:00:00Z,22.0,62.0,0,24.16,35.64,5.38,0.41,NOAA ERDDAP / Argo Floats
2026-01-15T00:00:00Z,23.0,62.0,0,23.0,35.09,5.41,0.423,NOAA ERDDAP / Argo Floats
2026-01-15T00:00:00Z,24.0,62.0,0,22.43,35.35,5.5,0.585,NOAA ERDDAP / Argo Floats
2026-01-15T00:00:00Z,25.0,62.0,10,21.26,35.19,5.14,0.636,NOAA ERDDAP / Argo Floats
2026-01-15T00:00:00Z,26.0,62.0,0,22.25,35.05,5.31,0.665,NOAA ERDDAP / Argo Floats
2026-01-15T00:00:00Z,27.0,62.0,20,22.16,34.82,4.94,0.437,NOAA ERDDAP / Argo Floats
2026-01-15T00:00:00Z,28.0,62.0,0,21.04,35.82,5.11,0.537,NOAA ERDDAP / Argo Floats
2026-01-15T00:00:00Z,29.0,62.0,20,22.1,34.67,5.18,0.454,NOAA ERDDAP / Argo Floats
2026-01-15T00:00:00Z,30.0,62.0,50,21.07,34.85,5.47,0.869,NOAA ERDDAP / Argo Floats
2026-01-15T00:00:00Z,-45.0,63.0,20,17.74,35.02,5.87,1.025,NOAA ERDDAP / Argo Floats
2026-01-15T00:00:00Z,-44.0,63.0,20,18.26,34.22,5.38,0.596,NOAA ERDDAP / Argo Floats
2026-01-15T00:00:00Z,-43.0,63.0,20,15.59,34.29,5.77,0.712,NOAA ERDDAP / Argo Floats
2026-01-15T00:00:00Z,-42.0,63.0,0,17.21,34.32,5.97,1.02,NOAA ERDDAP / Argo Floats
2026-01-15T00:00:00Z,-41.0,63.0,0,18.62,35.07,5.39,1.065,NOAA ERDDAP / Argo Floats
2026-01-15T00:00:00Z,-40.0,63.0,100,17.42,35.26,6.01,0.568,NOAA ERDDAP / Argo Floats
2026-01-15T00:00:00Z,-39.0,63.0,0,18.74,34.56,5.5,0.606,NOAA ERDDAP / Argo Floats
2026-01-15T00:00:00Z,-38.0,63.0,20,20.81,34.4,5.8,0.572,NOAA ERDDAP / Argo Floats
2026-01-15T00:00:00Z,-37.0,63.0,50,19.27,34.15,5.3,0.923,NOAA ERDDAP / Argo Floats
2026-01-15T00:00:00Z,-36.0,63.0,10,19.8,34.42,5.22,0.841,NOAA ERDDAP / Argo Floats
2026-01-15T00:00:00Z,-35.0,63.0,0,19.83,34.22,5.4,0.642,NOAA ERDDAP / Argo Floats
2026-01-15T00:00:00Z,-34.0,63.0,0,20.06,34.49,5.41,1.174,NOAA ERDDAP / Argo Floats
2026-01-15T00:00:00Z,-33.0,63.0,0,19.17,35.28,5.65,0.803,NOAA ERDDAP / Argo Floats
2026-01-15T00:00:00Z,-32.0,63.0,50,20.34,34.67,5.33,0.492,NOAA ERDDAP / Argo Floats
2026-01-15T00:00:00Z,-31.0,63.0,10,21.93,35.55,5.62,0.669,NOAA ERDDAP / Argo Floats
2026-01-15T00:00:00Z,-30.0,63.0,0,21.19,34.58,5.12,0.488,NOAA ERDDAP / Argo Floats
2026-01-15T00:00:00Z,-29.0,63.0,10,22.03,34.64,5.33,0.487,NOAA ERDDAP / Argo Floats
2026-01-15T00:00:00Z,-28.0,63.0,0,21.98,35.51,5.43,0.948,NOAA ERDDAP / Argo Floats
2026-01-15T00:00:00Z,-27.0,63.0,0,23.04,35.38,4.98,0.446,NOAA ERDDAP / Argo Floats
2026-01-15T00:00:00Z,-26.0,63.0,0,22.02,34.86,5.43,0.567,NOAA ERDDAP / Argo Floats
2026-01-15T00:00:00Z,-25.0,63.0,10,22.38,34.87,4.97,0.405,NOAA ERDDAP / Argo Floats
2026-01-15T00:00:00Z,-24.0,63.0,50,21.62,34.71,5.26,0.451,NOAA ERDDAP / Argo Floats
2026-01-15T00:00:00Z,-23.0,63.0,0,22.41,35.0,5.19,0.627,NOAA ERDDAP / Argo Floats
2026-01-15T00:00:00Z,-22.0,63.0,20,24.69,34.86,5.3,1.104,NOAA ERDDAP / Argo Floats
2026-01-15T00:00:00Z,-21.0,63.0,50,23.56,34.95,5.09,0.483,NOAA ERDDAP / Argo Floats
2026-01-15T00:00:00Z,-20.0,63.0,0,23.51,34.62,4.94,0.786,NOAA ERDDAP / Argo Floats
2026-01-15T00:00:00Z,-19.0,63.0,10,22.73,35.16,5.21,0.624,NOAA ERDDAP / Argo Floats
2026-01-15T00:00:00Z,-18.0,63.0,50,24.39,35.11,5.1,0.397,NOAA ERDDAP / Argo Floats
2026-01-15T00:00:00Z,-17.0,63.0,0,24.2,34.71,4.8,0.844,NOAA ERDDAP / Argo Floats
2026-01-15T00:00:00Z,-16.0,63.0,0,23.79,34.49,5.11,0.372,NOAA ERDDAP / Argo Floats
2026-01-15T00:00:00Z,-15.0,63.0,0,24.19,35.1,5.07,0.547,NOAA ERDDAP / Argo Floats
2026-01-15T00:00:00Z,-14.0,63.0,0,25.46,35.16,4.65,0.741,NOAA ERDDAP / Argo Floats
2026-01-15T00:00:00Z,-13.0,63.0,0,25.72,35.22,4.89,0.354,NOAA ERDDAP / Argo Floats
2026-01-15T00:00:00Z,-12.0,63.0,50,24.59,35.2,4.78,0.439,NOAA ERDDAP / Argo Floats
2026-01-15T00:00:00Z,-11.0,63.0,10,26.78,35.01,4.96,0.568,NOAA ERDDAP / Argo Floats
2026-01-15T00:00:00Z,-10.0,63.0,50,25.87,34.62,4.3,0.337,NOAA ERDDAP / Argo Floats
2026-01-15T00:00:00Z,-9.0,63.0,20,26.96,34.99,4.93,0.294,NOAA ERDDAP / Argo Floats
2026-01-15T00:00:00Z,-8.0,63.0,0,25.82,34.23,4.58,0.534,NOAA ERDDAP / Argo Floats
2026-01-15T00:00:00Z,-7.0,63.0,0,25.98,35.11,4.73,0.821,NOAA ERDDAP / Argo Floats
2026-01-15T00:00:00Z,-6.0,63.0,0,27.6,35.18,4.37,0.535,NOAA ERDDAP / Argo Floats
2026-01-15T00:00:00Z,-5.0,63.0,0,27.83,34.85,4.85,0.361,NOAA ERDDAP / Argo Floats
2026-01-15T00:00:00Z,-4.0,63.0,10,27.52,34.82,4.79,0.449,NOAA ERDDAP / Argo Floats
2026-01-15T00:00:00Z,-3.0,63.0,20,27.2,34.98,4.96,0.453,NOAA ERDDAP / Argo Floats
2026-01-15T00:00:00Z,-2.0,63.0,0,27.2,35.09,4.3,0.392,NOAA ERDDAP / Argo Floats
2026-01-15T00:00:00Z,-1.0,63.0,0,27.59,35.03,4.66,0.216,NOAA ERDDAP / Argo Floats
2026-01-15T00:00:00Z,0.0,63.0,10,27.37,34.61,4.27,0.907,NOAA ERDDAP / Argo Floats
2026-01-15T00:00:00Z,1.0,63.0,10,29.11,35.12,4.77,0.39,NOAA ERDDAP / Argo Floats
2026-01-15T00:00:00Z,2.0,63.0,0,28.63,35.16,4.25,0.443,NOAA ERDDAP / Argo Floats
2026-01-15T00:00:00Z,3.0,63.0,10,27.75,34.82,4.59,0.256,NOAA ERDDAP / Argo Floats
2026-01-15T00:00:00Z,4.0,63.0,0,28.22,35.11,4.83,0.687,NOAA ERDDAP / Argo Floats
2026-01-15T00:00:00Z,5.0,63.0,20,26.23,35.14,4.24,0.363,NOAA ERDDAP / Argo Floats
2026-01-15T00:00:00Z,6.0,63.0,0,26.91,34.95,4.66,0.553,NOAA ERDDAP / Argo Floats
2026-01-15T00:00:00Z,7.0,63.0,0,26.76,35.35,4.72,0.23,NOAA ERDDAP / Argo Floats
2026-01-15T00:00:00Z,8.0,63.0,0,27.7,35.6,4.64,0.65,NOAA ERDDAP / Argo Floats
2026-01-15T00:00:00Z,9.0,63.0,0,27.13,35.0,4.84,0.481,NOAA ERDDAP / Argo Floats
2026-01-15T00:00:00Z,10.0,63.0,10,26.26,35.03,4.95,0.304,NOAA ERDDAP / Argo Floats
2026-01-15T00:00:00Z,11.0,63.0,20,25.42,35.06,5.02,0.332,NOAA ERDDAP / Argo Floats
2026-01-15T00:00:00Z,12.0,63.0,0,25.86,35.44,5.06,0.795,NOAA ERDDAP / Argo Floats
2026-01-15T00:00:00Z,13.0,63.0,20,25.46,35.44,4.87,0.49,NOAA ERDDAP / Argo Floats
2026-01-15T00:00:00Z,14.0,63.0,0,24.97,34.81,4.64,0.463,NOAA ERDDAP / Argo Floats
2026-01-15T00:00:00Z,15.0,63.0,0,22.97,34.7,5.21,0.484,NOAA ERDDAP / Argo Floats
2026-01-15T00:00:00Z,16.0,63.0,10,25.43,34.88,5.0,1.082,NOAA ERDDAP / Argo Floats
2026-01-15T00:00:00Z,17.0,63.0,0,24.9,34.59,5.24,0.55,NOAA ERDDAP / Argo Floats
2026-01-15T00:00:00Z,18.0,63.0,10,25.79,34.76,5.14,0.861,NOAA ERDDAP / Argo Floats
2026-01-15T00:00:00Z,19.0,63.0,100,22.92,35.2,5.33,0.865,NOAA ERDDAP / Argo Floats
2026-01-15T00:00:00Z,20.0,63.0,20,22.18,35.08,4.99,0.419,NOAA ERDDAP / Argo Floats
2026-01-15T00:00:00Z,21.0,63.0,20,23.29,35.08,5.64,0.854,NOAA ERDDAP / Argo Floats
2026-01-15T00:00:00Z,22.0,63.0,0,23.27,35.54,5.12,0.573,NOAA ERDDAP / Argo Floats
2026-01-15T00:00:00Z,23.0,63.0,0,23.76,34.85,5.16,0.54,NOAA ERDDAP / Argo Floats
2026-01-15T00:00:00Z,24.0,63.0,0,22.94,35.24,5.6,0.697,NOAA ERDDAP / Argo Floats
2026-01-15T00:00:00Z,25.0,63.0,50,22.08,35.03,5.57,0.46,NOAA ERDDAP / Argo Floats
2026-01-15T00:00:00Z,26.0,63.0,0,20.68,35.37,5.61,0.419,NOAA ERDDAP / Argo Floats
2026-01-15T00:00:00Z,27.0,63.0,50,22.15,35.37,5.08,0.425,NOAA ERDDAP / Argo Floats
2026-01-15T00:00:00Z,28.0,63.0,0,21.98,34.85,5.43,0.461,NOAA ERDDAP / Argo Floats
2026-01-15T00:00:00Z,29.0,63.0,10,20.82,35.51,5.55,0.462,NOAA ERDDAP / Argo Floats
2026-01-15T00:00:00Z,30.0,63.0,50,20.17,35.38,5.34,0.557,NOAA ERDDAP / Argo Floats
2026-01-15T00:00:00Z,-45.0,64.0,0,17.0,34.28,5.94,0.628,NOAA ERDDAP / Argo Floats
2026-01-15T00:00:00Z,-44.0,64.0,0,18.3,34.2,5.65,0.689,NOAA ERDDAP / Argo Floats
2026-01-15T00:00:00Z,-43.0,64.0,0,16.87,34.78,5.8,1.91,NOAA ERDDAP / Argo Floats
2026-01-15T00:00:00Z,-42.0,64.0,20,18.71,34.77,5.62,0.985,NOAA ERDDAP / Argo Floats
2026-01-15T00:00:00Z,-41.0,64.0,10,18.72,34.81,5.79,0.602,NOAA ERDDAP / Argo Floats
2026-01-15T00:00:00Z,-40.0,64.0,10,20.06,34.61,5.53,0.561,NOAA ERDDAP / Argo Floats
2026-01-15T00:00:00Z,-39.0,64.0,0,20.01,34.48,5.62,0.817,NOAA ERDDAP / Argo Floats
2026-01-15T00:00:00Z,-38.0,64.0,20,18.28,34.49,5.68,0.779,NOAA ERDDAP / Argo Floats
2026-01-15T00:00:00Z,-37.0,64.0,0,18.51,34.67,5.34,0.807,NOAA ERDDAP / Argo Floats
2026-01-15T00:00:00Z,-36.0,64.0,50,20.02,34.75,5.47,0.7,NOAA ERDDAP / Argo Floats
2026-01-15T00:00:00Z,-35.0,64.0,0,20.23,35.1,5.37,0.633,NOAA ERDDAP / Argo Floats
2026-01-15T00:00:00Z,-34.0,64.0,10,19.88,35.18,5.86,0.564,NOAA ERDDAP / Argo Floats
2026-01-15T00:00:00Z,-33.0,64.0,0,18.55,34.97,5.51,0.556,NOAA ERDDAP / Argo Floats
2026-01-15T00:00:00Z,-32.0,64.0,0,19.81,34.88,5.36,0.566,NOAA ERDDAP / Argo Floats
2026-01-15T00:00:00Z,-31.0,64.0,100,21.95,35.13,5.43,0.604,NOAA ERDDAP / Argo Floats
2026-01-15T00:00:00Z,-30.0,64.0,20,21.18,34.69,5.34,0.608,NOAA ERDDAP / Argo Floats
2026-01-15T00:00:00Z,-29.0,64.0,0,19.28,34.44,5.3,0.606,NOAA ERDDAP / Argo Floats
2026-01-15T00:00:00Z,-28.0,64.0,0,19.76,34.59,5.0,0.525,NOAA ERDDAP / Argo Floats
2026-01-15T00:00:00Z,-27.0,64.0,10,21.61,35.31,5.39,0.67,NOAA ERDDAP / Argo Floats
2026-01-15T00:00:00Z,-26.0,64.0,20,22.52,34.86,4.7,0.417,NOAA ERDDAP / Argo Floats
2026-01-15T00:00:00Z,-25.0,64.0,20,22.33,34.58,5.49,0.77,NOAA ERDDAP / Argo Floats
2026-01-15T00:00:00Z,-24.0,64.0,20,21.71,34.7,5.42,0.597,NOAA ERDDAP / Argo Floats
2026-01-15T00:00:00Z,-23.0,64.0,0,21.82,34.79,5.37,0.612,NOAA ERDDAP / Argo Floats
2026-01-15T00:00:00Z,-22.0,64.0,0,22.91,34.77,5.36,0.41,NOAA ERDDAP / Argo Floats
2026-01-15T00:00:00Z,-21.0,64.0,0,22.85,34.09,4.85,0.587,NOAA ERDDAP / Argo Floats
2026-01-15T00:00:00Z,-20.0,64.0,0,23.02,34.88,5.02,0.378,NOAA ERDDAP / Argo Floats
2026-01-15T00:00:00Z,-19.0,64.0,0,24.04,34.7,4.97,0.599,NOAA ERDDAP / Argo Floats
2026-01-15T00:00:00Z,-18.0,64.0,0,24.85,35.45,5.32,0.384,NOAA ERDDAP / Argo Floats
2026-01-15T00:00:00Z,-17.0,64.0,0,23.22,35.23,5.03,0.42,NOAA ERDDAP / Argo Floats
2026-01-15T00:00:00Z,-16.0,64.0,0,25.97,35.31,4.99,0.867,NOAA ERDDAP / Argo Floats
2026-01-15T00:00:00Z,-15.0,64.0,0,24.64,34.96,4.94,0.351,NOAA ERDDAP / Argo Floats
2026-01-15T00:00:00Z,-14.0,64.0,0,25.15,34.59,4.77,0.385,NOAA ERDDAP / Argo Floats
2026-01-15T00:00:00Z,-13.0,64.0,0,25.03,34.56,4.84,0.527,NOAA ERDDAP / Argo Floats
2026-01-15T00:00:00Z,-12.0,64.0,0,24.47,34.14,4.86,0.321,NOAA ERDDAP / Argo Floats
2026-01-15T00:00:00Z,-11.0,64.0,0,25.64,35.41,4.71,0.408,NOAA ERDDAP / Argo Floats
2026-01-15T00:00:00Z,-10.0,64.0,20,27.4,34.78,4.92,0.304,NOAA ERDDAP / Argo Floats
2026-01-15T00:00:00Z,-9.0,64.0,50,26.25,34.79,4.38,0.251,NOAA ERDDAP / Argo Floats
2026-01-15T00:00:00Z,-8.0,64.0,10,26.05,35.24,4.59,0.244,NOAA ERDDAP / Argo Floats
2026-01-15T00:00:00Z,-7.0,64.0,0,26.78,35.17,4.54,0.374,NOAA ERDDAP / Argo Floats
2026-01-15T00:00:00Z,-6.0,64.0,20,27.57,34.36,4.2,0.361,NOAA ERDDAP / Argo Floats
2026-01-15T00:00:00Z,-5.0,64.0,20,26.88,35.18,4.55,0.304,NOAA ERDDAP / Argo Floats
2026-01-15T00:00:00Z,-4.0,64.0,10,28.41,35.08,4.75,0.214,NOAA ERDDAP / Argo Floats
2026-01-15T00:00:00Z,-3.0,64.0,0,28.11,35.25,4.9,0.249,NOAA ERDDAP / Argo Floats
2026-01-15T00:00:00Z,-2.0,64.0,0,28.2,35.21,4.59,0.2,NOAA ERDDAP / Argo Floats
2026-01-15T00:00:00Z,-1.0,64.0,100,27.89,34.94,4.32,0.55,NOAA ERDDAP / Argo Floats
2026-01-15T00:00:00Z,0.0,64.0,10,28.38,35.45,4.47,0.273,NOAA ERDDAP / Argo Floats
2026-01-15T00:00:00Z,1.0,64.0,0,28.25,35.39,4.37,0.247,NOAA ERDDAP / Argo Floats
2026-01-15T00:00:00Z,2.0,64.0,0,28.41,35.22,4.82,0.209,NOAA ERDDAP / Argo Floats
2026-01-15T00:00:00Z,3.0,64.0,0,28.23,35.45,4.45,0.248,NOAA ERDDAP / Argo Floats
2026-01-15T00:00:00Z,4.0,64.0,0,28.02,34.84,4.2,0.545,NOAA ERDDAP / Argo Floats
2026-01-15T00:00:00Z,5.0,64.0,10,27.35,34.51,4.66,0.346,NOAA ERDDAP / Argo Floats
2026-01-15T00:00:00Z,6.0,64.0,100,27.72,35.12,4.31,0.503,NOAA ERDDAP / Argo Floats
2026-01-15T00:00:00Z,7.0,64.0,0,26.17,35.43,4.56,0.324,NOAA ERDDAP / Argo Floats
2026-01-15T00:00:00Z,8.0,64.0,0,26.01,35.02,4.6,0.46,NOAA ERDDAP / Argo Floats
2026-01-15T00:00:00Z,9.0,64.0,0,26.72,34.71,4.8,0.437,NOAA ERDDAP / Argo Floats
2026-01-15T00:00:00Z,10.0,64.0,0,25.68,35.11,4.91,0.333,NOAA ERDDAP / Argo Floats
2026-01-15T00:00:00Z,11.0,64.0,0,26.14,34.88,4.97,0.307,NOAA ERDDAP / Argo Floats
2026-01-15T00:00:00Z,12.0,64.0,20,26.08,34.74,4.95,0.677,NOAA ERDDAP / Argo Floats
2026-01-15T00:00:00Z,13.0,64.0,0,26.07,35.02,4.82,0.395,NOAA ERDDAP / Argo Floats
2026-01-15T00:00:00Z,14.0,64.0,10,24.74,35.05,4.91,0.706,NOAA ERDDAP / Argo Floats
2026-01-15T00:00:00Z,15.0,64.0,0,25.0,35.6,5.25,0.322,NOAA ERDDAP / Argo Floats
2026-01-15T00:00:00Z,16.0,64.0,0,24.97,34.84,5.47,0.52,NOAA ERDDAP / Argo Floats
2026-01-15T00:00:00Z,17.0,64.0,0,24.91,34.69,4.92,0.45,NOAA ERDDAP / Argo Floats
2026-01-15T00:00:00Z,18.0,64.0,0,23.21,35.0,5.19,0.479,NOAA ERDDAP / Argo Floats
2026-01-15T00:00:00Z,19.0,64.0,20,25.08,34.85,5.15,0.704,NOAA ERDDAP / Argo Floats
2026-01-15T00:00:00Z,20.0,64.0,0,21.92,35.15,5.35,0.518,NOAA ERDDAP / Argo Floats
2026-01-15T00:00:00Z,21.0,64.0,10,23.13,35.32,5.25,1.274,NOAA ERDDAP / Argo Floats
2026-01-15T00:00:00Z,22.0,64.0,10,22.66,35.59,5.26,0.656,NOAA ERDDAP / Argo Floats
2026-01-15T00:00:00Z,23.0,64.0,20,22.34,35.56,5.04,0.593,NOAA ERDDAP / Argo Floats
2026-01-15T00:00:00Z,24.0,64.0,10,22.24,35.48,5.35,0.432,NOAA ERDDAP / Argo Floats
2026-01-15T00:00:00Z,25.0,64.0,100,22.28,34.81,5.09,0.416,NOAA ERDDAP / Argo Floats
2026-01-15T00:00:00Z,26.0,64.0,10,22.61,35.28,5.46,0.499,NOAA ERDDAP / Argo Floats
2026-01-15T00:00:00Z,27.0,64.0,20,23.03,34.95,5.53,0.428,NOAA ERDDAP / Argo Floats
2026-01-15T00:00:00Z,28.0,64.0,0,19.54,35.39,5.26,0.452,NOAA ERDDAP / Argo Floats
2026-01-15T00:00:00Z,29.0,64.0,0,21.88,35.49,5.21,0.462,NOAA ERDDAP / Argo Floats
2026-01-15T00:00:00Z,30.0,64.0,0,20.53,35.27,5.94,0.576,NOAA ERDDAP / Argo Floats
2026-01-15T00:00:00Z,-45.0,65.0,50,17.07,35.43,5.94,0.804,NOAA ERDDAP / Argo Floats
2026-01-15T00:00:00Z,-44.0,65.0,0,18.71,34.98,5.65,0.843,NOAA ERDDAP / Argo Floats
2026-01-15T00:00:00Z,-43.0,65.0,20,17.56,34.81,5.59,0.97,NOAA ERDDAP / Argo Floats
2026-01-15T00:00:00Z,-42.0,65.0,50,18.34,35.19,5.48,0.696,NOAA ERDDAP / Argo Floats
2026-01-15T00:00:00Z,-41.0,65.0,20,18.9,34.82,5.83,0.682,NOAA ERDDAP / Argo Floats
2026-01-15T00:00:00Z,-40.0,65.0,100,18.73,34.87,5.84,0.598,NOAA ERDDAP / Argo Floats
2026-01-15T00:00:00Z,-39.0,65.0,50,19.63,34.61,5.54,0.616,NOAA ERDDAP / Argo Floats
2026-01-15T00:00:00Z,-38.0,65.0,0,19.35,34.91,5.49,0.616,NOAA ERDDAP / Argo Floats
2026-01-15T00:00:00Z,-37.0,65.0,20,19.13,34.62,5.67,0.641,NOAA ERDDAP / Argo Floats
2026-01-15T00:00:00Z,-36.0,65.0,0,20.58,34.46,5.52,1.096,NOAA ERDDAP / Argo Floats
2026-01-15T00:00:00Z,-35.0,65.0,0,20.05,35.1,5.71,0.509,NOAA ERDDAP / Argo Floats
2026-01-15T00:00:00Z,-34.0,65.0,50,19.85,34.97,5.42,0.96,NOAA ERDDAP / Argo Floats
2026-01-15T00:00:00Z,-33.0,65.0,0,19.94,34.7,5.68,0.707,NOAA ERDDAP / Argo Floats
2026-01-15T00:00:00Z,-32.0,65.0,20,19.65,35.28,5.25,0.532,NOAA ERDDAP / Argo Floats
2026-01-15T00:00:00Z,-31.0,65.0,20,21.58,34.86,5.66,0.523,NOAA ERDDAP / Argo Floats
2026-01-15T00:00:00Z,-30.0,65.0,0,22.13,35.13,5.46,0.628,NOAA ERDDAP / Argo Floats
2026-01-15T00:00:00Z,-29.0,65.0,0,22.45,34.82,5.68,0.468,NOAA ERDDAP / Argo Floats
2026-01-15T00:00:00Z,-28.0,65.0,0,21.38,35.19,5.17,0.495,NOAA ERDDAP / Argo Floats
2026-01-15T00:00:00Z,-27.0,65.0,0,22.71,34.24,5.41,0.584,NOAA ERDDAP / Argo Floats
2026-01-15T00:00:00Z,-26.0,65.0,0,21.02,34.4,5.41,0.423,NOAA ERDDAP / Argo Floats
2026-01-15T00:00:00Z,-25.0,65.0,0,21.85,34.47,5.53,0.554,NOAA ERDDAP / Argo Floats
2026-01-15T00:00:00Z,-24.0,65.0,0,22.15,35.17,5.32,0.627,NOAA ERDDAP / Argo Floats
2026-01-15T00:00:00Z,-23.0,65.0,20,21.72,34.54,5.13,0.559,NOAA ERDDAP / Argo Floats
2026-01-15T00:00:00Z,-22.0,65.0,50,24.18,34.98,5.19,0.469,NOAA ERDDAP / Argo Floats
2026-01-15T00:00:00Z,-21.0,65.0,0,23.32,34.6,4.8,1.511,NOAA ERDDAP / Argo Floats
2026-01-15T00:00:00Z,-20.0,65.0,0,24.7,35.16,4.82,0.525,NOAA ERDDAP / Argo Floats
2026-01-15T00:00:00Z,-19.0,65.0,20,24.98,34.88,4.72,0.476,NOAA ERDDAP / Argo Floats
2026-01-15T00:00:00Z,-18.0,65.0,10,25.58,35.24,4.87,0.353,NOAA ERDDAP / Argo Floats
2026-01-15T00:00:00Z,-17.0,65.0,50,25.43,35.53,4.75,0.387,NOAA ERDDAP / Argo Floats
2026-01-15T00:00:00Z,-16.0,65.0,0,24.91,35.61,4.78,0.444,NOAA ERDDAP / Argo Floats
2026-01-15T00:00:00Z,-15.0,65.0,100,23.35,35.24,4.96,0.476,NOAA ERDDAP / Argo Floats
2026-01-15T00:00:00Z,-14.0,65.0,0,24.73,34.77,4.59,1.054,NOAA ERDDAP / Argo Floats
2026-01-15T00:00:00Z,-13.0,65.0,50,25.46,34.94,5.12,0.483,NOAA ERDDAP / Argo Floats
2026-01-15T00:00:00Z,-12.0,65.0,100,26.57,35.22,4.76,0.282,NOAA ERDDAP / Argo Floats
2026-01-15T00:00:00Z,-11.0,65.0,50,25.35,34.89,5.02,0.297,NOAA ERDDAP / Argo Floats
2026-01-15T00:00:00Z,-10.0,65.0,0,25.91,34.87,4.91,0.348,NOAA ERDDAP / Argo Floats
2026-01-15T00:00:00Z,-9.0,65.0,0,27.14,35.04,4.78,0.271,NOAA ERDDAP / Argo Floats
2026-01-15T00:00:00Z,-8.0,65.0,10,25.49,34.96,4.57,0.252,NOAA ERDDAP / Argo Floats
2026-01-15T00:00:00Z,-7.0,65.0,20,26.53,35.38,4.83,0.248,NOAA ERDDAP / Argo Floats
2026-01-15T00:00:00Z,-6.0,65.0,0,27.39,34.36,4.72,0.532,NOAA ERDDAP / Argo Floats
2026-01-15T00:00:00Z,-5.0,65.0,10,28.12,35.35,4.8,0.232,NOAA ERDDAP / Argo Floats
2026-01-15T00:00:00Z,-4.0,65.0,0,27.64,34.8,4.71,0.944,NOAA ERDDAP / Argo Floats
2026-01-15T00:00:00Z,-3.0,65.0,0,28.92,35.49,4.68,0.363,NOAA ERDDAP / Argo Floats
2026-01-15T00:00:00Z,-2.0,65.0,10,27.15,35.26,4.66,0.194,NOAA ERDDAP / Argo Floats
2026-01-15T00:00:00Z,-1.0,65.0,50,26.72,34.64,4.67,0.24,NOAA ERDDAP / Argo Floats
2026-01-15T00:00:00Z,0.0,65.0,0,29.0,34.91,4.59,0.203,NOAA ERDDAP / Argo Floats
2026-01-15T00:00:00Z,1.0,65.0,50,28.71,35.4,4.64,0.221,NOAA ERDDAP / Argo Floats
2026-01-15T00:00:00Z,2.0,65.0,20,26.56,35.35,4.57,0.203,NOAA ERDDAP / Argo Floats
2026-01-15T00:00:00Z,3.0,65.0,50,27.18,34.98,4.69,0.245,NOAA ERDDAP / Argo Floats
2026-01-15T00:00:00Z,4.0,65.0,10,26.98,34.82,4.56,0.199,NOAA ERDDAP / Argo Floats
2026-01-15T00:00:00Z,5.0,65.0,0,26.41,35.11,4.53,1.247,NOAA ERDDAP / Argo Floats
2026-01-15T00:00:00Z,6.0,65.0,0,28.09,35.22,4.42,0.415,NOAA ERDDAP / Argo Floats
2026-01-15T00:00:00Z,7.0,65.0,20,25.11,34.46,4.6,0.408,NOAA ERDDAP / Argo Floats
2026-01-15T00:00:00Z,8.0,65.0,20,27.14,35.41,4.57,0.352,NOAA ERDDAP / Argo Floats
2026-01-15T00:00:00Z,9.0,65.0,0,27.4,34.75,4.73,0.28,NOAA ERDDAP / Argo Floats
2026-01-15T00:00:00Z,10.0,65.0,20,25.89,35.15,4.85,0.318,NOAA ERDDAP / Argo Floats
2026-01-15T00:00:00Z,11.0,65.0,0,26.34,35.09,4.85,0.41,NOAA ERDDAP / Argo Floats
2026-01-15T00:00:00Z,12.0,65.0,0,24.61,35.35,4.62,0.341,NOAA ERDDAP / Argo Floats
2026-01-15T00:00:00Z,13.0,65.0,0,25.8,34.53,4.79,0.718,NOAA ERDDAP / Argo Floats
2026-01-15T00:00:00Z,14.0,65.0,100,24.22,35.45,4.78,0.65,NOAA ERDDAP / Argo Floats
2026-01-15T00:00:00Z,15.0,65.0,10,25.99,35.0,4.93,0.578,NOAA ERDDAP / Argo Floats
2026-01-15T00:00:00Z,16.0,65.0,0,25.22,35.15,4.97,0.346,NOAA ERDDAP / Argo Floats
2026-01-15T00:00:00Z,17.0,65.0,0,24.14,35.17,5.19,0.552,NOAA ERDDAP / Argo Floats
2026-01-15T00:00:00Z,18.0,65.0,50,22.87,34.74,5.12,0.606,NOAA ERDDAP / Argo Floats
2026-01-15T00:00:00Z,19.0,65.0,100,24.54,35.06,4.72,0.547,NOAA ERDDAP / Argo Floats
2026-01-15T00:00:00Z,20.0,65.0,10,23.1,34.99,5.14,0.425,NOAA ERDDAP / Argo Floats
2026-01-15T00:00:00Z,21.0,65.0,0,23.5,34.87,5.2,0.379,NOAA ERDDAP / Argo Floats
2026-01-15T00:00:00Z,22.0,65.0,0,22.82,35.54,5.17,0.568,NOAA ERDDAP / Argo Floats
2026-01-15T00:00:00Z,23.0,65.0,0,23.06,35.25,5.37,0.625,NOAA ERDDAP / Argo Floats
2026-01-15T00:00:00Z,24.0,65.0,10,22.15,35.73,5.42,0.573,NOAA ERDDAP / Argo Floats
2026-01-15T00:00:00Z,25.0,65.0,0,20.63,35.02,5.39,0.411,NOAA ERDDAP / Argo Floats
2026-01-15T00:00:00Z,26.0,65.0,0,21.99,35.23,5.18,0.432,NOAA ERDDAP / Argo Floats
2026-01-15T00:00:00Z,27.0,65.0,50,22.77,35.32,5.21,0.446,NOAA ERDDAP / Argo Floats
2026-01-15T00:00:00Z,28.0,65.0,0,21.84,34.73,5.22,1.003,NOAA ERDDAP / Argo Floats
2026-01-15T00:00:00Z,29.0,65.0,50,20.69,35.25,5.45,0.66,NOAA ERDDAP / Argo Floats
2026-01-15T00:00:00Z,30.0,65.0,50,20.22,35.0,5.74,0.69,NOAA ERDDAP / Argo Floats
2026-01-15T00:00:00Z,-45.0,66.0,0,16.91,34.2,5.97,1.08,NOAA ERDDAP / Argo Floats
2026-01-15T00:00:00Z,-44.0,66.0,0,18.03,34.83,6.09,0.85,NOAA ERDDAP / Argo Floats
2026-01-15T00:00:00Z,-43.0,66.0,20,16.53,34.74,5.71,1.046,NOAA ERDDAP / Argo Floats
2026-01-15T00:00:00Z,-42.0,66.0,20,19.31,35.22,5.72,0.621,NOAA ERDDAP / Argo Floats
2026-01-15T00:00:00Z,-41.0,66.0,0,17.73,34.36,5.8,0.673,NOAA ERDDAP / Argo Floats
2026-01-15T00:00:00Z,-40.0,66.0,10,18.24,34.91,5.9,0.747,NOAA ERDDAP / Argo Floats
2026-01-15T00:00:00Z,-39.0,66.0,0,20.12,34.53,5.7,0.695,NOAA ERDDAP / Argo Floats
2026-01-15T00:00:00Z,-38.0,66.0,0,18.7,34.7,5.71,0.553,NOAA ERDDAP / Argo Floats
2026-01-15T00:00:00Z,-37.0,66.0,0,18.98,34.88,5.84,0.843,NOAA ERDDAP / Argo Floats
2026-01-15T00:00:00Z,-36.0,66.0,50,18.52,35.02,5.34,0.683,NOAA ERDDAP / Argo Floats
2026-01-15T00:00:00Z,-35.0,66.0,0,18.82,35.19,5.85,0.582,NOAA ERDDAP / Argo Floats
2026-01-15T00:00:00Z,-34.0,66.0,50,21.53,35.18,5.39,1.281,NOAA ERDDAP / Argo Floats
2026-01-15T00:00:00Z,-33.0,66.0,20,20.69,34.59,5.12,0.619,NOAA ERDDAP / Argo Floats
2026-01-15T00:00:00Z,-32.0,66.0,0,21.01,34.92,5.43,0.854,NOAA ERDDAP / Argo Floats
2026-01-15T00:00:00Z,-31.0,66.0,0,20.72,34.3,5.67,0.601,NOAA ERDDAP / Argo Floats
2026-01-15T00:00:00Z,-30.0,66.0,0,18.55,35.2,5.62,0.681,NOAA ERDDAP / Argo Floats
2026-01-15T00:00:00Z,-29.0,66.0,10,23.11,34.68,5.0,0.504,NOAA ERDDAP / Argo Floats
2026-01-15T00:00:00Z,-28.0,66.0,0,20.14,34.76,5.47,1.595,NOAA ERDDAP / Argo Floats
2026-01-15T00:00:00Z,-27.0,66.0,10,21.62,34.71,5.56,0.625,NOAA ERDDAP / Argo Floats
2026-01-15T00:00:00Z,-26.0,66.0,0,21.46,34.97,5.22,0.437,NOAA ERDDAP / Argo Floats
2026-01-15T00:00:00Z,-25.0,66.0,0,22.8,34.49,5.13,0.41,NOAA ERDDAP / Argo Floats
2026-01-15T00:00:00Z,-24.0,66.0,0,21.85,35.03,5.15,0.477,NOAA ERDDAP / Argo Floats
2026-01-15T00:00:00Z,-23.0,66.0,50,22.27,34.63,5.14,0.795,NOAA ERDDAP / Argo Floats
2026-01-15T00:00:00Z,-22.0,66.0,0,22.92,34.68,5.04,0.482,NOAA ERDDAP / Argo Floats
2026-01-15T00:00:00Z,-21.0,66.0,20,23.97,34.84,5.24,0.621,NOAA ERDDAP / Argo Floats
2026-01-15T00:00:00Z,-20.0,66.0,10,23.26,34.92,5.13,0.408,NOAA ERDDAP / Argo Floats
2026-01-15T00:00:00Z,-19.0,66.0,0,23.36,34.65,4.8,0.47,NOAA ERDDAP / Argo Floats
2026-01-15T00:00:00Z,-18.0,66.0,0,22.6,34.64,5.09,0.444,NOAA ERDDAP / Argo Floats
2026-01-15T00:00:00Z,-17.0,66.0,50,22.87,34.72,5.4,0.33,NOAA ERDDAP / Argo Floats
2026-01-15T00:00:00Z,-16.0,66.0,20,23.35,35.23,4.8,0.52,NOAA ERDDAP / Argo Floats
2026-01-15T00:00:00Z,-15.0,66.0,20,24.39,34.67,4.65,0.665,NOAA ERDDAP / Argo Floats
2026-01-15T00:00:00Z,-14.0,66.0,0,25.5,34.95,4.65,0.307,NOAA ERDDAP / Argo Floats
2026-01-15T00:00:00Z,-13.0,66.0,0,24.53,35.26,5.0,0.521,NOAA ERDDAP / Argo Floats
2026-01-15T00:00:00Z,-12.0,66.0,0,26.31,34.79,4.68,0.349,NOAA ERDDAP / Argo Floats
2026-01-15T00:00:00Z,-11.0,66.0,0,26.72,34.84,5.14,0.665,NOAA ERDDAP / Argo Floats
2026-01-15T00:00:00Z,-10.0,66.0,20,25.83,35.07,4.65,0.298,NOAA ERDDAP / Argo Floats
2026-01-15T00:00:00Z,-9.0,66.0,10,27.14,34.67,4.71,0.346,NOAA ERDDAP / Argo Floats
2026-01-15T00:00:00Z,-8.0,66.0,10,26.05,34.88,4.61,0.266,NOAA ERDDAP / Argo Floats
2026-01-15T00:00:00Z,-7.0,66.0,20,24.92,35.39,4.46,0.788,NOAA ERDDAP / Argo Floats
2026-01-15T00:00:00Z,-6.0,66.0,0,28.12,34.77,4.18,0.825,NOAA ERDDAP / Argo Floats
2026-01-15T00:00:00Z,-5.0,66.0,0,26.59,34.93,4.38,0.335,NOAA ERDDAP / Argo Floats
2026-01-15T00:00:00Z,-4.0,66.0,0,28.72,34.78,4.39,0.469,NOAA ERDDAP / Argo Floats
2026-01-15T00:00:00Z,-3.0,66.0,20,27.03,34.93,4.36,0.495,NOAA ERDDAP / Argo Floats
2026-01-15T00:00:00Z,-2.0,66.0,100,26.2,34.62,4.58,0.302,NOAA ERDDAP / Argo Floats
2026-01-15T00:00:00Z,-1.0,66.0,0,28.41,35.4,4.47,0.192,NOAA ERDDAP / Argo Floats
2026-01-15T00:00:00Z,0.0,66.0,50,27.0,35.29,4.81,0.442,NOAA ERDDAP / Argo Floats
2026-01-15T00:00:00Z,1.0,66.0,20,28.85,34.92,4.94,0.39,NOAA ERDDAP / Argo Floats
2026-01-15T00:00:00Z,2.0,66.0,0,26.95,34.76,4.54,0.233,NOAA ERDDAP / Argo Floats
2026-01-15T00:00:00Z,3.0,66.0,20,27.54,35.29,4.56,0.539,NOAA ERDDAP / Argo Floats
2026-01-15T00:00:00Z,4.0,66.0,20,28.65,34.63,4.91,0.515,NOAA ERDDAP / Argo Floats
2026-01-15T00:00:00Z,5.0,66.0,0,26.69,34.77,4.63,0.321,NOAA ERDDAP / Argo Floats
2026-01-15T00:00:00Z,6.0,66.0,0,27.66,35.27,4.62,0.549,NOAA ERDDAP / Argo Floats
2026-01-15T00:00:00Z,7.0,66.0,10,27.53,34.74,4.49,0.32,NOAA ERDDAP / Argo Floats
2026-01-15T00:00:00Z,8.0,66.0,20,25.93,35.47,4.9,0.51,NOAA ERDDAP / Argo Floats
2026-01-15T00:00:00Z,9.0,66.0,0,26.33,34.71,5.08,0.501,NOAA ERDDAP / Argo Floats
2026-01-15T00:00:00Z,10.0,66.0,0,26.89,34.8,4.83,0.377,NOAA ERDDAP / Argo Floats
2026-01-15T00:00:00Z,11.0,66.0,0,25.71,34.54,4.51,0.424,NOAA ERDDAP / Argo Floats
2026-01-15T00:00:00Z,12.0,66.0,0,26.33,34.72,4.86,0.83,NOAA ERDDAP / Argo Floats
2026-01-15T00:00:00Z,13.0,66.0,0,26.33,34.8,5.45,0.608,NOAA ERDDAP / Argo Floats
2026-01-15T00:00:00Z,14.0,66.0,0,25.79,35.24,5.12,0.325,NOAA ERDDAP / Argo Floats
2026-01-15T00:00:00Z,15.0,66.0,10,25.45,35.09,5.2,0.304,NOAA ERDDAP / Argo Floats
2026-01-15T00:00:00Z,16.0,66.0,0,25.44,34.79,5.01,0.421,NOAA ERDDAP / Argo Floats
2026-01-15T00:00:00Z,17.0,66.0,10,23.68,34.78,4.99,0.343,NOAA ERDDAP / Argo Floats
2026-01-15T00:00:00Z,18.0,66.0,50,24.08,35.15,5.27,0.433,NOAA ERDDAP / Argo Floats
2026-01-15T00:00:00Z,19.0,66.0,10,23.01,34.96,4.96,0.728,NOAA ERDDAP / Argo Floats
2026-01-15T00:00:00Z,20.0,66.0,0,23.25,34.73,4.74,0.739,NOAA ERDDAP / Argo Floats
2026-01-15T00:00:00Z,21.0,66.0,10,22.91,35.16,5.09,0.462,NOAA ERDDAP / Argo Floats
2026-01-15T00:00:00Z,22.0,66.0,20,23.6,34.83,5.26,0.43,NOAA ERDDAP / Argo Floats
2026-01-15T00:00:00Z,23.0,66.0,20,22.49,35.37,4.75,0.56,NOAA ERDDAP / Argo Floats
2026-01-15T00:00:00Z,24.0,66.0,20,23.25,35.4,5.6,0.431,NOAA ERDDAP / Argo Floats
2026-01-15T00:00:00Z,25.0,66.0,50,20.07,35.0,5.04,0.409,NOAA ERDDAP / Argo Floats
2026-01-15T00:00:00Z,26.0,66.0,0,23.34,35.34,5.42,0.827,NOAA ERDDAP / Argo Floats
2026-01-15T00:00:00Z,27.0,66.0,10,21.27,35.09,5.32,0.525,NOAA ERDDAP / Argo Floats
2026-01-15T00:00:00Z,28.0,66.0,0,19.86,34.68,4.97,0.526,NOAA ERDDAP / Argo Floats
2026-01-15T00:00:00Z,29.0,66.0,0,21.74,34.61,5.36,0.595,NOAA ERDDAP / Argo Floats
2026-01-15T00:00:00Z,30.0,66.0,0,21.65,35.45,5.62,0.494,NOAA ERDDAP / Argo Floats
2026-01-15T00:00:00Z,-45.0,67.0,20,17.73,34.88,5.71,0.791,NOAA ERDDAP / Argo Floats
2026-01-15T00:00:00Z,-44.0,67.0,0,19.07,34.8,5.91,0.833,NOAA ERDDAP / Argo Floats
2026-01-15T00:00:00Z,-43.0,67.0,20,17.62,34.64,5.85,0.712,NOAA ERDDAP / Argo Floats
2026-01-15T00:00:00Z,-42.0,67.0,10,17.93,34.69,5.53,0.921,NOAA ERDDAP / Argo Floats
2026-01-15T00:00:00Z,-41.0,67.0,20,18.34,34.24,5.61,0.707,NOAA ERDDAP / Argo Floats
2026-01-15T00:00:00Z,-40.0,67.0,0,17.64,34.54,5.74,1.11,NOAA ERDDAP / Argo Floats
2026-01-15T00:00:00Z,-39.0,67.0,0,17.96,34.83,5.58,0.594,NOAA ERDDAP / Argo Floats
2026-01-15T00:00:00Z,-38.0,67.0,10,19.99,34.95,5.45,0.695,NOAA ERDDAP / Argo Floats
2026-01-15T00:00:00Z,-37.0,67.0,100,19.54,35.05,5.67,1.046,NOAA ERDDAP / Argo Floats
2026-01-15T00:00:00Z,-36.0,67.0,20,19.02,34.56,5.63,0.636,NOAA ERDDAP / Argo Floats
2026-01-15T00:00:00Z,-35.0,67.0,50,19.86,34.9,5.8,0.785,NOAA ERDDAP / Argo Floats
2026-01-15T00:00:00Z,-34.0,67.0,20,20.82,35.08,5.73,0.584,NOAA ERDDAP / Argo Floats
2026-01-15T00:00:00Z,-33.0,67.0,0,19.81,35.27,5.97,0.907,NOAA ERDDAP / Argo Floats
2026-01-15T00:00:00Z,-32.0,67.0,0,20.42,35.32,5.22,0.483,NOAA ERDDAP / Argo Floats
2026-01-15T00:00:00Z,-31.0,67.0,10,21.46,34.97,5.61,0.788,NOAA ERDDAP / Argo Floats
2026-01-15T00:00:00Z,-30.0,67.0,10,21.85,34.35,5.24,0.629,NOAA ERDDAP / Argo Floats
2026-01-15T00:00:00Z,-29.0,67.0,50,19.29,34.61,5.35,0.906,NOAA ERDDAP / Argo Floats
2026-01-15T00:00:00Z,-28.0,67.0,0,20.62,34.62,5.08,0.484,NOAA ERDDAP / Argo Floats
2026-01-15T00:00:00Z,-27.0,67.0,0,22.66,36.11,5.3,0.422,NOAA ERDDAP / Argo Floats
2026-01-15T00:00:00Z,-26.0,67.0,100,21.18,35.1,5.46,0.646,NOAA ERDDAP / Argo Floats
2026-01-15T00:00:00Z,-25.0,67.0,20,22.25,35.05,5.2,0.505,NOAA ERDDAP / Argo Floats
2026-01-15T00:00:00Z,-24.0,67.0,20,23.85,34.65,5.36,0.446,NOAA ERDDAP / Argo Floats
2026-01-15T00:00:00Z,-23.0,67.0,10,23.19,35.05,5.35,0.835,NOAA ERDDAP / Argo Floats
2026-01-15T00:00:00Z,-22.0,67.0,10,23.21,35.55,5.19,0.419,NOAA ERDDAP / Argo Floats
2026-01-15T00:00:00Z,-21.0,67.0,20,23.45,35.35,5.19,0.393,NOAA ERDDAP / Argo Floats
2026-01-15T00:00:00Z,-20.0,67.0,0,23.5,34.33,4.95,0.431,NOAA ERDDAP / Argo Floats
2026-01-15T00:00:00Z,-19.0,67.0,0,23.98,34.99,4.8,0.345,NOAA ERDDAP / Argo Floats
2026-01-15T00:00:00Z,-18.0,67.0,0,24.96,34.83,5.14,1.379,NOAA ERDDAP / Argo Floats
2026-01-15T00:00:00Z,-17.0,67.0,20,23.17,35.26,5.01,0.414,NOAA ERDDAP / Argo Floats
2026-01-15T00:00:00Z,-16.0,67.0,0,24.4,35.15,4.66,0.751,NOAA ERDDAP / Argo Floats
2026-01-15T00:00:00Z,-15.0,67.0,10,24.92,33.99,4.85,0.393,NOAA ERDDAP / Argo Floats
2026-01-15T00:00:00Z,-14.0,67.0,10,25.4,34.64,4.97,0.344,NOAA ERDDAP / Argo Floats
2026-01-15T00:00:00Z,-13.0,67.0,0,25.39,34.51,4.77,0.358,NOAA ERDDAP / Argo Floats
2026-01-15T00:00:00Z,-12.0,67.0,0,25.13,35.42,4.92,0.739,NOAA ERDDAP / Argo Floats
2026-01-15T00:00:00Z,-11.0,67.0,0,26.99,35.13,4.67,0.356,NOAA ERDDAP / Argo Floats
2026-01-15T00:00:00Z,-10.0,67.0,20,26.7,34.55,4.6,0.258,NOAA ERDDAP / Argo Floats
2026-01-15T00:00:00Z,-9.0,67.0,50,26.43,34.61,5.01,0.367,NOAA ERDDAP / Argo Floats
2026-01-15T00:00:00Z,-8.0,67.0,0,26.83,35.0,4.82,0.338,NOAA ERDDAP / Argo Floats
2026-01-15T00:00:00Z,-7.0,67.0,0,28.31,34.86,4.39,0.324,NOAA ERDDAP / Argo Floats
2026-01-15T00:00:00Z,-6.0,67.0,0,27.17,34.97,4.95,0.857,NOAA ERDDAP / Argo Floats
2026-01-15T00:00:00Z,-5.0,67.0,0,27.61,34.93,4.61,0.395,NOAA ERDDAP / Argo Floats
2026-01-15T00:00:00Z,-4.0,67.0,0,26.75,35.04,4.26,0.302,NOAA ERDDAP / Argo Floats
2026-01-15T00:00:00Z,-3.0,67.0,0,28.36,34.93,4.44,0.267,NOAA ERDDAP / Argo Floats
2026-01-15T00:00:00Z,-2.0,67.0,0,28.01,34.45,4.48,0.239,NOAA ERDDAP / Argo Floats
2026-01-15T00:00:00Z,-1.0,67.0,20,27.29,34.84,4.32,0.19,NOAA ERDDAP / Argo Floats
2026-01-15T00:00:00Z,0.0,67.0,0,30.38,34.7,4.25,0.181,NOAA ERDDAP / Argo Floats
2026-01-15T00:00:00Z,1.0,67.0,0,28.12,34.96,4.58,0.203,NOAA ERDDAP / Argo Floats
2026-01-15T00:00:00Z,2.0,67.0,0,28.66,35.08,4.63,0.233,NOAA ERDDAP / Argo Floats
2026-01-15T00:00:00Z,3.0,67.0,0,27.05,34.37,4.68,0.226,NOAA ERDDAP / Argo Floats
2026-01-15T00:00:00Z,4.0,67.0,100,28.89,34.64,4.64,0.214,NOAA ERDDAP / Argo Floats
2026-01-15T00:00:00Z,5.0,67.0,10,27.8,34.77,4.49,0.259,NOAA ERDDAP / Argo Floats
2026-01-15T00:00:00Z,6.0,67.0,10,26.02,35.18,4.31,0.212,NOAA ERDDAP / Argo Floats
2026-01-15T00:00:00Z,7.0,67.0,20,26.2,35.04,4.95,0.306,NOAA ERDDAP / Argo Floats
2026-01-15T00:00:00Z,8.0,67.0,10,25.25,34.74,4.6,0.316,NOAA ERDDAP / Argo Floats
2026-01-15T00:00:00Z,9.0,67.0,0,25.84,34.83,4.75,0.322,NOAA ERDDAP / Argo Floats
2026-01-15T00:00:00Z,10.0,67.0,100,27.78,35.03,4.81,0.286,NOAA ERDDAP / Argo Floats
2026-01-15T00:00:00Z,11.0,67.0,0,23.8,35.04,4.91,0.315,NOAA ERDDAP / Argo Floats
2026-01-15T00:00:00Z,12.0,67.0,20,23.74,34.94,4.69,0.425,NOAA ERDDAP / Argo Floats
2026-01-15T00:00:00Z,13.0,67.0,0,24.52,34.71,4.58,0.283,NOAA ERDDAP / Argo Floats
2026-01-15T00:00:00Z,14.0,67.0,20,24.7,34.9,4.99,0.559,NOAA ERDDAP / Argo Floats
2026-01-15T00:00:00Z,15.0,67.0,50,24.78,34.98,5.02,0.448,NOAA ERDDAP / Argo Floats
2026-01-15T00:00:00Z,16.0,67.0,10,23.47,34.92,5.22,0.339,NOAA ERDDAP / Argo Floats
2026-01-15T00:00:00Z,17.0,67.0,50,24.78,35.75,5.12,0.447,NOAA ERDDAP / Argo Floats
2026-01-15T00:00:00Z,18.0,67.0,0,23.95,35.25,5.17,1.448,NOAA ERDDAP / Argo Floats
2026-01-15T00:00:00Z,19.0,67.0,0,22.59,35.13,5.2,0.394,NOAA ERDDAP / Argo Floats
2026-01-15T00:00:00Z,20.0,67.0,20,23.85,35.01,5.3,0.777,NOAA ERDDAP / Argo Floats
2026-01-15T00:00:00Z,21.0,67.0,0,23.4,35.84,5.01,0.378,NOAA ERDDAP / Argo Floats
2026-01-15T00:00:00Z,22.0,67.0,0,22.93,35.19,5.43,0.646,NOAA ERDDAP / Argo Floats
2026-01-15T00:00:00Z,23.0,67.0,10,21.48,35.49,5.28,0.689,NOAA ERDDAP / Argo Floats
2026-01-15T00:00:00Z,24.0,67.0,10,22.56,35.1,5.06,0.47,NOAA ERDDAP / Argo Floats
2026-01-15T00:00:00Z,25.0,67.0,0,21.46,35.27,5.29,0.88,NOAA ERDDAP / Argo Floats
2026-01-15T00:00:00Z,26.0,67.0,10,20.92,35.77,5.08,0.513,NOAA ERDDAP / Argo Floats
2026-01-15T00:00:00Z,27.0,67.0,0,21.65,35.16,5.58,0.481,NOAA ERDDAP / Argo Floats
2026-01-15T00:00:00Z,28.0,67.0,10,21.2,35.33,5.31,0.638,NOAA ERDDAP / Argo Floats
2026-01-15T00:00:00Z,29.0,67.0,0,22.01,35.07,5.44,0.65,NOAA ERDDAP / Argo Floats
2026-01-15T00:00:00Z,30.0,67.0,0,20.87,35.21,5.71,0.603,NOAA ERDDAP / Argo Floats
2026-01-15T00:00:00Z,-45.0,68.0,0,19.66,35.13,5.82,1.115,NOAA ERDDAP / Argo Floats
2026-01-15T00:00:00Z,-44.0,68.0,0,19.63,34.89,5.8,0.892,NOAA ERDDAP / Argo Floats
2026-01-15T00:00:00Z,-43.0,68.0,10,17.02,35.01,5.66,0.669,NOAA ERDDAP / Argo Floats
2026-01-15T00:00:00Z,-42.0,68.0,0,17.1,34.59,5.88,0.701,NOAA ERDDAP / Argo Floats
2026-01-15T00:00:00Z,-41.0,68.0,10,18.78,34.7,5.95,0.651,NOAA ERDDAP / Argo Floats
2026-01-15T00:00:00Z,-40.0,68.0,0,18.19,34.31,5.64,0.577,NOAA ERDDAP / Argo Floats
2026-01-15T00:00:00Z,-39.0,68.0,10,19.24,34.62,5.91,0.593,NOAA ERDDAP / Argo Floats
2026-01-15T00:00:00Z,-38.0,68.0,0,17.81,34.73,5.85,0.559,NOAA ERDDAP / Argo Floats
2026-01-15T00:00:00Z,-37.0,68.0,20,19.81,34.85,5.62,0.742,NOAA ERDDAP / Argo Floats
2026-01-15T00:00:00Z,-36.0,68.0,0,19.97,34.46,5.25,0.799,NOAA ERDDAP / Argo Floats
2026-01-15T00:00:00Z,-35.0,68.0,0,19.61,34.18,5.04,0.57,NOAA ERDDAP / Argo Floats
2026-01-15T00:00:00Z,-34.0,68.0,0,20.45,34.5,5.39,1.147,NOAA ERDDAP / Argo Floats
2026-01-15T00:00:00Z,-33.0,68.0,10,19.42,34.61,5.58,0.522,NOAA ERDDAP / Argo Floats
2026-01-15T00:00:00Z,-32.0,68.0,100,20.23,35.13,5.68,0.913,NOAA ERDDAP / Argo Floats
2026-01-15T00:00:00Z,-31.0,68.0,100,20.14,34.46,5.3,0.468,NOAA ERDDAP / Argo Floats
2026-01-15T00:00:00Z,-30.0,68.0,0,21.67,35.17,5.41,0.547,NOAA ERDDAP / Argo Floats
2026-01-15T00:00:00Z,-29.0,68.0,0,20.3,35.27,5.33,0.576,NOAA ERDDAP / Argo Floats
2026-01-15T00:00:00Z,-28.0,68.0,0,20.35,34.78,4.9,0.458,NOAA ERDDAP / Argo Floats
2026-01-15T00:00:00Z,-27.0,68.0,0,21.27,34.52,5.43,0.72,NOAA ERDDAP / Argo Floats
2026-01-15T00:00:00Z,-26.0,68.0,20,23.39,34.41,5.31,0.537,NOAA ERDDAP / Argo Floats
2026-01-15T00:00:00Z,-25.0,68.0,10,21.79,35.18,5.42,0.497,NOAA ERDDAP / Argo Floats
2026-01-15T00:00:00Z,-24.0,68.0,10,22.24,35.14,5.27,0.455,NOAA ERDDAP / Argo Floats
2026-01-15T00:00:00Z,-23.0,68.0,20,21.98,35.03,4.96,0.694,NOAA ERDDAP / Argo Floats
2026-01-15T00:00:00Z,-22.0,68.0,0,23.7,34.49,5.17,0.41,NOAA ERDDAP / Argo Floats
2026-01-15T00:00:00Z,-21.0,68.0,50,22.79,34.84,5.31,0.415,NOAA ERDDAP / Argo Floats
2026-01-15T00:00:00Z,-20.0,68.0,0,22.74,34.95,5.35,0.458,NOAA ERDDAP / Argo Floats
2026-01-15T00:00:00Z,-19.0,68.0,0,24.1,34.67,4.89,0.355,NOAA ERDDAP / Argo Floats
2026-01-15T00:00:00Z,-18.0,68.0,50,23.71,35.09,5.05,0.375,NOAA ERDDAP / Argo Floats
2026-01-15T00:00:00Z,-17.0,68.0,0,23.54,35.0,5.01,0.532,NOAA ERDDAP / Argo Floats
2026-01-15T00:00:00Z,-16.0,68.0,0,24.68,35.08,5.27,0.326,NOAA ERDDAP / Argo Floats
2026-01-15T00:00:00Z,-15.0,68.0,10,25.19,34.98,5.09,0.389,NOAA ERDDAP / Argo Floats
2026-01-15T00:00:00Z,-14.0,68.0,0,25.65,34.82,5.0,0.411,NOAA ERDDAP / Argo Floats
2026-01-15T00:00:00Z,-13.0,68.0,0,25.33,34.87,4.87,0.294,NOAA ERDDAP / Argo Floats
2026-01-15T00:00:00Z,-12.0,68.0,20,26.21,35.13,5.17,0.403,NOAA ERDDAP / Argo Floats
2026-01-15T00:00:00Z,-11.0,68.0,0,25.23,35.56,4.77,0.296,NOAA ERDDAP / Argo Floats
2026-01-15T00:00:00Z,-10.0,68.0,0,26.32,34.87,5.06,0.372,NOAA ERDDAP / Argo Floats
2026-01-15T00:00:00Z,-9.0,68.0,10,25.25,34.95,4.54,0.246,NOAA ERDDAP / Argo Floats
2026-01-15T00:00:00Z,-8.0,68.0,0,25.17,35.01,4.97,0.294,NOAA ERDDAP / Argo Floats
2026-01-15T00:00:00Z,-7.0,68.0,0,26.39,35.14,4.6,0.648,NOAA ERDDAP / Argo Floats
2026-01-15T00:00:00Z,-6.0,68.0,20,27.38,35.47,4.51,0.351,NOAA ERDDAP / Argo Floats
2026-01-15T00:00:00Z,-5.0,68.0,10,27.31,35.34,4.66,0.864,NOAA ERDDAP / Argo Floats
2026-01-15T00:00:00Z,-4.0,68.0,0,27.01,35.43,4.77,0.292,NOAA ERDDAP / Argo Floats
2026-01-15T00:00:00Z,-3.0,68.0,10,26.25,35.32,4.62,0.587,NOAA ERDDAP / Argo Floats
2026-01-15T00:00:00Z,-2.0,68.0,0,27.45,34.81,4.31,0.184,NOAA ERDDAP / Argo Floats
2026-01-15T00:00:00Z,-1.0,68.0,50,29.21,35.28,4.81,0.472,NOAA ERDDAP / Argo Floats
2026-01-15T00:00:00Z,0.0,68.0,100,29.17,34.91,4.51,0.289,NOAA ERDDAP / Argo Floats
2026-01-15T00:00:00Z,1.0,68.0,0,28.23,34.68,4.39,0.212,NOAA ERDDAP / Argo Floats
2026-01-15T00:00:00Z,2.0,68.0,0,28.15,34.4,4.67,0.4,NOAA ERDDAP / Argo Floats
2026-01-15T00:00:00Z,3.0,68.0,0,27.23,34.41,4.5,0.229,NOAA ERDDAP / Argo Floats
2026-01-15T00:00:00Z,4.0,68.0,0,27.93,34.58,4.82,0.265,NOAA ERDDAP / Argo Floats
2026-01-15T00:00:00Z,5.0,68.0,0,27.55,34.74,4.44,0.315,NOAA ERDDAP / Argo Floats
2026-01-15T00:00:00Z,6.0,68.0,20,25.8,34.99,4.39,0.311,NOAA ERDDAP / Argo Floats
2026-01-15T00:00:00Z,7.0,68.0,0,26.11,35.39,4.82,0.223,NOAA ERDDAP / Argo Floats
2026-01-15T00:00:00Z,8.0,68.0,20,27.93,35.33,4.72,0.347,NOAA ERDDAP / Argo Floats
2026-01-15T00:00:00Z,9.0,68.0,20,26.47,34.95,4.8,0.333,NOAA ERDDAP / Argo Floats
2026-01-15T00:00:00Z,10.0,68.0,0,26.86,35.22,4.71,0.353,NOAA ERDDAP / Argo Floats
2026-01-15T00:00:00Z,11.0,68.0,0,26.01,35.1,4.94,0.372,NOAA ERDDAP / Argo Floats
2026-01-15T00:00:00Z,12.0,68.0,0,24.71,35.22,4.46,0.406,NOAA ERDDAP / Argo Floats
2026-01-15T00:00:00Z,13.0,68.0,10,25.76,35.04,5.08,0.489,NOAA ERDDAP / Argo Floats
2026-01-15T00:00:00Z,14.0,68.0,0,25.49,35.75,4.89,0.529,NOAA ERDDAP / Argo Floats
2026-01-15T00:00:00Z,15.0,68.0,0,25.58,35.17,4.85,0.677,NOAA ERDDAP / Argo Floats
2026-01-15T00:00:00Z,16.0,68.0,0,25.19,35.45,4.98,0.43,NOAA ERDDAP / Argo Floats
2026-01-15T00:00:00Z,17.0,68.0,10,23.44,35.22,4.61,0.961,NOAA ERDDAP / Argo Floats
2026-01-15T00:00:00Z,18.0,68.0,0,24.47,35.5,5.04,0.622,NOAA ERDDAP / Argo Floats
2026-01-15T00:00:00Z,19.0,68.0,0,24.97,35.31,4.63,0.356,NOAA ERDDAP / Argo Floats
2026-01-15T00:00:00Z,20.0,68.0,20,22.29,35.15,4.95,0.798,NOAA ERDDAP / Argo Floats
2026-01-15T00:00:00Z,21.0,68.0,20,23.34,35.43,5.13,0.404,NOAA ERDDAP / Argo Floats
2026-01-15T00:00:00Z,22.0,68.0,0,23.03,35.25,5.13,0.551,NOAA ERDDAP / Argo Floats
2026-01-15T00:00:00Z,23.0,68.0,20,21.92,35.13,5.27,0.516,NOAA ERDDAP / Argo Floats
2026-01-15T00:00:00Z,24.0,68.0,10,22.12,35.37,5.29,0.455,NOAA ERDDAP / Argo Floats
2026-01-15T00:00:00Z,25.0,68.0,0,22.62,35.2,5.6,0.584,NOAA ERDDAP / Argo Floats
2026-01-15T00:00:00Z,26.0,68.0,0,23.53,35.41,5.5,0.417,NOAA ERDDAP / Argo Floats
2026-01-15T00:00:00Z,27.0,68.0,0,21.66,35.63,5.05,0.499,NOAA ERDDAP / Argo Floats
2026-01-15T00:00:00Z,28.0,68.0,100,21.57,35.03,5.02,1.229,NOAA ERDDAP / Argo Floats
2026-01-15T00:00:00Z,29.0,68.0,0,20.85,34.65,5.46,0.444,NOAA ERDDAP / Argo Floats
2026-01-15T00:00:00Z,30.0,68.0,0,19.33,35.23,5.13,0.5,NOAA ERDDAP / Argo Floats
2026-01-15T00:00:00Z,-45.0,69.0,0,17.11,34.53,5.69,0.644,NOAA ERDDAP / Argo Floats
2026-01-15T00:00:00Z,-44.0,69.0,10,16.81,35.16,5.87,1.219,NOAA ERDDAP / Argo Floats
2026-01-15T00:00:00Z,-43.0,69.0,10,18.55,34.95,5.96,0.586,NOAA ERDDAP / Argo Floats
2026-01-15T00:00:00Z,-42.0,69.0,10,16.67,34.53,5.73,0.842,NOAA ERDDAP / Argo Floats
2026-01-15T00:00:00Z,-41.0,69.0,0,17.38,34.45,5.64,0.639,NOAA ERDDAP / Argo Floats
2026-01-15T00:00:00Z,-40.0,69.0,50,18.95,34.87,5.62,0.636,NOAA ERDDAP / Argo Floats
2026-01-15T00:00:00Z,-39.0,69.0,20,18.59,34.57,5.88,0.553,NOAA ERDDAP / Argo Floats
2026-01-15T00:00:00Z,-38.0,69.0,0,19.21,34.82,5.77,0.814,NOAA ERDDAP / Argo Floats
2026-01-15T00:00:00Z,-37.0,69.0,0,19.75,34.43,5.63,1.197,NOAA ERDDAP / Argo Floats
2026-01-15T00:00:00Z,-36.0,69.0,0,18.93,35.42,5.71,0.706,NOAA ERDDAP / Argo Floats
2026-01-15T00:00:00Z,-35.0,69.0,0,20.04,34.97,5.68,0.854,NOAA ERDDAP / Argo Floats
2026-01-15T00:00:00Z,-34.0,69.0,10,19.83,35.03,5.56,0.721,NOAA ERDDAP / Argo Floats
2026-01-15T00:00:00Z,-33.0,69.0,0,19.74,35.31,5.47,0.772,NOAA ERDDAP / Argo Floats
2026-01-15T00:00:00Z,-32.0,69.0,10,20.34,34.71,5.54,0.708,NOAA ERDDAP / Argo Floats
2026-01-15T00:00:00Z,-31.0,69.0,0,21.73,35.56,5.75,0.521,NOAA ERDDAP / Argo Floats
2026-01-15T00:00:00Z,-30.0,69.0,0,19.91,35.1,5.55,0.663,NOAA ERDDAP / Argo Floats
2026-01-15T00:00:00Z,-29.0,69.0,50,23.94,34.76,5.48,0.508,NOAA ERDDAP / Argo Floats
2026-01-15T00:00:00Z,-28.0,69.0,0,22.65,34.68,5.8,0.498,NOAA ERDDAP / Argo Floats
2026-01-15T00:00:00Z,-27.0,69.0,50,21.28,35.15,4.8,0.748,NOAA ERDDAP / Argo Floats
2026-01-15T00:00:00Z,-26.0,69.0,50,21.87,34.86,5.32,0.514,NOAA ERDDAP / Argo Floats
2026-01-15T00:00:00Z,-25.0,69.0,20,21.97,34.97,5.28,1.521,NOAA ERDDAP / Argo Floats
2026-01-15T00:00:00Z,-24.0,69.0,0,22.66,34.49,5.09,0.518,NOAA ERDDAP / Argo Floats
2026-01-15T00:00:00Z,-23.0,69.0,0,22.86,35.33,4.74,0.801,NOAA ERDDAP / Argo Floats
2026-01-15T00:00:00Z,-22.0,69.0,0,24.06,34.5,5.19,0.477,NOAA ERDDAP / Argo Floats
2026-01-15T00:00:00Z,-21.0,69.0,0,24.47,34.46,4.98,0.48,NOAA ERDDAP / Argo Floats
2026-01-15T00:00:00Z,-20.0,69.0,10,24.38,34.86,4.87,0.555,NOAA ERDDAP / Argo Floats
2026-01-15T00:00:00Z,-19.0,69.0,10,23.61,34.85,5.3,0.54,NOAA ERDDAP / Argo Floats
2026-01-15T00:00:00Z,-18.0,69.0,20,24.14,35.07,5.02,0.728,NOAA ERDDAP / Argo Floats
2026-01-15T00:00:00Z,-17.0,69.0,50,23.7,35.04,4.64,0.342,NOAA ERDDAP / Argo Floats
2026-01-15T00:00:00Z,-16.0,69.0,50,24.01,35.38,5.04,0.676,NOAA ERDDAP / Argo Floats
2026-01-15T00:00:00Z,-15.0,69.0,100,25.94,35.02,4.8,0.632,NOAA ERDDAP / Argo Floats
2026-01-15T00:00:00Z,-14.0,69.0,50,25.47,35.08,4.64,0.379,NOAA ERDDAP / Argo Floats
2026-01-15T00:00:00Z,-13.0,69.0,10,24.51,34.62,4.77,0.421,NOAA ERDDAP / Argo Floats
2026-01-15T00:00:00Z,-12.0,69.0,50,26.38,34.89,5.05,0.472,NOAA ERDDAP / Argo Floats
2026-01-15T00:00:00Z,-11.0,69.0,10,25.89,35.0,4.59,0.64,NOAA ERDDAP / Argo Floats
2026-01-15T00:00:00Z,-10.0,69.0,0,27.1,34.51,4.8,0.274,NOAA ERDDAP / Argo Floats
2026-01-15T00:00:00Z,-9.0,69.0,10,25.82,34.87,4.77,0.27,NOAA ERDDAP / Argo Floats
2026-01-15T00:00:00Z,-8.0,69.0,10,26.11,34.33,4.75,0.261,NOAA ERDDAP / Argo Floats
2026-01-15T00:00:00Z,-7.0,69.0,0,27.07,34.67,4.92,0.284,NOAA ERDDAP / Argo Floats
2026-01-15T00:00:00Z,-6.0,69.0,50,27.35,34.3,4.43,0.429,NOAA ERDDAP / Argo Floats
2026-01-15T00:00:00Z,-5.0,69.0,50,27.06,35.19,4.74,0.302,NOAA ERDDAP / Argo Floats
2026-01-15T00:00:00Z,-4.0,69.0,10,26.09,35.56,4.77,0.831,NOAA ERDDAP / Argo Floats
2026-01-15T00:00:00Z,-3.0,69.0,50,28.45,35.26,4.34,0.24,NOAA ERDDAP / Argo Floats
2026-01-15T00:00:00Z,-2.0,69.0,100,27.62,34.92,4.57,0.18,NOAA ERDDAP / Argo Floats
2026-01-15T00:00:00Z,-1.0,69.0,0,30.39,34.84,4.56,0.328,NOAA ERDDAP / Argo Floats
2026-01-15T00:00:00Z,0.0,69.0,0,27.54,34.91,4.49,0.718,NOAA ERDDAP / Argo Floats
2026-01-15T00:00:00Z,1.0,69.0,10,28.64,35.05,4.88,0.163,NOAA ERDDAP / Argo Floats
2026-01-15T00:00:00Z,2.0,69.0,20,27.88,35.37,4.42,0.325,NOAA ERDDAP / Argo Floats
2026-01-15T00:00:00Z,3.0,69.0,0,28.29,35.15,4.45,0.262,NOAA ERDDAP / Argo Floats
2026-01-15T00:00:00Z,4.0,69.0,100,27.12,34.76,4.39,0.398,NOAA ERDDAP / Argo Floats
2026-01-15T00:00:00Z,5.0,69.0,10,28.05,34.98,4.68,0.289,NOAA ERDDAP / Argo Floats
2026-01-15T00:00:00Z,6.0,69.0,100,27.23,35.14,4.63,0.344,NOAA ERDDAP / Argo Floats
2026-01-15T00:00:00Z,7.0,69.0,10,25.73,34.7,4.6,1.072,NOAA ERDDAP / Argo Floats
2026-01-15T00:00:00Z,8.0,69.0,0,25.82,35.11,5.04,0.273,NOAA ERDDAP / Argo Floats
2026-01-15T00:00:00Z,9.0,69.0,0,25.65,35.3,4.69,0.253,NOAA ERDDAP / Argo Floats
2026-01-15T00:00:00Z,10.0,69.0,20,26.36,34.83,4.72,0.537,NOAA ERDDAP / Argo Floats
2026-01-15T00:00:00Z,11.0,69.0,50,26.09,34.43,4.49,0.332,NOAA ERDDAP / Argo Floats
2026-01-15T00:00:00Z,12.0,69.0,0,26.01,34.92,5.0,0.301,NOAA ERDDAP / Argo Floats
2026-01-15T00:00:00Z,13.0,69.0,10,24.63,34.81,5.05,0.401,NOAA ERDDAP / Argo Floats
2026-01-15T00:00:00Z,14.0,69.0,20,24.7,35.2,5.15,0.525,NOAA ERDDAP / Argo Floats
2026-01-15T00:00:00Z,15.0,69.0,20,24.56,35.34,4.87,0.728,NOAA ERDDAP / Argo Floats
2026-01-15T00:00:00Z,16.0,69.0,10,24.26,35.14,4.72,0.432,NOAA ERDDAP / Argo Floats
2026-01-15T00:00:00Z,17.0,69.0,0,24.44,35.09,5.11,0.346,NOAA ERDDAP / Argo Floats
2026-01-15T00:00:00Z,18.0,69.0,50,25.02,34.64,4.94,0.366,NOAA ERDDAP / Argo Floats
2026-01-15T00:00:00Z,19.0,69.0,10,24.04,34.78,5.13,0.353,NOAA ERDDAP / Argo Floats
2026-01-15T00:00:00Z,20.0,69.0,0,24.74,35.25,4.95,0.649,NOAA ERDDAP / Argo Floats
2026-01-15T00:00:00Z,21.0,69.0,0,23.46,34.82,5.19,0.561,NOAA ERDDAP / Argo Floats
2026-01-15T00:00:00Z,22.0,69.0,20,21.91,35.19,5.2,0.42,NOAA ERDDAP / Argo Floats
2026-01-15T00:00:00Z,23.0,69.0,20,23.33,35.51,5.18,0.395,NOAA ERDDAP / Argo Floats
2026-01-15T00:00:00Z,24.0,69.0,10,22.11,34.87,5.16,0.487,NOAA ERDDAP / Argo Floats
2026-01-15T00:00:00Z,25.0,69.0,0,20.97,35.2,5.46,0.689,NOAA ERDDAP / Argo Floats
2026-01-15T00:00:00Z,26.0,69.0,0,22.79,35.02,5.38,0.738,NOAA ERDDAP / Argo Floats
2026-01-15T00:00:00Z,27.0,69.0,0,21.73,35.73,5.28,0.62,NOAA ERDDAP / Argo Floats
2026-01-15T00:00:00Z,28.0,69.0,0,20.05,35.65,5.81,0.811,NOAA ERDDAP / Argo Floats
2026-01-15T00:00:00Z,29.0,69.0,20,20.25,34.94,5.49,0.45,NOAA ERDDAP / Argo Floats
2026-01-15T00:00:00Z,30.0,69.0,0,21.34,34.71,5.48,0.474,NOAA ERDDAP / Argo Floats
2026-01-15T00:00:00Z,-45.0,70.0,0,16.49,35.42,5.84,0.707,NOAA ERDDAP / Argo Floats
2026-01-15T00:00:00Z,-44.0,70.0,10,18.07,34.54,5.72,0.619,NOAA ERDDAP / Argo Floats
2026-01-15T00:00:00Z,-43.0,70.0,10,18.38,34.48,5.59,0.745,NOAA ERDDAP / Argo Floats
2026-01-15T00:00:00Z,-42.0,70.0,0,17.86,34.97,5.94,0.957,NOAA ERDDAP / Argo Floats
2026-01-15T00:00:00Z,-41.0,70.0,10,18.63,35.37,5.6,0.626,NOAA ERDDAP / Argo Floats
2026-01-15T00:00:00Z,-40.0,70.0,0,18.54,34.29,5.56,0.656,NOAA ERDDAP / Argo Floats
2026-01-15T00:00:00Z,-39.0,70.0,0,18.93,34.83,5.89,0.601,NOAA ERDDAP / Argo Floats
2026-01-15T00:00:00Z,-38.0,70.0,20,21.01,34.81,5.37,1.041,NOAA ERDDAP / Argo Floats
2026-01-15T00:00:00Z,-37.0,70.0,10,18.86,34.61,5.56,0.556,NOAA ERDDAP / Argo Floats
2026-01-15T00:00:00Z,-36.0,70.0,0,19.94,34.89,5.61,0.662,NOAA ERDDAP / Argo Floats
2026-01-15T00:00:00Z,-35.0,70.0,10,20.54,34.96,5.3,1.174,NOAA ERDDAP / Argo Floats
2026-01-15T00:00:00Z,-34.0,70.0,0,21.22,34.66,5.67,0.6,NOAA ERDDAP / Argo Floats
2026-01-15T00:00:00Z,-33.0,70.0,10,20.47,34.89,5.77,0.491,NOAA ERDDAP / Argo Floats
2026-01-15T00:00:00Z,-32.0,70.0,10,21.21,35.09,5.14,0.719,NOAA ERDDAP / Argo Floats
2026-01-15T00:00:00Z,-31.0,70.0,0,21.31,34.32,5.67,0.587,NOAA ERDDAP / Argo Floats
2026-01-15T00:00:00Z,-30.0,70.0,0,20.86,35.11,5.55,0.599,NOAA ERDDAP / Argo Floats
2026-01-15T00:00:00Z,-29.0,70.0,0,21.48,34.79,5.34,0.563,NOAA ERDDAP / Argo Floats
2026-01-15T00:00:00Z,-28.0,70.0,10,21.61,34.76,5.28,0.731,NOAA ERDDAP / Argo Floats
2026-01-15T00:00:00Z,-27.0,70.0,20,21.62,34.88,5.61,0.762,NOAA ERDDAP / Argo Floats
2026-01-15T00:00:00Z,-26.0,70.0,50,22.07,34.93,5.45,0.443,NOAA ERDDAP / Argo Floats
2026-01-15T00:00:00Z,-25.0,70.0,0,20.42,35.05,5.29,0.483,NOAA ERDDAP / Argo Floats
2026-01-15T00:00:00Z,-24.0,70.0,100,23.75,34.77,4.99,0.623,NOAA ERDDAP / Argo Floats
2026-01-15T00:00:00Z,-23.0,70.0,20,22.68,34.43,5.38,0.796,NOAA ERDDAP / Argo Floats
2026-01-15T00:00:00Z,-22.0,70.0,50,22.74,35.29,5.18,0.406,NOAA ERDDAP / Argo Floats
2026-01-15T00:00:00Z,-21.0,70.0,0,23.68,34.53,4.81,0.811,NOAA ERDDAP / Argo Floats
2026-01-15T00:00:00Z,-20.0,70.0,10,23.06,34.78,5.06,0.42,NOAA ERDDAP / Argo Floats
2026-01-15T00:00:00Z,-19.0,70.0,0,24.35,34.55,4.91,0.635,NOAA ERDDAP / Argo Floats
2026-01-15T00:00:00Z,-18.0,70.0,0,23.51,35.07,4.9,0.647,NOAA ERDDAP / Argo Floats
2026-01-15T00:00:00Z,-17.0,70.0,20,25.21,34.65,5.17,0.352,NOAA ERDDAP / Argo Floats
2026-01-15T00:00:00Z,-16.0,70.0,0,25.45,35.31,4.95,0.445,NOAA ERDDAP / Argo Floats
2026-01-15T00:00:00Z,-15.0,70.0,20,24.77,34.83,5.12,0.405,NOAA ERDDAP / Argo Floats
2026-01-15T00:00:00Z,-14.0,70.0,10,24.87,34.89,5.02,0.321,NOAA ERDDAP / Argo Floats
2026-01-15T00:00:00Z,-13.0,70.0,50,24.66,34.76,4.72,0.455,NOAA ERDDAP / Argo Floats
2026-01-15T00:00:00Z,-12.0,70.0,10,24.92,34.66,5.04,1.209,NOAA ERDDAP / Argo Floats
2026-01-15T00:00:00Z,-11.0,70.0,100,25.89,35.39,4.69,0.536,NOAA ERDDAP / Argo Floats
2026-01-15T00:00:00Z,-10.0,70.0,50,24.4,35.01,4.94,0.347,NOAA ERDDAP / Argo Floats
2026-01-15T00:00:00Z,-9.0,70.0,0,26.77,34.79,4.72,0.291,NOAA ERDDAP / Argo Floats
2026-01-15T00:00:00Z,-8.0,70.0,0,27.39,35.02,4.91,0.355,NOAA ERDDAP / Argo Floats
2026-01-15T00:00:00Z,-7.0,70.0,100,26.88,34.38,4.92,0.265,NOAA ERDDAP / Argo Floats
2026-01-15T00:00:00Z,-6.0,70.0,0,27.23,35.29,4.5,0.211,NOAA ERDDAP / Argo Floats
2026-01-15T00:00:00Z,-5.0,70.0,50,27.06,34.69,4.66,0.508,NOAA ERDDAP / Argo Floats
2026-01-15T00:00:00Z,-4.0,70.0,0,26.06,34.73,5.1,0.354,NOAA ERDDAP / Argo Floats
2026-01-15T00:00:00Z,-3.0,70.0,0,28.65,35.11,4.47,0.353,NOAA ERDDAP / Argo Floats
2026-01-15T00:00:00Z,-2.0,70.0,0,27.33,34.91,4.56,0.852,NOAA ERDDAP / Argo Floats
2026-01-15T00:00:00Z,-1.0,70.0,0,27.26,35.29,4.51,0.409,NOAA ERDDAP / Argo Floats
2026-01-15T00:00:00Z,0.0,70.0,20,29.12,34.99,4.43,0.177,NOAA ERDDAP / Argo Floats
2026-01-15T00:00:00Z,1.0,70.0,0,27.72,35.24,4.38,0.196,NOAA ERDDAP / Argo Floats
2026-01-15T00:00:00Z,2.0,70.0,10,27.62,35.37,4.5,0.457,NOAA ERDDAP / Argo Floats
2026-01-15T00:00:00Z,3.0,70.0,10,27.75,34.84,4.67,0.455,NOAA ERDDAP / Argo Floats
2026-01-15T00:00:00Z,4.0,70.0,10,27.45,35.14,4.66,0.254,NOAA ERDDAP / Argo Floats
2026-01-15T00:00:00Z,5.0,70.0,100,27.37,35.1,4.33,0.26,NOAA ERDDAP / Argo Floats
2026-01-15T00:00:00Z,6.0,70.0,0,27.61,34.9,4.56,0.465,NOAA ERDDAP / Argo Floats
2026-01-15T00:00:00Z,7.0,70.0,20,27.25,35.02,4.91,0.415,NOAA ERDDAP / Argo Floats
2026-01-15T00:00:00Z,8.0,70.0,0,25.86,35.31,4.9,0.361,NOAA ERDDAP / Argo Floats
2026-01-15T00:00:00Z,9.0,70.0,20,25.56,34.65,4.73,0.246,NOAA ERDDAP / Argo Floats
2026-01-15T00:00:00Z,10.0,70.0,10,25.27,35.11,4.87,0.724,NOAA ERDDAP / Argo Floats
2026-01-15T00:00:00Z,11.0,70.0,0,24.22,34.93,4.65,0.413,NOAA ERDDAP / Argo Floats
2026-01-15T00:00:00Z,12.0,70.0,0,25.1,34.95,4.53,0.37,NOAA ERDDAP / Argo Floats
2026-01-15T00:00:00Z,13.0,70.0,20,24.22,34.98,4.77,1.232,NOAA ERDDAP / Argo Floats
2026-01-15T00:00:00Z,14.0,70.0,0,25.1,35.03,4.78,0.371,NOAA ERDDAP / Argo Floats
2026-01-15T00:00:00Z,15.0,70.0,0,24.45,35.01,4.85,0.401,NOAA ERDDAP / Argo Floats
2026-01-15T00:00:00Z,16.0,70.0,0,25.38,35.22,5.16,0.676,NOAA ERDDAP / Argo Floats
2026-01-15T00:00:00Z,17.0,70.0,0,24.06,34.59,5.01,0.615,NOAA ERDDAP / Argo Floats
2026-01-15T00:00:00Z,18.0,70.0,100,24.06,35.38,5.09,0.396,NOAA ERDDAP / Argo Floats
2026-01-15T00:00:00Z,19.0,70.0,0,23.48,34.96,4.88,0.361,NOAA ERDDAP / Argo Floats
2026-01-15T00:00:00Z,20.0,70.0,20,22.25,34.79,4.92,0.588,NOAA ERDDAP / Argo Floats
2026-01-15T00:00:00Z,21.0,70.0,50,22.55,35.45,5.2,0.521,NOAA ERDDAP / Argo Floats
2026-01-15T00:00:00Z,22.0,70.0,0,22.21,35.25,5.3,0.592,NOAA ERDDAP / Argo Floats
2026-01-15T00:00:00Z,23.0,70.0,0,22.58,34.95,4.93,0.419,NOAA ERDDAP / Argo Floats
2026-01-15T00:00:00Z,24.0,70.0,20,22.29,35.12,5.39,0.678,NOAA ERDDAP / Argo Floats
2026-01-15T00:00:00Z,25.0,70.0,10,22.96,35.48,5.63,0.471,NOAA ERDDAP / Argo Floats
2026-01-15T00:00:00Z,26.0,70.0,0,21.45,35.39,5.52,0.427,NOAA ERDDAP / Argo Floats
2026-01-15T00:00:00Z,27.0,70.0,50,21.09,34.79,5.46,0.491,NOAA ERDDAP / Argo Floats
2026-01-15T00:00:00Z,28.0,70.0,100,21.72,35.15,5.21,0.646,NOAA ERDDAP / Argo Floats
2026-01-15T00:00:00Z,29.0,70.0,0,20.03,35.15,5.16,0.654,NOAA ERDDAP / Argo Floats
2026-01-15T00:00:00Z,30.0,70.0,100,22.56,35.05,5.35,0.496,NOAA ERDDAP / Argo Floats
2026-01-15T00:00:00Z,-45.0,71.0,0,18.5,35.06,5.81,0.632,NOAA ERDDAP / Argo Floats
2026-01-15T00:00:00Z,-44.0,71.0,0,18.28,34.77,6.16,1.139,NOAA ERDDAP / Argo Floats
2026-01-15T00:00:00Z,-43.0,71.0,0,16.83,34.98,5.84,1.101,NOAA ERDDAP / Argo Floats
2026-01-15T00:00:00Z,-42.0,71.0,10,18.37,34.31,6.02,0.591,NOAA ERDDAP / Argo Floats
2026-01-15T00:00:00Z,-41.0,71.0,0,18.3,34.87,5.8,0.727,NOAA ERDDAP / Argo Floats
2026-01-15T00:00:00Z,-40.0,71.0,10,17.27,34.86,5.46,0.9,NOAA ERDDAP / Argo Floats
2026-01-15T00:00:00Z,-39.0,71.0,0,19.29,34.42,5.76,0.567,NOAA ERDDAP / Argo Floats
2026-01-15T00:00:00Z,-38.0,71.0,10,18.47,34.65,5.66,0.849,NOAA ERDDAP / Argo Floats
2026-01-15T00:00:00Z,-37.0,71.0,50,18.62,35.01,5.76,0.52,NOAA ERDDAP / Argo Floats
2026-01-15T00:00:00Z,-36.0,71.0,10,19.33,34.78,5.37,0.534,NOAA ERDDAP / Argo Floats
2026-01-15T00:00:00Z,-35.0,71.0,50,20.44,34.63,5.27,0.559,NOAA ERDDAP / Argo Floats
2026-01-15T00:00:00Z,-34.0,71.0,0,20.26,34.86,5.46,0.855,NOAA ERDDAP / Argo Floats
2026-01-15T00:00:00Z,-33.0,71.0,10,21.1,34.67,5.6,0.595,NOAA ERDDAP / Argo Floats
2026-01-15T00:00:00Z,-32.0,71.0,0,18.81,34.44,5.27,0.921,NOAA ERDDAP / Argo Floats
2026-01-15T00:00:00Z,-31.0,71.0,50,20.36,34.66,5.57,0.472,NOAA ERDDAP / Argo Floats
2026-01-15T00:00:00Z,-30.0,71.0,0,20.88,34.92,5.28,0.542,NOAA ERDDAP / Argo Floats
2026-01-15T00:00:00Z,-29.0,71.0,0,20.66,34.96,5.45,0.784,NOAA ERDDAP / Argo Floats
2026-01-15T00:00:00Z,-28.0,71.0,0,21.15,35.37,5.19,0.515,NOAA ERDDAP / Argo Floats
2026-01-15T00:00:00Z,-27.0,71.0,0,20.8,34.4,5.41,0.493,NOAA ERDDAP / Argo Floats
2026-01-15T00:00:00Z,-26.0,71.0,0,23.03,34.93,5.26,0.526,NOAA ERDDAP / Argo Floats
2026-01-15T00:00:00Z,-25.0,71.0,20,22.82,34.69,5.6,0.51,NOAA ERDDAP / Argo Floats
2026-01-15T00:00:00Z,-24.0,71.0,50,23.03,34.36,5.29,0.608,NOAA ERDDAP / Argo Floats
2026-01-15T00:00:00Z,-23.0,71.0,0,21.95,35.18,5.23,0.645,NOAA ERDDAP / Argo Floats
2026-01-15T00:00:00Z,-22.0,71.0,20,22.95,34.36,5.26,0.728,NOAA ERDDAP / Argo Floats
2026-01-15T00:00:00Z,-21.0,71.0,100,23.18,35.16,4.89,1.05,NOAA ERDDAP / Argo Floats
2026-01-15T00:00:00Z,-20.0,71.0,20,22.45,35.19,5.33,0.357,NOAA ERDDAP / Argo Floats
2026-01-15T00:00:00Z,-19.0,71.0,10,23.57,35.16,5.05,1.124,NOAA ERDDAP / Argo Floats
2026-01-15T00:00:00Z,-18.0,71.0,0,23.36,34.83,4.74,0.374,NOAA ERDDAP / Argo Floats
2026-01-15T00:00:00Z,-17.0,71.0,0,23.45,35.7,4.68,1.02,NOAA ERDDAP / Argo Floats
2026-01-15T00:00:00Z,-16.0,71.0,20,23.8,35.02,4.87,0.331,NOAA ERDDAP / Argo Floats
2026-01-15T00:00:00Z,-15.0,71.0,0,24.3,34.76,4.85,0.408,NOAA ERDDAP / Argo Floats
2026-01-15T00:00:00Z,-14.0,71.0,0,25.44,34.98,5.16,0.453,NOAA ERDDAP / Argo Floats
2026-01-15T00:00:00Z,-13.0,71.0,0,26.31,34.91,5.33,0.332,NOAA ERDDAP / Argo Floats
2026-01-15T00:00:00Z,-12.0,71.0,10,25.77,35.53,5.17,0.584,NOAA ERDDAP / Argo Floats
2026-01-15T00:00:00Z,-11.0,71.0,20,28.19,35.36,4.79,0.308,NOAA ERDDAP / Argo Floats
2026-01-15T00:00:00Z,-10.0,71.0,10,24.96,34.51,4.42,1.107,NOAA ERDDAP / Argo Floats
2026-01-15T00:00:00Z,-9.0,71.0,10,25.52,34.36,5.56,0.311,NOAA ERDDAP / Argo Floats
2026-01-15T00:00:00Z,-8.0,71.0,10,26.83,34.8,4.64,0.469,NOAA ERDDAP / Argo Floats
2026-01-15T00:00:00Z,-7.0,71.0,0,27.87,35.21,4.64,0.311,NOAA ERDDAP / Argo Floats
2026-01-15T00:00:00Z,-6.0,71.0,0,25.64,34.88,4.81,0.246,NOAA ERDDAP / Argo Floats
2026-01-15T00:00:00Z,-5.0,71.0,0,27.75,35.36,4.62,0.402,NOAA ERDDAP / Argo Floats
2026-01-15T00:00:00Z,-4.0,71.0,20,26.79,34.69,4.51,0.376,NOAA ERDDAP / Argo Floats
2026-01-15T00:00:00Z,-3.0,71.0,0,27.55,34.9,4.04,0.695,NOAA ERDDAP / Argo Floats
2026-01-15T00:00:00Z,-2.0,71.0,0,27.54,34.83,4.23,0.219,NOAA ERDDAP / Argo Floats
2026-01-15T00:00:00Z,-1.0,71.0,0,27.85,35.1,4.53,0.32,NOAA ERDDAP / Argo Floats
2026-01-15T00:00:00Z,0.0,71.0,20,27.67,35.17,4.96,0.497,NOAA ERDDAP / Argo Floats
2026-01-15T00:00:00Z,1.0,71.0,0,30.13,35.79,4.47,0.195,NOAA ERDDAP / Argo Floats
2026-01-15T00:00:00Z,2.0,71.0,0,28.07,35.19,4.85,0.257,NOAA ERDDAP / Argo Floats
2026-01-15T00:00:00Z,3.0,71.0,0,27.33,35.36,4.84,0.184,NOAA ERDDAP / Argo Floats
2026-01-15T00:00:00Z,4.0,71.0,0,25.03,35.28,4.39,0.281,NOAA ERDDAP / Argo Floats
2026-01-15T00:00:00Z,5.0,71.0,0,27.93,34.85,4.69,0.474,NOAA ERDDAP / Argo Floats
2026-01-15T00:00:00Z,6.0,71.0,0,27.25,35.05,4.47,0.263,NOAA ERDDAP / Argo Floats
2026-01-15T00:00:00Z,7.0,71.0,10,25.3,34.86,4.45,0.225,NOAA ERDDAP / Argo Floats
2026-01-15T00:00:00Z,8.0,71.0,50,26.08,35.31,4.83,0.341,NOAA ERDDAP / Argo Floats
2026-01-15T00:00:00Z,9.0,71.0,0,26.11,34.96,5.01,0.247,NOAA ERDDAP / Argo Floats
2026-01-15T00:00:00Z,10.0,71.0,50,26.5,35.24,4.56,0.281,NOAA ERDDAP / Argo Floats
2026-01-15T00:00:00Z,11.0,71.0,10,23.95,34.56,4.65,0.543,NOAA ERDDAP / Argo Floats
2026-01-15T00:00:00Z,12.0,71.0,20,25.31,35.43,4.71,0.353,NOAA ERDDAP / Argo Floats
2026-01-15T00:00:00Z,13.0,71.0,0,25.32,35.24,5.03,0.413,NOAA ERDDAP / Argo Floats
2026-01-15T00:00:00Z,14.0,71.0,0,23.54,34.77,4.65,0.39,NOAA ERDDAP / Argo Floats
2026-01-15T00:00:00Z,15.0,71.0,0,25.05,34.9,4.87,0.355,NOAA ERDDAP / Argo Floats
2026-01-15T00:00:00Z,16.0,71.0,0,24.45,35.14,4.98,0.745,NOAA ERDDAP / Argo Floats
2026-01-15T00:00:00Z,17.0,71.0,20,23.02,35.12,4.79,0.363,NOAA ERDDAP / Argo Floats
2026-01-15T00:00:00Z,18.0,71.0,50,23.72,35.47,5.06,0.506,NOAA ERDDAP / Argo Floats
2026-01-15T00:00:00Z,19.0,71.0,20,23.42,35.1,5.45,0.564,NOAA ERDDAP / Argo Floats
2026-01-15T00:00:00Z,20.0,71.0,20,23.33,35.02,4.96,0.509,NOAA ERDDAP / Argo Floats
2026-01-15T00:00:00Z,21.0,71.0,20,22.76,35.29,5.21,0.548,NOAA ERDDAP / Argo Floats
2026-01-15T00:00:00Z,22.0,71.0,0,23.49,34.64,5.32,0.683,NOAA ERDDAP / Argo Floats
2026-01-15T00:00:00Z,23.0,71.0,10,20.99,35.74,5.02,0.398,NOAA ERDDAP / Argo Floats
2026-01-15T00:00:00Z,24.0,71.0,20,22.12,35.18,5.32,0.489,NOAA ERDDAP / Argo Floats
2026-01-15T00:00:00Z,25.0,71.0,10,22.78,34.66,4.99,0.489,NOAA ERDDAP / Argo Floats
2026-01-15T00:00:00Z,26.0,71.0,20,22.38,35.41,5.26,0.689,NOAA ERDDAP / Argo Floats
2026-01-15T00:00:00Z,27.0,71.0,100,21.67,35.47,5.15,0.651,NOAA ERDDAP / Argo Floats
2026-01-15T00:00:00Z,28.0,71.0,50,21.04,34.6,5.63,0.818,NOAA ERDDAP / Argo Floats
2026-01-15T00:00:00Z,29.0,71.0,0,21.04,35.01,5.46,1.063,NOAA ERDDAP / Argo Floats
2026-01-15T00:00:00Z,30.0,71.0,0,19.96,35.28,5.7,0.575,NOAA ERDDAP / Argo Floats
2026-01-15T00:00:00Z,-45.0,72.0,0,17.95,34.29,5.87,0.66,NOAA ERDDAP / Argo Floats
2026-01-15T00:00:00Z,-44.0,72.0,0,17.77,35.08,5.61,1.412,NOAA ERDDAP / Argo Floats
2026-01-15T00:00:00Z,-43.0,72.0,0,17.14,34.68,5.6,0.754,NOAA ERDDAP / Argo Floats
2026-01-15T00:00:00Z,-42.0,72.0,0,18.26,34.56,5.73,1.092,NOAA ERDDAP / Argo Floats
2026-01-15T00:00:00Z,-41.0,72.0,0,16.73,34.9,5.93,0.685,NOAA ERDDAP / Argo Floats
2026-01-15T00:00:00Z,-40.0,72.0,0,17.59,35.99,5.61,0.631,NOAA ERDDAP / Argo Floats
2026-01-15T00:00:00Z,-39.0,72.0,0,19.65,34.41,5.57,0.879,NOAA ERDDAP / Argo Floats
2026-01-15T00:00:00Z,-38.0,72.0,50,20.09,34.43,6.12,0.764,NOAA ERDDAP / Argo Floats
2026-01-15T00:00:00Z,-37.0,72.0,10,18.64,35.14,5.78,0.838,NOAA ERDDAP / Argo Floats
2026-01-15T00:00:00Z,-36.0,72.0,0,19.01,34.75,5.61,0.718,NOAA ERDDAP / Argo Floats
2026-01-15T00:00:00Z,-35.0,72.0,10,19.13,34.75,5.64,0.882,NOAA ERDDAP / Argo Floats
2026-01-15T00:00:00Z,-34.0,72.0,0,19.67,35.12,5.59,0.537,NOAA ERDDAP / Argo Floats
2026-01-15T00:00:00Z,-33.0,72.0,20,20.07,34.77,6.09,0.83,NOAA ERDDAP / Argo Floats
2026-01-15T00:00:00Z,-32.0,72.0,10,20.68,35.05,5.5,0.499,NOAA ERDDAP / Argo Floats
2026-01-15T00:00:00Z,-31.0,72.0,10,21.57,34.61,5.76,0.839,NOAA ERDDAP / Argo Floats
2026-01-15T00:00:00Z,-30.0,72.0,0,20.78,34.76,5.29,0.561,NOAA ERDDAP / Argo Floats
2026-01-15T00:00:00Z,-29.0,72.0,10,21.34,34.92,5.81,0.82,NOAA ERDDAP / Argo Floats
2026-01-15T00:00:00Z,-28.0,72.0,0,20.51,34.67,5.42,0.684,NOAA ERDDAP / Argo Floats
2026-01-15T00:00:00Z,-27.0,72.0,0,20.25,35.31,5.63,0.643,NOAA ERDDAP / Argo Floats
2026-01-15T00:00:00Z,-26.0,72.0,20,23.29,34.75,5.56,0.641,NOAA ERDDAP / Argo Floats
2026-01-15T00:00:00Z,-25.0,72.0,0,22.85,34.81,5.14,0.98,NOAA ERDDAP / Argo Floats
2026-01-15T00:00:00Z,-24.0,72.0,0,21.98,34.54,5.34,0.447,NOAA ERDDAP / Argo Floats
2026-01-15T00:00:00Z,-23.0,72.0,0,22.59,35.09,5.19,0.443,NOAA ERDDAP / Argo Floats
2026-01-15T00:00:00Z,-22.0,72.0,0,22.81,35.0,4.94,0.546,NOAA ERDDAP / Argo Floats
2026-01-15T00:00:00Z,-21.0,72.0,0,24.87,35.07,5.28,0.447,NOAA ERDDAP / Argo Floats
2026-01-15T00:00:00Z,-20.0,72.0,0,22.91,35.1,4.95,0.364,NOAA ERDDAP / Argo Floats
2026-01-15T00:00:00Z,-19.0,72.0,10,24.23,34.88,5.45,0.646,NOAA ERDDAP / Argo Floats
2026-01-15T00:00:00Z,-18.0,72.0,0,23.66,34.81,5.12,0.449,NOAA ERDDAP / Argo Floats
2026-01-15T00:00:00Z,-17.0,72.0,10,24.97,34.98,4.9,0.659,NOAA ERDDAP / Argo Floats
2026-01-15T00:00:00Z,-16.0,72.0,0,26.15,35.3,4.62,0.558,NOAA ERDDAP / Argo Floats
2026-01-15T00:00:00Z,-15.0,72.0,0,25.22,35.27,4.46,0.319,NOAA ERDDAP / Argo Floats
2026-01-15T00:00:00Z,-14.0,72.0,10,23.58,34.54,4.94,0.658,NOAA ERDDAP / Argo Floats
2026-01-15T00:00:00Z,-13.0,72.0,0,24.68,35.17,4.49,0.578,NOAA ERDDAP / Argo Floats
2026-01-15T00:00:00Z,-12.0,72.0,0,25.86,35.04,4.61,0.324,NOAA ERDDAP / Argo Floats
2026-01-15T00:00:00Z,-11.0,72.0,50,26.49,34.92,5.21,0.439,NOAA ERDDAP / Argo Floats
2026-01-15T00:00:00Z,-10.0,72.0,10,25.75,35.17,5.01,0.777,NOAA ERDDAP / Argo Floats
2026-01-15T00:00:00Z,-9.0,72.0,0,25.59,35.09,4.64,0.331,NOAA ERDDAP / Argo Floats
2026-01-15T00:00:00Z,-8.0,72.0,20,25.17,35.07,4.77,0.424,NOAA ERDDAP / Argo Floats
2026-01-15T00:00:00Z,-7.0,72.0,0,25.48,34.74,4.55,0.221,NOAA ERDDAP / Argo Floats
2026-01-15T00:00:00Z,-6.0,72.0,20,28.57,34.28,4.74,0.259,NOAA ERDDAP / Argo Floats
2026-01-15T00:00:00Z,-5.0,72.0,10,26.86,35.58,4.7,0.343,NOAA ERDDAP / Argo Floats
2026-01-15T00:00:00Z,-4.0,72.0,10,26.99,34.82,4.38,0.576,NOAA ERDDAP / Argo Floats
2026-01-15T00:00:00Z,-3.0,72.0,0,27.27,34.91,4.5,0.19,NOAA ERDDAP / Argo Floats
2026-01-15T00:00:00Z,-2.0,72.0,20,28.71,35.66,4.68,0.209,NOAA ERDDAP / Argo Floats
2026-01-15T00:00:00Z,-1.0,72.0,100,27.45,34.44,4.41,0.225,NOAA ERDDAP / Argo Floats
2026-01-15T00:00:00Z,0.0,72.0,0,29.52,35.24,4.2,0.195,NOAA ERDDAP / Argo Floats
2026-01-15T00:00:00Z,1.0,72.0,100,30.27,35.13,4.81,0.225,NOAA ERDDAP / Argo Floats
2026-01-15T00:00:00Z,2.0,72.0,0,28.45,34.76,4.93,0.179,NOAA ERDDAP / Argo Floats
2026-01-15T00:00:00Z,3.0,72.0,20,25.96,34.84,4.63,0.372,NOAA ERDDAP / Argo Floats
2026-01-15T00:00:00Z,4.0,72.0,20,26.65,34.72,4.54,0.326,NOAA ERDDAP / Argo Floats
2026-01-15T00:00:00Z,5.0,72.0,10,27.37,34.56,4.73,0.282,NOAA ERDDAP / Argo Floats
2026-01-15T00:00:00Z,6.0,72.0,100,28.0,35.06,4.51,0.445,NOAA ERDDAP / Argo Floats
2026-01-15T00:00:00Z,7.0,72.0,10,26.33,35.1,4.56,0.266,NOAA ERDDAP / Argo Floats
2026-01-15T00:00:00Z,8.0,72.0,0,26.78,35.44,4.9,0.258,NOAA ERDDAP / Argo Floats
2026-01-15T00:00:00Z,9.0,72.0,0,27.05,35.15,4.48,0.261,NOAA ERDDAP / Argo Floats
2026-01-15T00:00:00Z,10.0,72.0,0,25.09,35.59,4.86,0.252,NOAA ERDDAP / Argo Floats
2026-01-15T00:00:00Z,11.0,72.0,0,25.52,35.09,4.8,0.322,NOAA ERDDAP / Argo Floats
2026-01-15T00:00:00Z,12.0,72.0,0,25.47,35.35,5.08,0.397,NOAA ERDDAP / Argo Floats
2026-01-15T00:00:00Z,13.0,72.0,10,23.67,35.31,4.93,0.468,NOAA ERDDAP / Argo Floats
2026-01-15T00:00:00Z,14.0,72.0,0,23.58,35.54,4.38,0.72,NOAA ERDDAP / Argo Floats
2026-01-15T00:00:00Z,15.0,72.0,50,25.1,34.97,5.23,0.392,NOAA ERDDAP / Argo Floats
2026-01-15T00:00:00Z,16.0,72.0,10,25.89,34.93,5.12,0.795,NOAA ERDDAP / Argo Floats
2026-01-15T00:00:00Z,17.0,72.0,0,24.99,34.72,5.08,0.417,NOAA ERDDAP / Argo Floats
2026-01-15T00:00:00Z,18.0,72.0,20,23.6,34.92,4.71,0.535,NOAA ERDDAP / Argo Floats
2026-01-15T00:00:00Z,19.0,72.0,50,24.08,35.11,4.8,0.555,NOAA ERDDAP / Argo Floats
2026-01-15T00:00:00Z,20.0,72.0,10,23.53,35.48,5.29,0.401,NOAA ERDDAP / Argo Floats
2026-01-15T00:00:00Z,21.0,72.0,0,23.73,35.03,5.14,0.673,NOAA ERDDAP / Argo Floats
2026-01-15T00:00:00Z,22.0,72.0,50,23.37,35.07,5.31,0.432,NOAA ERDDAP / Argo Floats
2026-01-15T00:00:00Z,23.0,72.0,10,21.69,34.84,5.36,0.673,NOAA ERDDAP / Argo Floats
2026-01-15T00:00:00Z,24.0,72.0,0,21.05,34.62,5.09,0.872,NOAA ERDDAP / Argo Floats
2026-01-15T00:00:00Z,25.0,72.0,0,22.79,35.16,5.37,0.645,NOAA ERDDAP / Argo Floats
2026-01-15T00:00:00Z,26.0,72.0,0,22.77,35.51,5.33,0.413,NOAA ERDDAP / Argo Floats
2026-01-15T00:00:00Z,27.0,72.0,10,21.34,34.92,5.5,0.768,NOAA ERDDAP / Argo Floats
2026-01-15T00:00:00Z,28.0,72.0,0,21.32,35.84,5.24,0.464,NOAA ERDDAP / Argo Floats
2026-01-15T00:00:00Z,29.0,72.0,10,21.66,35.45,5.12,0.569,NOAA ERDDAP / Argo Floats
2026-01-15T00:00:00Z,30.0,72.0,0,21.3,35.21,5.42,0.545,NOAA ERDDAP / Argo Floats
2026-01-15T00:00:00Z,-45.0,73.0,50,16.58,35.24,5.99,0.874,NOAA ERDDAP / Argo Floats
2026-01-15T00:00:00Z,-44.0,73.0,0,17.82,34.54,5.73,0.723,NOAA ERDDAP / Argo Floats
2026-01-15T00:00:00Z,-43.0,73.0,0,17.6,35.02,5.65,0.682,NOAA ERDDAP / Argo Floats
2026-01-15T00:00:00Z,-42.0,73.0,0,17.22,34.64,5.95,1.321,NOAA ERDDAP / Argo Floats
2026-01-15T00:00:00Z,-41.0,73.0,0,18.01,34.61,6.12,0.566,NOAA ERDDAP / Argo Floats
2026-01-15T00:00:00Z,-40.0,73.0,0,18.68,34.92,5.68,1.18,NOAA ERDDAP / Argo Floats
2026-01-15T00:00:00Z,-39.0,73.0,10,19.32,34.43,5.72,0.609,NOAA ERDDAP / Argo Floats
2026-01-15T00:00:00Z,-38.0,73.0,20,19.69,35.19,5.61,0.821,NOAA ERDDAP / Argo Floats
2026-01-15T00:00:00Z,-37.0,73.0,10,18.56,35.07,5.52,0.629,NOAA ERDDAP / Argo Floats
2026-01-15T00:00:00Z,-36.0,73.0,100,19.44,34.74,5.23,0.63,NOAA ERDDAP / Argo Floats
2026-01-15T00:00:00Z,-35.0,73.0,0,19.14,35.01,5.43,0.919,NOAA ERDDAP / Argo Floats
2026-01-15T00:00:00Z,-34.0,73.0,50,20.74,35.12,5.45,0.635,NOAA ERDDAP / Argo Floats
2026-01-15T00:00:00Z,-33.0,73.0,0,20.63,34.74,5.45,0.814,NOAA ERDDAP / Argo Floats
2026-01-15T00:00:00Z,-32.0,73.0,100,20.56,34.98,5.68,0.651,NOAA ERDDAP / Argo Floats
2026-01-15T00:00:00Z,-31.0,73.0,20,19.83,34.96,5.05,0.573,NOAA ERDDAP / Argo Floats
2026-01-15T00:00:00Z,-30.0,73.0,0,22.11,34.91,5.17,0.996,NOAA ERDDAP / Argo Floats
2026-01-15T00:00:00Z,-29.0,73.0,20,20.66,35.15,5.47,0.62,NOAA ERDDAP / Argo Floats
2026-01-15T00:00:00Z,-28.0,73.0,0,20.86,34.54,5.45,0.536,NOAA ERDDAP / Argo Floats
2026-01-15T00:00:00Z,-27.0,73.0,0,21.81,35.08,5.53,0.713,NOAA ERDDAP / Argo Floats
2026-01-15T00:00:00Z,-26.0,73.0,0,22.55,35.13,5.36,0.489,NOAA ERDDAP / Argo Floats
2026-01-15T00:00:00Z,-25.0,73.0,10,22.49,34.37,5.02,0.96,NOAA ERDDAP / Argo Floats
2026-01-15T00:00:00Z,-24.0,73.0,0,21.94,35.13,5.03,1.154,NOAA ERDDAP / Argo Floats
2026-01-15T00:00:00Z,-23.0,73.0,0,22.24,34.91,5.03,0.835,NOAA ERDDAP / Argo Floats
2026-01-15T00:00:00Z,-22.0,73.0,100,23.19,35.28,5.21,0.424,NOAA ERDDAP / Argo Floats
2026-01-15T00:00:00Z,-21.0,73.0,10,23.49,35.19,5.11,0.604,NOAA ERDDAP / Argo Floats
2026-01-15T00:00:00Z,-20.0,73.0,0,23.45,34.75,5.18,0.379,NOAA ERDDAP / Argo Floats
2026-01-15T00:00:00Z,-19.0,73.0,0,23.16,35.4,4.99,0.933,NOAA ERDDAP / Argo Floats
2026-01-15T00:00:00Z,-18.0,73.0,50,23.42,35.2,5.23,0.522,NOAA ERDDAP / Argo Floats
2026-01-15T00:00:00Z,-17.0,73.0,0,23.44,35.15,4.97,0.324,NOAA ERDDAP / Argo Floats
2026-01-15T00:00:00Z,-16.0,73.0,0,25.45,34.53,4.7,0.332,NOAA ERDDAP / Argo Floats
2026-01-15T00:00:00Z,-15.0,73.0,20,23.83,35.19,4.64,0.526,NOAA ERDDAP / Argo Floats
2026-01-15T00:00:00Z,-14.0,73.0,0,25.46,35.21,5.14,0.398,NOAA ERDDAP / Argo Floats
2026-01-15T00:00:00Z,-13.0,73.0,0,24.95,35.13,5.13,0.363,NOAA ERDDAP / Argo Floats
2026-01-15T00:00:00Z,-12.0,73.0,0,24.18,35.35,4.44,0.309,NOAA ERDDAP / Argo Floats
2026-01-15T00:00:00Z,-11.0,73.0,10,26.64,34.85,4.6,0.263,NOAA ERDDAP / Argo Floats
2026-01-15T00:00:00Z,-10.0,73.0,50,25.29,34.86,5.0,0.622,NOAA ERDDAP / Argo Floats
2026-01-15T00:00:00Z,-9.0,73.0,50,26.61,35.23,5.02,0.838,NOAA ERDDAP / Argo Floats
2026-01-15T00:00:00Z,-8.0,73.0,10,26.34,35.12,4.49,0.768,NOAA ERDDAP / Argo Floats
2026-01-15T00:00:00Z,-7.0,73.0,10,27.27,35.02,4.62,0.48,NOAA ERDDAP / Argo Floats
2026-01-15T00:00:00Z,-6.0,73.0,0,26.24,35.2,4.41,0.246,NOAA ERDDAP / Argo Floats
2026-01-15T00:00:00Z,-5.0,73.0,10,27.48,35.1,4.63,0.239,NOAA ERDDAP / Argo Floats
2026-01-15T00:00:00Z,-4.0,73.0,10,28.66,35.26,4.64,0.448,NOAA ERDDAP / Argo Floats
2026-01-15T00:00:00Z,-3.0,73.0,0,27.28,35.03,4.18,0.314,NOAA ERDDAP / Argo Floats
2026-01-15T00:00:00Z,-2.0,73.0,0,29.63,35.06,4.43,0.277,NOAA ERDDAP / Argo Floats
2026-01-15T00:00:00Z,-1.0,73.0,0,28.71,35.41,4.83,0.482,NOAA ERDDAP / Argo Floats
2026-01-15T00:00:00Z,0.0,73.0,10,26.51,34.65,4.24,0.239,NOAA ERDDAP / Argo Floats
2026-01-15T00:00:00Z,1.0,73.0,0,28.7,34.85,4.47,0.161,NOAA ERDDAP / Argo Floats
2026-01-15T00:00:00Z,2.0,73.0,10,27.6,34.98,4.81,0.178,NOAA ERDDAP / Argo Floats
2026-01-15T00:00:00Z,3.0,73.0,10,28.42,35.02,4.83,0.278,NOAA ERDDAP / Argo Floats
2026-01-15T00:00:00Z,4.0,73.0,0,28.51,34.83,4.56,0.646,NOAA ERDDAP / Argo Floats
2026-01-15T00:00:00Z,5.0,73.0,0,27.61,34.97,4.66,1.207,NOAA ERDDAP / Argo Floats
2026-01-15T00:00:00Z,6.0,73.0,10,26.07,34.56,4.56,0.349,NOAA ERDDAP / Argo Floats
2026-01-15T00:00:00Z,7.0,73.0,0,26.29,35.6,4.97,0.382,NOAA ERDDAP / Argo Floats
2026-01-15T00:00:00Z,8.0,73.0,50,27.59,35.08,4.67,0.259,NOAA ERDDAP / Argo Floats
2026-01-15T00:00:00Z,9.0,73.0,50,25.79,34.69,4.3,0.414,NOAA ERDDAP / Argo Floats
2026-01-15T00:00:00Z,10.0,73.0,100,26.2,34.95,4.85,0.337,NOAA ERDDAP / Argo Floats
2026-01-15T00:00:00Z,11.0,73.0,20,25.56,34.92,4.91,0.405,NOAA ERDDAP / Argo Floats
2026-01-15T00:00:00Z,12.0,73.0,0,23.64,35.22,4.84,0.291,NOAA ERDDAP / Argo Floats
2026-01-15T00:00:00Z,13.0,73.0,20,24.3,34.87,4.98,0.309,NOAA ERDDAP / Argo Floats
2026-01-15T00:00:00Z,14.0,73.0,0,25.69,35.66,5.27,0.377,NOAA ERDDAP / Argo Floats
2026-01-15T00:00:00Z,15.0,73.0,10,24.64,34.8,4.9,0.448,NOAA ERDDAP / Argo Floats
2026-01-15T00:00:00Z,16.0,73.0,20,25.39,35.03,4.55,0.656,NOAA ERDDAP / Argo Floats
2026-01-15T00:00:00Z,17.0,73.0,10,22.72,35.19,5.0,1.043,NOAA ERDDAP / Argo Floats
2026-01-15T00:00:00Z,18.0,73.0,10,23.84,35.17,5.0,0.819,NOAA ERDDAP / Argo Floats
2026-01-15T00:00:00Z,19.0,73.0,50,25.02,35.52,5.03,0.627,NOAA ERDDAP / Argo Floats
2026-01-15T00:00:00Z,20.0,73.0,20,24.52,34.98,5.21,0.382,NOAA ERDDAP / Argo Floats
2026-01-15T00:00:00Z,21.0,73.0,0,23.55,35.43,5.41,0.391,NOAA ERDDAP / Argo Floats
2026-01-15T00:00:00Z,22.0,73.0,20,23.72,35.53,5.36,0.516,NOAA ERDDAP / Argo Floats
2026-01-15T00:00:00Z,23.0,73.0,0,24.47,35.09,5.05,0.39,NOAA ERDDAP / Argo Floats
2026-01-15T00:00:00Z,24.0,73.0,10,22.37,35.01,5.14,0.812,NOAA ERDDAP / Argo Floats
2026-01-15T00:00:00Z,25.0,73.0,0,22.76,35.14,4.85,0.433,NOAA ERDDAP / Argo Floats
2026-01-15T00:00:00Z,26.0,73.0,0,21.2,34.95,5.31,0.411,NOAA ERDDAP / Argo Floats
2026-01-15T00:00:00Z,27.0,73.0,0,21.88,34.9,5.61,0.448,NOAA ERDDAP / Argo Floats
2026-01-15T00:00:00Z,28.0,73.0,0,20.79,34.96,4.97,0.937,NOAA ERDDAP / Argo Floats
2026-01-15T00:00:00Z,29.0,73.0,0,21.58,35.03,5.26,0.696,NOAA ERDDAP / Argo Floats
2026-01-15T00:00:00Z,30.0,73.0,50,20.8,34.91,5.22,0.583,NOAA ERDDAP / Argo Floats
2026-01-15T00:00:00Z,-45.0,74.0,0,18.83,34.63,5.79,1.019,NOAA ERDDAP / Argo Floats
2026-01-15T00:00:00Z,-44.0,74.0,10,16.75,34.5,5.65,0.667,NOAA ERDDAP / Argo Floats
2026-01-15T00:00:00Z,-43.0,74.0,0,19.11,34.57,5.71,0.968,NOAA ERDDAP / Argo Floats
2026-01-15T00:00:00Z,-42.0,74.0,10,17.55,34.84,5.76,0.701,NOAA ERDDAP / Argo Floats
2026-01-15T00:00:00Z,-41.0,74.0,0,18.15,34.49,5.87,0.599,NOAA ERDDAP / Argo Floats
2026-01-15T00:00:00Z,-40.0,74.0,0,19.15,34.46,5.72,0.576,NOAA ERDDAP / Argo Floats
2026-01-15T00:00:00Z,-39.0,74.0,50,17.11,35.0,5.39,0.686,NOAA ERDDAP / Argo Floats
2026-01-15T00:00:00Z,-38.0,74.0,0,20.39,35.01,5.48,0.699,NOAA ERDDAP / Argo Floats
2026-01-15T00:00:00Z,-37.0,74.0,10,17.54,34.75,5.64,0.636,NOAA ERDDAP / Argo Floats
2026-01-15T00:00:00Z,-36.0,74.0,50,20.16,34.92,5.78,0.87,NOAA ERDDAP / Argo Floats
2026-01-15T00:00:00Z,-35.0,74.0,20,19.84,34.8,5.24,0.778,NOAA ERDDAP / Argo Floats
2026-01-15T00:00:00Z,-34.0,74.0,0,20.28,34.86,5.78,0.75,NOAA ERDDAP / Argo Floats
2026-01-15T00:00:00Z,-33.0,74.0,10,20.89,34.27,5.48,0.599,NOAA ERDDAP / Argo Floats
2026-01-15T00:00:00Z,-32.0,74.0,0,20.62,34.71,5.49,0.573,NOAA ERDDAP / Argo Floats
2026-01-15T00:00:00Z,-31.0,74.0,20,21.36,34.72,5.2,0.581,NOAA ERDDAP / Argo Floats
2026-01-15T00:00:00Z,-30.0,74.0,10,21.62,35.06,5.18,0.95,NOAA ERDDAP / Argo Floats
2026-01-15T00:00:00Z,-29.0,74.0,20,22.23,34.16,5.26,0.462,NOAA ERDDAP / Argo Floats
2026-01-15T00:00:00Z,-28.0,74.0,0,22.05,34.65,5.41,0.761,NOAA ERDDAP / Argo Floats
2026-01-15T00:00:00Z,-27.0,74.0,100,22.76,34.39,5.64,0.927,NOAA ERDDAP / Argo Floats
2026-01-15T00:00:00Z,-26.0,74.0,100,21.52,35.51,5.25,0.45,NOAA ERDDAP / Argo Floats
2026-01-15T00:00:00Z,-25.0,74.0,10,21.67,34.46,5.21,0.476,NOAA ERDDAP / Argo Floats
2026-01-15T00:00:00Z,-24.0,74.0,0,21.74,35.49,5.22,0.431,NOAA ERDDAP / Argo Floats
2026-01-15T00:00:00Z,-23.0,74.0,50,22.02,34.93,5.32,0.431,NOAA ERDDAP / Argo Floats
2026-01-15T00:00:00Z,-22.0,74.0,20,22.32,35.3,4.92,0.416,NOAA ERDDAP / Argo Floats
2026-01-15T00:00:00Z,-21.0,74.0,0,23.02,34.75,5.08,1.233,NOAA ERDDAP / Argo Floats
2026-01-15T00:00:00Z,-20.0,74.0,20,21.54,35.37,5.03,0.396,NOAA ERDDAP / Argo Floats
2026-01-15T00:00:00Z,-19.0,74.0,10,22.72,34.94,5.1,0.999,NOAA ERDDAP / Argo Floats
2026-01-15T00:00:00Z,-18.0,74.0,0,24.04,34.93,5.51,0.425,NOAA ERDDAP / Argo Floats
2026-01-15T00:00:00Z,-17.0,74.0,20,24.81,34.89,5.01,0.379,NOAA ERDDAP / Argo Floats
2026-01-15T00:00:00Z,-16.0,74.0,0,23.8,35.09,4.82,0.421,NOAA ERDDAP / Argo Floats
2026-01-15T00:00:00Z,-15.0,74.0,0,24.17,34.98,4.89,0.362,NOAA ERDDAP / Argo Floats
2026-01-15T00:00:00Z,-14.0,74.0,10,24.82,34.75,5.1,0.492,NOAA ERDDAP / Argo Floats
2026-01-15T00:00:00Z,-13.0,74.0,0,25.33,34.57,4.86,0.382,NOAA ERDDAP / Argo Floats
2026-01-15T00:00:00Z,-12.0,74.0,100,25.63,34.97,4.63,0.295,NOAA ERDDAP / Argo Floats
2026-01-15T00:00:00Z,-11.0,74.0,0,25.7,34.7,5.02,0.52,NOAA ERDDAP / Argo Floats
2026-01-15T00:00:00Z,-10.0,74.0,10,26.8,34.85,4.72,1.183,NOAA ERDDAP / Argo Floats
2026-01-15T00:00:00Z,-9.0,74.0,100,25.67,35.07,4.62,0.272,NOAA ERDDAP / Argo Floats
2026-01-15T00:00:00Z,-8.0,74.0,10,26.65,35.2,5.0,0.548,NOAA ERDDAP / Argo Floats
2026-01-15T00:00:00Z,-7.0,74.0,20,27.5,35.41,4.68,0.528,NOAA ERDDAP / Argo Floats
2026-01-15T00:00:00Z,-6.0,74.0,0,28.32,35.06,4.75,0.253,NOAA ERDDAP / Argo Floats
2026-01-15T00:00:00Z,-5.0,74.0,20,28.92,34.58,5.01,0.24,NOAA ERDDAP / Argo Floats
2026-01-15T00:00:00Z,-4.0,74.0,0,27.72,34.6,4.27,0.335,NOAA ERDDAP / Argo Floats
2026-01-15T00:00:00Z,-3.0,74.0,20,26.85,35.32,4.39,0.878,NOAA ERDDAP / Argo Floats
2026-01-15T00:00:00Z,-2.0,74.0,0,30.39,35.67,4.66,0.512,NOAA ERDDAP / Argo Floats
2026-01-15T00:00:00Z,-1.0,74.0,0,25.85,35.19,4.65,0.463,NOAA ERDDAP / Argo Floats
2026-01-15T00:00:00Z,0.0,74.0,0,29.13,34.9,4.6,0.228,NOAA ERDDAP / Argo Floats
2026-01-15T00:00:00Z,1.0,74.0,0,28.63,34.51,4.39,0.206,NOAA ERDDAP / Argo Floats
2026-01-15T00:00:00Z,2.0,74.0,50,28.86,34.93,4.9,0.182,NOAA ERDDAP / Argo Floats
2026-01-15T00:00:00Z,3.0,74.0,20,27.83,35.15,4.68,0.237,NOAA ERDDAP / Argo Floats
2026-01-15T00:00:00Z,4.0,74.0,0,27.92,35.21,4.36,0.406,NOAA ERDDAP / Argo Floats
2026-01-15T00:00:00Z,5.0,74.0,10,27.87,34.3,4.64,0.503,NOAA ERDDAP / Argo Floats
2026-01-15T00:00:00Z,6.0,74.0,10,27.2,35.31,4.48,0.231,NOAA ERDDAP / Argo Floats
2026-01-15T00:00:00Z,7.0,74.0,0,27.04,35.15,4.41,0.591,NOAA ERDDAP / Argo Floats
2026-01-15T00:00:00Z,8.0,74.0,10,26.39,35.37,4.52,0.288,NOAA ERDDAP / Argo Floats
2026-01-15T00:00:00Z,9.0,74.0,10,26.79,35.03,5.01,0.431,NOAA ERDDAP / Argo Floats
2026-01-15T00:00:00Z,10.0,74.0,10,26.72,34.77,5.11,0.433,NOAA ERDDAP / Argo Floats
2026-01-15T00:00:00Z,11.0,74.0,0,26.0,35.31,4.73,0.323,NOAA ERDDAP / Argo Floats
2026-01-15T00:00:00Z,12.0,74.0,0,24.19,34.86,5.05,1.699,NOAA ERDDAP / Argo Floats
2026-01-15T00:00:00Z,13.0,74.0,10,24.58,35.16,4.73,0.616,NOAA ERDDAP / Argo Floats
2026-01-15T00:00:00Z,14.0,74.0,0,25.24,35.15,4.87,0.702,NOAA ERDDAP / Argo Floats
2026-01-15T00:00:00Z,15.0,74.0,0,24.09,34.89,5.07,0.491,NOAA ERDDAP / Argo Floats
2026-01-15T00:00:00Z,16.0,74.0,100,26.47,35.51,5.14,0.339,NOAA ERDDAP / Argo Floats
2026-01-15T00:00:00Z,17.0,74.0,0,24.39,34.71,4.91,0.734,NOAA ERDDAP / Argo Floats
2026-01-15T00:00:00Z,18.0,74.0,0,24.94,35.02,5.38,0.411,NOAA ERDDAP / Argo Floats
2026-01-15T00:00:00Z,19.0,74.0,0,24.29,35.0,5.01,0.422,NOAA ERDDAP / Argo Floats
2026-01-15T00:00:00Z,20.0,74.0,20,23.71,35.06,4.98,0.397,NOAA ERDDAP / Argo Floats
2026-01-15T00:00:00Z,21.0,74.0,0,22.95,34.54,5.14,0.787,NOAA ERDDAP / Argo Floats
2026-01-15T00:00:00Z,22.0,74.0,0,23.01,34.62,5.18,0.448,NOAA ERDDAP / Argo Floats
2026-01-15T00:00:00Z,23.0,74.0,20,22.72,34.78,5.24,0.558,NOAA ERDDAP / Argo Floats
2026-01-15T00:00:00Z,24.0,74.0,0,22.37,35.53,4.97,0.501,NOAA ERDDAP / Argo Floats
2026-01-15T00:00:00Z,25.0,74.0,0,23.72,34.98,5.55,1.581,NOAA ERDDAP / Argo Floats
2026-01-15T00:00:00Z,26.0,74.0,0,20.59,34.98,4.86,0.443,NOAA ERDDAP / Argo Floats
2026-01-15T00:00:00Z,27.0,74.0,20,19.77,35.45,5.28,0.555,NOAA ERDDAP / Argo Floats
2026-01-15T00:00:00Z,28.0,74.0,0,20.52,35.66,4.69,0.59,NOAA ERDDAP / Argo Floats
2026-01-15T00:00:00Z,29.0,74.0,20,19.99,35.12,5.46,0.72,NOAA ERDDAP / Argo Floats
2026-01-15T00:00:00Z,30.0,74.0,0,21.6,35.05,5.42,0.484,NOAA ERDDAP / Argo Floats
2026-01-15T00:00:00Z,-45.0,75.0,0,16.22,35.11,5.82,0.8,NOAA ERDDAP / Argo Floats
2026-01-15T00:00:00Z,-44.0,75.0,50,17.6,35.4,5.9,0.878,NOAA ERDDAP / Argo Floats
2026-01-15T00:00:00Z,-43.0,75.0,20,18.35,34.76,5.86,0.822,NOAA ERDDAP / Argo Floats
2026-01-15T00:00:00Z,-42.0,75.0,0,18.51,34.47,5.73,0.741,NOAA ERDDAP / Argo Floats
2026-01-15T00:00:00Z,-41.0,75.0,0,19.2,34.56,5.75,0.955,NOAA ERDDAP / Argo Floats
2026-01-15T00:00:00Z,-40.0,75.0,0,18.51,34.83,5.46,0.625,NOAA ERDDAP / Argo Floats
2026-01-15T00:00:00Z,-39.0,75.0,50,18.99,34.86,5.7,0.66,NOAA ERDDAP / Argo Floats
2026-01-15T00:00:00Z,-38.0,75.0,100,19.54,34.78,5.67,0.62,NOAA ERDDAP / Argo Floats
2026-01-15T00:00:00Z,-37.0,75.0,0,18.46,34.58,5.61,0.648,NOAA ERDDAP / Argo Floats
2026-01-15T00:00:00Z,-36.0,75.0,0,19.16,34.29,5.53,0.531,NOAA ERDDAP / Argo Floats
2026-01-15T00:00:00Z,-35.0,75.0,0,18.88,34.71,5.7,0.947,NOAA ERDDAP / Argo Floats
2026-01-15T00:00:00Z,-34.0,75.0,0,19.19,34.6,5.39,0.536,NOAA ERDDAP / Argo Floats
2026-01-15T00:00:00Z,-33.0,75.0,0,20.3,35.02,5.48,0.809,NOAA ERDDAP / Argo Floats
2026-01-15T00:00:00Z,-32.0,75.0,10,21.69,34.66,5.27,0.483,NOAA ERDDAP / Argo Floats
2026-01-15T00:00:00Z,-31.0,75.0,10,21.92,35.17,5.48,0.628,NOAA ERDDAP / Argo Floats
2026-01-15T00:00:00Z,-30.0,75.0,10,20.33,34.81,5.71,0.477,NOAA ERDDAP / Argo Floats
2026-01-15T00:00:00Z,-29.0,75.0,10,22.33,34.97,5.5,0.462,NOAA ERDDAP / Argo Floats
2026-01-15T00:00:00Z,-28.0,75.0,20,19.86,34.82,5.33,0.794,NOAA ERDDAP / Argo Floats
2026-01-15T00:00:00Z,-27.0,75.0,10,21.79,34.64,5.25,0.741,NOAA ERDDAP / Argo Floats
2026-01-15T00:00:00Z,-26.0,75.0,0,22.83,35.0,5.29,0.452,NOAA ERDDAP / Argo Floats
2026-01-15T00:00:00Z,-25.0,75.0,0,21.3,35.07,5.09,1.294,NOAA ERDDAP / Argo Floats
2026-01-15T00:00:00Z,-24.0,75.0,20,23.41,35.19,5.1,0.588,NOAA ERDDAP / Argo Floats
2026-01-15T00:00:00Z,-23.0,75.0,10,23.23,35.17,5.56,0.565,NOAA ERDDAP / Argo Floats
2026-01-15T00:00:00Z,-22.0,75.0,20,22.38,34.89,5.08,0.63,NOAA ERDDAP / Argo Floats
2026-01-15T00:00:00Z,-21.0,75.0,50,22.5,34.53,5.13,0.485,NOAA ERDDAP / Argo Floats
2026-01-15T00:00:00Z,-20.0,75.0,0,24.56,34.89,5.2,0.36,NOAA ERDDAP / Argo Floats
2026-01-15T00:00:00Z,-19.0,75.0,0,24.05,34.82,4.82,0.648,NOAA ERDDAP / Argo Floats
2026-01-15T00:00:00Z,-18.0,75.0,0,25.17,35.1,4.85,0.342,NOAA ERDDAP / Argo Floats
2026-01-15T00:00:00Z,-17.0,75.0,0,24.79,35.11,5.03,0.366,NOAA ERDDAP / Argo Floats
2026-01-15T00:00:00Z,-16.0,75.0,0,25.9,34.59,4.86,0.413,NOAA ERDDAP / Argo Floats
2026-01-15T00:00:00Z,-15.0,75.0,10,24.06,35.37,5.06,0.583,NOAA ERDDAP / Argo Floats
2026-01-15T00:00:00Z,-14.0,75.0,0,25.03,35.09,4.59,0.321,NOAA ERDDAP / Argo Floats
2026-01-15T00:00:00Z,-13.0,75.0,20,24.59,34.81,5.02,0.882,NOAA ERDDAP / Argo Floats
2026-01-15T00:00:00Z,-12.0,75.0,10,26.15,34.84,4.82,0.432,NOAA ERDDAP / Argo Floats
2026-01-15T00:00:00Z,-11.0,75.0,0,27.11,34.83,4.72,1.248,NOAA ERDDAP / Argo Floats
2026-01-15T00:00:00Z,-10.0,75.0,10,25.45,34.68,4.7,0.674,NOAA ERDDAP / Argo Floats
2026-01-15T00:00:00Z,-9.0,75.0,0,26.04,34.93,4.89,0.355,NOAA ERDDAP / Argo Floats
2026-01-15T00:00:00Z,-8.0,75.0,20,26.77,35.13,4.33,0.266,NOAA ERDDAP / Argo Floats
2026-01-15T00:00:00Z,-7.0,75.0,10,25.42,34.83,4.85,0.311,NOAA ERDDAP / Argo Floats
2026-01-15T00:00:00Z,-6.0,75.0,0,27.28,34.96,4.9,0.602,NOAA ERDDAP / Argo Floats
2026-01-15T00:00:00Z,-5.0,75.0,0,27.17,34.99,4.97,0.358,NOAA ERDDAP / Argo Floats
2026-01-15T00:00:00Z,-4.0,75.0,100,28.3,35.22,4.62,0.221,NOAA ERDDAP / Argo Floats
2026-01-15T00:00:00Z,-3.0,75.0,20,28.37,35.29,4.51,0.347,NOAA ERDDAP / Argo Floats
2026-01-15T00:00:00Z,-2.0,75.0,20,27.08,35.03,4.66,0.203,NOAA ERDDAP / Argo Floats
2026-01-15T00:00:00Z,-1.0,75.0,10,29.52,35.23,4.17,0.346,NOAA ERDDAP / Argo Floats
2026-01-15T00:00:00Z,0.0,75.0,0,29.19,34.52,4.41,0.431,NOAA ERDDAP / Argo Floats
2026-01-15T00:00:00Z,1.0,75.0,10,29.1,35.18,4.43,0.293,NOAA ERDDAP / Argo Floats
2026-01-15T00:00:00Z,2.0,75.0,0,30.16,34.65,4.4,0.336,NOAA ERDDAP / Argo Floats
2026-01-15T00:00:00Z,3.0,75.0,50,28.08,35.04,5.0,0.664,NOAA ERDDAP / Argo Floats
2026-01-15T00:00:00Z,4.0,75.0,0,28.06,35.06,4.75,0.368,NOAA ERDDAP / Argo Floats
2026-01-15T00:00:00Z,5.0,75.0,0,28.03,35.15,4.23,0.326,NOAA ERDDAP / Argo Floats
2026-01-15T00:00:00Z,6.0,75.0,20,27.03,35.33,4.93,0.312,NOAA ERDDAP / Argo Floats
2026-01-15T00:00:00Z,7.0,75.0,10,26.15,35.03,4.8,0.517,NOAA ERDDAP / Argo Floats
2026-01-15T00:00:00Z,8.0,75.0,0,26.67,34.69,4.89,0.347,NOAA ERDDAP / Argo Floats
2026-01-15T00:00:00Z,9.0,75.0,0,25.96,34.91,4.92,0.315,NOAA ERDDAP / Argo Floats
2026-01-15T00:00:00Z,10.0,75.0,10,25.91,35.17,4.67,0.566,NOAA ERDDAP / Argo Floats
2026-01-15T00:00:00Z,11.0,75.0,0,26.41,34.81,4.72,0.296,NOAA ERDDAP / Argo Floats
2026-01-15T00:00:00Z,12.0,75.0,10,25.71,35.62,5.16,0.481,NOAA ERDDAP / Argo Floats
2026-01-15T00:00:00Z,13.0,75.0,20,25.03,35.45,4.89,0.93,NOAA ERDDAP / Argo Floats
2026-01-15T00:00:00Z,14.0,75.0,0,24.78,35.0,5.1,0.408,NOAA ERDDAP / Argo Floats
2026-01-15T00:00:00Z,15.0,75.0,20,25.66,35.21,4.82,0.338,NOAA ERDDAP / Argo Floats
2026-01-15T00:00:00Z,16.0,75.0,10,24.38,35.0,4.89,0.333,NOAA ERDDAP / Argo Floats
2026-01-15T00:00:00Z,17.0,75.0,20,23.64,35.66,4.97,0.513,NOAA ERDDAP / Argo Floats
2026-01-15T00:00:00Z,18.0,75.0,20,23.0,34.52,4.88,0.34,NOAA ERDDAP / Argo Floats
2026-01-15T00:00:00Z,19.0,75.0,20,23.55,35.4,5.32,0.362,NOAA ERDDAP / Argo Floats
2026-01-15T00:00:00Z,20.0,75.0,10,23.64,34.72,5.32,0.658,NOAA ERDDAP / Argo Floats
2026-01-15T00:00:00Z,21.0,75.0,10,23.97,35.16,5.07,0.487,NOAA ERDDAP / Argo Floats
2026-01-15T00:00:00Z,22.0,75.0,20,24.18,35.44,5.3,0.374,NOAA ERDDAP / Argo Floats
2026-01-15T00:00:00Z,23.0,75.0,10,22.24,34.97,5.2,0.401,NOAA ERDDAP / Argo Floats
2026-01-15T00:00:00Z,24.0,75.0,10,23.32,34.89,5.15,0.438,NOAA ERDDAP / Argo Floats
2026-01-15T00:00:00Z,25.0,75.0,20,23.83,34.91,5.1,0.604,NOAA ERDDAP / Argo Floats
2026-01-15T00:00:00Z,26.0,75.0,0,22.34,35.14,5.21,0.611,NOAA ERDDAP / Argo Floats
2026-01-15T00:00:00Z,27.0,75.0,50,21.11,35.11,5.02,0.679,NOAA ERDDAP / Argo Floats
2026-01-15T00:00:00Z,28.0,75.0,0,21.3,34.78,5.18,0.664,NOAA ERDDAP / Argo Floats
2026-01-15T00:00:00Z,29.0,75.0,0,21.9,34.71,5.56,1.944,NOAA ERDDAP / Argo Floats
2026-01-15T00:00:00Z,30.0,75.0,0,19.69,34.97,5.58,0.878,NOAA ERDDAP / Argo Floats
2026-01-15T00:00:00Z,-45.0,76.0,20,17.76,34.61,6.06,0.606,NOAA ERDDAP / Argo Floats
2026-01-15T00:00:00Z,-44.0,76.0,0,17.55,34.75,5.55,0.815,NOAA ERDDAP / Argo Floats
2026-01-15T00:00:00Z,-43.0,76.0,10,17.08,34.87,5.93,0.67,NOAA ERDDAP / Argo Floats
2026-01-15T00:00:00Z,-42.0,76.0,0,19.15,34.56,5.9,0.808,NOAA ERDDAP / Argo Floats
2026-01-15T00:00:00Z,-41.0,76.0,10,17.67,35.32,5.8,0.72,NOAA ERDDAP / Argo Floats
2026-01-15T00:00:00Z,-40.0,76.0,20,20.13,35.47,5.73,0.6,NOAA ERDDAP / Argo Floats
2026-01-15T00:00:00Z,-39.0,76.0,0,18.84,35.02,5.65,0.778,NOAA ERDDAP / Argo Floats
2026-01-15T00:00:00Z,-38.0,76.0,10,19.23,34.91,5.8,0.546,NOAA ERDDAP / Argo Floats
2026-01-15T00:00:00Z,-37.0,76.0,0,18.05,34.5,5.73,0.585,NOAA ERDDAP / Argo Floats
2026-01-15T00:00:00Z,-36.0,76.0,20,18.51,34.97,5.67,0.757,NOAA ERDDAP / Argo Floats
2026-01-15T00:00:00Z,-35.0,76.0,0,18.15,34.74,5.6,0.516,NOAA ERDDAP / Argo Floats
2026-01-15T00:00:00Z,-34.0,76.0,10,19.67,34.94,5.43,0.961,NOAA ERDDAP / Argo Floats
2026-01-15T00:00:00Z,-33.0,76.0,20,21.32,34.59,5.46,0.88,NOAA ERDDAP / Argo Floats
2026-01-15T00:00:00Z,-32.0,76.0,10,19.99,34.78,5.0,0.916,NOAA ERDDAP / Argo Floats
2026-01-15T00:00:00Z,-31.0,76.0,10,20.97,34.61,5.54,0.997,NOAA ERDDAP / Argo Floats
2026-01-15T00:00:00Z,-30.0,76.0,10,21.62,34.63,5.44,0.883,NOAA ERDDAP / Argo Floats
2026-01-15T00:00:00Z,-29.0,76.0,10,20.5,34.51,5.4,0.46,NOAA ERDDAP / Argo Floats
2026-01-15T00:00:00Z,-28.0,76.0,10,22.01,34.98,5.22,0.463,NOAA ERDDAP / Argo Floats
2026-01-15T00:00:00Z,-27.0,76.0,10,21.98,35.08,5.26,0.513,NOAA ERDDAP / Argo Floats
2026-01-15T00:00:00Z,-26.0,76.0,20,22.64,34.36,5.49,0.557,NOAA ERDDAP / Argo Floats
2026-01-15T00:00:00Z,-25.0,76.0,100,21.89,34.22,5.0,0.467,NOAA ERDDAP / Argo Floats
2026-01-15T00:00:00Z,-24.0,76.0,20,22.86,35.07,4.93,0.432,NOAA ERDDAP / Argo Floats
2026-01-15T00:00:00Z,-23.0,76.0,50,23.37,35.03,5.15,0.571,NOAA ERDDAP / Argo Floats
2026-01-15T00:00:00Z,-22.0,76.0,0,22.74,35.27,5.01,0.582,NOAA ERDDAP / Argo Floats
2026-01-15T00:00:00Z,-21.0,76.0,10,23.24,34.55,5.13,0.684,NOAA ERDDAP / Argo Floats
2026-01-15T00:00:00Z,-20.0,76.0,0,24.18,35.35,5.08,0.405,NOAA ERDDAP / Argo Floats
2026-01-15T00:00:00Z,-19.0,76.0,10,24.13,35.86,5.15,0.464,NOAA ERDDAP / Argo Floats
2026-01-15T00:00:00Z,-18.0,76.0,0,23.25,34.77,4.68,0.613,NOAA ERDDAP / Argo Floats
2026-01-15T00:00:00Z,-17.0,76.0,50,24.02,34.14,5.33,0.39,NOAA ERDDAP / Argo Floats
2026-01-15T00:00:00Z,-16.0,76.0,0,24.49,34.47,5.02,0.401,NOAA ERDDAP / Argo Floats
2026-01-15T00:00:00Z,-15.0,76.0,0,23.94,35.24,4.89,0.376,NOAA ERDDAP / Argo Floats
2026-01-15T00:00:00Z,-14.0,76.0,0,24.26,35.28,4.96,0.961,NOAA ERDDAP / Argo Floats
2026-01-15T00:00:00Z,-13.0,76.0,0,24.93,34.7,4.78,0.292,NOAA ERDDAP / Argo Floats
2026-01-15T00:00:00Z,-12.0,76.0,0,24.48,34.38,5.05,0.458,NOAA ERDDAP / Argo Floats
2026-01-15T00:00:00Z,-11.0,76.0,10,26.23,34.27,5.21,0.458,NOAA ERDDAP / Argo Floats
2026-01-15T00:00:00Z,-10.0,76.0,0,26.25,34.55,4.94,0.381,NOAA ERDDAP / Argo Floats
2026-01-15T00:00:00Z,-9.0,76.0,0,27.29,34.87,5.02,0.416,NOAA ERDDAP / Argo Floats
2026-01-15T00:00:00Z,-8.0,76.0,0,27.17,34.84,4.65,0.537,NOAA ERDDAP / Argo Floats
2026-01-15T00:00:00Z,-7.0,76.0,10,26.64,34.53,4.7,0.465,NOAA ERDDAP / Argo Floats
2026-01-15T00:00:00Z,-6.0,76.0,0,26.47,34.77,4.39,0.333,NOAA ERDDAP / Argo Floats
2026-01-15T00:00:00Z,-5.0,76.0,10,26.5,34.86,4.41,0.805,NOAA ERDDAP / Argo Floats
2026-01-15T00:00:00Z,-4.0,76.0,0,26.52,34.66,4.48,0.252,NOAA ERDDAP / Argo Floats
2026-01-15T00:00:00Z,-3.0,76.0,10,27.85,34.26,4.43,0.515,NOAA ERDDAP / Argo Floats
2026-01-15T00:00:00Z,-2.0,76.0,0,27.68,34.99,4.5,0.398,NOAA ERDDAP / Argo Floats
2026-01-15T00:00:00Z,-1.0,76.0,100,30.36,34.5,4.71,0.29,NOAA ERDDAP / Argo Floats
2026-01-15T00:00:00Z,0.0,76.0,100,29.24,35.15,4.48,0.531,NOAA ERDDAP / Argo Floats
2026-01-15T00:00:00Z,1.0,76.0,0,28.26,35.3,4.71,0.236,NOAA ERDDAP / Argo Floats
2026-01-15T00:00:00Z,2.0,76.0,20,28.47,34.96,4.26,0.45,NOAA ERDDAP / Argo Floats
2026-01-15T00:00:00Z,3.0,76.0,20,26.04,35.23,5.27,0.242,NOAA ERDDAP / Argo Floats
2026-01-15T00:00:00Z,4.0,76.0,10,28.05,35.4,4.58,0.337,NOAA ERDDAP / Argo Floats
2026-01-15T00:00:00Z,5.0,76.0,20,28.36,35.28,4.7,0.226,NOAA ERDDAP / Argo Floats
2026-01-15T00:00:00Z,6.0,76.0,0,27.59,34.85,4.9,0.428,NOAA ERDDAP / Argo Floats
2026-01-15T00:00:00Z,7.0,76.0,0,26.64,35.21,4.76,0.31,NOAA ERDDAP / Argo Floats
2026-01-15T00:00:00Z,8.0,76.0,50,26.35,35.0,4.61,0.252,NOAA ERDDAP / Argo Floats
2026-01-15T00:00:00Z,9.0,76.0,0,26.93,35.02,4.86,0.515,NOAA ERDDAP / Argo Floats
2026-01-15T00:00:00Z,10.0,76.0,10,26.08,34.94,4.37,0.33,NOAA ERDDAP / Argo Floats
2026-01-15T00:00:00Z,11.0,76.0,0,24.3,34.98,4.98,0.528,NOAA ERDDAP / Argo Floats
2026-01-15T00:00:00Z,12.0,76.0,0,26.82,35.25,4.77,0.447,NOAA ERDDAP / Argo Floats
2026-01-15T00:00:00Z,13.0,76.0,50,25.7,34.48,5.19,0.756,NOAA ERDDAP / Argo Floats
2026-01-15T00:00:00Z,14.0,76.0,10,24.81,35.04,4.67,0.517,NOAA ERDDAP / Argo Floats
2026-01-15T00:00:00Z,15.0,76.0,100,25.55,34.84,4.92,0.814,NOAA ERDDAP / Argo Floats
2026-01-15T00:00:00Z,16.0,76.0,20,24.78,35.12,5.08,0.414,NOAA ERDDAP / Argo Floats
2026-01-15T00:00:00Z,17.0,76.0,0,26.14,34.9,4.99,0.377,NOAA ERDDAP / Argo Floats
2026-01-15T00:00:00Z,18.0,76.0,0,24.53,35.53,4.95,0.452,NOAA ERDDAP / Argo Floats
2026-01-15T00:00:00Z,19.0,76.0,0,22.1,35.43,5.1,0.373,NOAA ERDDAP / Argo Floats
2026-01-15T00:00:00Z,20.0,76.0,0,22.44,35.4,5.34,0.357,NOAA ERDDAP / Argo Floats
2026-01-15T00:00:00Z,21.0,76.0,10,23.66,35.15,4.98,0.442,NOAA ERDDAP / Argo Floats
2026-01-15T00:00:00Z,22.0,76.0,0,22.62,35.18,4.89,0.39,NOAA ERDDAP / Argo Floats
2026-01-15T00:00:00Z,23.0,76.0,10,21.82,35.24,5.11,0.645,NOAA ERDDAP / Argo Floats
2026-01-15T00:00:00Z,24.0,76.0,20,23.22,35.56,5.06,0.472,NOAA ERDDAP / Argo Floats
2026-01-15T00:00:00Z,25.0,76.0,100,22.59,35.41,5.21,0.458,NOAA ERDDAP / Argo Floats
2026-01-15T00:00:00Z,26.0,76.0,0,20.72,34.97,5.42,0.853,NOAA ERDDAP / Argo Floats
2026-01-15T00:00:00Z,27.0,76.0,20,21.53,35.55,5.52,0.516,NOAA ERDDAP / Argo Floats
2026-01-15T00:00:00Z,28.0,76.0,0,21.93,35.82,5.2,0.644,NOAA ERDDAP / Argo Floats
2026-01-15T00:00:00Z,29.0,76.0,20,20.99,34.79,5.48,0.666,NOAA ERDDAP / Argo Floats
2026-01-15T00:00:00Z,30.0,76.0,10,20.79,35.39,5.16,0.487,NOAA ERDDAP / Argo Floats
2026-01-15T00:00:00Z,-45.0,77.0,0,18.68,34.36,5.92,0.601,NOAA ERDDAP / Argo Floats
2026-01-15T00:00:00Z,-44.0,77.0,20,17.13,34.67,5.83,0.619,NOAA ERDDAP / Argo Floats
2026-01-15T00:00:00Z,-43.0,77.0,0,17.94,34.71,5.89,0.647,NOAA ERDDAP / Argo Floats
2026-01-15T00:00:00Z,-42.0,77.0,50,17.19,34.7,5.58,0.687,NOAA ERDDAP / Argo Floats
2026-01-15T00:00:00Z,-41.0,77.0,0,19.05,34.92,5.66,0.866,NOAA ERDDAP / Argo Floats
2026-01-15T00:00:00Z,-40.0,77.0,0,18.38,34.7,5.96,0.604,NOAA ERDDAP / Argo Floats
2026-01-15T00:00:00Z,-39.0,77.0,0,17.79,34.73,5.62,0.663,NOAA ERDDAP / Argo Floats
2026-01-15T00:00:00Z,-38.0,77.0,10,20.63,34.44,5.69,0.712,NOAA ERDDAP / Argo Floats
2026-01-15T00:00:00Z,-37.0,77.0,0,20.11,34.51,5.6,0.645,NOAA ERDDAP / Argo Floats
2026-01-15T00:00:00Z,-36.0,77.0,0,19.28,34.83,5.53,0.596,NOAA ERDDAP / Argo Floats
2026-01-15T00:00:00Z,-35.0,77.0,0,19.08,34.92,6.0,1.064,NOAA ERDDAP / Argo Floats
2026-01-15T00:00:00Z,-34.0,77.0,20,18.13,34.77,5.55,0.593,NOAA ERDDAP / Argo Floats
2026-01-15T00:00:00Z,-33.0,77.0,10,20.65,34.38,5.57,0.523,NOAA ERDDAP / Argo Floats
2026-01-15T00:00:00Z,-32.0,77.0,0,20.17,35.16,5.66,0.669,NOAA ERDDAP / Argo Floats
2026-01-15T00:00:00Z,-31.0,77.0,50,19.92,34.89,5.29,0.517,NOAA ERDDAP / Argo Floats
2026-01-15T00:00:00Z,-30.0,77.0,20,20.45,34.77,5.5,0.518,NOAA ERDDAP / Argo Floats
2026-01-15T00:00:00Z,-29.0,77.0,20,20.45,35.12,5.63,1.166,NOAA ERDDAP / Argo Floats
2026-01-15T00:00:00Z,-28.0,77.0,0,21.84,34.84,5.25,0.434,NOAA ERDDAP / Argo Floats
2026-01-15T00:00:00Z,-27.0,77.0,10,21.45,34.82,5.63,0.576,NOAA ERDDAP / Argo Floats
2026-01-15T00:00:00Z,-26.0,77.0,10,20.94,35.0,5.23,0.538,NOAA ERDDAP / Argo Floats
2026-01-15T00:00:00Z,-25.0,77.0,0,23.42,35.33,5.06,0.469,NOAA ERDDAP / Argo Floats
2026-01-15T00:00:00Z,-24.0,77.0,0,22.37,34.84,5.34,0.616,NOAA ERDDAP / Argo Floats
2026-01-15T00:00:00Z,-23.0,77.0,0,23.23,35.4,5.07,1.022,NOAA ERDDAP / Argo Floats
2026-01-15T00:00:00Z,-22.0,77.0,10,22.65,35.18,4.98,0.422,NOAA ERDDAP / Argo Floats
2026-01-15T00:00:00Z,-21.0,77.0,10,22.17,34.6,5.46,0.649,NOAA ERDDAP / Argo Floats
2026-01-15T00:00:00Z,-20.0,77.0,50,23.53,35.03,4.78,1.039,NOAA ERDDAP / Argo Floats
2026-01-15T00:00:00Z,-19.0,77.0,50,23.36,34.61,4.58,0.461,NOAA ERDDAP / Argo Floats
2026-01-15T00:00:00Z,-18.0,77.0,0,25.86,34.94,4.98,1.113,NOAA ERDDAP / Argo Floats
2026-01-15T00:00:00Z,-17.0,77.0,0,25.61,34.85,5.24,0.441,NOAA ERDDAP / Argo Floats
2026-01-15T00:00:00Z,-16.0,77.0,0,26.71,34.68,5.01,0.548,NOAA ERDDAP / Argo Floats
2026-01-15T00:00:00Z,-15.0,77.0,10,24.79,35.31,5.15,0.434,NOAA ERDDAP / Argo Floats
2026-01-15T00:00:00Z,-14.0,77.0,10,24.19,34.99,5.12,0.326,NOAA ERDDAP / Argo Floats
2026-01-15T00:00:00Z,-13.0,77.0,50,24.52,35.2,5.08,0.402,NOAA ERDDAP / Argo Floats
2026-01-15T00:00:00Z,-12.0,77.0,0,24.58,34.99,4.26,0.602,NOAA ERDDAP / Argo Floats
2026-01-15T00:00:00Z,-11.0,77.0,0,25.05,34.86,4.79,0.33,NOAA ERDDAP / Argo Floats
2026-01-15T00:00:00Z,-10.0,77.0,100,25.33,34.89,5.04,0.266,NOAA ERDDAP / Argo Floats
2026-01-15T00:00:00Z,-9.0,77.0,20,26.82,34.71,4.74,0.341,NOAA ERDDAP / Argo Floats
2026-01-15T00:00:00Z,-8.0,77.0,0,27.85,35.37,4.98,0.324,NOAA ERDDAP / Argo Floats
2026-01-15T00:00:00Z,-7.0,77.0,0,26.15,35.21,4.83,0.265,NOAA ERDDAP / Argo Floats
2026-01-15T00:00:00Z,-6.0,77.0,100,27.19,34.5,4.47,0.265,NOAA ERDDAP / Argo Floats
2026-01-15T00:00:00Z,-5.0,77.0,50,26.09,34.97,4.76,0.229,NOAA ERDDAP / Argo Floats
2026-01-15T00:00:00Z,-4.0,77.0,50,26.61,34.64,4.67,0.35,NOAA ERDDAP / Argo Floats
2026-01-15T00:00:00Z,-3.0,77.0,20,28.94,34.73,4.22,0.272,NOAA ERDDAP / Argo Floats
2026-01-15T00:00:00Z,-2.0,77.0,10,28.07,34.95,4.78,0.671,NOAA ERDDAP / Argo Floats
2026-01-15T00:00:00Z,-1.0,77.0,0,29.23,35.0,4.27,0.21,NOAA ERDDAP / Argo Floats
2026-01-15T00:00:00Z,0.0,77.0,20,27.17,34.91,4.95,0.556,NOAA ERDDAP / Argo Floats
2026-01-15T00:00:00Z,1.0,77.0,50,28.19,35.12,4.34,0.256,NOAA ERDDAP / Argo Floats
2026-01-15T00:00:00Z,2.0,77.0,0,27.29,35.08,4.87,0.189,NOAA ERDDAP / Argo Floats
2026-01-15T00:00:00Z,3.0,77.0,0,26.47,35.15,4.24,0.6,NOAA ERDDAP / Argo Floats
2026-01-15T00:00:00Z,4.0,77.0,0,26.96,34.97,4.77,0.298,NOAA ERDDAP / Argo Floats
2026-01-15T00:00:00Z,5.0,77.0,10,26.76,34.93,5.01,0.623,NOAA ERDDAP / Argo Floats
2026-01-15T00:00:00Z,6.0,77.0,0,27.19,35.1,4.97,0.823,NOAA ERDDAP / Argo Floats
2026-01-15T00:00:00Z,7.0,77.0,20,28.7,35.49,4.72,0.787,NOAA ERDDAP / Argo Floats
2026-01-15T00:00:00Z,8.0,77.0,10,28.58,35.36,4.54,0.297,NOAA ERDDAP / Argo Floats
2026-01-15T00:00:00Z,9.0,77.0,0,26.28,34.83,4.79,0.39,NOAA ERDDAP / Argo Floats
2026-01-15T00:00:00Z,10.0,77.0,0,25.8,35.35,4.52,0.449,NOAA ERDDAP / Argo Floats
2026-01-15T00:00:00Z,11.0,77.0,0,24.64,35.06,4.85,0.276,NOAA ERDDAP / Argo Floats
2026-01-15T00:00:00Z,12.0,77.0,0,25.74,34.5,4.81,0.42,NOAA ERDDAP / Argo Floats
2026-01-15T00:00:00Z,13.0,77.0,0,25.4,35.12,4.97,0.43,NOAA ERDDAP / Argo Floats
2026-01-15T00:00:00Z,14.0,77.0,0,24.86,35.16,5.04,0.491,NOAA ERDDAP / Argo Floats
2026-01-15T00:00:00Z,15.0,77.0,10,25.15,34.72,4.78,0.664,NOAA ERDDAP / Argo Floats
2026-01-15T00:00:00Z,16.0,77.0,50,24.35,35.18,5.03,0.448,NOAA ERDDAP / Argo Floats
2026-01-15T00:00:00Z,17.0,77.0,10,24.32,35.8,5.19,0.456,NOAA ERDDAP / Argo Floats
2026-01-15T00:00:00Z,18.0,77.0,0,22.32,35.62,5.17,0.445,NOAA ERDDAP / Argo Floats
2026-01-15T00:00:00Z,19.0,77.0,10,23.5,35.09,4.91,0.399,NOAA ERDDAP / Argo Floats
2026-01-15T00:00:00Z,20.0,77.0,10,22.96,35.05,5.18,0.461,NOAA ERDDAP / Argo Floats
2026-01-15T00:00:00Z,21.0,77.0,10,24.67,35.4,5.1,0.545,NOAA ERDDAP / Argo Floats
2026-01-15T00:00:00Z,22.0,77.0,10,23.42,35.42,5.19,0.376,NOAA ERDDAP / Argo Floats
2026-01-15T00:00:00Z,23.0,77.0,10,22.71,34.92,5.41,0.437,NOAA ERDDAP / Argo Floats
2026-01-15T00:00:00Z,24.0,77.0,10,22.71,35.37,5.2,0.761,NOAA ERDDAP / Argo Floats
2026-01-15T00:00:00Z,25.0,77.0,0,23.6,35.33,5.2,0.514,NOAA ERDDAP / Argo Floats
2026-01-15T00:00:00Z,26.0,77.0,50,22.6,34.78,5.1,0.52,NOAA ERDDAP / Argo Floats
2026-01-15T00:00:00Z,27.0,77.0,10,22.35,35.14,5.25,0.9,NOAA ERDDAP / Argo Floats
2026-01-15T00:00:00Z,28.0,77.0,100,21.35,35.31,5.39,0.461,NOAA ERDDAP / Argo Floats
2026-01-15T00:00:00Z,29.0,77.0,0,20.4,35.37,5.58,0.871,NOAA ERDDAP / Argo Floats
2026-01-15T00:00:00Z,30.0,77.0,0,22.91,35.42,5.28,0.456,NOAA ERDDAP / Argo Floats
2026-01-15T00:00:00Z,-45.0,78.0,20,17.93,34.91,5.62,1.146,NOAA ERDDAP / Argo Floats
2026-01-15T00:00:00Z,-44.0,78.0,10,17.73,34.65,5.64,0.704,NOAA ERDDAP / Argo Floats
2026-01-15T00:00:00Z,-43.0,78.0,0,18.45,34.95,5.79,0.663,NOAA ERDDAP / Argo Floats
2026-01-15T00:00:00Z,-42.0,78.0,0,17.7,34.65,5.77,0.976,NOAA ERDDAP / Argo Floats
2026-01-15T00:00:00Z,-41.0,78.0,0,16.62,35.14,5.96,1.256,NOAA ERDDAP / Argo Floats
2026-01-15T00:00:00Z,-40.0,78.0,10,18.75,34.89,5.9,0.732,NOAA ERDDAP / Argo Floats
2026-01-15T00:00:00Z,-39.0,78.0,50,18.98,34.77,5.76,1.092,NOAA ERDDAP / Argo Floats
2026-01-15T00:00:00Z,-38.0,78.0,0,19.17,34.62,5.53,0.542,NOAA ERDDAP / Argo Floats
2026-01-15T00:00:00Z,-37.0,78.0,10,20.12,34.48,5.4,0.584,NOAA ERDDAP / Argo Floats
2026-01-15T00:00:00Z,-36.0,78.0,100,19.02,35.33,5.6,0.855,NOAA ERDDAP / Argo Floats
2026-01-15T00:00:00Z,-35.0,78.0,0,21.22,35.48,5.57,0.855,NOAA ERDDAP / Argo Floats
2026-01-15T00:00:00Z,-34.0,78.0,20,20.72,35.03,5.43,1.124,NOAA ERDDAP / Argo Floats
2026-01-15T00:00:00Z,-33.0,78.0,0,21.12,34.9,5.45,0.937,NOAA ERDDAP / Argo Floats
2026-01-15T00:00:00Z,-32.0,78.0,0,21.91,34.56,5.35,0.559,NOAA ERDDAP / Argo Floats
2026-01-15T00:00:00Z,-31.0,78.0,0,21.23,34.5,5.11,0.576,NOAA ERDDAP / Argo Floats
2026-01-15T00:00:00Z,-30.0,78.0,0,19.89,34.95,5.28,0.664,NOAA ERDDAP / Argo Floats
2026-01-15T00:00:00Z,-29.0,78.0,20,22.3,35.03,5.52,0.605,NOAA ERDDAP / Argo Floats
2026-01-15T00:00:00Z,-28.0,78.0,0,20.99,35.0,5.42,0.439,NOAA ERDDAP / Argo Floats
2026-01-15T00:00:00Z,-27.0,78.0,50,21.53,34.8,5.41,0.984,NOAA ERDDAP / Argo Floats
2026-01-15T00:00:00Z,-26.0,78.0,10,22.66,34.89,4.87,0.419,NOAA ERDDAP / Argo Floats
2026-01-15T00:00:00Z,-25.0,78.0,20,22.27,34.76,4.85,0.43,NOAA ERDDAP / Argo Floats
2026-01-15T00:00:00Z,-24.0,78.0,20,22.76,34.9,5.48,0.521,NOAA ERDDAP / Argo Floats
2026-01-15T00:00:00Z,-23.0,78.0,10,23.2,34.75,4.85,0.401,NOAA ERDDAP / Argo Floats
2026-01-15T00:00:00Z,-22.0,78.0,10,22.02,35.07,4.99,0.669,NOAA ERDDAP / Argo Floats
2026-01-15T00:00:00Z,-21.0,78.0,0,23.05,34.71,5.11,0.632,NOAA ERDDAP / Argo Floats
2026-01-15T00:00:00Z,-20.0,78.0,20,23.43,35.04,5.45,0.36,NOAA ERDDAP / Argo Floats
2026-01-15T00:00:00Z,-19.0,78.0,0,25.04,34.31,5.22,0.38,NOAA ERDDAP / Argo Floats
2026-01-15T00:00:00Z,-18.0,78.0,50,23.52,34.86,5.02,0.417,NOAA ERDDAP / Argo Floats
2026-01-15T00:00:00Z,-17.0,78.0,0,25.32,34.69,4.76,0.756,NOAA ERDDAP / Argo Floats
2026-01-15T00:00:00Z,-16.0,78.0,0,25.19,34.73,5.17,0.328,NOAA ERDDAP / Argo Floats
2026-01-15T00:00:00Z,-15.0,78.0,0,24.6,35.1,4.83,0.383,NOAA ERDDAP / Argo Floats
2026-01-15T00:00:00Z,-14.0,78.0,0,24.6,34.62,4.86,0.337,NOAA ERDDAP / Argo Floats
2026-01-15T00:00:00Z,-13.0,78.0,10,24.92,35.16,5.1,0.324,NOAA ERDDAP / Argo Floats
2026-01-15T00:00:00Z,-12.0,78.0,0,24.88,35.01,4.8,0.393,NOAA ERDDAP / Argo Floats
2026-01-15T00:00:00Z,-11.0,78.0,0,25.71,34.55,4.85,0.265,NOAA ERDDAP / Argo Floats
2026-01-15T00:00:00Z,-10.0,78.0,0,26.68,34.7,5.48,0.42,NOAA ERDDAP / Argo Floats
2026-01-15T00:00:00Z,-9.0,78.0,20,26.79,34.98,4.75,0.389,NOAA ERDDAP / Argo Floats
2026-01-15T00:00:00Z,-8.0,78.0,20,26.38,35.11,4.93,0.451,NOAA ERDDAP / Argo Floats
2026-01-15T00:00:00Z,-7.0,78.0,50,26.85,35.3,4.87,0.396,NOAA ERDDAP / Argo Floats
2026-01-15T00:00:00Z,-6.0,78.0,0,27.49,34.87,4.68,0.29,NOAA ERDDAP / Argo Floats
2026-01-15T00:00:00Z,-5.0,78.0,0,26.34,34.61,4.7,0.332,NOAA ERDDAP / Argo Floats
2026-01-15T00:00:00Z,-4.0,78.0,50,27.7,35.28,4.49,0.383,NOAA ERDDAP / Argo Floats
2026-01-15T00:00:00Z,-3.0,78.0,20,26.59,35.05,4.59,0.282,NOAA ERDDAP / Argo Floats
2026-01-15T00:00:00Z,-2.0,78.0,10,27.8,34.66,4.75,0.575,NOAA ERDDAP / Argo Floats
2026-01-15T00:00:00Z,-1.0,78.0,50,27.05,35.31,4.48,0.249,NOAA ERDDAP / Argo Floats
2026-01-15T00:00:00Z,0.0,78.0,0,28.03,34.94,4.56,0.174,NOAA ERDDAP / Argo Floats
2026-01-15T00:00:00Z,1.0,78.0,0,27.83,35.5,4.24,0.248,NOAA ERDDAP / Argo Floats
2026-01-15T00:00:00Z,2.0,78.0,10,27.76,34.91,4.48,0.43,NOAA ERDDAP / Argo Floats
2026-01-15T00:00:00Z,3.0,78.0,20,28.59,34.59,4.63,0.218,NOAA ERDDAP / Argo Floats
2026-01-15T00:00:00Z,4.0,78.0,20,27.17,34.87,4.69,0.28,NOAA ERDDAP / Argo Floats
2026-01-15T00:00:00Z,5.0,78.0,50,28.04,34.9,4.92,0.218,NOAA ERDDAP / Argo Floats
2026-01-15T00:00:00Z,6.0,78.0,50,27.62,34.47,4.75,0.274,NOAA ERDDAP / Argo Floats
2026-01-15T00:00:00Z,7.0,78.0,0,26.22,35.45,4.92,0.369,NOAA ERDDAP / Argo Floats
2026-01-15T00:00:00Z,8.0,78.0,20,26.57,35.29,4.79,0.426,NOAA ERDDAP / Argo Floats
2026-01-15T00:00:00Z,9.0,78.0,100,26.22,34.95,4.64,0.341,NOAA ERDDAP / Argo Floats
2026-01-15T00:00:00Z,10.0,78.0,20,25.48,35.01,5.06,0.261,NOAA ERDDAP / Argo Floats
2026-01-15T00:00:00Z,11.0,78.0,100,25.74,34.51,4.65,0.753,NOAA ERDDAP / Argo Floats
2026-01-15T00:00:00Z,12.0,78.0,0,23.83,35.14,5.07,0.51,NOAA ERDDAP / Argo Floats
2026-01-15T00:00:00Z,13.0,78.0,0,25.52,35.14,5.1,0.458,NOAA ERDDAP / Argo Floats
2026-01-15T00:00:00Z,14.0,78.0,0,25.96,34.9,4.48,0.355,NOAA ERDDAP / Argo Floats
2026-01-15T00:00:00Z,15.0,78.0,0,25.0,35.28,5.15,0.317,NOAA ERDDAP / Argo Floats
2026-01-15T00:00:00Z,16.0,78.0,0,24.62,34.65,5.12,0.343,NOAA ERDDAP / Argo Floats
2026-01-15T00:00:00Z,17.0,78.0,0,23.08,35.39,4.85,0.332,NOAA ERDDAP / Argo Floats
2026-01-15T00:00:00Z,18.0,78.0,0,24.67,35.52,5.24,0.525,NOAA ERDDAP / Argo Floats
2026-01-15T00:00:00Z,19.0,78.0,0,24.24,35.15,5.06,0.649,NOAA ERDDAP / Argo Floats
2026-01-15T00:00:00Z,20.0,78.0,0,24.48,35.04,5.53,0.364,NOAA ERDDAP / Argo Floats
2026-01-15T00:00:00Z,21.0,78.0,0,24.3,35.37,5.21,0.567,NOAA ERDDAP / Argo Floats
2026-01-15T00:00:00Z,22.0,78.0,0,22.57,35.02,5.38,0.894,NOAA ERDDAP / Argo Floats
2026-01-15T00:00:00Z,23.0,78.0,0,22.61,35.07,5.11,0.533,NOAA ERDDAP / Argo Floats
2026-01-15T00:00:00Z,24.0,78.0,0,23.63,35.67,5.27,0.529,NOAA ERDDAP / Argo Floats
2026-01-15T00:00:00Z,25.0,78.0,0,20.96,35.18,5.45,0.451,NOAA ERDDAP / Argo Floats
2026-01-15T00:00:00Z,26.0,78.0,0,22.26,35.28,5.15,0.425,NOAA ERDDAP / Argo Floats
2026-01-15T00:00:00Z,27.0,78.0,20,21.03,35.12,5.29,1.364,NOAA ERDDAP / Argo Floats
2026-01-15T00:00:00Z,28.0,78.0,50,20.85,35.39,5.09,0.612,NOAA ERDDAP / Argo Floats
2026-01-15T00:00:00Z,29.0,78.0,100,21.89,34.85,5.11,0.651,NOAA ERDDAP / Argo Floats
2026-01-15T00:00:00Z,30.0,78.0,0,20.93,35.45,5.57,0.456,NOAA ERDDAP / Argo Floats
2026-01-15T00:00:00Z,-45.0,79.0,0,17.39,34.73,5.87,0.886,NOAA ERDDAP / Argo Floats
2026-01-15T00:00:00Z,-44.0,79.0,10,18.45,34.42,5.64,0.74,NOAA ERDDAP / Argo Floats
2026-01-15T00:00:00Z,-43.0,79.0,20,18.63,35.32,5.95,0.589,NOAA ERDDAP / Argo Floats
2026-01-15T00:00:00Z,-42.0,79.0,0,18.39,35.01,5.72,0.717,NOAA ERDDAP / Argo Floats
2026-01-15T00:00:00Z,-41.0,79.0,0,18.66,35.08,5.15,1.018,NOAA ERDDAP / Argo Floats
2026-01-15T00:00:00Z,-40.0,79.0,20,19.23,33.95,5.76,0.798,NOAA ERDDAP / Argo Floats
2026-01-15T00:00:00Z,-39.0,79.0,50,17.99,35.02,5.75,0.635,NOAA ERDDAP / Argo Floats
2026-01-15T00:00:00Z,-38.0,79.0,0,17.85,34.93,5.46,0.972,NOAA ERDDAP / Argo Floats
2026-01-15T00:00:00Z,-37.0,79.0,0,19.23,34.87,5.44,0.715,NOAA ERDDAP / Argo Floats
2026-01-15T00:00:00Z,-36.0,79.0,0,20.05,34.9,5.65,0.513,NOAA ERDDAP / Argo Floats
2026-01-15T00:00:00Z,-35.0,79.0,10,20.75,34.57,5.29,0.557,NOAA ERDDAP / Argo Floats
2026-01-15T00:00:00Z,-34.0,79.0,10,20.07,34.58,5.48,0.93,NOAA ERDDAP / Argo Floats
2026-01-15T00:00:00Z,-33.0,79.0,20,21.14,35.12,5.57,0.624,NOAA ERDDAP / Argo Floats
2026-01-15T00:00:00Z,-32.0,79.0,0,20.82,35.11,5.45,0.63,NOAA ERDDAP / Argo Floats
2026-01-15T00:00:00Z,-31.0,79.0,10,19.68,35.16,5.63,0.564,NOAA ERDDAP / Argo Floats
2026-01-15T00:00:00Z,-30.0,79.0,20,21.27,35.17,5.63,1.17,NOAA ERDDAP / Argo Floats
2026-01-15T00:00:00Z,-29.0,79.0,20,22.19,34.81,5.49,0.688,NOAA ERDDAP / Argo Floats
2026-01-15T00:00:00Z,-28.0,79.0,0,21.02,34.32,5.68,0.511,NOAA ERDDAP / Argo Floats
2026-01-15T00:00:00Z,-27.0,79.0,20,22.1,34.79,4.96,0.988,NOAA ERDDAP / Argo Floats
2026-01-15T00:00:00Z,-26.0,79.0,0,21.68,35.32,5.32,0.433,NOAA ERDDAP / Argo Floats
2026-01-15T00:00:00Z,-25.0,79.0,0,22.1,34.98,5.44,0.717,NOAA ERDDAP / Argo Floats
2026-01-15T00:00:00Z,-24.0,79.0,100,22.28,34.52,5.26,0.48,NOAA ERDDAP / Argo Floats
2026-01-15T00:00:00Z,-23.0,79.0,0,22.83,34.17,5.13,0.704,NOAA ERDDAP / Argo Floats
2026-01-15T00:00:00Z,-22.0,79.0,0,22.02,34.96,5.25,0.417,NOAA ERDDAP / Argo Floats
2026-01-15T00:00:00Z,-21.0,79.0,20,24.01,34.83,5.24,0.383,NOAA ERDDAP / Argo Floats
2026-01-15T00:00:00Z,-20.0,79.0,0,24.35,34.99,5.17,0.357,NOAA ERDDAP / Argo Floats
2026-01-15T00:00:00Z,-19.0,79.0,0,24.57,35.26,5.32,0.406,NOAA ERDDAP / Argo Floats
2026-01-15T00:00:00Z,-18.0,79.0,0,23.27,34.61,5.08,0.35,NOAA ERDDAP / Argo Floats
2026-01-15T00:00:00Z,-17.0,79.0,100,24.77,35.24,5.05,0.482,NOAA ERDDAP / Argo Floats
2026-01-15T00:00:00Z,-16.0,79.0,10,25.29,35.06,5.34,0.313,NOAA ERDDAP / Argo Floats
2026-01-15T00:00:00Z,-15.0,79.0,10,25.1,35.22,5.06,0.647,NOAA ERDDAP / Argo Floats
2026-01-15T00:00:00Z,-14.0,79.0,10,24.37,34.73,5.34,0.316,NOAA ERDDAP / Argo Floats
2026-01-15T00:00:00Z,-13.0,79.0,10,24.85,35.14,5.05,0.627,NOAA ERDDAP / Argo Floats
2026-01-15T00:00:00Z,-12.0,79.0,0,26.63,34.67,4.81,1.305,NOAA ERDDAP / Argo Floats
2026-01-15T00:00:00Z,-11.0,79.0,0,25.66,35.17,4.83,0.282,NOAA ERDDAP / Argo Floats
2026-01-15T00:00:00Z,-10.0,79.0,0,25.43,35.18,4.85,0.38,NOAA ERDDAP / Argo Floats
2026-01-15T00:00:00Z,-9.0,79.0,0,25.63,35.33,4.6,0.331,NOAA ERDDAP / Argo Floats
2026-01-15T00:00:00Z,-8.0,79.0,0,26.0,34.67,4.88,0.29,NOAA ERDDAP / Argo Floats
2026-01-15T00:00:00Z,-7.0,79.0,100,27.21,35.01,4.38,0.407,NOAA ERDDAP / Argo Floats
2026-01-15T00:00:00Z,-6.0,79.0,0,25.4,35.21,5.05,0.405,NOAA ERDDAP / Argo Floats
2026-01-15T00:00:00Z,-5.0,79.0,0,26.15,34.95,4.87,0.335,NOAA ERDDAP / Argo Floats
2026-01-15T00:00:00Z,-4.0,79.0,50,26.26,35.03,4.74,0.335,NOAA ERDDAP / Argo Floats
2026-01-15T00:00:00Z,-3.0,79.0,10,28.29,34.41,4.64,0.273,NOAA ERDDAP / Argo Floats
2026-01-15T00:00:00Z,-2.0,79.0,20,27.17,34.92,4.62,0.249,NOAA ERDDAP / Argo Floats
2026-01-15T00:00:00Z,-1.0,79.0,0,26.75,35.02,4.6,0.228,NOAA ERDDAP / Argo Floats
2026-01-15T00:00:00Z,0.0,79.0,10,28.31,35.1,4.54,0.16,NOAA ERDDAP / Argo Floats
2026-01-15T00:00:00Z,1.0,79.0,20,28.52,35.2,4.67,0.32,NOAA ERDDAP / Argo Floats
2026-01-15T00:00:00Z,2.0,79.0,20,27.49,35.28,4.68,0.195,NOAA ERDDAP / Argo Floats
2026-01-15T00:00:00Z,3.0,79.0,0,27.28,35.41,4.63,0.533,NOAA ERDDAP / Argo Floats
2026-01-15T00:00:00Z,4.0,79.0,100,28.48,34.8,4.67,0.198,NOAA ERDDAP / Argo Floats
2026-01-15T00:00:00Z,5.0,79.0,0,28.42,35.5,4.55,0.283,NOAA ERDDAP / Argo Floats
2026-01-15T00:00:00Z,6.0,79.0,0,27.26,34.95,4.64,0.535,NOAA ERDDAP / Argo Floats
2026-01-15T00:00:00Z,7.0,79.0,10,26.38,35.54,4.74,0.463,NOAA ERDDAP / Argo Floats
2026-01-15T00:00:00Z,8.0,79.0,0,27.01,35.41,4.67,0.343,NOAA ERDDAP / Argo Floats
2026-01-15T00:00:00Z,9.0,79.0,20,26.35,34.9,5.08,0.413,NOAA ERDDAP / Argo Floats
2026-01-15T00:00:00Z,10.0,79.0,0,25.96,35.61,4.98,0.802,NOAA ERDDAP / Argo Floats
2026-01-15T00:00:00Z,11.0,79.0,0,26.63,35.09,4.89,0.83,NOAA ERDDAP / Argo Floats
2026-01-15T00:00:00Z,12.0,79.0,20,24.39,34.9,4.57,0.439,NOAA ERDDAP / Argo Floats
2026-01-15T00:00:00Z,13.0,79.0,10,25.35,35.33,4.94,0.586,NOAA ERDDAP / Argo Floats
2026-01-15T00:00:00Z,14.0,79.0,50,25.09,35.1,4.7,0.605,NOAA ERDDAP / Argo Floats
2026-01-15T00:00:00Z,15.0,79.0,50,26.77,34.77,4.98,0.303,NOAA ERDDAP / Argo Floats
2026-01-15T00:00:00Z,16.0,79.0,0,24.09,35.38,5.2,0.335,NOAA ERDDAP / Argo Floats
2026-01-15T00:00:00Z,17.0,79.0,0,24.88,34.67,5.04,0.333,NOAA ERDDAP / Argo Floats
2026-01-15T00:00:00Z,18.0,79.0,10,24.15,34.49,5.05,0.47,NOAA ERDDAP / Argo Floats
2026-01-15T00:00:00Z,19.0,79.0,10,23.67,35.07,5.07,0.393,NOAA ERDDAP / Argo Floats
2026-01-15T00:00:00Z,20.0,79.0,0,23.65,35.03,5.51,0.43,NOAA ERDDAP / Argo Floats
2026-01-15T00:00:00Z,21.0,79.0,20,24.67,35.23,5.43,0.383,NOAA ERDDAP / Argo Floats
2026-01-15T00:00:00Z,22.0,79.0,10,23.2,35.13,5.2,0.888,NOAA ERDDAP / Argo Floats
2026-01-15T00:00:00Z,23.0,79.0,10,21.92,34.92,5.19,0.412,NOAA ERDDAP / Argo Floats
2026-01-15T00:00:00Z,24.0,79.0,10,21.81,34.88,5.27,0.446,NOAA ERDDAP / Argo Floats
2026-01-15T00:00:00Z,25.0,79.0,10,23.32,35.06,4.82,0.634,NOAA ERDDAP / Argo Floats
2026-01-15T00:00:00Z,26.0,79.0,0,21.98,35.14,5.2,0.535,NOAA ERDDAP / Argo Floats
2026-01-15T00:00:00Z,27.0,79.0,0,22.42,34.97,5.14,0.592,NOAA ERDDAP / Argo Floats
2026-01-15T00:00:00Z,28.0,79.0,10,20.76,35.34,5.36,0.911,NOAA ERDDAP / Argo Floats
2026-01-15T00:00:00Z,29.0,79.0,10,20.94,35.46,5.56,0.602,NOAA ERDDAP / Argo Floats
2026-01-15T00:00:00Z,30.0,79.0,10,19.73,35.22,5.2,0.729,NOAA ERDDAP / Argo Floats
2026-01-15T00:00:00Z,-45.0,80.0,0,18.38,34.91,5.76,1.029,NOAA ERDDAP / Argo Floats
2026-01-15T00:00:00Z,-44.0,80.0,0,16.42,34.66,5.91,0.616,NOAA ERDDAP / Argo Floats
2026-01-15T00:00:00Z,-43.0,80.0,0,18.26,34.23,5.82,0.703,NOAA ERDDAP / Argo Floats
2026-01-15T00:00:00Z,-42.0,80.0,20,17.37,34.69,6.02,0.844,NOAA ERDDAP / Argo Floats
2026-01-15T00:00:00Z,-41.0,80.0,0,18.37,34.99,5.66,0.811,NOAA ERDDAP / Argo Floats
2026-01-15T00:00:00Z,-40.0,80.0,0,18.67,34.51,5.72,0.689,NOAA ERDDAP / Argo Floats
2026-01-15T00:00:00Z,-39.0,80.0,0,18.4,34.63,6.04,0.784,NOAA ERDDAP / Argo Floats
2026-01-15T00:00:00Z,-38.0,80.0,10,18.66,34.91,5.77,0.621,NOAA ERDDAP / Argo Floats
2026-01-15T00:00:00Z,-37.0,80.0,0,18.88,34.8,5.46,0.784,NOAA ERDDAP / Argo Floats
2026-01-15T00:00:00Z,-36.0,80.0,20,20.23,35.12,5.62,0.543,NOAA ERDDAP / Argo Floats
2026-01-15T00:00:00Z,-35.0,80.0,0,20.94,34.67,5.75,0.585,NOAA ERDDAP / Argo Floats
2026-01-15T00:00:00Z,-34.0,80.0,0,18.31,34.78,5.38,0.898,NOAA ERDDAP / Argo Floats
2026-01-15T00:00:00Z,-33.0,80.0,20,20.15,34.3,5.23,1.413,NOAA ERDDAP / Argo Floats
2026-01-15T00:00:00Z,-32.0,80.0,50,20.0,34.91,5.42,0.482,NOAA ERDDAP / Argo Floats
2026-01-15T00:00:00Z,-31.0,80.0,50,21.14,34.53,5.36,0.522,NOAA ERDDAP / Argo Floats
2026-01-15T00:00:00Z,-30.0,80.0,0,21.41,35.12,5.29,1.137,NOAA ERDDAP / Argo Floats
2026-01-15T00:00:00Z,-29.0,80.0,20,21.48,34.94,4.94,0.787,NOAA ERDDAP / Argo Floats
2026-01-15T00:00:00Z,-28.0,80.0,10,22.53,34.61,5.45,0.644,NOAA ERDDAP / Argo Floats
2026-01-15T00:00:00Z,-27.0,80.0,20,21.21,34.76,5.19,0.459,NOAA ERDDAP / Argo Floats
2026-01-15T00:00:00Z,-26.0,80.0,0,21.83,34.38,5.11,0.576,NOAA ERDDAP / Argo Floats
2026-01-15T00:00:00Z,-25.0,80.0,0,23.92,34.68,5.43,0.467,NOAA ERDDAP / Argo Floats
2026-01-15T00:00:00Z,-24.0,80.0,20,21.72,35.22,5.33,0.837,NOAA ERDDAP / Argo Floats
2026-01-15T00:00:00Z,-23.0,80.0,10,24.19,34.99,5.18,0.458,NOAA ERDDAP / Argo Floats
2026-01-15T00:00:00Z,-22.0,80.0,0,23.84,34.6,4.98,1.354,NOAA ERDDAP / Argo Floats
2026-01-15T00:00:00Z,-21.0,80.0,20,22.51,34.65,4.73,0.534,NOAA ERDDAP / Argo Floats
2026-01-15T00:00:00Z,-20.0,80.0,100,23.32,35.12,5.4,0.473,NOAA ERDDAP / Argo Floats
2026-01-15T00:00:00Z,-19.0,80.0,0,23.99,34.2,5.1,0.413,NOAA ERDDAP / Argo Floats
2026-01-15T00:00:00Z,-18.0,80.0,0,24.04,34.99,5.03,0.694,NOAA ERDDAP / Argo Floats
2026-01-15T00:00:00Z,-17.0,80.0,0,25.21,35.19,5.18,0.449,NOAA ERDDAP / Argo Floats
2026-01-15T00:00:00Z,-16.0,80.0,50,24.46,35.15,5.08,0.38,NOAA ERDDAP / Argo Floats
2026-01-15T00:00:00Z,-15.0,80.0,10,24.0,34.79,4.48,0.311,NOAA ERDDAP / Argo Floats
2026-01-15T00:00:00Z,-14.0,80.0,10,25.49,35.41,4.63,0.331,NOAA ERDDAP / Argo Floats
2026-01-15T00:00:00Z,-13.0,80.0,0,24.02,35.24,5.16,0.283,NOAA ERDDAP / Argo Floats
2026-01-15T00:00:00Z,-12.0,80.0,0,23.38,35.37,4.65,0.693,NOAA ERDDAP / Argo Floats
2026-01-15T00:00:00Z,-11.0,80.0,0,25.8,35.31,5.03,0.407,NOAA ERDDAP / Argo Floats
2026-01-15T00:00:00Z,-10.0,80.0,0,25.39,34.92,4.3,0.477,NOAA ERDDAP / Argo Floats
2026-01-15T00:00:00Z,-9.0,80.0,0,26.74,34.44,4.69,0.347,NOAA ERDDAP / Argo Floats
2026-01-15T00:00:00Z,-8.0,80.0,0,26.07,34.92,5.02,0.26,NOAA ERDDAP / Argo Floats
2026-01-15T00:00:00Z,-7.0,80.0,0,26.08,34.51,4.85,0.278,NOAA ERDDAP / Argo Floats
2026-01-15T00:00:00Z,-6.0,80.0,20,26.01,34.7,4.81,0.439,NOAA ERDDAP / Argo Floats
2026-01-15T00:00:00Z,-5.0,80.0,50,27.44,35.15,4.35,0.401,NOAA ERDDAP / Argo Floats
2026-01-15T00:00:00Z,-4.0,80.0,0,27.91,34.73,4.23,0.198,NOAA ERDDAP / Argo Floats
2026-01-15T00:00:00Z,-3.0,80.0,0,27.04,35.15,4.9,0.402,NOAA ERDDAP / Argo Floats
2026-01-15T00:00:00Z,-2.0,80.0,0,27.23,34.95,4.35,0.219,NOAA ERDDAP / Argo Floats
2026-01-15T00:00:00Z,-1.0,80.0,0,28.64,35.01,4.79,0.828,NOAA ERDDAP / Argo Floats
2026-01-15T00:00:00Z,0.0,80.0,0,28.99,34.93,4.73,0.239,NOAA ERDDAP / Argo Floats
2026-01-15T00:00:00Z,1.0,80.0,10,27.35,35.31,4.27,0.337,NOAA ERDDAP / Argo Floats
2026-01-15T00:00:00Z,2.0,80.0,20,28.99,35.24,4.67,0.9,NOAA ERDDAP / Argo Floats
2026-01-15T00:00:00Z,3.0,80.0,0,27.95,35.08,4.39,0.183,NOAA ERDDAP / Argo Floats
2026-01-15T00:00:00Z,4.0,80.0,0,27.36,34.86,4.42,0.242,NOAA ERDDAP / Argo Floats
2026-01-15T00:00:00Z,5.0,80.0,0,27.62,35.42,4.72,0.536,NOAA ERDDAP / Argo Floats
2026-01-15T00:00:00Z,6.0,80.0,10,26.22,34.92,4.48,0.494,NOAA ERDDAP / Argo Floats
2026-01-15T00:00:00Z,7.0,80.0,20,27.46,34.84,4.54,0.303,NOAA ERDDAP / Argo Floats
2026-01-15T00:00:00Z,8.0,80.0,20,27.85,35.05,4.73,0.625,NOAA ERDDAP / Argo Floats
2026-01-15T00:00:00Z,9.0,80.0,100,25.18,35.11,5.01,0.502,NOAA ERDDAP / Argo Floats
2026-01-15T00:00:00Z,10.0,80.0,0,25.16,34.89,4.65,0.294,NOAA ERDDAP / Argo Floats
2026-01-15T00:00:00Z,11.0,80.0,0,25.81,35.04,5.08,0.267,NOAA ERDDAP / Argo Floats
2026-01-15T00:00:00Z,12.0,80.0,0,24.02,35.29,4.99,0.275,NOAA ERDDAP / Argo Floats
2026-01-15T00:00:00Z,13.0,80.0,10,25.01,34.68,4.91,0.395,NOAA ERDDAP / Argo Floats
2026-01-15T00:00:00Z,14.0,80.0,50,24.49,35.1,4.88,0.532,NOAA ERDDAP / Argo Floats
2026-01-15T00:00:00Z,15.0,80.0,0,25.36,34.8,4.97,0.395,NOAA ERDDAP / Argo Floats
2026-01-15T00:00:00Z,16.0,80.0,10,26.22,35.03,4.78,0.713,NOAA ERDDAP / Argo Floats
2026-01-15T00:00:00Z,17.0,80.0,50,25.62,35.52,5.25,0.41,NOAA ERDDAP / Argo Floats
2026-01-15T00:00:00Z,18.0,80.0,10,23.51,35.38,4.9,0.54,NOAA ERDDAP / Argo Floats
2026-01-15T00:00:00Z,19.0,80.0,20,22.61,35.53,4.87,0.382,NOAA ERDDAP / Argo Floats
2026-01-15T00:00:00Z,20.0,80.0,0,24.66,34.94,5.22,0.538,NOAA ERDDAP / Argo Floats
2026-01-15T00:00:00Z,21.0,80.0,20,23.11,35.35,5.33,0.639,NOAA ERDDAP / Argo Floats
2026-01-15T00:00:00Z,22.0,80.0,20,22.46,35.31,4.95,0.458,NOAA ERDDAP / Argo Floats
2026-01-15T00:00:00Z,23.0,80.0,10,21.76,35.36,5.04,0.825,NOAA ERDDAP / Argo Floats
2026-01-15T00:00:00Z,24.0,80.0,0,21.78,35.15,5.3,0.419,NOAA ERDDAP / Argo Floats
2026-01-15T00:00:00Z,25.0,80.0,20,22.35,34.98,5.31,1.25,NOAA ERDDAP / Argo Floats
2026-01-15T00:00:00Z,26.0,80.0,20,22.26,35.62,5.19,0.412,NOAA ERDDAP / Argo Floats
2026-01-15T00:00:00Z,27.0,80.0,20,22.26,35.11,5.2,1.235,NOAA ERDDAP / Argo Floats
2026-01-15T00:00:00Z,28.0,80.0,0,21.92,35.59,4.95,0.479,NOAA ERDDAP / Argo Floats
2026-01-15T00:00:00Z,29.0,80.0,20,22.22,35.43,5.34,1.186,NOAA ERDDAP / Argo Floats
2026-01-15T00:00:00Z,30.0,80.0,0,21.48,35.16,5.51,0.529,NOAA ERDDAP / Argo Floats
2026-01-15T00:00:00Z,-45.0,81.0,0,16.82,34.47,5.82,0.605,NOAA ERDDAP / Argo Floats
2026-01-15T00:00:00Z,-44.0,81.0,0,17.96,35.18,6.2,0.893,NOAA ERDDAP / Argo Floats
2026-01-15T00:00:00Z,-43.0,81.0,0,18.48,35.18,5.63,1.202,NOAA ERDDAP / Argo Floats
2026-01-15T00:00:00Z,-42.0,81.0,0,16.75,34.36,5.91,0.643,NOAA ERDDAP / Argo Floats
2026-01-15T00:00:00Z,-41.0,81.0,50,18.89,34.38,5.81,0.577,NOAA ERDDAP / Argo Floats
2026-01-15T00:00:00Z,-40.0,81.0,50,18.74,34.78,5.87,0.638,NOAA ERDDAP / Argo Floats
2026-01-15T00:00:00Z,-39.0,81.0,100,18.36,34.68,5.57,0.644,NOAA ERDDAP / Argo Floats
2026-01-15T00:00:00Z,-38.0,81.0,0,18.75,34.52,5.62,0.582,NOAA ERDDAP / Argo Floats
2026-01-15T00:00:00Z,-37.0,81.0,0,19.26,35.31,5.95,0.541,NOAA ERDDAP / Argo Floats
2026-01-15T00:00:00Z,-36.0,81.0,0,19.81,34.54,5.76,0.533,NOAA ERDDAP / Argo Floats
2026-01-15T00:00:00Z,-35.0,81.0,0,20.32,34.62,5.43,0.519,NOAA ERDDAP / Argo Floats
2026-01-15T00:00:00Z,-34.0,81.0,0,19.5,34.35,5.68,0.624,NOAA ERDDAP / Argo Floats
2026-01-15T00:00:00Z,-33.0,81.0,0,21.21,35.5,5.85,0.789,NOAA ERDDAP / Argo Floats
2026-01-15T00:00:00Z,-32.0,81.0,0,21.01,34.92,5.7,0.65,NOAA ERDDAP / Argo Floats
2026-01-15T00:00:00Z,-31.0,81.0,0,20.78,34.73,5.62,0.717,NOAA ERDDAP / Argo Floats
2026-01-15T00:00:00Z,-30.0,81.0,10,21.21,35.14,5.26,0.836,NOAA ERDDAP / Argo Floats
2026-01-15T00:00:00Z,-29.0,81.0,0,20.41,34.93,5.11,0.446,NOAA ERDDAP / Argo Floats
2026-01-15T00:00:00Z,-28.0,81.0,0,22.32,35.29,4.99,0.674,NOAA ERDDAP / Argo Floats
2026-01-15T00:00:00Z,-27.0,81.0,0,22.75,34.82,5.09,0.691,NOAA ERDDAP / Argo Floats
2026-01-15T00:00:00Z,-26.0,81.0,0,21.18,34.44,5.2,0.539,NOAA ERDDAP / Argo Floats
2026-01-15T00:00:00Z,-25.0,81.0,0,22.8,35.06,4.75,1.026,NOAA ERDDAP / Argo Floats
2026-01-15T00:00:00Z,-24.0,81.0,0,23.56,35.3,5.07,0.401,NOAA ERDDAP / Argo Floats
2026-01-15T00:00:00Z,-23.0,81.0,10,21.9,35.25,5.19,0.563,NOAA ERDDAP / Argo Floats
2026-01-15T00:00:00Z,-22.0,81.0,0,22.62,34.68,4.92,0.466,NOAA ERDDAP / Argo Floats
2026-01-15T00:00:00Z,-21.0,81.0,0,23.65,34.31,5.32,0.413,NOAA ERDDAP / Argo Floats
2026-01-15T00:00:00Z,-20.0,81.0,0,24.33,35.34,4.96,0.418,NOAA ERDDAP / Argo Floats
2026-01-15T00:00:00Z,-19.0,81.0,10,21.97,34.42,5.13,0.701,NOAA ERDDAP / Argo Floats
2026-01-15T00:00:00Z,-18.0,81.0,0,23.86,35.61,5.05,0.511,NOAA ERDDAP / Argo Floats
2026-01-15T00:00:00Z,-17.0,81.0,0,23.92,34.63,5.17,0.406,NOAA ERDDAP / Argo Floats
2026-01-15T00:00:00Z,-16.0,81.0,20,23.56,34.96,4.76,0.557,NOAA ERDDAP / Argo Floats
2026-01-15T00:00:00Z,-15.0,81.0,10,25.28,35.05,4.75,0.344,NOAA ERDDAP / Argo Floats
2026-01-15T00:00:00Z,-14.0,81.0,10,24.77,34.86,4.93,0.435,NOAA ERDDAP / Argo Floats
2026-01-15T00:00:00Z,-13.0,81.0,0,23.0,34.69,4.49,0.342,NOAA ERDDAP / Argo Floats
2026-01-15T00:00:00Z,-12.0,81.0,0,25.7,35.14,4.86,0.43,NOAA ERDDAP / Argo Floats
2026-01-15T00:00:00Z,-11.0,81.0,0,26.42,35.46,4.45,0.49,NOAA ERDDAP / Argo Floats
2026-01-15T00:00:00Z,-10.0,81.0,0,25.69,34.81,5.0,0.918,NOAA ERDDAP / Argo Floats
2026-01-15T00:00:00Z,-9.0,81.0,50,25.77,34.95,5.05,0.407,NOAA ERDDAP / Argo Floats
2026-01-15T00:00:00Z,-8.0,81.0,50,25.89,34.74,4.48,0.268,NOAA ERDDAP / Argo Floats
2026-01-15T00:00:00Z,-7.0,81.0,50,26.83,34.7,4.97,0.222,NOAA ERDDAP / Argo Floats
2026-01-15T00:00:00Z,-6.0,81.0,10,26.17,34.83,4.88,0.243,NOAA ERDDAP / Argo Floats
2026-01-15T00:00:00Z,-5.0,81.0,100,27.88,34.87,4.74,0.434,NOAA ERDDAP / Argo Floats
2026-01-15T00:00:00Z,-4.0,81.0,20,27.47,34.87,4.66,0.401,NOAA ERDDAP / Argo Floats
2026-01-15T00:00:00Z,-3.0,81.0,50,27.5,34.97,4.73,0.47,NOAA ERDDAP / Argo Floats
2026-01-15T00:00:00Z,-2.0,81.0,0,27.13,35.24,4.4,0.186,NOAA ERDDAP / Argo Floats
2026-01-15T00:00:00Z,-1.0,81.0,50,27.8,35.09,4.65,0.186,NOAA ERDDAP / Argo Floats
2026-01-15T00:00:00Z,0.0,81.0,0,26.26,34.86,4.56,0.412,NOAA ERDDAP / Argo Floats
2026-01-15T00:00:00Z,1.0,81.0,0,28.54,35.27,4.58,0.203,NOAA ERDDAP / Argo Floats
2026-01-15T00:00:00Z,2.0,81.0,0,28.55,34.93,4.75,0.268,NOAA ERDDAP / Argo Floats
2026-01-15T00:00:00Z,3.0,81.0,0,27.27,35.3,4.17,0.541,NOAA ERDDAP / Argo Floats
2026-01-15T00:00:00Z,4.0,81.0,50,29.0,35.03,4.8,0.221,NOAA ERDDAP / Argo Floats
2026-01-15T00:00:00Z,5.0,81.0,10,27.32,34.69,4.66,0.43,NOAA ERDDAP / Argo Floats
2026-01-15T00:00:00Z,6.0,81.0,0,27.32,35.47,4.71,0.223,NOAA ERDDAP / Argo Floats
2026-01-15T00:00:00Z,7.0,81.0,0,25.93,35.08,4.87,0.557,NOAA ERDDAP / Argo Floats
2026-01-15T00:00:00Z,8.0,81.0,0,25.9,35.63,4.7,0.425,NOAA ERDDAP / Argo Floats
2026-01-15T00:00:00Z,9.0,81.0,0,26.08,35.29,4.7,0.419,NOAA ERDDAP / Argo Floats
2026-01-15T00:00:00Z,10.0,81.0,0,27.36,35.18,4.71,0.302,NOAA ERDDAP / Argo Floats
2026-01-15T00:00:00Z,11.0,81.0,100,25.49,34.7,4.92,0.92,NOAA ERDDAP / Argo Floats
2026-01-15T00:00:00Z,12.0,81.0,10,25.15,35.43,4.61,0.397,NOAA ERDDAP / Argo Floats
2026-01-15T00:00:00Z,13.0,81.0,0,25.43,35.28,5.05,0.354,NOAA ERDDAP / Argo Floats
2026-01-15T00:00:00Z,14.0,81.0,50,25.76,35.26,4.68,0.696,NOAA ERDDAP / Argo Floats
2026-01-15T00:00:00Z,15.0,81.0,20,24.74,34.7,4.46,0.301,NOAA ERDDAP / Argo Floats
2026-01-15T00:00:00Z,16.0,81.0,0,23.88,34.88,5.05,0.467,NOAA ERDDAP / Argo Floats
2026-01-15T00:00:00Z,17.0,81.0,0,24.27,35.39,4.81,0.488,NOAA ERDDAP / Argo Floats
2026-01-15T00:00:00Z,18.0,81.0,50,23.6,35.21,5.14,0.555,NOAA ERDDAP / Argo Floats
2026-01-15T00:00:00Z,19.0,81.0,50,23.71,35.21,5.41,0.439,NOAA ERDDAP / Argo Floats
2026-01-15T00:00:00Z,20.0,81.0,20,23.96,35.07,5.0,0.395,NOAA ERDDAP / Argo Floats
2026-01-15T00:00:00Z,21.0,81.0,10,23.3,35.41,5.44,0.422,NOAA ERDDAP / Argo Floats
2026-01-15T00:00:00Z,22.0,81.0,20,23.62,34.88,5.03,0.526,NOAA ERDDAP / Argo Floats
2026-01-15T00:00:00Z,23.0,81.0,10,23.15,35.1,4.96,0.672,NOAA ERDDAP / Argo Floats
2026-01-15T00:00:00Z,24.0,81.0,10,22.3,35.3,4.92,0.392,NOAA ERDDAP / Argo Floats
2026-01-15T00:00:00Z,25.0,81.0,0,21.88,34.98,5.31,0.701,NOAA ERDDAP / Argo Floats
2026-01-15T00:00:00Z,26.0,81.0,50,22.88,35.22,5.43,0.563,NOAA ERDDAP / Argo Floats
2026-01-15T00:00:00Z,27.0,81.0,10,23.02,35.1,5.37,0.938,NOAA ERDDAP / Argo Floats
2026-01-15T00:00:00Z,28.0,81.0,20,20.78,34.96,5.55,0.539,NOAA ERDDAP / Argo Floats
2026-01-15T00:00:00Z,29.0,81.0,20,21.2,34.86,4.91,0.786,NOAA ERDDAP / Argo Floats
2026-01-15T00:00:00Z,30.0,81.0,0,21.06,35.16,5.71,0.693,NOAA ERDDAP / Argo Floats
2026-01-15T00:00:00Z,-45.0,82.0,0,15.78,34.51,5.72,0.718,NOAA ERDDAP / Argo Floats
2026-01-15T00:00:00Z,-44.0,82.0,0,17.49,35.26,5.66,0.805,NOAA ERDDAP / Argo Floats
2026-01-15T00:00:00Z,-43.0,82.0,10,17.74,34.58,5.88,0.809,NOAA ERDDAP / Argo Floats
2026-01-15T00:00:00Z,-42.0,82.0,0,18.87,35.14,5.58,0.72,NOAA ERDDAP / Argo Floats
2026-01-15T00:00:00Z,-41.0,82.0,50,18.86,34.92,6.05,0.63,NOAA ERDDAP / Argo Floats
2026-01-15T00:00:00Z,-40.0,82.0,10,19.53,34.77,5.74,0.916,NOAA ERDDAP / Argo Floats
2026-01-15T00:00:00Z,-39.0,82.0,0,18.96,35.19,5.68,0.822,NOAA ERDDAP / Argo Floats
2026-01-15T00:00:00Z,-38.0,82.0,10,20.01,34.72,5.72,0.538,NOAA ERDDAP / Argo Floats
2026-01-15T00:00:00Z,-37.0,82.0,100,18.15,35.21,5.61,0.636,NOAA ERDDAP / Argo Floats
2026-01-15T00:00:00Z,-36.0,82.0,50,19.74,34.58,5.54,1.122,NOAA ERDDAP / Argo Floats
2026-01-15T00:00:00Z,-35.0,82.0,100,19.42,34.91,5.92,0.592,NOAA ERDDAP / Argo Floats
2026-01-15T00:00:00Z,-34.0,82.0,10,18.84,35.32,5.93,0.596,NOAA ERDDAP / Argo Floats
2026-01-15T00:00:00Z,-33.0,82.0,0,20.66,35.31,5.42,0.495,NOAA ERDDAP / Argo Floats
2026-01-15T00:00:00Z,-32.0,82.0,20,20.19,34.26,5.7,0.703,NOAA ERDDAP / Argo Floats
2026-01-15T00:00:00Z,-31.0,82.0,0,20.67,34.83,5.49,0.751,NOAA ERDDAP / Argo Floats
2026-01-15T00:00:00Z,-30.0,82.0,0,20.12,35.47,4.85,0.732,NOAA ERDDAP / Argo Floats
2026-01-15T00:00:00Z,-29.0,82.0,0,20.2,34.76,5.74,0.457,NOAA ERDDAP / Argo Floats
2026-01-15T00:00:00Z,-28.0,82.0,0,23.26,34.71,5.27,0.487,NOAA ERDDAP / Argo Floats
2026-01-15T00:00:00Z,-27.0,82.0,0,21.89,33.97,5.43,0.427,NOAA ERDDAP / Argo Floats
2026-01-15T00:00:00Z,-26.0,82.0,10,21.38,34.48,5.26,0.912,NOAA ERDDAP / Argo Floats
2026-01-15T00:00:00Z,-25.0,82.0,100,20.92,35.05,5.23,0.444,NOAA ERDDAP / Argo Floats
2026-01-15T00:00:00Z,-24.0,82.0,0,22.1,34.8,5.17,0.406,NOAA ERDDAP / Argo Floats
2026-01-15T00:00:00Z,-23.0,82.0,0,22.47,35.11,5.53,0.895,NOAA ERDDAP / Argo Floats
2026-01-15T00:00:00Z,-22.0,82.0,0,21.92,34.47,5.07,0.442,NOAA ERDDAP / Argo Floats
2026-01-15T00:00:00Z,-21.0,82.0,0,23.27,34.93,5.01,0.498,NOAA ERDDAP / Argo Floats
2026-01-15T00:00:00Z,-20.0,82.0,20,23.08,34.94,5.03,0.389,NOAA ERDDAP / Argo Floats
2026-01-15T00:00:00Z,-19.0,82.0,0,24.25,34.79,5.3,0.407,NOAA ERDDAP / Argo Floats
2026-01-15T00:00:00Z,-18.0,82.0,50,23.84,35.31,5.32,0.688,NOAA ERDDAP / Argo Floats
2026-01-15T00:00:00Z,-17.0,82.0,20,24.49,35.14,5.05,0.431,NOAA ERDDAP / Argo Floats
2026-01-15T00:00:00Z,-16.0,82.0,0,24.86,34.83,4.73,1.124,NOAA ERDDAP / Argo Floats
2026-01-15T00:00:00Z,-15.0,82.0,100,24.75,35.09,4.65,0.304,NOAA ERDDAP / Argo Floats
2026-01-15T00:00:00Z,-14.0,82.0,0,25.01,35.47,5.2,0.295,NOAA ERDDAP / Argo Floats
2026-01-15T00:00:00Z,-13.0,82.0,0,26.66,34.63,5.22,0.334,NOAA ERDDAP / Argo Floats
2026-01-15T00:00:00Z,-12.0,82.0,0,26.1,35.38,4.78,0.347,NOAA ERDDAP / Argo Floats
2026-01-15T00:00:00Z,-11.0,82.0,100,27.13,35.03,4.97,0.445,NOAA ERDDAP / Argo Floats
2026-01-15T00:00:00Z,-10.0,82.0,10,25.25,34.91,4.8,0.278,NOAA ERDDAP / Argo Floats
2026-01-15T00:00:00Z,-9.0,82.0,0,25.28,34.8,4.94,0.369,NOAA ERDDAP / Argo Floats
2026-01-15T00:00:00Z,-8.0,82.0,0,26.79,34.85,4.69,0.518,NOAA ERDDAP / Argo Floats
2026-01-15T00:00:00Z,-7.0,82.0,20,26.76,34.83,4.67,0.295,NOAA ERDDAP / Argo Floats
2026-01-15T00:00:00Z,-6.0,82.0,0,26.28,34.51,4.85,0.391,NOAA ERDDAP / Argo Floats
2026-01-15T00:00:00Z,-5.0,82.0,10,26.38,34.76,4.74,0.293,NOAA ERDDAP / Argo Floats
2026-01-15T00:00:00Z,-4.0,82.0,20,28.05,34.87,4.49,0.541,NOAA ERDDAP / Argo Floats
2026-01-15T00:00:00Z,-3.0,82.0,10,28.11,34.74,4.42,0.33,NOAA ERDDAP / Argo Floats
2026-01-15T00:00:00Z,-2.0,82.0,20,26.81,35.08,4.35,0.516,NOAA ERDDAP / Argo Floats
2026-01-15T00:00:00Z,-1.0,82.0,0,29.47,35.06,4.22,1.381,NOAA ERDDAP / Argo Floats
2026-01-15T00:00:00Z,0.0,82.0,20,29.45,35.36,4.33,0.328,NOAA ERDDAP / Argo Floats
2026-01-15T00:00:00Z,1.0,82.0,0,28.65,34.68,4.45,0.26,NOAA ERDDAP / Argo Floats
2026-01-15T00:00:00Z,2.0,82.0,0,27.41,35.2,4.72,0.205,NOAA ERDDAP / Argo Floats
2026-01-15T00:00:00Z,3.0,82.0,0,26.11,34.94,4.83,0.585,NOAA ERDDAP / Argo Floats
2026-01-15T00:00:00Z,4.0,82.0,20,28.66,35.09,4.61,0.241,NOAA ERDDAP / Argo Floats
2026-01-15T00:00:00Z,5.0,82.0,0,28.61,35.15,4.96,0.525,NOAA ERDDAP / Argo Floats
2026-01-15T00:00:00Z,6.0,82.0,0,26.53,34.81,4.35,0.912,NOAA ERDDAP / Argo Floats
2026-01-15T00:00:00Z,7.0,82.0,0,27.51,35.1,4.69,0.37,NOAA ERDDAP / Argo Floats
2026-01-15T00:00:00Z,8.0,82.0,0,26.93,34.89,4.8,0.411,NOAA ERDDAP / Argo Floats
2026-01-15T00:00:00Z,9.0,82.0,0,27.03,35.31,4.72,0.373,NOAA ERDDAP / Argo Floats
2026-01-15T00:00:00Z,10.0,82.0,0,26.3,35.09,4.84,0.391,NOAA ERDDAP / Argo Floats
2026-01-15T00:00:00Z,11.0,82.0,10,25.97,35.32,4.91,0.264,NOAA ERDDAP / Argo Floats
2026-01-15T00:00:00Z,12.0,82.0,20,25.37,34.74,4.91,0.323,NOAA ERDDAP / Argo Floats
2026-01-15T00:00:00Z,13.0,82.0,50,24.91,35.23,4.82,0.501,NOAA ERDDAP / Argo Floats
2026-01-15T00:00:00Z,14.0,82.0,10,23.86,35.02,4.96,0.316,NOAA ERDDAP / Argo Floats
2026-01-15T00:00:00Z,15.0,82.0,0,22.99,35.42,4.53,0.365,NOAA ERDDAP / Argo Floats
2026-01-15T00:00:00Z,16.0,82.0,0,25.6,35.23,5.0,0.335,NOAA ERDDAP / Argo Floats
2026-01-15T00:00:00Z,17.0,82.0,0,25.09,34.81,5.13,0.457,NOAA ERDDAP / Argo Floats
2026-01-15T00:00:00Z,18.0,82.0,0,25.01,35.19,5.31,0.366,NOAA ERDDAP / Argo Floats
2026-01-15T00:00:00Z,19.0,82.0,0,23.1,34.59,4.78,0.363,NOAA ERDDAP / Argo Floats
2026-01-15T00:00:00Z,20.0,82.0,20,22.55,35.07,5.04,0.407,NOAA ERDDAP / Argo Floats
2026-01-15T00:00:00Z,21.0,82.0,0,23.27,35.21,5.23,0.805,NOAA ERDDAP / Argo Floats
2026-01-15T00:00:00Z,22.0,82.0,20,23.46,34.73,4.89,0.395,NOAA ERDDAP / Argo Floats
2026-01-15T00:00:00Z,23.0,82.0,0,21.37,35.35,4.99,0.894,NOAA ERDDAP / Argo Floats
2026-01-15T00:00:00Z,24.0,82.0,0,20.87,35.26,5.3,0.479,NOAA ERDDAP / Argo Floats
2026-01-15T00:00:00Z,25.0,82.0,0,22.19,34.93,4.89,0.582,NOAA ERDDAP / Argo Floats
2026-01-15T00:00:00Z,26.0,82.0,50,21.55,35.59,4.97,0.449,NOAA ERDDAP / Argo Floats
2026-01-15T00:00:00Z,27.0,82.0,20,22.56,34.8,5.22,0.532,NOAA ERDDAP / Argo Floats
2026-01-15T00:00:00Z,28.0,82.0,0,20.56,34.86,5.43,0.491,NOAA ERDDAP / Argo Floats
2026-01-15T00:00:00Z,29.0,82.0,0,22.81,34.93,5.58,0.835,NOAA ERDDAP / Argo Floats
2026-01-15T00:00:00Z,30.0,82.0,0,22.04,34.9,5.24,0.484,NOAA ERDDAP / Argo Floats
2026-01-15T00:00:00Z,-45.0,83.0,10,17.68,35.24,5.65,0.734,NOAA ERDDAP / Argo Floats
2026-01-15T00:00:00Z,-44.0,83.0,0,17.53,35.02,5.88,0.727,NOAA ERDDAP / Argo Floats
2026-01-15T00:00:00Z,-43.0,83.0,0,17.86,34.06,5.72,0.693,NOAA ERDDAP / Argo Floats
2026-01-15T00:00:00Z,-42.0,83.0,10,17.86,34.77,5.91,0.6,NOAA ERDDAP / Argo Floats
2026-01-15T00:00:00Z,-41.0,83.0,50,18.37,34.77,5.57,0.87,NOAA ERDDAP / Argo Floats
2026-01-15T00:00:00Z,-40.0,83.0,0,18.38,34.94,5.72,0.859,NOAA ERDDAP / Argo Floats
2026-01-15T00:00:00Z,-39.0,83.0,20,18.65,34.65,5.86,0.694,NOAA ERDDAP / Argo Floats
2026-01-15T00:00:00Z,-38.0,83.0,10,18.73,35.16,5.67,1.009,NOAA ERDDAP / Argo Floats
2026-01-15T00:00:00Z,-37.0,83.0,20,18.64,34.98,5.89,0.574,NOAA ERDDAP / Argo Floats
2026-01-15T00:00:00Z,-36.0,83.0,20,20.04,34.61,5.51,0.664,NOAA ERDDAP / Argo Floats
2026-01-15T00:00:00Z,-35.0,83.0,20,19.65,34.59,5.65,0.518,NOAA ERDDAP / Argo Floats
2026-01-15T00:00:00Z,-34.0,83.0,0,19.85,34.78,5.36,0.495,NOAA ERDDAP / Argo Floats
2026-01-15T00:00:00Z,-33.0,83.0,20,18.79,34.27,5.49,0.935,NOAA ERDDAP / Argo Floats
2026-01-15T00:00:00Z,-32.0,83.0,0,19.77,35.37,5.52,1.149,NOAA ERDDAP / Argo Floats
2026-01-15T00:00:00Z,-31.0,83.0,0,22.33,34.68,5.45,0.836,NOAA ERDDAP / Argo Floats
2026-01-15T00:00:00Z,-30.0,83.0,0,20.94,34.97,5.24,0.505,NOAA ERDDAP / Argo Floats
2026-01-15T00:00:00Z,-29.0,83.0,0,20.49,35.28,5.37,0.467,NOAA ERDDAP / Argo Floats
2026-01-15T00:00:00Z,-28.0,83.0,0,22.04,34.61,5.3,0.505,NOAA ERDDAP / Argo Floats
2026-01-15T00:00:00Z,-27.0,83.0,10,19.79,35.06,5.3,0.599,NOAA ERDDAP / Argo Floats
2026-01-15T00:00:00Z,-26.0,83.0,0,21.11,34.65,5.27,0.561,NOAA ERDDAP / Argo Floats
2026-01-15T00:00:00Z,-25.0,83.0,20,22.67,35.23,5.32,0.993,NOAA ERDDAP / Argo Floats
2026-01-15T00:00:00Z,-24.0,83.0,0,23.35,35.36,5.25,0.434,NOAA ERDDAP / Argo Floats
2026-01-15T00:00:00Z,-23.0,83.0,0,22.43,35.51,4.91,0.493,NOAA ERDDAP / Argo Floats
2026-01-15T00:00:00Z,-22.0,83.0,10,23.47,34.7,5.27,0.799,NOAA ERDDAP / Argo Floats
2026-01-15T00:00:00Z,-21.0,83.0,20,21.85,34.96,4.95,0.706,NOAA ERDDAP / Argo Floats
2026-01-15T00:00:00Z,-20.0,83.0,50,22.35,34.66,4.91,1.013,NOAA ERDDAP / Argo Floats
2026-01-15T00:00:00Z,-19.0,83.0,20,25.34,35.03,5.01,0.357,NOAA ERDDAP / Argo Floats
2026-01-15T00:00:00Z,-18.0,83.0,0,22.58,35.22,4.98,0.359,NOAA ERDDAP / Argo Floats
2026-01-15T00:00:00Z,-17.0,83.0,0,25.64,34.94,4.57,0.538,NOAA ERDDAP / Argo Floats
2026-01-15T00:00:00Z,-16.0,83.0,0,24.5,35.47,5.21,0.739,NOAA ERDDAP / Argo Floats
2026-01-15T00:00:00Z,-15.0,83.0,0,25.04,34.34,4.61,0.422,NOAA ERDDAP / Argo Floats
2026-01-15T00:00:00Z,-14.0,83.0,0,24.02,35.19,5.0,0.711,NOAA ERDDAP / Argo Floats
2026-01-15T00:00:00Z,-13.0,83.0,100,24.29,34.74,4.31,0.332,NOAA ERDDAP / Argo Floats
2026-01-15T00:00:00Z,-12.0,83.0,10,24.48,34.76,4.98,0.395,NOAA ERDDAP / Argo Floats
2026-01-15T00:00:00Z,-11.0,83.0,20,26.01,34.45,4.75,1.243,NOAA ERDDAP / Argo Floats
2026-01-15T00:00:00Z,-10.0,83.0,10,25.59,34.83,4.79,0.436,NOAA ERDDAP / Argo Floats
2026-01-15T00:00:00Z,-9.0,83.0,0,25.05,35.2,4.56,0.511,NOAA ERDDAP / Argo Floats
2026-01-15T00:00:00Z,-8.0,83.0,0,26.26,34.96,4.85,0.269,NOAA ERDDAP / Argo Floats
2026-01-15T00:00:00Z,-7.0,83.0,0,27.03,35.47,4.77,0.476,NOAA ERDDAP / Argo Floats
2026-01-15T00:00:00Z,-6.0,83.0,50,26.09,35.18,5.16,0.264,NOAA ERDDAP / Argo Floats
2026-01-15T00:00:00Z,-5.0,83.0,10,27.21,34.72,4.6,0.232,NOAA ERDDAP / Argo Floats
2026-01-15T00:00:00Z,-4.0,83.0,20,28.0,34.72,4.74,0.295,NOAA ERDDAP / Argo Floats
2026-01-15T00:00:00Z,-3.0,83.0,10,25.96,34.89,4.75,0.204,NOAA ERDDAP / Argo Floats
2026-01-15T00:00:00Z,-2.0,83.0,0,28.0,35.08,4.59,0.306,NOAA ERDDAP / Argo Floats
2026-01-15T00:00:00Z,-1.0,83.0,10,29.45,34.76,4.47,1.02,NOAA ERDDAP / Argo Floats
2026-01-15T00:00:00Z,0.0,83.0,50,28.48,35.5,4.85,0.318,NOAA ERDDAP / Argo Floats
2026-01-15T00:00:00Z,1.0,83.0,0,28.09,35.04,4.47,0.259,NOAA ERDDAP / Argo Floats
2026-01-15T00:00:00Z,2.0,83.0,0,27.8,34.52,4.19,0.419,NOAA ERDDAP / Argo Floats
2026-01-15T00:00:00Z,3.0,83.0,0,26.83,34.98,4.42,0.207,NOAA ERDDAP / Argo Floats
2026-01-15T00:00:00Z,4.0,83.0,0,27.39,35.01,4.33,0.197,NOAA ERDDAP / Argo Floats
2026-01-15T00:00:00Z,5.0,83.0,0,28.49,35.02,4.61,0.593,NOAA ERDDAP / Argo Floats
2026-01-15T00:00:00Z,6.0,83.0,10,27.07,35.52,4.78,0.357,NOAA ERDDAP / Argo Floats
2026-01-15T00:00:00Z,7.0,83.0,0,27.22,35.03,4.79,1.027,NOAA ERDDAP / Argo Floats
2026-01-15T00:00:00Z,8.0,83.0,0,26.14,35.06,4.94,0.388,NOAA ERDDAP / Argo Floats
2026-01-15T00:00:00Z,9.0,83.0,0,25.62,34.66,4.65,0.27,NOAA ERDDAP / Argo Floats
2026-01-15T00:00:00Z,10.0,83.0,0,26.37,34.49,4.84,0.67,NOAA ERDDAP / Argo Floats
2026-01-15T00:00:00Z,11.0,83.0,50,24.98,35.23,4.58,0.693,NOAA ERDDAP / Argo Floats
2026-01-15T00:00:00Z,12.0,83.0,50,24.51,35.32,4.78,0.996,NOAA ERDDAP / Argo Floats
2026-01-15T00:00:00Z,13.0,83.0,0,24.81,35.61,5.1,0.305,NOAA ERDDAP / Argo Floats
2026-01-15T00:00:00Z,14.0,83.0,10,23.27,34.9,4.69,0.471,NOAA ERDDAP / Argo Floats
2026-01-15T00:00:00Z,15.0,83.0,20,24.23,35.34,5.15,0.611,NOAA ERDDAP / Argo Floats
2026-01-15T00:00:00Z,16.0,83.0,0,24.17,34.93,4.87,0.371,NOAA ERDDAP / Argo Floats
2026-01-15T00:00:00Z,17.0,83.0,0,24.89,34.95,5.07,0.867,NOAA ERDDAP / Argo Floats
2026-01-15T00:00:00Z,18.0,83.0,10,25.57,35.11,5.11,0.54,NOAA ERDDAP / Argo Floats
2026-01-15T00:00:00Z,19.0,83.0,0,23.64,35.0,4.81,0.417,NOAA ERDDAP / Argo Floats
2026-01-15T00:00:00Z,20.0,83.0,20,22.65,35.14,4.85,0.729,NOAA ERDDAP / Argo Floats
2026-01-15T00:00:00Z,21.0,83.0,20,23.17,34.95,5.18,0.458,NOAA ERDDAP / Argo Floats
2026-01-15T00:00:00Z,22.0,83.0,10,23.15,34.44,4.97,0.427,NOAA ERDDAP / Argo Floats
2026-01-15T00:00:00Z,23.0,83.0,0,22.87,34.84,5.23,0.449,NOAA ERDDAP / Argo Floats
2026-01-15T00:00:00Z,24.0,83.0,10,23.81,34.24,5.46,0.395,NOAA ERDDAP / Argo Floats
2026-01-15T00:00:00Z,25.0,83.0,0,22.95,34.84,5.53,0.445,NOAA ERDDAP / Argo Floats
2026-01-15T00:00:00Z,26.0,83.0,20,22.63,35.08,5.3,0.832,NOAA ERDDAP / Argo Floats
2026-01-15T00:00:00Z,27.0,83.0,0,21.8,34.9,5.01,0.911,NOAA ERDDAP / Argo Floats
2026-01-15T00:00:00Z,28.0,83.0,0,22.11,35.08,5.63,0.473,NOAA ERDDAP / Argo Floats
2026-01-15T00:00:00Z,29.0,83.0,20,20.57,35.04,5.39,1.159,NOAA ERDDAP / Argo Floats
2026-01-15T00:00:00Z,30.0,83.0,10,21.07,34.85,5.52,0.846,NOAA ERDDAP / Argo Floats
2026-01-15T00:00:00Z,-45.0,84.0,0,18.27,34.92,5.71,0.945,NOAA ERDDAP / Argo Floats
2026-01-15T00:00:00Z,-44.0,84.0,50,18.99,35.08,5.7,0.925,NOAA ERDDAP / Argo Floats
2026-01-15T00:00:00Z,-43.0,84.0,0,17.67,34.69,5.62,0.609,NOAA ERDDAP / Argo Floats
2026-01-15T00:00:00Z,-42.0,84.0,10,18.65,34.81,5.69,0.919,NOAA ERDDAP / Argo Floats
2026-01-15T00:00:00Z,-41.0,84.0,0,16.98,34.62,5.56,0.984,NOAA ERDDAP / Argo Floats
2026-01-15T00:00:00Z,-40.0,84.0,10,18.18,34.77,5.6,1.609,NOAA ERDDAP / Argo Floats
2026-01-15T00:00:00Z,-39.0,84.0,10,19.58,35.05,5.24,0.98,NOAA ERDDAP / Argo Floats
2026-01-15T00:00:00Z,-38.0,84.0,20,21.4,34.8,5.73,0.845,NOAA ERDDAP / Argo Floats
2026-01-15T00:00:00Z,-37.0,84.0,10,19.1,34.69,5.83,0.571,NOAA ERDDAP / Argo Floats
2026-01-15T00:00:00Z,-36.0,84.0,10,20.63,34.92,5.51,0.566,NOAA ERDDAP / Argo Floats
2026-01-15T00:00:00Z,-35.0,84.0,0,19.48,34.83,5.51,0.554,NOAA ERDDAP / Argo Floats
2026-01-15T00:00:00Z,-34.0,84.0,0,19.8,34.2,5.22,0.498,NOAA ERDDAP / Argo Floats
2026-01-15T00:00:00Z,-33.0,84.0,0,20.62,34.98,5.36,0.5,NOAA ERDDAP / Argo Floats
2026-01-15T00:00:00Z,-32.0,84.0,50,21.07,34.94,5.4,0.486,NOAA ERDDAP / Argo Floats
2026-01-15T00:00:00Z,-31.0,84.0,0,20.23,35.27,5.34,0.619,NOAA ERDDAP / Argo Floats
2026-01-15T00:00:00Z,-30.0,84.0,50,21.36,34.77,5.36,0.588,NOAA ERDDAP / Argo Floats
2026-01-15T00:00:00Z,-29.0,84.0,0,21.83,34.86,5.83,0.616,NOAA ERDDAP / Argo Floats
2026-01-15T00:00:00Z,-28.0,84.0,20,21.49,34.94,5.54,0.849,NOAA ERDDAP / Argo Floats
2026-01-15T00:00:00Z,-27.0,84.0,0,19.93,34.94,5.25,1.115,NOAA ERDDAP / Argo Floats
2026-01-15T00:00:00Z,-26.0,84.0,0,21.71,34.62,5.17,0.508,NOAA ERDDAP / Argo Floats
2026-01-15T00:00:00Z,-25.0,84.0,100,22.57,34.61,5.21,0.42,NOAA ERDDAP / Argo Floats
2026-01-15T00:00:00Z,-24.0,84.0,10,21.98,35.07,5.5,0.726,NOAA ERDDAP / Argo Floats
2026-01-15T00:00:00Z,-23.0,84.0,0,24.62,34.52,5.54,0.717,NOAA ERDDAP / Argo Floats
2026-01-15T00:00:00Z,-22.0,84.0,0,23.03,34.92,5.02,1.005,NOAA ERDDAP / Argo Floats
2026-01-15T00:00:00Z,-21.0,84.0,0,23.72,35.07,4.89,0.371,NOAA ERDDAP / Argo Floats
2026-01-15T00:00:00Z,-20.0,84.0,10,24.69,34.79,5.11,0.451,NOAA ERDDAP / Argo Floats
2026-01-15T00:00:00Z,-19.0,84.0,0,22.21,34.96,5.46,0.471,NOAA ERDDAP / Argo Floats
2026-01-15T00:00:00Z,-18.0,84.0,0,24.67,34.65,4.72,0.477,NOAA ERDDAP / Argo Floats
2026-01-15T00:00:00Z,-17.0,84.0,20,22.13,34.95,5.12,0.342,NOAA ERDDAP / Argo Floats
2026-01-15T00:00:00Z,-16.0,84.0,10,25.28,35.26,4.85,0.411,NOAA ERDDAP / Argo Floats
2026-01-15T00:00:00Z,-15.0,84.0,20,24.89,35.03,4.86,0.393,NOAA ERDDAP / Argo Floats
2026-01-15T00:00:00Z,-14.0,84.0,0,24.41,35.04,5.04,0.925,NOAA ERDDAP / Argo Floats
2026-01-15T00:00:00Z,-13.0,84.0,20,25.62,34.44,4.95,0.555,NOAA ERDDAP / Argo Floats
2026-01-15T00:00:00Z,-12.0,84.0,100,27.12,34.73,4.72,0.422,NOAA ERDDAP / Argo Floats
2026-01-15T00:00:00Z,-11.0,84.0,100,26.34,34.86,4.93,0.315,NOAA ERDDAP / Argo Floats
2026-01-15T00:00:00Z,-10.0,84.0,10,27.88,34.62,5.34,0.399,NOAA ERDDAP / Argo Floats
2026-01-15T00:00:00Z,-9.0,84.0,50,27.04,35.16,4.51,0.53,NOAA ERDDAP / Argo Floats
2026-01-15T00:00:00Z,-8.0,84.0,50,25.94,35.08,4.84,0.514,NOAA ERDDAP / Argo Floats
2026-01-15T00:00:00Z,-7.0,84.0,0,27.32,35.19,4.6,1.162,NOAA ERDDAP / Argo Floats
2026-01-15T00:00:00Z,-6.0,84.0,10,28.41,34.96,4.82,0.463,NOAA ERDDAP / Argo Floats
2026-01-15T00:00:00Z,-5.0,84.0,0,26.58,35.04,4.41,0.235,NOAA ERDDAP / Argo Floats
2026-01-15T00:00:00Z,-4.0,84.0,0,29.06,34.67,4.48,0.213,NOAA ERDDAP / Argo Floats
2026-01-15T00:00:00Z,-3.0,84.0,0,27.48,35.14,4.63,0.313,NOAA ERDDAP / Argo Floats
2026-01-15T00:00:00Z,-2.0,84.0,50,28.71,34.77,4.44,0.832,NOAA ERDDAP / Argo Floats
2026-01-15T00:00:00Z,-1.0,84.0,0,28.6,34.85,4.54,0.164,NOAA ERDDAP / Argo Floats
2026-01-15T00:00:00Z,0.0,84.0,0,27.96,34.72,4.69,0.201,NOAA ERDDAP / Argo Floats
2026-01-15T00:00:00Z,1.0,84.0,100,27.16,34.96,4.49,0.634,NOAA ERDDAP / Argo Floats
2026-01-15T00:00:00Z,2.0,84.0,0,28.12,34.5,4.36,0.44,NOAA ERDDAP / Argo Floats
2026-01-15T00:00:00Z,3.0,84.0,0,27.29,34.82,4.86,0.249,NOAA ERDDAP / Argo Floats
2026-01-15T00:00:00Z,4.0,84.0,50,26.93,34.94,4.52,0.325,NOAA ERDDAP / Argo Floats
2026-01-15T00:00:00Z,5.0,84.0,0,27.58,35.09,4.87,0.808,NOAA ERDDAP / Argo Floats
2026-01-15T00:00:00Z,6.0,84.0,0,27.68,34.66,4.66,0.453,NOAA ERDDAP / Argo Floats
2026-01-15T00:00:00Z,7.0,84.0,0,25.91,34.52,4.56,0.243,NOAA ERDDAP / Argo Floats
2026-01-15T00:00:00Z,8.0,84.0,0,26.13,34.48,5.07,0.517,NOAA ERDDAP / Argo Floats
2026-01-15T00:00:00Z,9.0,84.0,0,26.47,35.25,4.74,0.594,NOAA ERDDAP / Argo Floats
2026-01-15T00:00:00Z,10.0,84.0,10,27.18,34.81,4.64,0.329,NOAA ERDDAP / Argo Floats
2026-01-15T00:00:00Z,11.0,84.0,50,25.12,35.02,5.13,1.225,NOAA ERDDAP / Argo Floats
2026-01-15T00:00:00Z,12.0,84.0,50,24.73,35.06,5.59,1.167,NOAA ERDDAP / Argo Floats
2026-01-15T00:00:00Z,13.0,84.0,10,25.84,34.93,4.72,0.426,NOAA ERDDAP / Argo Floats
2026-01-15T00:00:00Z,14.0,84.0,10,25.23,34.98,5.07,0.293,NOAA ERDDAP / Argo Floats
2026-01-15T00:00:00Z,15.0,84.0,0,24.47,35.01,5.02,0.503,NOAA ERDDAP / Argo Floats
2026-01-15T00:00:00Z,16.0,84.0,0,23.89,34.87,4.55,0.528,NOAA ERDDAP / Argo Floats
2026-01-15T00:00:00Z,17.0,84.0,10,25.79,34.85,4.82,0.543,NOAA ERDDAP / Argo Floats
2026-01-15T00:00:00Z,18.0,84.0,0,24.06,34.98,5.49,0.982,NOAA ERDDAP / Argo Floats
2026-01-15T00:00:00Z,19.0,84.0,0,25.16,34.89,5.2,0.505,NOAA ERDDAP / Argo Floats
2026-01-15T00:00:00Z,20.0,84.0,0,23.57,35.04,5.15,0.495,NOAA ERDDAP / Argo Floats
2026-01-15T00:00:00Z,21.0,84.0,0,23.4,35.62,4.94,0.443,NOAA ERDDAP / Argo Floats
2026-01-15T00:00:00Z,22.0,84.0,20,25.01,35.17,4.98,0.467,NOAA ERDDAP / Argo Floats
2026-01-15T00:00:00Z,23.0,84.0,10,23.86,35.25,5.34,0.529,NOAA ERDDAP / Argo Floats
2026-01-15T00:00:00Z,24.0,84.0,20,22.28,35.41,5.22,0.415,NOAA ERDDAP / Argo Floats
2026-01-15T00:00:00Z,25.0,84.0,0,21.09,35.05,5.04,0.52,NOAA ERDDAP / Argo Floats
2026-01-15T00:00:00Z,26.0,84.0,10,22.18,35.23,5.13,0.697,NOAA ERDDAP / Argo Floats
2026-01-15T00:00:00Z,27.0,84.0,0,21.1,34.92,5.24,0.43,NOAA ERDDAP / Argo Floats
2026-01-15T00:00:00Z,28.0,84.0,0,21.4,34.77,5.41,0.507,NOAA ERDDAP / Argo Floats
2026-01-15T00:00:00Z,29.0,84.0,0,20.6,35.09,5.14,0.598,NOAA ERDDAP / Argo Floats
2026-01-15T00:00:00Z,30.0,84.0,0,21.64,35.25,5.39,0.559,NOAA ERDDAP / Argo Floats
2026-01-15T00:00:00Z,-45.0,85.0,10,18.14,34.78,5.73,0.967,NOAA ERDDAP / Argo Floats
2026-01-15T00:00:00Z,-44.0,85.0,10,17.96,34.73,5.77,0.61,NOAA ERDDAP / Argo Floats
2026-01-15T00:00:00Z,-43.0,85.0,0,19.83,34.57,5.72,1.006,NOAA ERDDAP / Argo Floats
2026-01-15T00:00:00Z,-42.0,85.0,0,18.57,34.33,5.63,0.866,NOAA ERDDAP / Argo Floats
2026-01-15T00:00:00Z,-41.0,85.0,0,18.11,35.11,5.75,0.641,NOAA ERDDAP / Argo Floats
2026-01-15T00:00:00Z,-40.0,85.0,0,18.13,34.81,5.85,0.658,NOAA ERDDAP / Argo Floats
2026-01-15T00:00:00Z,-39.0,85.0,0,19.45,34.67,5.26,0.626,NOAA ERDDAP / Argo Floats
2026-01-15T00:00:00Z,-38.0,85.0,0,18.92,35.43,5.89,1.216,NOAA ERDDAP / Argo Floats
2026-01-15T00:00:00Z,-37.0,85.0,0,18.48,34.89,5.44,0.58,NOAA ERDDAP / Argo Floats
2026-01-15T00:00:00Z,-36.0,85.0,50,18.95,34.88,5.72,0.536,NOAA ERDDAP / Argo Floats
2026-01-15T00:00:00Z,-35.0,85.0,100,19.8,34.54,5.41,0.56,NOAA ERDDAP / Argo Floats
2026-01-15T00:00:00Z,-34.0,85.0,0,19.86,34.77,5.18,0.555,NOAA ERDDAP / Argo Floats
2026-01-15T00:00:00Z,-33.0,85.0,0,20.28,34.22,5.17,0.613,NOAA ERDDAP / Argo Floats
2026-01-15T00:00:00Z,-32.0,85.0,0,21.09,35.2,5.73,0.613,NOAA ERDDAP / Argo Floats
2026-01-15T00:00:00Z,-31.0,85.0,0,20.19,34.67,5.76,0.606,NOAA ERDDAP / Argo Floats
2026-01-15T00:00:00Z,-30.0,85.0,100,21.38,34.93,5.44,0.472,NOAA ERDDAP / Argo Floats
2026-01-15T00:00:00Z,-29.0,85.0,0,21.96,34.87,5.48,0.813,NOAA ERDDAP / Argo Floats
2026-01-15T00:00:00Z,-28.0,85.0,50,22.44,34.91,5.37,0.496,NOAA ERDDAP / Argo Floats
2026-01-15T00:00:00Z,-27.0,85.0,0,20.24,35.37,4.66,0.496,NOAA ERDDAP / Argo Floats
2026-01-15T00:00:00Z,-26.0,85.0,10,21.13,34.45,5.21,0.463,NOAA ERDDAP / Argo Floats
2026-01-15T00:00:00Z,-25.0,85.0,10,22.56,34.96,4.99,0.445,NOAA ERDDAP / Argo Floats
2026-01-15T00:00:00Z,-24.0,85.0,0,23.98,35.24,5.42,0.86,NOAA ERDDAP / Argo Floats
2026-01-15T00:00:00Z,-23.0,85.0,0,22.1,34.86,5.23,0.403,NOAA ERDDAP / Argo Floats
2026-01-15T00:00:00Z,-22.0,85.0,20,23.96,34.8,4.94,0.404,NOAA ERDDAP / Argo Floats
2026-01-15T00:00:00Z,-21.0,85.0,0,22.85,35.48,4.78,0.42,NOAA ERDDAP / Argo Floats
2026-01-15T00:00:00Z,-20.0,85.0,0,21.7,35.17,4.95,0.391,NOAA ERDDAP / Argo Floats
2026-01-15T00:00:00Z,-19.0,85.0,50,23.72,34.91,4.63,0.505,NOAA ERDDAP / Argo Floats
2026-01-15T00:00:00Z,-18.0,85.0,0,24.26,34.57,5.17,0.365,NOAA ERDDAP / Argo Floats
2026-01-15T00:00:00Z,-17.0,85.0,10,24.59,34.94,5.17,0.363,NOAA ERDDAP / Argo Floats
2026-01-15T00:00:00Z,-16.0,85.0,0,24.6,35.04,5.0,0.535,NOAA ERDDAP / Argo Floats
2026-01-15T00:00:00Z,-15.0,85.0,0,24.51,35.14,4.68,0.382,NOAA ERDDAP / Argo Floats
2026-01-15T00:00:00Z,-14.0,85.0,100,24.77,35.11,5.12,0.558,NOAA ERDDAP / Argo Floats
2026-01-15T00:00:00Z,-13.0,85.0,0,26.14,34.88,4.85,0.78,NOAA ERDDAP / Argo Floats
2026-01-15T00:00:00Z,-12.0,85.0,0,24.48,34.45,5.06,0.313,NOAA ERDDAP / Argo Floats
2026-01-15T00:00:00Z,-11.0,85.0,0,23.86,35.24,4.75,0.522,NOAA ERDDAP / Argo Floats
2026-01-15T00:00:00Z,-10.0,85.0,10,25.68,35.35,4.55,0.259,NOAA ERDDAP / Argo Floats
2026-01-15T00:00:00Z,-9.0,85.0,0,26.07,34.64,4.79,0.458,NOAA ERDDAP / Argo Floats
2026-01-15T00:00:00Z,-8.0,85.0,20,26.79,34.59,4.87,0.305,NOAA ERDDAP / Argo Floats
2026-01-15T00:00:00Z,-7.0,85.0,20,26.31,34.75,4.45,0.623,NOAA ERDDAP / Argo Floats
2026-01-15T00:00:00Z,-6.0,85.0,100,27.62,35.07,4.76,0.961,NOAA ERDDAP / Argo Floats
2026-01-15T00:00:00Z,-5.0,85.0,100,26.09,34.58,4.64,0.817,NOAA ERDDAP / Argo Floats
2026-01-15T00:00:00Z,-4.0,85.0,50,28.01,35.07,4.62,0.226,NOAA ERDDAP / Argo Floats
2026-01-15T00:00:00Z,-3.0,85.0,0,27.37,35.09,5.0,0.465,NOAA ERDDAP / Argo Floats
2026-01-15T00:00:00Z,-2.0,85.0,0,28.76,34.8,4.41,0.204,NOAA ERDDAP / Argo Floats
2026-01-15T00:00:00Z,-1.0,85.0,10,27.75,35.53,4.3,0.163,NOAA ERDDAP / Argo Floats
2026-01-15T00:00:00Z,0.0,85.0,0,27.78,35.16,4.18,0.556,NOAA ERDDAP / Argo Floats
2026-01-15T00:00:00Z,1.0,85.0,50,28.34,35.31,4.85,0.183,NOAA ERDDAP / Argo Floats
2026-01-15T00:00:00Z,2.0,85.0,0,27.38,34.71,4.51,0.183,NOAA ERDDAP / Argo Floats
2026-01-15T00:00:00Z,3.0,85.0,0,28.31,35.59,4.74,0.501,NOAA ERDDAP / Argo Floats
2026-01-15T00:00:00Z,4.0,85.0,10,28.34,35.58,4.47,0.284,NOAA ERDDAP / Argo Floats
2026-01-15T00:00:00Z,5.0,85.0,0,26.86,35.3,4.82,1.135,NOAA ERDDAP / Argo Floats
2026-01-15T00:00:00Z,6.0,85.0,0,28.4,35.01,4.45,0.775,NOAA ERDDAP / Argo Floats
2026-01-15T00:00:00Z,7.0,85.0,50,25.4,35.41,4.69,0.35,NOAA ERDDAP / Argo Floats
2026-01-15T00:00:00Z,8.0,85.0,0,25.8,34.7,4.53,0.571,NOAA ERDDAP / Argo Floats
2026-01-15T00:00:00Z,9.0,85.0,10,26.52,35.27,4.6,0.302,NOAA ERDDAP / Argo Floats
2026-01-15T00:00:00Z,10.0,85.0,0,23.95,34.96,4.58,0.379,NOAA ERDDAP / Argo Floats
2026-01-15T00:00:00Z,11.0,85.0,0,24.7,35.07,4.83,0.314,NOAA ERDDAP / Argo Floats
2026-01-15T00:00:00Z,12.0,85.0,0,25.14,34.79,4.93,0.345,NOAA ERDDAP / Argo Floats
2026-01-15T00:00:00Z,13.0,85.0,20,25.51,35.1,4.88,0.413,NOAA ERDDAP / Argo Floats
2026-01-15T00:00:00Z,14.0,85.0,20,25.79,35.04,4.6,0.378,NOAA ERDDAP / Argo Floats
2026-01-15T00:00:00Z,15.0,85.0,0,24.48,35.31,4.76,0.42,NOAA ERDDAP / Argo Floats
2026-01-15T00:00:00Z,16.0,85.0,50,24.26,35.21,4.97,0.406,NOAA ERDDAP / Argo Floats
2026-01-15T00:00:00Z,17.0,85.0,0,24.72,35.86,5.01,0.94,NOAA ERDDAP / Argo Floats
2026-01-15T00:00:00Z,18.0,85.0,0,22.92,35.39,5.1,0.419,NOAA ERDDAP / Argo Floats
2026-01-15T00:00:00Z,19.0,85.0,20,23.37,35.47,5.25,0.346,NOAA ERDDAP / Argo Floats
2026-01-15T00:00:00Z,20.0,85.0,0,23.99,34.97,5.51,0.397,NOAA ERDDAP / Argo Floats
2026-01-15T00:00:00Z,21.0,85.0,0,23.19,35.34,4.97,0.38,NOAA ERDDAP / Argo Floats
2026-01-15T00:00:00Z,22.0,85.0,0,24.85,35.5,4.86,0.37,NOAA ERDDAP / Argo Floats
2026-01-15T00:00:00Z,23.0,85.0,0,21.95,34.93,5.39,0.405,NOAA ERDDAP / Argo Floats
2026-01-15T00:00:00Z,24.0,85.0,10,21.38,34.8,5.32,0.677,NOAA ERDDAP / Argo Floats
2026-01-15T00:00:00Z,25.0,85.0,0,22.57,35.38,5.47,1.04,NOAA ERDDAP / Argo Floats
2026-01-15T00:00:00Z,26.0,85.0,50,20.93,34.99,5.06,0.901,NOAA ERDDAP / Argo Floats
2026-01-15T00:00:00Z,27.0,85.0,0,22.0,35.37,5.01,0.48,NOAA ERDDAP / Argo Floats
2026-01-15T00:00:00Z,28.0,85.0,10,20.61,35.26,5.28,0.755,NOAA ERDDAP / Argo Floats
2026-01-15T00:00:00Z,29.0,85.0,10,21.34,34.94,5.28,0.536,NOAA ERDDAP / Argo Floats
2026-01-15T00:00:00Z,30.0,85.0,0,21.54,35.56,5.52,0.796,NOAA ERDDAP / Argo Floats
2026-01-15T00:00:00Z,-45.0,86.0,0,17.13,34.89,5.62,0.646,NOAA ERDDAP / Argo Floats
2026-01-15T00:00:00Z,-44.0,86.0,0,17.76,35.3,5.62,0.744,NOAA ERDDAP / Argo Floats
2026-01-15T00:00:00Z,-43.0,86.0,100,16.61,34.78,5.63,0.702,NOAA ERDDAP / Argo Floats
2026-01-15T00:00:00Z,-42.0,86.0,20,18.86,34.65,5.63,1.735,NOAA ERDDAP / Argo Floats
2026-01-15T00:00:00Z,-41.0,86.0,50,20.03,35.07,6.04,0.753,NOAA ERDDAP / Argo Floats
2026-01-15T00:00:00Z,-40.0,86.0,100,19.24,34.63,5.45,0.613,NOAA ERDDAP / Argo Floats
2026-01-15T00:00:00Z,-39.0,86.0,0,20.23,35.36,5.64,0.631,NOAA ERDDAP / Argo Floats
2026-01-15T00:00:00Z,-38.0,86.0,20,18.94,34.93,5.88,0.571,NOAA ERDDAP / Argo Floats
2026-01-15T00:00:00Z,-37.0,86.0,100,19.63,34.89,5.75,0.63,NOAA ERDDAP / Argo Floats
2026-01-15T00:00:00Z,-36.0,86.0,50,20.55,35.21,5.46,0.603,NOAA ERDDAP / Argo Floats
2026-01-15T00:00:00Z,-35.0,86.0,0,18.9,34.54,5.58,0.54,NOAA ERDDAP / Argo Floats
2026-01-15T00:00:00Z,-34.0,86.0,0,19.71,34.53,5.46,0.582,NOAA ERDDAP / Argo Floats
2026-01-15T00:00:00Z,-33.0,86.0,20,19.8,34.85,5.77,0.555,NOAA ERDDAP / Argo Floats
2026-01-15T00:00:00Z,-32.0,86.0,0,20.93,35.03,5.39,0.47,NOAA ERDDAP / Argo Floats
2026-01-15T00:00:00Z,-31.0,86.0,0,20.93,34.93,5.46,0.847,NOAA ERDDAP / Argo Floats
2026-01-15T00:00:00Z,-30.0,86.0,50,20.24,34.74,5.24,0.53,NOAA ERDDAP / Argo Floats
2026-01-15T00:00:00Z,-29.0,86.0,0,21.01,34.79,5.63,0.48,NOAA ERDDAP / Argo Floats
2026-01-15T00:00:00Z,-28.0,86.0,0,21.25,35.14,5.24,0.638,NOAA ERDDAP / Argo Floats
2026-01-15T00:00:00Z,-27.0,86.0,0,22.34,34.67,5.49,0.424,NOAA ERDDAP / Argo Floats
2026-01-15T00:00:00Z,-26.0,86.0,50,22.64,34.46,4.95,0.498,NOAA ERDDAP / Argo Floats
2026-01-15T00:00:00Z,-25.0,86.0,100,21.26,35.23,5.43,0.732,NOAA ERDDAP / Argo Floats
2026-01-15T00:00:00Z,-24.0,86.0,10,22.09,34.58,5.18,0.603,NOAA ERDDAP / Argo Floats
2026-01-15T00:00:00Z,-23.0,86.0,20,21.85,35.19,5.67,0.973,NOAA ERDDAP / Argo Floats
2026-01-15T00:00:00Z,-22.0,86.0,20,23.7,34.69,5.46,0.477,NOAA ERDDAP / Argo Floats
2026-01-15T00:00:00Z,-21.0,86.0,10,24.88,34.81,5.1,0.428,NOAA ERDDAP / Argo Floats
2026-01-15T00:00:00Z,-20.0,86.0,50,22.73,34.7,5.37,0.426,NOAA ERDDAP / Argo Floats
2026-01-15T00:00:00Z,-19.0,86.0,0,23.51,34.49,5.01,0.358,NOAA ERDDAP / Argo Floats
2026-01-15T00:00:00Z,-18.0,86.0,10,24.05,35.1,4.95,0.447,NOAA ERDDAP / Argo Floats
2026-01-15T00:00:00Z,-17.0,86.0,20,23.19,34.98,5.11,0.444,NOAA ERDDAP / Argo Floats
2026-01-15T00:00:00Z,-16.0,86.0,50,25.64,34.76,5.05,0.546,NOAA ERDDAP / Argo Floats
2026-01-15T00:00:00Z,-15.0,86.0,20,24.31,34.96,4.91,0.32,NOAA ERDDAP / Argo Floats
2026-01-15T00:00:00Z,-14.0,86.0,10,25.64,35.1,4.69,0.408,NOAA ERDDAP / Argo Floats
2026-01-15T00:00:00Z,-13.0,86.0,10,25.84,34.63,4.7,0.627,NOAA ERDDAP / Argo Floats
2026-01-15T00:00:00Z,-12.0,86.0,0,24.89,34.47,4.54,0.292,NOAA ERDDAP / Argo Floats
2026-01-15T00:00:00Z,-11.0,86.0,0,27.08,34.78,4.91,0.351,NOAA ERDDAP / Argo Floats
2026-01-15T00:00:00Z,-10.0,86.0,10,26.46,35.06,4.84,0.498,NOAA ERDDAP / Argo Floats
2026-01-15T00:00:00Z,-9.0,86.0,0,27.06,34.9,4.62,0.266,NOAA ERDDAP / Argo Floats
2026-01-15T00:00:00Z,-8.0,86.0,0,25.4,34.87,4.81,0.356,NOAA ERDDAP / Argo Floats
2026-01-15T00:00:00Z,-7.0,86.0,0,26.82,34.91,4.67,0.302,NOAA ERDDAP / Argo Floats
2026-01-15T00:00:00Z,-6.0,86.0,50,25.99,35.07,4.57,0.428,NOAA ERDDAP / Argo Floats
2026-01-15T00:00:00Z,-5.0,86.0,0,29.3,34.57,4.76,0.315,NOAA ERDDAP / Argo Floats
2026-01-15T00:00:00Z,-4.0,86.0,50,27.61,34.08,4.81,0.227,NOAA ERDDAP / Argo Floats
2026-01-15T00:00:00Z,-3.0,86.0,0,27.19,35.47,4.64,0.349,NOAA ERDDAP / Argo Floats
2026-01-15T00:00:00Z,-2.0,86.0,10,26.59,34.89,4.77,0.324,NOAA ERDDAP / Argo Floats
2026-01-15T00:00:00Z,-1.0,86.0,20,29.92,34.68,4.33,0.339,NOAA ERDDAP / Argo Floats
2026-01-15T00:00:00Z,0.0,86.0,0,29.5,35.27,4.54,0.157,NOAA ERDDAP / Argo Floats
2026-01-15T00:00:00Z,1.0,86.0,0,27.22,34.65,4.97,0.756,NOAA ERDDAP / Argo Floats
2026-01-15T00:00:00Z,2.0,86.0,20,28.15,35.29,4.67,0.278,NOAA ERDDAP / Argo Floats
2026-01-15T00:00:00Z,3.0,86.0,0,27.27,34.68,4.65,0.462,NOAA ERDDAP / Argo Floats
2026-01-15T00:00:00Z,4.0,86.0,10,28.53,35.16,4.9,0.231,NOAA ERDDAP / Argo Floats
2026-01-15T00:00:00Z,5.0,86.0,20,27.43,34.78,4.43,0.456,NOAA ERDDAP / Argo Floats
2026-01-15T00:00:00Z,6.0,86.0,20,25.53,35.17,4.93,0.276,NOAA ERDDAP / Argo Floats
2026-01-15T00:00:00Z,7.0,86.0,0,27.22,35.31,4.65,0.36,NOAA ERDDAP / Argo Floats
2026-01-15T00:00:00Z,8.0,86.0,0,27.52,35.14,4.7,0.243,NOAA ERDDAP / Argo Floats
2026-01-15T00:00:00Z,9.0,86.0,0,26.52,34.69,4.85,0.396,NOAA ERDDAP / Argo Floats
2026-01-15T00:00:00Z,10.0,86.0,0,27.06,35.07,4.98,0.444,NOAA ERDDAP / Argo Floats
2026-01-15T00:00:00Z,11.0,86.0,10,24.4,35.0,4.97,0.316,NOAA ERDDAP / Argo Floats
2026-01-15T00:00:00Z,12.0,86.0,10,26.27,34.6,4.99,0.397,NOAA ERDDAP / Argo Floats
2026-01-15T00:00:00Z,13.0,86.0,10,23.81,35.25,4.8,0.547,NOAA ERDDAP / Argo Floats
2026-01-15T00:00:00Z,14.0,86.0,0,25.61,34.94,5.04,0.429,NOAA ERDDAP / Argo Floats
2026-01-15T00:00:00Z,15.0,86.0,0,23.9,34.89,4.74,0.574,NOAA ERDDAP / Argo Floats
2026-01-15T00:00:00Z,16.0,86.0,0,23.99,35.09,4.77,0.409,NOAA ERDDAP / Argo Floats
2026-01-15T00:00:00Z,17.0,86.0,10,24.11,35.44,4.97,0.601,NOAA ERDDAP / Argo Floats
2026-01-15T00:00:00Z,18.0,86.0,50,25.66,35.2,4.76,0.638,NOAA ERDDAP / Argo Floats
2026-01-15T00:00:00Z,19.0,86.0,0,24.35,34.99,4.9,1.206,NOAA ERDDAP / Argo Floats
2026-01-15T00:00:00Z,20.0,86.0,10,24.53,34.7,4.88,0.586,NOAA ERDDAP / Argo Floats
2026-01-15T00:00:00Z,21.0,86.0,100,23.12,34.92,5.35,0.459,NOAA ERDDAP / Argo Floats
2026-01-15T00:00:00Z,22.0,86.0,0,21.96,34.36,4.95,0.629,NOAA ERDDAP / Argo Floats
2026-01-15T00:00:00Z,23.0,86.0,10,21.88,35.06,5.2,0.641,NOAA ERDDAP / Argo Floats
2026-01-15T00:00:00Z,24.0,86.0,100,21.08,35.53,4.95,0.516,NOAA ERDDAP / Argo Floats
2026-01-15T00:00:00Z,25.0,86.0,0,23.4,35.61,5.15,0.522,NOAA ERDDAP / Argo Floats
2026-01-15T00:00:00Z,26.0,86.0,0,21.71,35.27,5.37,0.461,NOAA ERDDAP / Argo Floats
2026-01-15T00:00:00Z,27.0,86.0,0,22.69,34.6,5.43,0.452,NOAA ERDDAP / Argo Floats
2026-01-15T00:00:00Z,28.0,86.0,10,20.55,35.4,5.32,0.889,NOAA ERDDAP / Argo Floats
2026-01-15T00:00:00Z,29.0,86.0,20,21.44,34.96,5.54,0.975,NOAA ERDDAP / Argo Floats
2026-01-15T00:00:00Z,30.0,86.0,0,19.91,34.65,5.43,0.935,NOAA ERDDAP / Argo Floats
2026-01-15T00:00:00Z,-45.0,87.0,20,17.52,34.94,5.74,0.798,NOAA ERDDAP / Argo Floats
2026-01-15T00:00:00Z,-44.0,87.0,10,17.7,35.11,5.51,0.605,NOAA ERDDAP / Argo Floats
2026-01-15T00:00:00Z,-43.0,87.0,0,17.07,34.62,5.72,0.779,NOAA ERDDAP / Argo Floats
2026-01-15T00:00:00Z,-42.0,87.0,20,19.64,34.71,5.87,0.737,NOAA ERDDAP / Argo Floats
2026-01-15T00:00:00Z,-41.0,87.0,0,18.7,34.95,5.68,0.663,NOAA ERDDAP / Argo Floats
2026-01-15T00:00:00Z,-40.0,87.0,10,19.05,34.89,5.8,0.561,NOAA ERDDAP / Argo Floats
2026-01-15T00:00:00Z,-39.0,87.0,0,18.69,34.42,5.47,0.602,NOAA ERDDAP / Argo Floats
2026-01-15T00:00:00Z,-38.0,87.0,0,19.11,34.53,5.41,0.74,NOAA ERDDAP / Argo Floats
2026-01-15T00:00:00Z,-37.0,87.0,50,20.25,34.57,5.43,0.556,NOAA ERDDAP / Argo Floats
2026-01-15T00:00:00Z,-36.0,87.0,0,20.35,34.49,5.8,0.696,NOAA ERDDAP / Argo Floats
2026-01-15T00:00:00Z,-35.0,87.0,0,19.64,34.6,5.5,0.778,NOAA ERDDAP / Argo Floats
2026-01-15T00:00:00Z,-34.0,87.0,0,20.41,35.18,5.41,0.584,NOAA ERDDAP / Argo Floats
2026-01-15T00:00:00Z,-33.0,87.0,50,20.75,34.76,5.43,0.627,NOAA ERDDAP / Argo Floats
2026-01-15T00:00:00Z,-32.0,87.0,100,20.07,34.67,5.47,0.83,NOAA ERDDAP / Argo Floats
2026-01-15T00:00:00Z,-31.0,87.0,0,20.78,35.59,5.57,0.525,NOAA ERDDAP / Argo Floats
2026-01-15T00:00:00Z,-30.0,87.0,10,21.63,34.48,5.61,0.823,NOAA ERDDAP / Argo Floats
2026-01-15T00:00:00Z,-29.0,87.0,0,21.16,34.64,5.15,0.485,NOAA ERDDAP / Argo Floats
2026-01-15T00:00:00Z,-28.0,87.0,0,20.22,34.76,5.5,0.778,NOAA ERDDAP / Argo Floats
2026-01-15T00:00:00Z,-27.0,87.0,10,21.47,34.89,5.43,0.462,NOAA ERDDAP / Argo Floats
2026-01-15T00:00:00Z,-26.0,87.0,10,22.65,34.92,5.2,0.868,NOAA ERDDAP / Argo Floats
2026-01-15T00:00:00Z,-25.0,87.0,50,22.36,34.88,5.19,0.535,NOAA ERDDAP / Argo Floats
2026-01-15T00:00:00Z,-24.0,87.0,0,21.65,35.01,5.34,0.47,NOAA ERDDAP / Argo Floats
2026-01-15T00:00:00Z,-23.0,87.0,10,23.12,34.77,5.19,0.909,NOAA ERDDAP / Argo Floats
2026-01-15T00:00:00Z,-22.0,87.0,0,21.1,34.94,4.88,0.955,NOAA ERDDAP / Argo Floats
2026-01-15T00:00:00Z,-21.0,87.0,0,23.93,34.14,5.38,0.971,NOAA ERDDAP / Argo Floats
2026-01-15T00:00:00Z,-20.0,87.0,20,22.61,34.82,5.07,0.404,NOAA ERDDAP / Argo Floats
2026-01-15T00:00:00Z,-19.0,87.0,0,24.2,34.57,5.33,0.359,NOAA ERDDAP / Argo Floats
2026-01-15T00:00:00Z,-18.0,87.0,20,24.13,34.95,5.04,1.071,NOAA ERDDAP / Argo Floats
2026-01-15T00:00:00Z,-17.0,87.0,0,25.37,35.03,4.82,0.326,NOAA ERDDAP / Argo Floats
2026-01-15T00:00:00Z,-16.0,87.0,0,24.39,34.81,4.82,0.336,NOAA ERDDAP / Argo Floats
2026-01-15T00:00:00Z,-15.0,87.0,20,24.7,34.73,4.77,0.473,NOAA ERDDAP / Argo Floats
2026-01-15T00:00:00Z,-14.0,87.0,0,25.58,35.11,4.78,0.31,NOAA ERDDAP / Argo Floats
2026-01-15T00:00:00Z,-13.0,87.0,0,25.57,35.01,4.89,0.314,NOAA ERDDAP / Argo Floats
2026-01-15T00:00:00Z,-12.0,87.0,20,24.7,34.56,4.81,0.377,NOAA ERDDAP / Argo Floats
2026-01-15T00:00:00Z,-11.0,87.0,0,25.02,35.17,4.97,0.594,NOAA ERDDAP / Argo Floats
2026-01-15T00:00:00Z,-10.0,87.0,100,26.02,35.62,4.82,0.63,NOAA ERDDAP / Argo Floats
2026-01-15T00:00:00Z,-9.0,87.0,20,26.16,35.03,4.79,0.593,NOAA ERDDAP / Argo Floats
2026-01-15T00:00:00Z,-8.0,87.0,0,27.91,34.58,4.53,0.363,NOAA ERDDAP / Argo Floats
2026-01-15T00:00:00Z,-7.0,87.0,0,27.42,35.05,4.77,0.246,NOAA ERDDAP / Argo Floats
2026-01-15T00:00:00Z,-6.0,87.0,0,27.19,35.41,4.77,0.473,NOAA ERDDAP / Argo Floats
2026-01-15T00:00:00Z,-5.0,87.0,20,26.81,34.71,4.54,0.293,NOAA ERDDAP / Argo Floats
2026-01-15T00:00:00Z,-4.0,87.0,0,26.73,34.9,4.78,1.051,NOAA ERDDAP / Argo Floats
2026-01-15T00:00:00Z,-3.0,87.0,0,27.83,35.18,4.33,0.19,NOAA ERDDAP / Argo Floats
2026-01-15T00:00:00Z,-2.0,87.0,100,27.48,35.09,4.46,0.246,NOAA ERDDAP / Argo Floats
2026-01-15T00:00:00Z,-1.0,87.0,0,28.2,35.39,4.34,0.162,NOAA ERDDAP / Argo Floats
2026-01-15T00:00:00Z,0.0,87.0,0,28.37,35.13,4.78,0.163,NOAA ERDDAP / Argo Floats
2026-01-15T00:00:00Z,1.0,87.0,10,28.34,34.84,4.33,0.233,NOAA ERDDAP / Argo Floats
2026-01-15T00:00:00Z,2.0,87.0,0,27.95,35.15,4.54,0.496,NOAA ERDDAP / Argo Floats
2026-01-15T00:00:00Z,3.0,87.0,0,27.99,35.22,4.43,0.205,NOAA ERDDAP / Argo Floats
2026-01-15T00:00:00Z,4.0,87.0,50,27.58,34.78,4.52,0.354,NOAA ERDDAP / Argo Floats
2026-01-15T00:00:00Z,5.0,87.0,0,27.31,35.19,4.47,0.296,NOAA ERDDAP / Argo Floats
2026-01-15T00:00:00Z,6.0,87.0,0,25.69,35.08,4.73,0.252,NOAA ERDDAP / Argo Floats
2026-01-15T00:00:00Z,7.0,87.0,0,26.58,35.48,4.67,0.27,NOAA ERDDAP / Argo Floats
2026-01-15T00:00:00Z,8.0,87.0,20,26.88,34.91,4.84,0.434,NOAA ERDDAP / Argo Floats
2026-01-15T00:00:00Z,9.0,87.0,20,25.53,35.56,4.59,0.453,NOAA ERDDAP / Argo Floats
2026-01-15T00:00:00Z,10.0,87.0,0,25.39,35.37,4.98,0.27,NOAA ERDDAP / Argo Floats
2026-01-15T00:00:00Z,11.0,87.0,10,25.93,35.01,5.24,0.29,NOAA ERDDAP / Argo Floats
2026-01-15T00:00:00Z,12.0,87.0,0,23.03,34.86,4.61,0.536,NOAA ERDDAP / Argo Floats
2026-01-15T00:00:00Z,13.0,87.0,0,26.1,34.86,4.81,0.363,NOAA ERDDAP / Argo Floats
2026-01-15T00:00:00Z,14.0,87.0,0,24.78,35.26,4.95,0.364,NOAA ERDDAP / Argo Floats
2026-01-15T00:00:00Z,15.0,87.0,0,23.36,34.98,4.64,0.362,NOAA ERDDAP / Argo Floats
2026-01-15T00:00:00Z,16.0,87.0,20,24.77,35.32,4.99,0.674,NOAA ERDDAP / Argo Floats
2026-01-15T00:00:00Z,17.0,87.0,20,24.17,35.59,5.13,0.345,NOAA ERDDAP / Argo Floats
2026-01-15T00:00:00Z,18.0,87.0,0,23.2,35.65,4.95,0.438,NOAA ERDDAP / Argo Floats
2026-01-15T00:00:00Z,19.0,87.0,10,23.75,35.41,4.72,0.396,NOAA ERDDAP / Argo Floats
2026-01-15T00:00:00Z,20.0,87.0,0,23.55,35.03,5.49,0.916,NOAA ERDDAP / Argo Floats
2026-01-15T00:00:00Z,21.0,87.0,0,23.74,34.76,5.33,0.718,NOAA ERDDAP / Argo Floats
2026-01-15T00:00:00Z,22.0,87.0,50,23.5,34.55,5.11,0.545,NOAA ERDDAP / Argo Floats
2026-01-15T00:00:00Z,23.0,87.0,10,22.5,35.54,4.93,0.537,NOAA ERDDAP / Argo Floats
2026-01-15T00:00:00Z,24.0,87.0,50,21.52,35.19,5.13,0.973,NOAA ERDDAP / Argo Floats
2026-01-15T00:00:00Z,25.0,87.0,50,22.33,34.85,5.27,0.416,NOAA ERDDAP / Argo Floats
2026-01-15T00:00:00Z,26.0,87.0,20,22.54,35.52,5.42,0.534,NOAA ERDDAP / Argo Floats
2026-01-15T00:00:00Z,27.0,87.0,0,22.16,34.7,5.64,0.579,NOAA ERDDAP / Argo Floats
2026-01-15T00:00:00Z,28.0,87.0,0,22.22,34.73,5.32,0.497,NOAA ERDDAP / Argo Floats
2026-01-15T00:00:00Z,29.0,87.0,0,21.97,35.7,4.85,0.493,NOAA ERDDAP / Argo Floats
2026-01-15T00:00:00Z,30.0,87.0,0,21.62,34.69,5.2,0.517,NOAA ERDDAP / Argo Floats
2026-01-15T00:00:00Z,-45.0,88.0,0,16.17,34.84,5.86,0.624,NOAA ERDDAP / Argo Floats
2026-01-15T00:00:00Z,-44.0,88.0,50,16.79,34.49,5.6,0.799,NOAA ERDDAP / Argo Floats
2026-01-15T00:00:00Z,-43.0,88.0,50,17.82,35.17,5.86,0.711,NOAA ERDDAP / Argo Floats
2026-01-15T00:00:00Z,-42.0,88.0,10,16.9,34.81,5.75,0.59,NOAA ERDDAP / Argo Floats
2026-01-15T00:00:00Z,-41.0,88.0,50,19.66,34.73,5.63,0.742,NOAA ERDDAP / Argo Floats
2026-01-15T00:00:00Z,-40.0,88.0,0,18.18,34.75,5.59,0.601,NOAA ERDDAP / Argo Floats
2026-01-15T00:00:00Z,-39.0,88.0,20,18.17,35.12,5.73,0.601,NOAA ERDDAP / Argo Floats
2026-01-15T00:00:00Z,-38.0,88.0,0,18.55,35.12,5.85,0.845,NOAA ERDDAP / Argo Floats
2026-01-15T00:00:00Z,-37.0,88.0,10,18.63,34.81,5.88,0.736,NOAA ERDDAP / Argo Floats
2026-01-15T00:00:00Z,-36.0,88.0,0,19.1,34.55,5.59,0.819,NOAA ERDDAP / Argo Floats
2026-01-15T00:00:00Z,-35.0,88.0,20,19.17,34.41,5.78,0.65,NOAA ERDDAP / Argo Floats
2026-01-15T00:00:00Z,-34.0,88.0,10,18.45,34.81,5.67,0.768,NOAA ERDDAP / Argo Floats
2026-01-15T00:00:00Z,-33.0,88.0,50,19.51,34.86,5.67,0.563,NOAA ERDDAP / Argo Floats
2026-01-15T00:00:00Z,-32.0,88.0,0,22.5,35.21,5.46,0.588,NOAA ERDDAP / Argo Floats
2026-01-15T00:00:00Z,-31.0,88.0,0,20.79,35.12,5.35,0.67,NOAA ERDDAP / Argo Floats
2026-01-15T00:00:00Z,-30.0,88.0,0,22.91,35.07,5.54,0.557,NOAA ERDDAP / Argo Floats
2026-01-15T00:00:00Z,-29.0,88.0,100,20.69,34.95,5.2,0.647,NOAA ERDDAP / Argo Floats
2026-01-15T00:00:00Z,-28.0,88.0,20,20.26,34.73,5.34,0.602,NOAA ERDDAP / Argo Floats
2026-01-15T00:00:00Z,-27.0,88.0,20,21.22,34.85,5.07,0.447,NOAA ERDDAP / Argo Floats
2026-01-15T00:00:00Z,-26.0,88.0,50,23.49,35.03,5.39,0.434,NOAA ERDDAP / Argo Floats
2026-01-15T00:00:00Z,-25.0,88.0,0,23.06,34.69,5.75,0.732,NOAA ERDDAP / Argo Floats
2026-01-15T00:00:00Z,-24.0,88.0,0,21.32,34.73,5.24,0.5,NOAA ERDDAP / Argo Floats
2026-01-15T00:00:00Z,-23.0,88.0,20,23.3,35.03,5.34,0.463,NOAA ERDDAP / Argo Floats
2026-01-15T00:00:00Z,-22.0,88.0,0,23.42,34.99,5.21,0.41,NOAA ERDDAP / Argo Floats
2026-01-15T00:00:00Z,-21.0,88.0,10,24.01,35.24,5.3,0.574,NOAA ERDDAP / Argo Floats
2026-01-15T00:00:00Z,-20.0,88.0,50,23.97,34.77,5.04,0.439,NOAA ERDDAP / Argo Floats
2026-01-15T00:00:00Z,-19.0,88.0,20,24.19,34.66,5.17,0.68,NOAA ERDDAP / Argo Floats
2026-01-15T00:00:00Z,-18.0,88.0,0,23.59,34.87,4.74,0.422,NOAA ERDDAP / Argo Floats
2026-01-15T00:00:00Z,-17.0,88.0,10,24.08,34.79,5.03,0.341,NOAA ERDDAP / Argo Floats
2026-01-15T00:00:00Z,-16.0,88.0,50,23.2,35.63,5.11,0.508,NOAA ERDDAP / Argo Floats
2026-01-15T00:00:00Z,-15.0,88.0,0,24.29,34.75,4.85,0.349,NOAA ERDDAP / Argo Floats
2026-01-15T00:00:00Z,-14.0,88.0,50,24.85,35.37,4.81,0.527,NOAA ERDDAP / Argo Floats
2026-01-15T00:00:00Z,-13.0,88.0,0,26.16,35.02,4.75,0.308,NOAA ERDDAP / Argo Floats
2026-01-15T00:00:00Z,-12.0,88.0,0,25.67,34.83,4.46,0.66,NOAA ERDDAP / Argo Floats
2026-01-15T00:00:00Z,-11.0,88.0,0,26.26,34.98,4.79,0.33,NOAA ERDDAP / Argo Floats
2026-01-15T00:00:00Z,-10.0,88.0,0,26.58,34.7,4.89,0.28,NOAA ERDDAP / Argo Floats
2026-01-15T00:00:00Z,-9.0,88.0,50,25.56,35.32,4.84,0.298,NOAA ERDDAP / Argo Floats
2026-01-15T00:00:00Z,-8.0,88.0,100,25.88,34.89,4.68,0.544,NOAA ERDDAP / Argo Floats
2026-01-15T00:00:00Z,-7.0,88.0,20,25.19,34.95,4.45,0.334,NOAA ERDDAP / Argo Floats
2026-01-15T00:00:00Z,-6.0,88.0,0,27.32,35.32,4.64,0.484,NOAA ERDDAP / Argo Floats
2026-01-15T00:00:00Z,-5.0,88.0,50,27.34,35.04,4.65,0.296,NOAA ERDDAP / Argo Floats
2026-01-15T00:00:00Z,-4.0,88.0,20,27.25,35.39,4.7,0.631,NOAA ERDDAP / Argo Floats
2026-01-15T00:00:00Z,-3.0,88.0,0,27.51,35.3,4.6,0.298,NOAA ERDDAP / Argo Floats
2026-01-15T00:00:00Z,-2.0,88.0,50,27.43,35.18,4.68,0.207,NOAA ERDDAP / Argo Floats
2026-01-15T00:00:00Z,-1.0,88.0,0,28.33,35.6,4.55,1.148,NOAA ERDDAP / Argo Floats
2026-01-15T00:00:00Z,0.0,88.0,0,28.6,35.04,4.52,0.396,NOAA ERDDAP / Argo Floats
2026-01-15T00:00:00Z,1.0,88.0,20,27.97,35.12,4.68,0.208,NOAA ERDDAP / Argo Floats
2026-01-15T00:00:00Z,2.0,88.0,0,27.84,34.63,4.63,0.235,NOAA ERDDAP / Argo Floats
2026-01-15T00:00:00Z,3.0,88.0,0,27.58,34.83,4.7,0.606,NOAA ERDDAP / Argo Floats
2026-01-15T00:00:00Z,4.0,88.0,10,26.21,35.62,4.72,0.436,NOAA ERDDAP / Argo Floats
2026-01-15T00:00:00Z,5.0,88.0,0,28.45,35.37,4.77,0.207,NOAA ERDDAP / Argo Floats
2026-01-15T00:00:00Z,6.0,88.0,10,27.6,34.54,4.79,0.676,NOAA ERDDAP / Argo Floats
2026-01-15T00:00:00Z,7.0,88.0,20,27.97,35.24,4.54,0.221,NOAA ERDDAP / Argo Floats
2026-01-15T00:00:00Z,8.0,88.0,0,25.37,35.48,4.8,0.319,NOAA ERDDAP / Argo Floats
2026-01-15T00:00:00Z,9.0,88.0,0,26.46,35.79,5.14,0.741,NOAA ERDDAP / Argo Floats
2026-01-15T00:00:00Z,10.0,88.0,0,26.17,35.23,5.04,0.302,NOAA ERDDAP / Argo Floats
2026-01-15T00:00:00Z,11.0,88.0,0,25.05,35.17,4.88,0.389,NOAA ERDDAP / Argo Floats
2026-01-15T00:00:00Z,12.0,88.0,0,26.13,35.27,4.96,0.331,NOAA ERDDAP / Argo Floats
2026-01-15T00:00:00Z,13.0,88.0,20,24.95,35.38,4.88,0.531,NOAA ERDDAP / Argo Floats
2026-01-15T00:00:00Z,14.0,88.0,50,24.2,34.99,4.79,0.528,NOAA ERDDAP / Argo Floats
2026-01-15T00:00:00Z,15.0,88.0,0,24.41,35.29,4.46,0.348,NOAA ERDDAP / Argo Floats
2026-01-15T00:00:00Z,16.0,88.0,0,23.52,35.14,4.97,0.57,NOAA ERDDAP / Argo Floats
2026-01-15T00:00:00Z,17.0,88.0,20,24.03,35.01,4.85,0.329,NOAA ERDDAP / Argo Floats
2026-01-15T00:00:00Z,18.0,88.0,20,23.47,35.16,4.95,0.742,NOAA ERDDAP / Argo Floats
2026-01-15T00:00:00Z,19.0,88.0,0,23.09,34.81,5.26,0.872,NOAA ERDDAP / Argo Floats
2026-01-15T00:00:00Z,20.0,88.0,100,23.53,35.46,4.81,0.762,NOAA ERDDAP / Argo Floats
2026-01-15T00:00:00Z,21.0,88.0,0,24.23,34.71,5.65,0.4,NOAA ERDDAP / Argo Floats
2026-01-15T00:00:00Z,22.0,88.0,0,23.93,35.1,5.22,0.651,NOAA ERDDAP / Argo Floats
2026-01-15T00:00:00Z,23.0,88.0,100,23.04,35.29,5.38,0.54,NOAA ERDDAP / Argo Floats
2026-01-15T00:00:00Z,24.0,88.0,50,23.64,35.47,4.97,1.619,NOAA ERDDAP / Argo Floats
2026-01-15T00:00:00Z,25.0,88.0,0,21.26,34.96,4.97,0.464,NOAA ERDDAP / Argo Floats
2026-01-15T00:00:00Z,26.0,88.0,0,21.91,35.18,5.55,0.774,NOAA ERDDAP / Argo Floats
2026-01-15T00:00:00Z,27.0,88.0,10,22.01,34.92,5.21,0.511,NOAA ERDDAP / Argo Floats
2026-01-15T00:00:00Z,28.0,88.0,0,21.59,35.29,5.41,0.459,NOAA ERDDAP / Argo Floats
2026-01-15T00:00:00Z,29.0,88.0,20,22.84,35.31,5.01,1.165,NOAA ERDDAP / Argo Floats
2026-01-15T00:00:00Z,30.0,88.0,50,19.22,35.02,5.64,0.486,NOAA ERDDAP / Argo Floats
2026-01-15T00:00:00Z,-45.0,89.0,0,16.54,34.8,5.7,0.87,NOAA ERDDAP / Argo Floats
2026-01-15T00:00:00Z,-44.0,89.0,50,19.03,34.5,6.3,0.604,NOAA ERDDAP / Argo Floats
2026-01-15T00:00:00Z,-43.0,89.0,20,17.76,34.64,5.78,1.056,NOAA ERDDAP / Argo Floats
2026-01-15T00:00:00Z,-42.0,89.0,0,17.71,35.06,5.72,0.626,NOAA ERDDAP / Argo Floats
2026-01-15T00:00:00Z,-41.0,89.0,10,17.9,34.67,5.71,1.307,NOAA ERDDAP / Argo Floats
2026-01-15T00:00:00Z,-40.0,89.0,0,19.34,34.88,5.52,0.572,NOAA ERDDAP / Argo Floats
2026-01-15T00:00:00Z,-39.0,89.0,0,19.79,34.56,5.25,0.649,NOAA ERDDAP / Argo Floats
2026-01-15T00:00:00Z,-38.0,89.0,0,19.5,35.12,5.73,0.751,NOAA ERDDAP / Argo Floats
2026-01-15T00:00:00Z,-37.0,89.0,0,18.99,35.03,5.36,0.727,NOAA ERDDAP / Argo Floats
2026-01-15T00:00:00Z,-36.0,89.0,100,19.39,34.81,5.58,0.548,NOAA ERDDAP / Argo Floats
2026-01-15T00:00:00Z,-35.0,89.0,0,19.29,34.98,5.68,0.558,NOAA ERDDAP / Argo Floats
2026-01-15T00:00:00Z,-34.0,89.0,50,19.42,34.9,5.29,0.648,NOAA ERDDAP / Argo Floats
2026-01-15T00:00:00Z,-33.0,89.0,0,20.34,34.33,5.49,0.679,NOAA ERDDAP / Argo Floats
2026-01-15T00:00:00Z,-32.0,89.0,0,20.98,34.95,5.63,0.547,NOAA ERDDAP / Argo Floats
2026-01-15T00:00:00Z,-31.0,89.0,10,21.67,35.34,5.35,0.642,NOAA ERDDAP / Argo Floats
2026-01-15T00:00:00Z,-30.0,89.0,100,21.76,34.35,5.13,1.042,NOAA ERDDAP / Argo Floats
2026-01-15T00:00:00Z,-29.0,89.0,20,21.48,34.73,5.5,0.464,NOAA ERDDAP / Argo Floats
2026-01-15T00:00:00Z,-28.0,89.0,0,20.7,35.1,5.58,0.495,NOAA ERDDAP / Argo Floats
2026-01-15T00:00:00Z,-27.0,89.0,0,21.53,34.96,4.96,0.689,NOAA ERDDAP / Argo Floats
2026-01-15T00:00:00Z,-26.0,89.0,0,21.29,34.72,5.34,0.558,NOAA ERDDAP / Argo Floats
2026-01-15T00:00:00Z,-25.0,89.0,10,22.43,35.0,5.39,0.615,NOAA ERDDAP / Argo Floats
2026-01-15T00:00:00Z,-24.0,89.0,50,21.31,34.55,5.43,0.409,NOAA ERDDAP / Argo Floats
2026-01-15T00:00:00Z,-23.0,89.0,20,23.17,34.84,5.01,0.664,NOAA ERDDAP / Argo Floats
2026-01-15T00:00:00Z,-22.0,89.0,20,22.5,35.01,5.23,0.746,NOAA ERDDAP / Argo Floats
2026-01-15T00:00:00Z,-21.0,89.0,100,22.04,34.57,5.13,0.421,NOAA ERDDAP / Argo Floats
2026-01-15T00:00:00Z,-20.0,89.0,0,24.76,34.87,5.05,0.363,NOAA ERDDAP / Argo Floats
2026-01-15T00:00:00Z,-19.0,89.0,20,24.47,34.6,5.01,0.353,NOAA ERDDAP / Argo Floats
2026-01-15T00:00:00Z,-18.0,89.0,0,24.12,34.92,5.12,0.56,NOAA ERDDAP / Argo Floats
2026-01-15T00:00:00Z,-17.0,89.0,10,24.64,34.74,5.32,0.647,NOAA ERDDAP / Argo Floats
2026-01-15T00:00:00Z,-16.0,89.0,20,24.91,34.71,5.0,0.385,NOAA ERDDAP / Argo Floats
2026-01-15T00:00:00Z,-15.0,89.0,0,24.05,34.9,4.87,1.016,NOAA ERDDAP / Argo Floats
2026-01-15T00:00:00Z,-14.0,89.0,20,25.7,35.21,4.82,0.86,NOAA ERDDAP / Argo Floats
2026-01-15T00:00:00Z,-13.0,89.0,50,23.96,34.98,4.79,0.772,NOAA ERDDAP / Argo Floats
2026-01-15T00:00:00Z,-12.0,89.0,0,24.46,35.26,4.96,0.304,NOAA ERDDAP / Argo Floats
2026-01-15T00:00:00Z,-11.0,89.0,10,26.59,35.19,4.62,0.33,NOAA ERDDAP / Argo Floats
2026-01-15T00:00:00Z,-10.0,89.0,0,27.25,34.78,4.8,0.333,NOAA ERDDAP / Argo Floats
2026-01-15T00:00:00Z,-9.0,89.0,10,25.49,34.89,4.9,0.719,NOAA ERDDAP / Argo Floats
2026-01-15T00:00:00Z,-8.0,89.0,10,25.91,34.82,4.72,0.347,NOAA ERDDAP / Argo Floats
2026-01-15T00:00:00Z,-7.0,89.0,0,27.35,35.28,4.67,0.41,NOAA ERDDAP / Argo Floats
2026-01-15T00:00:00Z,-6.0,89.0,0,27.19,35.32,4.7,0.231,NOAA ERDDAP / Argo Floats
2026-01-15T00:00:00Z,-5.0,89.0,0,26.26,35.08,4.92,0.235,NOAA ERDDAP / Argo Floats
2026-01-15T00:00:00Z,-4.0,89.0,0,29.15,34.8,4.34,0.343,NOAA ERDDAP / Argo Floats
2026-01-15T00:00:00Z,-3.0,89.0,50,27.72,34.55,4.6,0.381,NOAA ERDDAP / Argo Floats
2026-01-15T00:00:00Z,-2.0,89.0,0,29.9,34.52,4.23,0.306,NOAA ERDDAP / Argo Floats
2026-01-15T00:00:00Z,-1.0,89.0,0,28.51,35.53,4.72,0.474,NOAA ERDDAP / Argo Floats
2026-01-15T00:00:00Z,0.0,89.0,0,29.95,34.71,4.72,0.154,NOAA ERDDAP / Argo Floats
2026-01-15T00:00:00Z,1.0,89.0,20,27.79,35.19,4.65,0.396,NOAA ERDDAP / Argo Floats
2026-01-15T00:00:00Z,2.0,89.0,10,27.54,34.88,4.41,0.173,NOAA ERDDAP / Argo Floats
2026-01-15T00:00:00Z,3.0,89.0,0,26.69,35.0,4.61,0.207,NOAA ERDDAP / Argo Floats
2026-01-15T00:00:00Z,4.0,89.0,0,28.33,35.43,4.53,0.29,NOAA ERDDAP / Argo Floats
2026-01-15T00:00:00Z,5.0,89.0,50,26.94,35.2,4.42,0.53,NOAA ERDDAP / Argo Floats
2026-01-15T00:00:00Z,6.0,89.0,10,26.95,34.83,4.69,0.504,NOAA ERDDAP / Argo Floats
2026-01-15T00:00:00Z,7.0,89.0,0,26.73,35.03,4.84,0.439,NOAA ERDDAP / Argo Floats
2026-01-15T00:00:00Z,8.0,89.0,10,26.07,35.07,4.82,0.39,NOAA ERDDAP / Argo Floats
2026-01-15T00:00:00Z,9.0,89.0,10,25.66,35.61,5.15,0.337,NOAA ERDDAP / Argo Floats
2026-01-15T00:00:00Z,10.0,89.0,0,26.8,34.26,4.51,0.307,NOAA ERDDAP / Argo Floats
2026-01-15T00:00:00Z,11.0,89.0,0,24.48,34.78,4.67,0.48,NOAA ERDDAP / Argo Floats
2026-01-15T00:00:00Z,12.0,89.0,20,25.39,35.09,4.67,0.397,NOAA ERDDAP / Argo Floats
2026-01-15T00:00:00Z,13.0,89.0,0,26.52,34.8,4.77,0.744,NOAA ERDDAP / Argo Floats
2026-01-15T00:00:00Z,14.0,89.0,100,24.11,35.11,4.41,0.42,NOAA ERDDAP / Argo Floats
2026-01-15T00:00:00Z,15.0,89.0,0,23.63,34.87,4.99,0.452,NOAA ERDDAP / Argo Floats
2026-01-15T00:00:00Z,16.0,89.0,50,24.24,34.86,5.07,0.36,NOAA ERDDAP / Argo Floats
2026-01-15T00:00:00Z,17.0,89.0,10,22.2,34.86,4.92,0.46,NOAA ERDDAP / Argo Floats
2026-01-15T00:00:00Z,18.0,89.0,0,23.02,35.51,4.87,0.422,NOAA ERDDAP / Argo Floats
2026-01-15T00:00:00Z,19.0,89.0,0,23.34,35.24,4.79,0.525,NOAA ERDDAP / Argo Floats
2026-01-15T00:00:00Z,20.0,89.0,10,21.85,35.01,5.07,0.497,NOAA ERDDAP / Argo Floats
2026-01-15T00:00:00Z,21.0,89.0,0,23.7,35.53,5.16,0.619,NOAA ERDDAP / Argo Floats
2026-01-15T00:00:00Z,22.0,89.0,0,23.19,34.99,5.13,0.388,NOAA ERDDAP / Argo Floats
2026-01-15T00:00:00Z,23.0,89.0,0,22.79,34.18,5.64,1.037,NOAA ERDDAP / Argo Floats
2026-01-15T00:00:00Z,24.0,89.0,0,22.07,35.34,5.25,1.12,NOAA ERDDAP / Argo Floats
2026-01-15T00:00:00Z,25.0,89.0,0,22.86,35.47,5.3,0.471,NOAA ERDDAP / Argo Floats
2026-01-15T00:00:00Z,26.0,89.0,20,21.48,34.89,5.48,0.491,NOAA ERDDAP / Argo Floats
2026-01-15T00:00:00Z,27.0,89.0,0,19.96,35.13,5.22,0.514,NOAA ERDDAP / Argo Floats
2026-01-15T00:00:00Z,28.0,89.0,0,21.35,35.39,5.2,0.508,NOAA ERDDAP / Argo Floats
2026-01-15T00:00:00Z,29.0,89.0,10,21.41,35.12,5.12,0.806,NOAA ERDDAP / Argo Floats
2026-01-15T00:00:00Z,30.0,89.0,10,19.4,35.43,5.33,0.56,NOAA ERDDAP / Argo Floats
2026-01-15T00:00:00Z,-45.0,90.0,0,17.09,34.53,5.84,0.86,NOAA ERDDAP / Argo Floats
2026-01-15T00:00:00Z,-44.0,90.0,20,17.44,34.54,5.91,1.114,NOAA ERDDAP / Argo Floats
2026-01-15T00:00:00Z,-43.0,90.0,0,17.82,34.88,5.92,0.604,NOAA ERDDAP / Argo Floats
2026-01-15T00:00:00Z,-42.0,90.0,0,17.95,34.06,5.79,0.693,NOAA ERDDAP / Argo Floats
2026-01-15T00:00:00Z,-41.0,90.0,0,18.24,34.99,6.11,0.596,NOAA ERDDAP / Argo Floats
2026-01-15T00:00:00Z,-40.0,90.0,50,19.88,34.68,5.71,1.273,NOAA ERDDAP / Argo Floats
2026-01-15T00:00:00Z,-39.0,90.0,10,18.27,34.67,6.07,0.569,NOAA ERDDAP / Argo Floats
2026-01-15T00:00:00Z,-38.0,90.0,0,18.68,34.81,5.73,0.574,NOAA ERDDAP / Argo Floats
2026-01-15T00:00:00Z,-37.0,90.0,10,19.78,34.73,5.58,0.668,NOAA ERDDAP / Argo Floats
2026-01-15T00:00:00Z,-36.0,90.0,50,20.26,34.83,5.33,0.755,NOAA ERDDAP / Argo Floats
2026-01-15T00:00:00Z,-35.0,90.0,10,19.79,34.75,5.48,0.727,NOAA ERDDAP / Argo Floats
2026-01-15T00:00:00Z,-34.0,90.0,10,20.99,34.2,5.23,0.632,NOAA ERDDAP / Argo Floats
2026-01-15T00:00:00Z,-33.0,90.0,50,20.64,34.35,5.6,0.734,NOAA ERDDAP / Argo Floats
2026-01-15T00:00:00Z,-32.0,90.0,10,19.93,34.82,5.28,1.056,NOAA ERDDAP / Argo Floats
2026-01-15T00:00:00Z,-31.0,90.0,0,21.47,35.16,5.59,0.609,NOAA ERDDAP / Argo Floats
2026-01-15T00:00:00Z,-30.0,90.0,0,21.52,35.35,5.57,0.498,NOAA ERDDAP / Argo Floats
2026-01-15T00:00:00Z,-29.0,90.0,10,22.4,34.97,5.28,0.582,NOAA ERDDAP / Argo Floats
2026-01-15T00:00:00Z,-28.0,90.0,0,20.74,35.06,5.34,0.878,NOAA ERDDAP / Argo Floats
2026-01-15T00:00:00Z,-27.0,90.0,10,22.46,34.67,5.46,0.719,NOAA ERDDAP / Argo Floats
2026-01-15T00:00:00Z,-26.0,90.0,20,21.26,34.85,5.18,0.463,NOAA ERDDAP / Argo Floats
2026-01-15T00:00:00Z,-25.0,90.0,0,21.71,34.66,5.05,0.426,NOAA ERDDAP / Argo Floats
2026-01-15T00:00:00Z,-24.0,90.0,20,23.0,34.48,5.0,0.679,NOAA ERDDAP / Argo Floats
2026-01-15T00:00:00Z,-23.0,90.0,0,23.2,34.16,5.11,0.47,NOAA ERDDAP / Argo Floats
2026-01-15T00:00:00Z,-22.0,90.0,0,23.84,34.65,4.87,0.488,NOAA ERDDAP / Argo Floats
2026-01-15T00:00:00Z,-21.0,90.0,20,23.28,34.88,5.09,0.902,NOAA ERDDAP / Argo Floats
2026-01-15T00:00:00Z,-20.0,90.0,50,23.78,34.66,5.09,1.137,NOAA ERDDAP / Argo Floats
2026-01-15T00:00:00Z,-19.0,90.0,0,22.62,35.09,5.1,1.097,NOAA ERDDAP / Argo Floats
2026-01-15T00:00:00Z,-18.0,90.0,10,23.08,34.25,5.15,0.486,NOAA ERDDAP / Argo Floats
2026-01-15T00:00:00Z,-17.0,90.0,10,24.43,35.39,5.02,0.62,NOAA ERDDAP / Argo Floats
2026-01-15T00:00:00Z,-16.0,90.0,10,25.07,35.48,4.75,0.58,NOAA ERDDAP / Argo Floats
2026-01-15T00:00:00Z,-15.0,90.0,0,24.5,35.26,4.7,0.976,NOAA ERDDAP / Argo Floats
2026-01-15T00:00:00Z,-14.0,90.0,0,24.88,34.75,5.23,1.066,NOAA ERDDAP / Argo Floats
2026-01-15T00:00:00Z,-13.0,90.0,10,24.66,35.17,4.67,1.144,NOAA ERDDAP / Argo Floats
2026-01-15T00:00:00Z,-12.0,90.0,0,24.81,34.87,4.8,0.82,NOAA ERDDAP / Argo Floats
2026-01-15T00:00:00Z,-11.0,90.0,20,26.18,35.61,5.16,0.276,NOAA ERDDAP / Argo Floats
2026-01-15T00:00:00Z,-10.0,90.0,0,26.22,34.9,4.87,1.356,NOAA ERDDAP / Argo Floats
2026-01-15T00:00:00Z,-9.0,90.0,0,26.57,34.27,4.55,0.294,NOAA ERDDAP / Argo Floats
2026-01-15T00:00:00Z,-8.0,90.0,0,25.86,34.89,4.52,0.462,NOAA ERDDAP / Argo Floats
2026-01-15T00:00:00Z,-7.0,90.0,0,27.8,34.56,4.74,0.336,NOAA ERDDAP / Argo Floats
2026-01-15T00:00:00Z,-6.0,90.0,0,26.45,35.19,4.86,0.216,NOAA ERDDAP / Argo Floats
2026-01-15T00:00:00Z,-5.0,90.0,0,27.07,35.71,4.53,0.646,NOAA ERDDAP / Argo Floats
2026-01-15T00:00:00Z,-4.0,90.0,0,25.88,34.97,4.66,0.539,NOAA ERDDAP / Argo Floats
2026-01-15T00:00:00Z,-3.0,90.0,10,27.45,35.21,4.67,0.309,NOAA ERDDAP / Argo Floats
2026-01-15T00:00:00Z,-2.0,90.0,10,28.03,34.51,4.74,0.431,NOAA ERDDAP / Argo Floats
2026-01-15T00:00:00Z,-1.0,90.0,0,28.01,35.24,4.25,0.382,NOAA ERDDAP / Argo Floats
2026-01-15T00:00:00Z,0.0,90.0,20,29.59,35.14,4.2,0.622,NOAA ERDDAP / Argo Floats
2026-01-15T00:00:00Z,1.0,90.0,10,28.13,34.79,4.47,1.328,NOAA ERDDAP / Argo Floats
2026-01-15T00:00:00Z,2.0,90.0,20,25.65,34.84,4.33,0.235,NOAA ERDDAP / Argo Floats
2026-01-15T00:00:00Z,3.0,90.0,0,27.11,35.18,4.57,0.185,NOAA ERDDAP / Argo Floats
2026-01-15T00:00:00Z,4.0,90.0,20,28.26,34.64,4.7,0.316,NOAA ERDDAP / Argo Floats
2026-01-15T00:00:00Z,5.0,90.0,0,27.37,34.67,4.68,0.721,NOAA ERDDAP / Argo Floats
2026-01-15T00:00:00Z,6.0,90.0,100,27.78,35.06,4.36,0.489,NOAA ERDDAP / Argo Floats
2026-01-15T00:00:00Z,7.0,90.0,0,27.26,35.13,4.91,0.306,NOAA ERDDAP / Argo Floats
2026-01-15T00:00:00Z,8.0,90.0,10,26.4,35.0,4.9,0.378,NOAA ERDDAP / Argo Floats
2026-01-15T00:00:00Z,9.0,90.0,100,26.74,35.32,4.38,0.878,NOAA ERDDAP / Argo Floats
2026-01-15T00:00:00Z,10.0,90.0,0,26.34,34.99,4.63,0.26,NOAA ERDDAP / Argo Floats
2026-01-15T00:00:00Z,11.0,90.0,0,25.5,34.92,4.8,0.435,NOAA ERDDAP / Argo Floats
2026-01-15T00:00:00Z,12.0,90.0,0,24.74,34.9,4.67,0.952,NOAA ERDDAP / Argo Floats
2026-01-15T00:00:00Z,13.0,90.0,20,25.11,34.88,5.23,0.453,NOAA ERDDAP / Argo Floats
2026-01-15T00:00:00Z,14.0,90.0,20,25.47,35.23,5.01,0.323,NOAA ERDDAP / Argo Floats
2026-01-15T00:00:00Z,15.0,90.0,0,25.17,34.42,4.66,0.593,NOAA ERDDAP / Argo Floats
2026-01-15T00:00:00Z,16.0,90.0,20,25.88,34.86,4.83,0.418,NOAA ERDDAP / Argo Floats
2026-01-15T00:00:00Z,17.0,90.0,20,24.29,35.04,4.78,0.505,NOAA ERDDAP / Argo Floats
2026-01-15T00:00:00Z,18.0,90.0,0,25.24,34.63,5.17,0.384,NOAA ERDDAP / Argo Floats
2026-01-15T00:00:00Z,19.0,90.0,0,25.32,34.79,5.27,0.384,NOAA ERDDAP / Argo Floats
2026-01-15T00:00:00Z,20.0,90.0,0,24.24,34.9,5.31,0.629,NOAA ERDDAP / Argo Floats
2026-01-15T00:00:00Z,21.0,90.0,20,23.1,34.51,5.1,1.33,NOAA ERDDAP / Argo Floats
2026-01-15T00:00:00Z,22.0,90.0,10,22.7,35.36,5.13,0.473,NOAA ERDDAP / Argo Floats
2026-01-15T00:00:00Z,23.0,90.0,10,22.64,34.84,4.97,0.414,NOAA ERDDAP / Argo Floats
2026-01-15T00:00:00Z,24.0,90.0,0,23.26,35.78,5.69,0.655,NOAA ERDDAP / Argo Floats
2026-01-15T00:00:00Z,25.0,90.0,0,22.45,35.2,5.43,0.673,NOAA ERDDAP / Argo Floats
2026-01-15T00:00:00Z,26.0,90.0,10,23.17,34.61,4.97,0.441,NOAA ERDDAP / Argo Floats
2026-01-15T00:00:00Z,27.0,90.0,10,21.81,35.17,4.92,0.431,NOAA ERDDAP / Argo Floats
2026-01-15T00:00:00Z,28.0,90.0,0,21.74,35.15,5.69,0.596,NOAA ERDDAP / Argo Floats
2026-01-15T00:00:00Z,29.0,90.0,0,21.24,34.74,5.63,0.623,NOAA ERDDAP / Argo Floats
2026-01-15T00:00:00Z,30.0,90.0,0,21.43,34.86,5.37,0.858,NOAA ERDDAP / Argo Floats
2026-01-15T00:00:00Z,-45.0,91.0,0,18.14,35.55,5.54,0.71,NOAA ERDDAP / Argo Floats
2026-01-15T00:00:00Z,-44.0,91.0,10,15.92,34.27,5.95,0.936,NOAA ERDDAP / Argo Floats
2026-01-15T00:00:00Z,-43.0,91.0,10,17.88,35.13,5.9,0.797,NOAA ERDDAP / Argo Floats
2026-01-15T00:00:00Z,-42.0,91.0,0,17.33,34.86,6.12,0.845,NOAA ERDDAP / Argo Floats
2026-01-15T00:00:00Z,-41.0,91.0,10,17.6,35.11,5.85,0.804,NOAA ERDDAP / Argo Floats
2026-01-15T00:00:00Z,-40.0,91.0,50,20.11,35.07,5.62,0.582,NOAA ERDDAP / Argo Floats
2026-01-15T00:00:00Z,-39.0,91.0,0,19.07,34.68,5.95,0.637,NOAA ERDDAP / Argo Floats
2026-01-15T00:00:00Z,-38.0,91.0,20,17.84,35.33,5.76,0.55,NOAA ERDDAP / Argo Floats
2026-01-15T00:00:00Z,-37.0,91.0,20,18.55,35.21,6.02,0.677,NOAA ERDDAP / Argo Floats
2026-01-15T00:00:00Z,-36.0,91.0,20,19.89,34.33,5.79,0.544,NOAA ERDDAP / Argo Floats
2026-01-15T00:00:00Z,-35.0,91.0,0,19.72,34.51,5.68,0.876,NOAA ERDDAP / Argo Floats
2026-01-15T00:00:00Z,-34.0,91.0,0,20.34,34.96,5.64,0.793,NOAA ERDDAP / Argo Floats
2026-01-15T00:00:00Z,-33.0,91.0,50,20.22,35.03,5.24,0.628,NOAA ERDDAP / Argo Floats
2026-01-15T00:00:00Z,-32.0,91.0,10,20.49,34.78,5.6,0.61,NOAA ERDDAP / Argo Floats
2026-01-15T00:00:00Z,-31.0,91.0,20,20.41,35.0,5.69,0.552,NOAA ERDDAP / Argo Floats
2026-01-15T00:00:00Z,-30.0,91.0,0,20.38,34.87,5.29,0.59,NOAA ERDDAP / Argo Floats
2026-01-15T00:00:00Z,-29.0,91.0,0,21.3,35.29,5.39,0.477,NOAA ERDDAP / Argo Floats
2026-01-15T00:00:00Z,-28.0,91.0,0,22.31,35.17,5.26,0.47,NOAA ERDDAP / Argo Floats
2026-01-15T00:00:00Z,-27.0,91.0,50,21.92,34.69,5.67,0.533,NOAA ERDDAP / Argo Floats
2026-01-15T00:00:00Z,-26.0,91.0,0,21.51,34.35,5.62,0.436,NOAA ERDDAP / Argo Floats
2026-01-15T00:00:00Z,-25.0,91.0,100,23.37,34.97,4.99,0.952,NOAA ERDDAP / Argo Floats
2026-01-15T00:00:00Z,-24.0,91.0,10,21.05,34.79,5.01,0.454,NOAA ERDDAP / Argo Floats
2026-01-15T00:00:00Z,-23.0,91.0,10,22.09,34.24,5.15,0.473,NOAA ERDDAP / Argo Floats
2026-01-15T00:00:00Z,-22.0,91.0,0,23.61,34.89,4.79,0.438,NOAA ERDDAP / Argo Floats
2026-01-15T00:00:00Z,-21.0,91.0,50,24.58,35.15,5.05,0.732,NOAA ERDDAP / Argo Floats
2026-01-15T00:00:00Z,-20.0,91.0,0,23.71,35.13,5.23,0.525,NOAA ERDDAP / Argo Floats
2026-01-15T00:00:00Z,-19.0,91.0,0,22.77,35.02,5.2,0.57,NOAA ERDDAP / Argo Floats
2026-01-15T00:00:00Z,-18.0,91.0,20,23.9,35.0,4.93,1.186,NOAA ERDDAP / Argo Floats
2026-01-15T00:00:00Z,-17.0,91.0,0,22.78,34.96,5.13,0.716,NOAA ERDDAP / Argo Floats
2026-01-15T00:00:00Z,-16.0,91.0,50,24.75,34.65,4.96,0.438,NOAA ERDDAP / Argo Floats
2026-01-15T00:00:00Z,-15.0,91.0,10,24.52,35.15,4.98,0.396,NOAA ERDDAP / Argo Floats
2026-01-15T00:00:00Z,-14.0,91.0,0,24.25,34.21,4.64,0.428,NOAA ERDDAP / Argo Floats
2026-01-15T00:00:00Z,-13.0,91.0,0,25.85,35.18,4.95,0.435,NOAA ERDDAP / Argo Floats
2026-01-15T00:00:00Z,-12.0,91.0,0,25.49,34.68,5.01,0.539,NOAA ERDDAP / Argo Floats
2026-01-15T00:00:00Z,-11.0,91.0,20,26.37,35.03,5.09,0.33,NOAA ERDDAP / Argo Floats
2026-01-15T00:00:00Z,-10.0,91.0,20,24.54,34.88,5.16,0.261,NOAA ERDDAP / Argo Floats
2026-01-15T00:00:00Z,-9.0,91.0,10,26.77,34.9,4.88,0.334,NOAA ERDDAP / Argo Floats
2026-01-15T00:00:00Z,-8.0,91.0,0,27.18,35.34,4.52,0.301,NOAA ERDDAP / Argo Floats
2026-01-15T00:00:00Z,-7.0,91.0,0,25.67,35.1,4.82,0.819,NOAA ERDDAP / Argo Floats
2026-01-15T00:00:00Z,-6.0,91.0,10,27.32,34.89,4.74,0.262,NOAA ERDDAP / Argo Floats
2026-01-15T00:00:00Z,-5.0,91.0,100,27.28,34.96,4.59,0.234,NOAA ERDDAP / Argo Floats
2026-01-15T00:00:00Z,-4.0,91.0,10,27.48,34.73,4.7,0.208,NOAA ERDDAP / Argo Floats
2026-01-15T00:00:00Z,-3.0,91.0,0,28.57,35.12,4.53,0.827,NOAA ERDDAP / Argo Floats
2026-01-15T00:00:00Z,-2.0,91.0,20,28.45,34.72,4.57,0.283,NOAA ERDDAP / Argo Floats
2026-01-15T00:00:00Z,-1.0,91.0,0,27.9,35.39,4.79,0.197,NOAA ERDDAP / Argo Floats
2026-01-15T00:00:00Z,0.0,91.0,10,29.15,35.27,4.54,0.888,NOAA ERDDAP / Argo Floats
2026-01-15T00:00:00Z,1.0,91.0,0,26.48,35.49,4.51,0.479,NOAA ERDDAP / Argo Floats
2026-01-15T00:00:00Z,2.0,91.0,10,27.38,34.63,4.47,0.243,NOAA ERDDAP / Argo Floats
2026-01-15T00:00:00Z,3.0,91.0,50,27.63,35.01,4.46,0.369,NOAA ERDDAP / Argo Floats
2026-01-15T00:00:00Z,4.0,91.0,10,28.07,35.15,4.51,0.192,NOAA ERDDAP / Argo Floats
2026-01-15T00:00:00Z,5.0,91.0,0,26.63,35.14,4.7,0.471,NOAA ERDDAP / Argo Floats
2026-01-15T00:00:00Z,6.0,91.0,20,27.29,35.11,4.53,0.272,NOAA ERDDAP / Argo Floats
2026-01-15T00:00:00Z,7.0,91.0,20,27.64,35.27,4.77,0.232,NOAA ERDDAP / Argo Floats
2026-01-15T00:00:00Z,8.0,91.0,10,25.26,34.98,4.82,0.331,NOAA ERDDAP / Argo Floats
2026-01-15T00:00:00Z,9.0,91.0,20,25.52,35.13,4.81,0.248,NOAA ERDDAP / Argo Floats
2026-01-15T00:00:00Z,10.0,91.0,10,25.89,35.01,5.08,0.285,NOAA ERDDAP / Argo Floats
2026-01-15T00:00:00Z,11.0,91.0,0,26.43,34.5,4.73,0.343,NOAA ERDDAP / Argo Floats
2026-01-15T00:00:00Z,12.0,91.0,20,26.78,35.38,4.8,0.976,NOAA ERDDAP / Argo Floats
2026-01-15T00:00:00Z,13.0,91.0,0,24.65,35.35,4.82,0.439,NOAA ERDDAP / Argo Floats
2026-01-15T00:00:00Z,14.0,91.0,50,25.18,35.51,4.95,0.327,NOAA ERDDAP / Argo Floats
2026-01-15T00:00:00Z,15.0,91.0,20,24.16,35.2,5.21,0.306,NOAA ERDDAP / Argo Floats
2026-01-15T00:00:00Z,16.0,91.0,50,25.78,34.78,4.97,0.339,NOAA ERDDAP / Argo Floats
2026-01-15T00:00:00Z,17.0,91.0,0,24.18,34.94,5.14,0.388,NOAA ERDDAP / Argo Floats
2026-01-15T00:00:00Z,18.0,91.0,0,22.93,35.26,5.54,0.599,NOAA ERDDAP / Argo Floats
2026-01-15T00:00:00Z,19.0,91.0,50,23.49,34.82,5.16,0.557,NOAA ERDDAP / Argo Floats
2026-01-15T00:00:00Z,20.0,91.0,10,24.23,35.17,4.93,0.436,NOAA ERDDAP / Argo Floats
2026-01-15T00:00:00Z,21.0,91.0,50,23.72,35.34,5.14,0.395,NOAA ERDDAP / Argo Floats
2026-01-15T00:00:00Z,22.0,91.0,10,22.6,35.52,5.22,0.708,NOAA ERDDAP / Argo Floats
2026-01-15T00:00:00Z,23.0,91.0,10,21.62,35.28,5.19,0.784,NOAA ERDDAP / Argo Floats
2026-01-15T00:00:00Z,24.0,91.0,0,22.25,34.94,5.3,0.445,NOAA ERDDAP / Argo Floats
2026-01-15T00:00:00Z,25.0,91.0,20,21.21,34.71,5.25,0.433,NOAA ERDDAP / Argo Floats
2026-01-15T00:00:00Z,26.0,91.0,0,22.96,34.83,5.47,0.509,NOAA ERDDAP / Argo Floats
2026-01-15T00:00:00Z,27.0,91.0,0,22.93,34.95,5.13,0.55,NOAA ERDDAP / Argo Floats
2026-01-15T00:00:00Z,28.0,91.0,0,21.89,35.57,5.38,0.483,NOAA ERDDAP / Argo Floats
2026-01-15T00:00:00Z,29.0,91.0,10,20.94,34.67,5.14,0.554,NOAA ERDDAP / Argo Floats
2026-01-15T00:00:00Z,30.0,91.0,0,20.31,35.28,5.55,0.619,NOAA ERDDAP / Argo Floats
2026-01-15T00:00:00Z,-45.0,92.0,0,17.85,34.73,5.66,0.784,NOAA ERDDAP / Argo Floats
2026-01-15T00:00:00Z,-44.0,92.0,20,17.74,34.81,5.85,1.023,NOAA ERDDAP / Argo Floats
2026-01-15T00:00:00Z,-43.0,92.0,0,18.5,35.1,5.82,1.408,NOAA ERDDAP / Argo Floats
2026-01-15T00:00:00Z,-42.0,92.0,0,16.28,35.07,6.12,0.613,NOAA ERDDAP / Argo Floats
2026-01-15T00:00:00Z,-41.0,92.0,10,18.58,35.23,5.91,0.975,NOAA ERDDAP / Argo Floats
2026-01-15T00:00:00Z,-40.0,92.0,10,19.8,34.79,5.38,0.895,NOAA ERDDAP / Argo Floats
2026-01-15T00:00:00Z,-39.0,92.0,0,19.16,34.63,5.46,0.647,NOAA ERDDAP / Argo Floats
2026-01-15T00:00:00Z,-38.0,92.0,0,18.52,34.65,5.96,0.687,NOAA ERDDAP / Argo Floats
2026-01-15T00:00:00Z,-37.0,92.0,20,20.05,34.88,5.41,0.586,NOAA ERDDAP / Argo Floats
2026-01-15T00:00:00Z,-36.0,92.0,20,19.13,34.97,5.42,0.547,NOAA ERDDAP / Argo Floats
2026-01-15T00:00:00Z,-35.0,92.0,10,19.58,34.41,5.5,0.563,NOAA ERDDAP / Argo Floats
2026-01-15T00:00:00Z,-34.0,92.0,10,21.59,34.92,5.72,0.808,NOAA ERDDAP / Argo Floats
2026-01-15T00:00:00Z,-33.0,92.0,10,20.22,34.95,5.25,0.719,NOAA ERDDAP / Argo Floats
2026-01-15T00:00:00Z,-32.0,92.0,0,20.13,35.27,5.56,0.477,NOAA ERDDAP / Argo Floats
2026-01-15T00:00:00Z,-31.0,92.0,20,19.77,34.61,5.3,0.57,NOAA ERDDAP / Argo Floats
2026-01-15T00:00:00Z,-30.0,92.0,20,20.49,35.27,5.24,0.616,NOAA ERDDAP / Argo Floats
2026-01-15T00:00:00Z,-29.0,92.0,10,21.26,35.38,5.19,0.614,NOAA ERDDAP / Argo Floats
2026-01-15T00:00:00Z,-28.0,92.0,20,22.36,34.79,5.37,0.443,NOAA ERDDAP / Argo Floats
2026-01-15T00:00:00Z,-27.0,92.0,10,20.92,34.47,5.21,0.436,NOAA ERDDAP / Argo Floats
2026-01-15T00:00:00Z,-26.0,92.0,10,22.31,34.85,5.45,0.756,NOAA ERDDAP / Argo Floats
2026-01-15T00:00:00Z,-25.0,92.0,20,22.38,34.67,5.05,0.886,NOAA ERDDAP / Argo Floats
2026-01-15T00:00:00Z,-24.0,92.0,0,22.18,34.82,5.06,1.166,NOAA ERDDAP / Argo Floats
2026-01-15T00:00:00Z,-23.0,92.0,50,22.44,35.39,5.02,0.619,NOAA ERDDAP / Argo Floats
2026-01-15T00:00:00Z,-22.0,92.0,0,23.71,34.43,5.09,1.131,NOAA ERDDAP / Argo Floats
2026-01-15T00:00:00Z,-21.0,92.0,20,22.99,35.05,5.19,0.593,NOAA ERDDAP / Argo Floats
2026-01-15T00:00:00Z,-20.0,92.0,0,22.83,34.27,4.88,0.369,NOAA ERDDAP / Argo Floats
2026-01-15T00:00:00Z,-19.0,92.0,10,23.88,35.2,5.64,0.435,NOAA ERDDAP / Argo Floats
2026-01-15T00:00:00Z,-18.0,92.0,0,25.28,34.69,5.19,0.358,NOAA ERDDAP / Argo Floats
2026-01-15T00:00:00Z,-17.0,92.0,10,23.21,34.83,4.45,0.367,NOAA ERDDAP / Argo Floats
2026-01-15T00:00:00Z,-16.0,92.0,0,23.13,35.15,5.11,0.583,NOAA ERDDAP / Argo Floats
2026-01-15T00:00:00Z,-15.0,92.0,0,25.38,35.2,5.09,0.406,NOAA ERDDAP / Argo Floats
2026-01-15T00:00:00Z,-14.0,92.0,0,24.6,34.94,4.91,0.308,NOAA ERDDAP / Argo Floats
2026-01-15T00:00:00Z,-13.0,92.0,20,24.96,34.71,5.15,0.42,NOAA ERDDAP / Argo Floats
2026-01-15T00:00:00Z,-12.0,92.0,0,25.31,35.11,4.87,0.34,NOAA ERDDAP / Argo Floats
2026-01-15T00:00:00Z,-11.0,92.0,20,25.65,34.71,4.64,0.491,NOAA ERDDAP / Argo Floats
2026-01-15T00:00:00Z,-10.0,92.0,50,26.47,34.68,4.76,0.304,NOAA ERDDAP / Argo Floats
2026-01-15T00:00:00Z,-9.0,92.0,50,26.37,35.02,5.21,0.469,NOAA ERDDAP / Argo Floats
2026-01-15T00:00:00Z,-8.0,92.0,50,27.49,35.0,4.74,0.443,NOAA ERDDAP / Argo Floats
2026-01-15T00:00:00Z,-7.0,92.0,0,26.38,35.34,4.97,0.287,NOAA ERDDAP / Argo Floats
2026-01-15T00:00:00Z,-6.0,92.0,10,28.01,35.63,4.64,0.283,NOAA ERDDAP / Argo Floats
2026-01-15T00:00:00Z,-5.0,92.0,0,26.45,35.08,4.83,0.247,NOAA ERDDAP / Argo Floats
2026-01-15T00:00:00Z,-4.0,92.0,0,26.17,35.71,4.9,0.762,NOAA ERDDAP / Argo Floats
2026-01-15T00:00:00Z,-3.0,92.0,0,27.07,35.27,4.43,0.558,NOAA ERDDAP / Argo Floats
2026-01-15T00:00:00Z,-2.0,92.0,50,27.31,34.86,4.55,0.26,NOAA ERDDAP / Argo Floats
2026-01-15T00:00:00Z,-1.0,92.0,10,27.07,34.84,4.3,0.366,NOAA ERDDAP / Argo Floats
2026-01-15T00:00:00Z,0.0,92.0,0,28.52,34.63,4.2,0.49,NOAA ERDDAP / Argo Floats
2026-01-15T00:00:00Z,1.0,92.0,50,28.2,34.55,4.61,0.604,NOAA ERDDAP / Argo Floats
2026-01-15T00:00:00Z,2.0,92.0,100,28.89,35.66,4.68,0.297,NOAA ERDDAP / Argo Floats
2026-01-15T00:00:00Z,3.0,92.0,20,27.36,34.67,4.59,0.589,NOAA ERDDAP / Argo Floats
2026-01-15T00:00:00Z,4.0,92.0,0,27.22,35.2,4.57,0.54,NOAA ERDDAP / Argo Floats
2026-01-15T00:00:00Z,5.0,92.0,0,28.44,35.04,4.37,0.272,NOAA ERDDAP / Argo Floats
2026-01-15T00:00:00Z,6.0,92.0,20,25.64,35.21,4.69,0.301,NOAA ERDDAP / Argo Floats
2026-01-15T00:00:00Z,7.0,92.0,20,27.72,34.69,4.7,0.633,NOAA ERDDAP / Argo Floats
2026-01-15T00:00:00Z,8.0,92.0,10,26.16,35.41,4.94,0.243,NOAA ERDDAP / Argo Floats
2026-01-15T00:00:00Z,9.0,92.0,0,25.39,34.94,4.63,0.349,NOAA ERDDAP / Argo Floats
2026-01-15T00:00:00Z,10.0,92.0,0,26.8,35.39,4.69,0.41,NOAA ERDDAP / Argo Floats
2026-01-15T00:00:00Z,11.0,92.0,10,25.45,35.07,4.93,0.687,NOAA ERDDAP / Argo Floats
2026-01-15T00:00:00Z,12.0,92.0,0,25.33,35.53,4.58,0.572,NOAA ERDDAP / Argo Floats
2026-01-15T00:00:00Z,13.0,92.0,0,26.39,35.8,4.9,0.378,NOAA ERDDAP / Argo Floats
2026-01-15T00:00:00Z,14.0,92.0,20,26.15,34.91,4.8,0.764,NOAA ERDDAP / Argo Floats
2026-01-15T00:00:00Z,15.0,92.0,20,25.25,35.15,5.05,0.303,NOAA ERDDAP / Argo Floats
2026-01-15T00:00:00Z,16.0,92.0,10,24.85,35.48,4.93,0.451,NOAA ERDDAP / Argo Floats
2026-01-15T00:00:00Z,17.0,92.0,20,24.65,34.83,4.8,0.571,NOAA ERDDAP / Argo Floats
2026-01-15T00:00:00Z,18.0,92.0,20,24.84,35.41,4.94,0.362,NOAA ERDDAP / Argo Floats
2026-01-15T00:00:00Z,19.0,92.0,0,23.87,34.88,4.44,0.723,NOAA ERDDAP / Argo Floats
2026-01-15T00:00:00Z,20.0,92.0,0,22.13,34.84,5.0,1.095,NOAA ERDDAP / Argo Floats
2026-01-15T00:00:00Z,21.0,92.0,0,23.71,34.8,4.7,0.379,NOAA ERDDAP / Argo Floats
2026-01-15T00:00:00Z,22.0,92.0,100,24.27,35.33,5.39,0.567,NOAA ERDDAP / Argo Floats
2026-01-15T00:00:00Z,23.0,92.0,0,22.44,35.49,5.23,0.932,NOAA ERDDAP / Argo Floats
2026-01-15T00:00:00Z,24.0,92.0,10,23.56,35.29,4.92,0.444,NOAA ERDDAP / Argo Floats
2026-01-15T00:00:00Z,25.0,92.0,0,23.05,35.44,5.34,0.442,NOAA ERDDAP / Argo Floats
2026-01-15T00:00:00Z,26.0,92.0,0,21.78,35.15,5.26,0.441,NOAA ERDDAP / Argo Floats
2026-01-15T00:00:00Z,27.0,92.0,0,21.16,35.45,5.18,0.529,NOAA ERDDAP / Argo Floats
2026-01-15T00:00:00Z,28.0,92.0,20,21.32,35.11,5.15,0.456,NOAA ERDDAP / Argo Floats
2026-01-15T00:00:00Z,29.0,92.0,0,20.26,34.94,5.42,0.58,NOAA ERDDAP / Argo Floats
2026-01-15T00:00:00Z,30.0,92.0,100,21.27,35.37,5.49,0.611,NOAA ERDDAP / Argo Floats
2026-01-15T00:00:00Z,-45.0,93.0,10,17.25,34.66,5.76,0.653,NOAA ERDDAP / Argo Floats
2026-01-15T00:00:00Z,-44.0,93.0,20,16.33,35.1,5.79,0.807,NOAA ERDDAP / Argo Floats
2026-01-15T00:00:00Z,-43.0,93.0,0,17.96,34.71,5.84,0.924,NOAA ERDDAP / Argo Floats
2026-01-15T00:00:00Z,-42.0,93.0,100,18.72,34.86,5.52,0.626,NOAA ERDDAP / Argo Floats
2026-01-15T00:00:00Z,-41.0,93.0,0,18.14,34.51,5.64,0.986,NOAA ERDDAP / Argo Floats
2026-01-15T00:00:00Z,-40.0,93.0,0,17.46,34.57,5.45,0.633,NOAA ERDDAP / Argo Floats
2026-01-15T00:00:00Z,-39.0,93.0,10,19.63,34.25,5.88,1.213,NOAA ERDDAP / Argo Floats
2026-01-15T00:00:00Z,-38.0,93.0,20,19.3,34.9,5.66,0.544,NOAA ERDDAP / Argo Floats
2026-01-15T00:00:00Z,-37.0,93.0,10,19.22,34.78,5.67,0.606,NOAA ERDDAP / Argo Floats
2026-01-15T00:00:00Z,-36.0,93.0,0,20.38,35.26,5.59,0.606,NOAA ERDDAP / Argo Floats
2026-01-15T00:00:00Z,-35.0,93.0,10,20.38,34.74,5.21,0.566,NOAA ERDDAP / Argo Floats
2026-01-15T00:00:00Z,-34.0,93.0,0,20.49,34.56,5.59,0.537,NOAA ERDDAP / Argo Floats
2026-01-15T00:00:00Z,-33.0,93.0,0,21.67,34.17,5.03,0.504,NOAA ERDDAP / Argo Floats
2026-01-15T00:00:00Z,-32.0,93.0,50,20.68,34.38,4.98,0.475,NOAA ERDDAP / Argo Floats
2026-01-15T00:00:00Z,-31.0,93.0,0,18.99,34.65,5.45,0.552,NOAA ERDDAP / Argo Floats
2026-01-15T00:00:00Z,-30.0,93.0,0,21.45,34.66,5.61,0.488,NOAA ERDDAP / Argo Floats
2026-01-15T00:00:00Z,-29.0,93.0,0,21.21,34.78,5.71,0.482,NOAA ERDDAP / Argo Floats
2026-01-15T00:00:00Z,-28.0,93.0,0,21.69,34.63,5.52,0.827,NOAA ERDDAP / Argo Floats
2026-01-15T00:00:00Z,-27.0,93.0,50,22.77,34.79,5.26,0.725,NOAA ERDDAP / Argo Floats
2026-01-15T00:00:00Z,-26.0,93.0,10,22.58,34.88,5.48,0.534,NOAA ERDDAP / Argo Floats
2026-01-15T00:00:00Z,-25.0,93.0,20,22.24,34.72,5.52,0.677,NOAA ERDDAP / Argo Floats
2026-01-15T00:00:00Z,-24.0,93.0,100,22.58,35.19,5.36,0.782,NOAA ERDDAP / Argo Floats
2026-01-15T00:00:00Z,-23.0,93.0,0,22.88,35.17,4.76,0.454,NOAA ERDDAP / Argo Floats
2026-01-15T00:00:00Z,-22.0,93.0,50,23.82,34.47,5.42,0.387,NOAA ERDDAP / Argo Floats
2026-01-15T00:00:00Z,-21.0,93.0,10,24.36,34.94,4.6,0.365,NOAA ERDDAP / Argo Floats
2026-01-15T00:00:00Z,-20.0,93.0,0,22.32,35.57,5.04,0.514,NOAA ERDDAP / Argo Floats
2026-01-15T00:00:00Z,-19.0,93.0,0,22.94,34.49,5.51,0.802,NOAA ERDDAP / Argo Floats
2026-01-15T00:00:00Z,-18.0,93.0,0,23.84,35.27,5.13,0.507,NOAA ERDDAP / Argo Floats
2026-01-15T00:00:00Z,-17.0,93.0,0,23.23,35.28,4.97,0.49,NOAA ERDDAP / Argo Floats
2026-01-15T00:00:00Z,-16.0,93.0,10,25.89,34.84,5.28,0.557,NOAA ERDDAP / Argo Floats
2026-01-15T00:00:00Z,-15.0,93.0,0,25.61,34.75,5.02,0.386,NOAA ERDDAP / Argo Floats
2026-01-15T00:00:00Z,-14.0,93.0,0,25.95,34.95,5.01,0.488,NOAA ERDDAP / Argo Floats
2026-01-15T00:00:00Z,-13.0,93.0,50,25.38,34.59,4.99,1.227,NOAA ERDDAP / Argo Floats
2026-01-15T00:00:00Z,-12.0,93.0,20,26.17,34.84,4.9,0.297,NOAA ERDDAP / Argo Floats
2026-01-15T00:00:00Z,-11.0,93.0,20,24.16,35.01,5.14,0.576,NOAA ERDDAP / Argo Floats
2026-01-15T00:00:00Z,-10.0,93.0,10,27.39,34.91,4.85,0.667,NOAA ERDDAP / Argo Floats
2026-01-15T00:00:00Z,-9.0,93.0,0,24.21,34.81,4.55,0.493,NOAA ERDDAP / Argo Floats
2026-01-15T00:00:00Z,-8.0,93.0,10,26.88,34.76,4.52,0.56,NOAA ERDDAP / Argo Floats
2026-01-15T00:00:00Z,-7.0,93.0,50,26.66,35.2,4.52,0.554,NOAA ERDDAP / Argo Floats
2026-01-15T00:00:00Z,-6.0,93.0,20,26.97,34.85,4.74,0.629,NOAA ERDDAP / Argo Floats
2026-01-15T00:00:00Z,-5.0,93.0,20,27.84,34.72,4.72,0.266,NOAA ERDDAP / Argo Floats
2026-01-15T00:00:00Z,-4.0,93.0,50,27.54,34.65,4.51,0.459,NOAA ERDDAP / Argo Floats
2026-01-15T00:00:00Z,-3.0,93.0,0,28.73,35.1,4.64,0.192,NOAA ERDDAP / Argo Floats
2026-01-15T00:00:00Z,-2.0,93.0,0,27.55,35.24,4.73,0.76,NOAA ERDDAP / Argo Floats
2026-01-15T00:00:00Z,-1.0,93.0,0,27.61,34.6,4.56,0.16,NOAA ERDDAP / Argo Floats
2026-01-15T00:00:00Z,0.0,93.0,50,27.98,35.13,4.31,0.329,NOAA ERDDAP / Argo Floats
2026-01-15T00:00:00Z,1.0,93.0,100,27.67,35.0,4.53,0.181,NOAA ERDDAP / Argo Floats
2026-01-15T00:00:00Z,2.0,93.0,0,27.69,35.44,4.97,0.492,NOAA ERDDAP / Argo Floats
2026-01-15T00:00:00Z,3.0,93.0,20,26.81,35.13,4.63,0.548,NOAA ERDDAP / Argo Floats
2026-01-15T00:00:00Z,4.0,93.0,0,28.55,35.04,4.56,0.473,NOAA ERDDAP / Argo Floats
2026-01-15T00:00:00Z,5.0,93.0,20,27.71,35.07,4.6,0.445,NOAA ERDDAP / Argo Floats
2026-01-15T00:00:00Z,6.0,93.0,10,27.21,34.87,4.46,0.25,NOAA ERDDAP / Argo Floats
2026-01-15T00:00:00Z,7.0,93.0,0,26.33,34.99,4.41,0.369,NOAA ERDDAP / Argo Floats
2026-01-15T00:00:00Z,8.0,93.0,50,27.72,35.08,4.74,0.707,NOAA ERDDAP / Argo Floats
2026-01-15T00:00:00Z,9.0,93.0,100,26.19,35.1,5.07,0.369,NOAA ERDDAP / Argo Floats
2026-01-15T00:00:00Z,10.0,93.0,10,25.01,34.88,4.54,0.413,NOAA ERDDAP / Argo Floats
2026-01-15T00:00:00Z,11.0,93.0,10,24.79,35.41,5.25,0.701,NOAA ERDDAP / Argo Floats
2026-01-15T00:00:00Z,12.0,93.0,10,26.25,34.86,5.06,0.481,NOAA ERDDAP / Argo Floats
2026-01-15T00:00:00Z,13.0,93.0,10,26.43,34.53,4.69,0.541,NOAA ERDDAP / Argo Floats
2026-01-15T00:00:00Z,14.0,93.0,0,24.34,34.79,4.92,0.362,NOAA ERDDAP / Argo Floats
2026-01-15T00:00:00Z,15.0,93.0,0,25.3,35.48,4.76,0.536,NOAA ERDDAP / Argo Floats
2026-01-15T00:00:00Z,16.0,93.0,10,25.75,34.87,5.16,0.753,NOAA ERDDAP / Argo Floats
2026-01-15T00:00:00Z,17.0,93.0,0,24.66,34.99,5.07,0.379,NOAA ERDDAP / Argo Floats
2026-01-15T00:00:00Z,18.0,93.0,0,24.93,35.32,4.91,0.334,NOAA ERDDAP / Argo Floats
2026-01-15T00:00:00Z,19.0,93.0,20,22.85,35.27,5.08,0.723,NOAA ERDDAP / Argo Floats
2026-01-15T00:00:00Z,20.0,93.0,0,23.95,35.03,5.26,0.57,NOAA ERDDAP / Argo Floats
2026-01-15T00:00:00Z,21.0,93.0,10,23.75,35.35,5.26,0.391,NOAA ERDDAP / Argo Floats
2026-01-15T00:00:00Z,22.0,93.0,0,23.06,35.43,5.42,0.449,NOAA ERDDAP / Argo Floats
2026-01-15T00:00:00Z,23.0,93.0,50,21.54,34.85,5.06,0.777,NOAA ERDDAP / Argo Floats
2026-01-15T00:00:00Z,24.0,93.0,100,23.36,35.26,5.01,0.751,NOAA ERDDAP / Argo Floats
2026-01-15T00:00:00Z,25.0,93.0,20,22.61,35.32,5.18,0.548,NOAA ERDDAP / Argo Floats
2026-01-15T00:00:00Z,26.0,93.0,10,21.34,35.26,5.49,0.453,NOAA ERDDAP / Argo Floats
2026-01-15T00:00:00Z,27.0,93.0,0,22.39,35.23,5.35,0.497,NOAA ERDDAP / Argo Floats
2026-01-15T00:00:00Z,28.0,93.0,0,21.61,35.34,5.12,0.57,NOAA ERDDAP / Argo Floats
2026-01-15T00:00:00Z,29.0,93.0,0,20.21,35.03,5.17,0.494,NOAA ERDDAP / Argo Floats
2026-01-15T00:00:00Z,30.0,93.0,0,19.62,35.1,5.32,0.486,NOAA ERDDAP / Argo Floats
2026-01-15T00:00:00Z,-45.0,94.0,10,18.14,35.35,5.83,0.876,NOAA ERDDAP / Argo Floats
2026-01-15T00:00:00Z,-44.0,94.0,0,18.93,35.52,5.52,0.646,NOAA ERDDAP / Argo Floats
2026-01-15T00:00:00Z,-43.0,94.0,10,17.0,35.07,5.98,1.801,NOAA ERDDAP / Argo Floats
2026-01-15T00:00:00Z,-42.0,94.0,0,17.43,34.63,5.73,0.802,NOAA ERDDAP / Argo Floats
2026-01-15T00:00:00Z,-41.0,94.0,20,18.06,35.21,5.95,0.654,NOAA ERDDAP / Argo Floats
2026-01-15T00:00:00Z,-40.0,94.0,0,19.02,34.6,5.36,0.62,NOAA ERDDAP / Argo Floats
2026-01-15T00:00:00Z,-39.0,94.0,10,19.37,34.89,5.89,0.555,NOAA ERDDAP / Argo Floats
2026-01-15T00:00:00Z,-38.0,94.0,0,21.18,34.98,5.65,0.719,NOAA ERDDAP / Argo Floats
2026-01-15T00:00:00Z,-37.0,94.0,0,19.66,34.71,5.64,0.581,NOAA ERDDAP / Argo Floats
2026-01-15T00:00:00Z,-36.0,94.0,10,20.19,34.76,5.77,1.079,NOAA ERDDAP / Argo Floats
2026-01-15T00:00:00Z,-35.0,94.0,50,18.5,34.33,5.62,0.747,NOAA ERDDAP / Argo Floats
2026-01-15T00:00:00Z,-34.0,94.0,50,17.93,34.76,5.85,0.914,NOAA ERDDAP / Argo Floats
2026-01-15T00:00:00Z,-33.0,94.0,0,19.58,34.69,5.56,0.561,NOAA ERDDAP / Argo Floats
2026-01-15T00:00:00Z,-32.0,94.0,0,18.55,34.76,5.17,1.403,NOAA ERDDAP / Argo Floats
2026-01-15T00:00:00Z,-31.0,94.0,0,21.35,35.26,5.71,0.497,NOAA ERDDAP / Argo Floats
2026-01-15T00:00:00Z,-30.0,94.0,10,22.16,34.71,5.86,0.717,NOAA ERDDAP / Argo Floats
2026-01-15T00:00:00Z,-29.0,94.0,0,21.46,35.13,5.65,0.973,NOAA ERDDAP / Argo Floats
2026-01-15T00:00:00Z,-28.0,94.0,50,20.71,34.68,5.15,2.124,NOAA ERDDAP / Argo Floats
2026-01-15T00:00:00Z,-27.0,94.0,20,21.03,34.9,4.8,0.451,NOAA ERDDAP / Argo Floats
2026-01-15T00:00:00Z,-26.0,94.0,0,22.83,34.2,5.23,1.12,NOAA ERDDAP / Argo Floats
2026-01-15T00:00:00Z,-25.0,94.0,0,23.3,34.97,5.47,0.8,NOAA ERDDAP / Argo Floats
2026-01-15T00:00:00Z,-24.0,94.0,0,23.43,35.14,5.09,0.417,NOAA ERDDAP / Argo Floats
2026-01-15T00:00:00Z,-23.0,94.0,0,21.58,34.54,5.16,1.087,NOAA ERDDAP / Argo Floats
2026-01-15T00:00:00Z,-22.0,94.0,0,22.53,35.83,5.06,0.385,NOAA ERDDAP / Argo Floats
2026-01-15T00:00:00Z,-21.0,94.0,20,22.69,34.74,5.22,0.411,NOAA ERDDAP / Argo Floats
2026-01-15T00:00:00Z,-20.0,94.0,0,24.65,34.49,5.24,0.65,NOAA ERDDAP / Argo Floats
2026-01-15T00:00:00Z,-19.0,94.0,20,24.34,34.77,5.15,0.438,NOAA ERDDAP / Argo Floats
2026-01-15T00:00:00Z,-18.0,94.0,0,22.92,34.57,5.08,0.538,NOAA ERDDAP / Argo Floats
2026-01-15T00:00:00Z,-17.0,94.0,50,25.55,34.92,5.37,0.375,NOAA ERDDAP / Argo Floats
2026-01-15T00:00:00Z,-16.0,94.0,20,23.95,34.45,4.99,0.337,NOAA ERDDAP / Argo Floats
2026-01-15T00:00:00Z,-15.0,94.0,100,24.28,35.04,4.94,0.621,NOAA ERDDAP / Argo Floats
2026-01-15T00:00:00Z,-14.0,94.0,100,25.14,34.8,4.63,0.734,NOAA ERDDAP / Argo Floats
2026-01-15T00:00:00Z,-13.0,94.0,10,24.81,35.43,4.78,1.041,NOAA ERDDAP / Argo Floats
2026-01-15T00:00:00Z,-12.0,94.0,0,24.48,35.0,4.9,0.275,NOAA ERDDAP / Argo Floats
2026-01-15T00:00:00Z,-11.0,94.0,10,26.97,34.9,4.72,0.412,NOAA ERDDAP / Argo Floats
2026-01-15T00:00:00Z,-10.0,94.0,0,26.56,35.17,4.61,0.448,NOAA ERDDAP / Argo Floats
2026-01-15T00:00:00Z,-9.0,94.0,0,25.78,34.93,4.62,0.297,NOAA ERDDAP / Argo Floats
2026-01-15T00:00:00Z,-8.0,94.0,20,27.92,34.56,4.88,0.232,NOAA ERDDAP / Argo Floats
2026-01-15T00:00:00Z,-7.0,94.0,0,26.96,35.01,4.67,0.382,NOAA ERDDAP / Argo Floats
2026-01-15T00:00:00Z,-6.0,94.0,10,26.37,34.55,4.53,0.232,NOAA ERDDAP / Argo Floats
2026-01-15T00:00:00Z,-5.0,94.0,10,26.09,35.23,4.62,0.287,NOAA ERDDAP / Argo Floats
2026-01-15T00:00:00Z,-4.0,94.0,0,26.98,35.06,4.88,0.348,NOAA ERDDAP / Argo Floats
2026-01-15T00:00:00Z,-3.0,94.0,50,27.14,34.53,4.41,0.456,NOAA ERDDAP / Argo Floats
2026-01-15T00:00:00Z,-2.0,94.0,10,28.45,35.03,4.08,0.427,NOAA ERDDAP / Argo Floats
2026-01-15T00:00:00Z,-1.0,94.0,0,27.61,35.0,4.64,0.188,NOAA ERDDAP / Argo Floats
2026-01-15T00:00:00Z,0.0,94.0,0,27.58,35.59,4.6,0.22,NOAA ERDDAP / Argo Floats
2026-01-15T00:00:00Z,1.0,94.0,0,28.76,34.92,4.79,0.255,NOAA ERDDAP / Argo Floats
2026-01-15T00:00:00Z,2.0,94.0,20,27.16,34.63,4.52,0.186,NOAA ERDDAP / Argo Floats
2026-01-15T00:00:00Z,3.0,94.0,10,27.02,34.81,4.84,0.564,NOAA ERDDAP / Argo Floats
2026-01-15T00:00:00Z,4.0,94.0,10,28.13,34.96,4.73,0.202,NOAA ERDDAP / Argo Floats
2026-01-15T00:00:00Z,5.0,94.0,20,26.45,35.19,4.89,0.402,NOAA ERDDAP / Argo Floats
2026-01-15T00:00:00Z,6.0,94.0,0,26.77,34.89,4.59,0.226,NOAA ERDDAP / Argo Floats
2026-01-15T00:00:00Z,7.0,94.0,0,27.55,34.73,4.21,0.336,NOAA ERDDAP / Argo Floats
2026-01-15T00:00:00Z,8.0,94.0,0,27.92,34.5,4.7,0.459,NOAA ERDDAP / Argo Floats
2026-01-15T00:00:00Z,9.0,94.0,20,25.71,34.91,5.11,0.245,NOAA ERDDAP / Argo Floats
2026-01-15T00:00:00Z,10.0,94.0,0,26.54,35.17,5.04,0.291,NOAA ERDDAP / Argo Floats
2026-01-15T00:00:00Z,11.0,94.0,20,25.43,35.05,4.78,0.28,NOAA ERDDAP / Argo Floats
2026-01-15T00:00:00Z,12.0,94.0,100,25.32,34.9,4.75,0.54,NOAA ERDDAP / Argo Floats
2026-01-15T00:00:00Z,13.0,94.0,20,23.91,35.03,5.12,0.746,NOAA ERDDAP / Argo Floats
2026-01-15T00:00:00Z,14.0,94.0,20,25.97,35.31,4.91,0.308,NOAA ERDDAP / Argo Floats
2026-01-15T00:00:00Z,15.0,94.0,20,24.82,35.2,4.68,0.52,NOAA ERDDAP / Argo Floats
2026-01-15T00:00:00Z,16.0,94.0,10,23.68,35.14,5.2,0.335,NOAA ERDDAP / Argo Floats
2026-01-15T00:00:00Z,17.0,94.0,50,23.99,35.46,5.18,0.332,NOAA ERDDAP / Argo Floats
2026-01-15T00:00:00Z,18.0,94.0,0,26.05,35.36,5.25,0.543,NOAA ERDDAP / Argo Floats
2026-01-15T00:00:00Z,19.0,94.0,0,24.33,35.33,5.06,0.411,NOAA ERDDAP / Argo Floats
2026-01-15T00:00:00Z,20.0,94.0,10,23.03,34.49,5.13,0.504,NOAA ERDDAP / Argo Floats
2026-01-15T00:00:00Z,21.0,94.0,0,24.09,35.07,5.04,0.504,NOAA ERDDAP / Argo Floats
2026-01-15T00:00:00Z,22.0,94.0,10,22.35,35.17,5.65,0.513,NOAA ERDDAP / Argo Floats
2026-01-15T00:00:00Z,23.0,94.0,50,23.42,35.78,5.26,0.394,NOAA ERDDAP / Argo Floats
2026-01-15T00:00:00Z,24.0,94.0,0,23.23,35.17,5.5,0.615,NOAA ERDDAP / Argo Floats
2026-01-15T00:00:00Z,25.0,94.0,10,22.36,35.65,5.29,0.478,NOAA ERDDAP / Argo Floats
2026-01-15T00:00:00Z,26.0,94.0,10,21.78,35.07,5.04,0.46,NOAA ERDDAP / Argo Floats
2026-01-15T00:00:00Z,27.0,94.0,20,23.37,35.38,5.2,0.506,NOAA ERDDAP / Argo Floats
2026-01-15T00:00:00Z,28.0,94.0,0,20.38,35.45,5.12,0.485,NOAA ERDDAP / Argo Floats
2026-01-15T00:00:00Z,29.0,94.0,10,22.51,35.54,5.22,0.839,NOAA ERDDAP / Argo Floats
2026-01-15T00:00:00Z,30.0,94.0,20,19.68,35.02,5.41,0.502,NOAA ERDDAP / Argo Floats
2026-01-15T00:00:00Z,-45.0,95.0,0,17.28,34.56,5.48,0.855,NOAA ERDDAP / Argo Floats
2026-01-15T00:00:00Z,-44.0,95.0,10,17.36,34.46,5.59,0.722,NOAA ERDDAP / Argo Floats
2026-01-15T00:00:00Z,-43.0,95.0,0,18.76,34.96,5.28,0.673,NOAA ERDDAP / Argo Floats
2026-01-15T00:00:00Z,-42.0,95.0,0,16.94,35.16,5.47,0.722,NOAA ERDDAP / Argo Floats
2026-01-15T00:00:00Z,-41.0,95.0,0,18.0,34.77,5.63,0.569,NOAA ERDDAP / Argo Floats
2026-01-15T00:00:00Z,-40.0,95.0,0,17.11,34.81,5.69,0.618,NOAA ERDDAP / Argo Floats
2026-01-15T00:00:00Z,-39.0,95.0,10,18.26,34.69,5.74,0.648,NOAA ERDDAP / Argo Floats
2026-01-15T00:00:00Z,-38.0,95.0,0,18.98,34.44,6.12,0.65,NOAA ERDDAP / Argo Floats
2026-01-15T00:00:00Z,-37.0,95.0,10,19.4,34.67,5.91,0.812,NOAA ERDDAP / Argo Floats
2026-01-15T00:00:00Z,-36.0,95.0,0,20.7,34.52,5.64,0.868,NOAA ERDDAP / Argo Floats
2026-01-15T00:00:00Z,-35.0,95.0,10,18.75,34.46,5.22,0.716,NOAA ERDDAP / Argo Floats
2026-01-15T00:00:00Z,-34.0,95.0,0,19.86,35.05,5.79,0.924,NOAA ERDDAP / Argo Floats
2026-01-15T00:00:00Z,-33.0,95.0,0,21.61,34.78,5.39,0.886,NOAA ERDDAP / Argo Floats
2026-01-15T00:00:00Z,-32.0,95.0,0,19.31,34.79,5.45,0.498,NOAA ERDDAP / Argo Floats
2026-01-15T00:00:00Z,-31.0,95.0,0,19.78,34.7,5.38,0.461,NOAA ERDDAP / Argo Floats
2026-01-15T00:00:00Z,-30.0,95.0,0,20.42,34.67,5.53,0.614,NOAA ERDDAP / Argo Floats
2026-01-15T00:00:00Z,-29.0,95.0,100,21.69,34.46,5.36,0.588,NOAA ERDDAP / Argo Floats
2026-01-15T00:00:00Z,-28.0,95.0,0,21.21,35.32,5.03,0.623,NOAA ERDDAP / Argo Floats
2026-01-15T00:00:00Z,-27.0,95.0,0,22.62,35.18,5.53,0.553,NOAA ERDDAP / Argo Floats
2026-01-15T00:00:00Z,-26.0,95.0,0,22.22,34.41,5.47,0.648,NOAA ERDDAP / Argo Floats
2026-01-15T00:00:00Z,-25.0,95.0,20,21.24,34.66,5.46,0.437,NOAA ERDDAP / Argo Floats
2026-01-15T00:00:00Z,-24.0,95.0,10,22.5,35.09,5.39,0.428,NOAA ERDDAP / Argo Floats
2026-01-15T00:00:00Z,-23.0,95.0,10,21.97,34.64,4.9,0.475,NOAA ERDDAP / Argo Floats
2026-01-15T00:00:00Z,-22.0,95.0,0,22.11,35.04,4.92,0.379,NOAA ERDDAP / Argo Floats
2026-01-15T00:00:00Z,-21.0,95.0,0,23.99,34.6,4.75,0.74,NOAA ERDDAP / Argo Floats
2026-01-15T00:00:00Z,-20.0,95.0,0,24.14,35.14,4.84,0.376,NOAA ERDDAP / Argo Floats
2026-01-15T00:00:00Z,-19.0,95.0,0,23.91,35.11,5.0,0.494,NOAA ERDDAP / Argo Floats
2026-01-15T00:00:00Z,-18.0,95.0,20,24.13,35.54,4.8,0.379,NOAA ERDDAP / Argo Floats
2026-01-15T00:00:00Z,-17.0,95.0,10,25.04,34.79,4.97,0.497,NOAA ERDDAP / Argo Floats
2026-01-15T00:00:00Z,-16.0,95.0,100,24.83,34.37,4.73,0.461,NOAA ERDDAP / Argo Floats
2026-01-15T00:00:00Z,-15.0,95.0,0,26.22,35.07,5.04,0.42,NOAA ERDDAP / Argo Floats
2026-01-15T00:00:00Z,-14.0,95.0,0,24.39,35.06,4.54,0.584,NOAA ERDDAP / Argo Floats
2026-01-15T00:00:00Z,-13.0,95.0,0,25.58,35.03,4.93,0.414,NOAA ERDDAP / Argo Floats
2026-01-15T00:00:00Z,-12.0,95.0,0,25.76,34.65,4.81,0.403,NOAA ERDDAP / Argo Floats
2026-01-15T00:00:00Z,-11.0,95.0,0,25.01,34.8,4.65,0.304,NOAA ERDDAP / Argo Floats
2026-01-15T00:00:00Z,-10.0,95.0,0,26.4,35.25,5.04,0.462,NOAA ERDDAP / Argo Floats
2026-01-15T00:00:00Z,-9.0,95.0,0,26.01,35.04,4.93,0.321,NOAA ERDDAP / Argo Floats
2026-01-15T00:00:00Z,-8.0,95.0,50,26.46,35.11,4.54,0.398,NOAA ERDDAP / Argo Floats
2026-01-15T00:00:00Z,-7.0,95.0,0,27.04,35.17,4.92,0.329,NOAA ERDDAP / Argo Floats
2026-01-15T00:00:00Z,-6.0,95.0,0,26.87,35.32,4.73,0.532,NOAA ERDDAP / Argo Floats
2026-01-15T00:00:00Z,-5.0,95.0,0,27.27,35.01,4.58,0.623,NOAA ERDDAP / Argo Floats
2026-01-15T00:00:00Z,-4.0,95.0,0,26.25,34.64,4.63,0.435,NOAA ERDDAP / Argo Floats
2026-01-15T00:00:00Z,-3.0,95.0,0,28.18,35.04,4.5,0.242,NOAA ERDDAP / Argo Floats
2026-01-15T00:00:00Z,-2.0,95.0,0,27.2,35.08,4.11,0.191,NOAA ERDDAP / Argo Floats
2026-01-15T00:00:00Z,-1.0,95.0,100,28.16,34.78,4.23,0.318,NOAA ERDDAP / Argo Floats
2026-01-15T00:00:00Z,0.0,95.0,10,27.71,35.53,4.65,0.206,NOAA ERDDAP / Argo Floats
2026-01-15T00:00:00Z,1.0,95.0,100,26.98,35.01,4.58,0.705,NOAA ERDDAP / Argo Floats
2026-01-15T00:00:00Z,2.0,95.0,50,28.78,35.08,4.71,0.557,NOAA ERDDAP / Argo Floats
2026-01-15T00:00:00Z,3.0,95.0,0,30.43,35.21,4.66,0.219,NOAA ERDDAP / Argo Floats
2026-01-15T00:00:00Z,4.0,95.0,0,27.38,35.54,4.63,0.388,NOAA ERDDAP / Argo Floats
2026-01-15T00:00:00Z,5.0,95.0,0,28.13,34.9,4.67,0.774,NOAA ERDDAP / Argo Floats
2026-01-15T00:00:00Z,6.0,95.0,10,27.34,34.66,4.55,0.349,NOAA ERDDAP / Argo Floats
2026-01-15T00:00:00Z,7.0,95.0,0,26.71,34.79,4.97,0.367,NOAA ERDDAP / Argo Floats
2026-01-15T00:00:00Z,8.0,95.0,0,27.76,34.82,4.52,0.273,NOAA ERDDAP / Argo Floats
2026-01-15T00:00:00Z,9.0,95.0,0,26.26,34.75,4.86,0.275,NOAA ERDDAP / Argo Floats
2026-01-15T00:00:00Z,10.0,95.0,50,26.82,35.02,4.77,0.364,NOAA ERDDAP / Argo Floats
2026-01-15T00:00:00Z,11.0,95.0,0,27.31,34.61,4.87,1.249,NOAA ERDDAP / Argo Floats
2026-01-15T00:00:00Z,12.0,95.0,20,24.9,34.82,4.82,0.326,NOAA ERDDAP / Argo Floats
2026-01-15T00:00:00Z,13.0,95.0,100,26.45,35.05,4.74,0.483,NOAA ERDDAP / Argo Floats
2026-01-15T00:00:00Z,14.0,95.0,0,23.98,35.12,5.09,0.31,NOAA ERDDAP / Argo Floats
2026-01-15T00:00:00Z,15.0,95.0,10,23.71,35.32,4.76,0.477,NOAA ERDDAP / Argo Floats
2026-01-15T00:00:00Z,16.0,95.0,0,24.37,35.13,4.59,0.387,NOAA ERDDAP / Argo Floats
2026-01-15T00:00:00Z,17.0,95.0,0,24.7,34.8,4.89,0.398,NOAA ERDDAP / Argo Floats
2026-01-15T00:00:00Z,18.0,95.0,10,24.2,34.9,5.25,0.815,NOAA ERDDAP / Argo Floats
2026-01-15T00:00:00Z,19.0,95.0,50,23.1,35.36,5.2,0.609,NOAA ERDDAP / Argo Floats
2026-01-15T00:00:00Z,20.0,95.0,10,24.05,35.73,5.13,0.37,NOAA ERDDAP / Argo Floats
2026-01-15T00:00:00Z,21.0,95.0,0,22.73,35.47,5.18,0.465,NOAA ERDDAP / Argo Floats
2026-01-15T00:00:00Z,22.0,95.0,0,22.39,34.73,5.3,0.41,NOAA ERDDAP / Argo Floats
2026-01-15T00:00:00Z,23.0,95.0,20,22.8,35.33,5.13,0.658,NOAA ERDDAP / Argo Floats
2026-01-15T00:00:00Z,24.0,95.0,0,23.26,34.95,5.33,0.712,NOAA ERDDAP / Argo Floats
2026-01-15T00:00:00Z,25.0,95.0,0,22.51,34.89,5.1,0.731,NOAA ERDDAP / Argo Floats
2026-01-15T00:00:00Z,26.0,95.0,0,22.74,34.92,5.02,0.446,NOAA ERDDAP / Argo Floats
2026-01-15T00:00:00Z,27.0,95.0,10,22.13,35.47,4.65,0.8,NOAA ERDDAP / Argo Floats
2026-01-15T00:00:00Z,28.0,95.0,0,19.89,34.95,5.01,0.931,NOAA ERDDAP / Argo Floats
2026-01-15T00:00:00Z,29.0,95.0,20,20.99,35.33,5.33,0.703,NOAA ERDDAP / Argo Floats
2026-01-15T00:00:00Z,30.0,95.0,50,20.22,34.96,5.45,0.519,NOAA ERDDAP / Argo Floats
2026-01-15T00:00:00Z,-45.0,96.0,0,16.75,34.48,5.94,0.867,NOAA ERDDAP / Argo Floats
2026-01-15T00:00:00Z,-44.0,96.0,0,17.9,34.63,5.73,0.998,NOAA ERDDAP / Argo Floats
2026-01-15T00:00:00Z,-43.0,96.0,0,17.42,35.37,5.9,0.608,NOAA ERDDAP / Argo Floats
2026-01-15T00:00:00Z,-42.0,96.0,10,18.49,34.41,6.01,0.578,NOAA ERDDAP / Argo Floats
2026-01-15T00:00:00Z,-41.0,96.0,0,17.21,34.89,5.69,0.605,NOAA ERDDAP / Argo Floats
2026-01-15T00:00:00Z,-40.0,96.0,10,17.89,34.84,5.93,0.623,NOAA ERDDAP / Argo Floats
2026-01-15T00:00:00Z,-39.0,96.0,10,18.78,34.44,5.65,0.812,NOAA ERDDAP / Argo Floats
2026-01-15T00:00:00Z,-38.0,96.0,100,18.7,34.3,5.64,0.547,NOAA ERDDAP / Argo Floats
2026-01-15T00:00:00Z,-37.0,96.0,0,19.43,35.21,5.8,0.757,NOAA ERDDAP / Argo Floats
2026-01-15T00:00:00Z,-36.0,96.0,10,20.62,34.82,5.52,0.644,NOAA ERDDAP / Argo Floats
2026-01-15T00:00:00Z,-35.0,96.0,0,19.31,35.45,5.36,0.581,NOAA ERDDAP / Argo Floats
2026-01-15T00:00:00Z,-34.0,96.0,10,18.59,34.99,5.68,0.684,NOAA ERDDAP / Argo Floats
2026-01-15T00:00:00Z,-33.0,96.0,0,19.78,35.27,5.35,0.501,NOAA ERDDAP / Argo Floats
2026-01-15T00:00:00Z,-32.0,96.0,20,21.26,35.14,5.35,0.857,NOAA ERDDAP / Argo Floats
2026-01-15T00:00:00Z,-31.0,96.0,20,22.49,35.13,5.7,0.627,NOAA ERDDAP / Argo Floats
2026-01-15T00:00:00Z,-30.0,96.0,0,20.66,34.52,5.52,0.554,NOAA ERDDAP / Argo Floats
2026-01-15T00:00:00Z,-29.0,96.0,20,22.07,35.72,5.12,0.548,NOAA ERDDAP / Argo Floats
2026-01-15T00:00:00Z,-28.0,96.0,100,21.7,34.83,5.32,0.85,NOAA ERDDAP / Argo Floats
2026-01-15T00:00:00Z,-27.0,96.0,20,22.11,35.37,5.37,0.462,NOAA ERDDAP / Argo Floats
2026-01-15T00:00:00Z,-26.0,96.0,10,21.8,34.63,5.08,0.789,NOAA ERDDAP / Argo Floats
2026-01-15T00:00:00Z,-25.0,96.0,10,21.92,34.94,5.67,0.657,NOAA ERDDAP / Argo Floats
2026-01-15T00:00:00Z,-24.0,96.0,0,23.39,34.54,5.2,0.581,NOAA ERDDAP / Argo Floats
2026-01-15T00:00:00Z,-23.0,96.0,0,22.58,34.54,5.21,0.798,NOAA ERDDAP / Argo Floats
2026-01-15T00:00:00Z,-22.0,96.0,0,22.96,35.29,5.33,0.733,NOAA ERDDAP / Argo Floats
2026-01-15T00:00:00Z,-21.0,96.0,20,23.06,34.83,4.92,0.405,NOAA ERDDAP / Argo Floats
2026-01-15T00:00:00Z,-20.0,96.0,0,24.6,35.22,5.03,0.518,NOAA ERDDAP / Argo Floats
2026-01-15T00:00:00Z,-19.0,96.0,100,23.27,35.09,5.28,0.511,NOAA ERDDAP / Argo Floats
2026-01-15T00:00:00Z,-18.0,96.0,0,24.44,34.84,5.47,0.349,NOAA ERDDAP / Argo Floats
2026-01-15T00:00:00Z,-17.0,96.0,100,24.32,34.48,5.19,0.386,NOAA ERDDAP / Argo Floats
2026-01-15T00:00:00Z,-16.0,96.0,50,24.46,34.51,4.7,0.471,NOAA ERDDAP / Argo Floats
2026-01-15T00:00:00Z,-15.0,96.0,0,25.96,34.73,4.87,0.692,NOAA ERDDAP / Argo Floats
2026-01-15T00:00:00Z,-14.0,96.0,50,25.83,35.26,4.64,0.433,NOAA ERDDAP / Argo Floats
2026-01-15T00:00:00Z,-13.0,96.0,50,24.44,35.12,4.97,0.29,NOAA ERDDAP / Argo Floats
2026-01-15T00:00:00Z,-12.0,96.0,0,25.8,35.3,5.04,0.275,NOAA ERDDAP / Argo Floats
2026-01-15T00:00:00Z,-11.0,96.0,0,24.5,35.2,4.9,0.34,NOAA ERDDAP / Argo Floats
2026-01-15T00:00:00Z,-10.0,96.0,10,26.6,34.79,5.06,1.034,NOAA ERDDAP / Argo Floats
2026-01-15T00:00:00Z,-9.0,96.0,0,25.67,35.56,5.15,1.151,NOAA ERDDAP / Argo Floats
2026-01-15T00:00:00Z,-8.0,96.0,10,25.81,34.98,4.78,0.647,NOAA ERDDAP / Argo Floats
2026-01-15T00:00:00Z,-7.0,96.0,10,26.72,34.84,4.92,0.402,NOAA ERDDAP / Argo Floats
2026-01-15T00:00:00Z,-6.0,96.0,20,26.38,34.97,4.35,0.489,NOAA ERDDAP / Argo Floats
2026-01-15T00:00:00Z,-5.0,96.0,0,26.27,35.85,4.64,0.376,NOAA ERDDAP / Argo Floats
2026-01-15T00:00:00Z,-4.0,96.0,20,27.59,35.03,4.48,0.221,NOAA ERDDAP / Argo Floats
2026-01-15T00:00:00Z,-3.0,96.0,0,26.34,35.05,4.55,1.143,NOAA ERDDAP / Argo Floats
2026-01-15T00:00:00Z,-2.0,96.0,0,27.71,35.16,4.68,0.36,NOAA ERDDAP / Argo Floats
2026-01-15T00:00:00Z,-1.0,96.0,0,27.84,34.75,4.63,0.283,NOAA ERDDAP / Argo Floats
2026-01-15T00:00:00Z,0.0,96.0,20,28.26,34.73,4.24,0.187,NOAA ERDDAP / Argo Floats
2026-01-15T00:00:00Z,1.0,96.0,10,29.19,35.02,4.64,0.37,NOAA ERDDAP / Argo Floats
2026-01-15T00:00:00Z,2.0,96.0,10,27.08,35.15,4.79,0.388,NOAA ERDDAP / Argo Floats
2026-01-15T00:00:00Z,3.0,96.0,10,28.55,35.44,4.6,0.508,NOAA ERDDAP / Argo Floats
2026-01-15T00:00:00Z,4.0,96.0,10,27.71,35.07,4.18,0.247,NOAA ERDDAP / Argo Floats
2026-01-15T00:00:00Z,5.0,96.0,10,26.94,34.67,4.92,0.216,NOAA ERDDAP / Argo Floats
2026-01-15T00:00:00Z,6.0,96.0,0,26.99,35.31,4.39,0.904,NOAA ERDDAP / Argo Floats
2026-01-15T00:00:00Z,7.0,96.0,50,28.13,35.03,4.57,0.626,NOAA ERDDAP / Argo Floats
2026-01-15T00:00:00Z,8.0,96.0,0,27.0,35.02,4.84,0.311,NOAA ERDDAP / Argo Floats
2026-01-15T00:00:00Z,9.0,96.0,0,25.16,34.29,4.76,0.386,NOAA ERDDAP / Argo Floats
2026-01-15T00:00:00Z,10.0,96.0,10,27.34,35.27,4.73,0.474,NOAA ERDDAP / Argo Floats
2026-01-15T00:00:00Z,11.0,96.0,10,24.46,35.44,4.7,1.275,NOAA ERDDAP / Argo Floats
2026-01-15T00:00:00Z,12.0,96.0,0,26.67,34.95,4.93,1.168,NOAA ERDDAP / Argo Floats
2026-01-15T00:00:00Z,13.0,96.0,20,25.38,34.96,4.76,0.305,NOAA ERDDAP / Argo Floats
2026-01-15T00:00:00Z,14.0,96.0,100,25.75,35.68,5.03,0.328,NOAA ERDDAP / Argo Floats
2026-01-15T00:00:00Z,15.0,96.0,10,24.92,35.13,4.84,0.464,NOAA ERDDAP / Argo Floats
2026-01-15T00:00:00Z,16.0,96.0,0,23.29,34.78,5.05,0.5,NOAA ERDDAP / Argo Floats
2026-01-15T00:00:00Z,17.0,96.0,0,24.85,35.02,4.82,0.346,NOAA ERDDAP / Argo Floats
2026-01-15T00:00:00Z,18.0,96.0,20,23.83,35.37,5.23,0.377,NOAA ERDDAP / Argo Floats
2026-01-15T00:00:00Z,19.0,96.0,10,23.67,34.65,5.11,0.398,NOAA ERDDAP / Argo Floats
2026-01-15T00:00:00Z,20.0,96.0,20,24.33,34.96,5.04,0.533,NOAA ERDDAP / Argo Floats
2026-01-15T00:00:00Z,21.0,96.0,10,24.62,35.57,4.57,0.503,NOAA ERDDAP / Argo Floats
2026-01-15T00:00:00Z,22.0,96.0,100,22.66,34.91,5.22,0.414,NOAA ERDDAP / Argo Floats
2026-01-15T00:00:00Z,23.0,96.0,0,21.61,35.84,4.73,0.596,NOAA ERDDAP / Argo Floats
2026-01-15T00:00:00Z,24.0,96.0,100,22.58,34.65,5.18,0.585,NOAA ERDDAP / Argo Floats
2026-01-15T00:00:00Z,25.0,96.0,10,20.6,35.49,5.26,0.677,NOAA ERDDAP / Argo Floats
2026-01-15T00:00:00Z,26.0,96.0,50,21.53,35.16,5.27,0.452,NOAA ERDDAP / Argo Floats
2026-01-15T00:00:00Z,27.0,96.0,0,22.67,35.21,5.33,0.54,NOAA ERDDAP / Argo Floats
2026-01-15T00:00:00Z,28.0,96.0,50,21.89,35.2,5.52,0.831,NOAA ERDDAP / Argo Floats
2026-01-15T00:00:00Z,29.0,96.0,20,21.86,35.67,5.21,0.755,NOAA ERDDAP / Argo Floats
2026-01-15T00:00:00Z,30.0,96.0,0,22.01,35.21,5.43,0.475,NOAA ERDDAP / Argo Floats
2026-01-15T00:00:00Z,-45.0,97.0,100,18.33,34.82,5.6,0.91,NOAA ERDDAP / Argo Floats
2026-01-15T00:00:00Z,-44.0,97.0,0,17.68,34.22,5.43,0.639,NOAA ERDDAP / Argo Floats
2026-01-15T00:00:00Z,-43.0,97.0,20,18.44,35.13,6.25,0.833,NOAA ERDDAP / Argo Floats
2026-01-15T00:00:00Z,-42.0,97.0,0,18.03,34.1,5.77,0.664,NOAA ERDDAP / Argo Floats
2026-01-15T00:00:00Z,-41.0,97.0,0,18.1,34.55,5.96,0.633,NOAA ERDDAP / Argo Floats
2026-01-15T00:00:00Z,-40.0,97.0,0,18.89,34.48,5.49,0.589,NOAA ERDDAP / Argo Floats
2026-01-15T00:00:00Z,-39.0,97.0,10,18.33,34.59,5.8,0.635,NOAA ERDDAP / Argo Floats
2026-01-15T00:00:00Z,-38.0,97.0,0,18.65,35.16,5.42,0.683,NOAA ERDDAP / Argo Floats
2026-01-15T00:00:00Z,-37.0,97.0,0,19.91,34.05,5.66,0.737,NOAA ERDDAP / Argo Floats
2026-01-15T00:00:00Z,-36.0,97.0,10,20.73,34.02,5.2,0.553,NOAA ERDDAP / Argo Floats
2026-01-15T00:00:00Z,-35.0,97.0,10,19.48,35.26,5.66,0.605,NOAA ERDDAP / Argo Floats
2026-01-15T00:00:00Z,-34.0,97.0,0,20.95,35.43,5.31,0.535,NOAA ERDDAP / Argo Floats
2026-01-15T00:00:00Z,-33.0,97.0,0,21.3,35.03,5.7,0.489,NOAA ERDDAP / Argo Floats
2026-01-15T00:00:00Z,-32.0,97.0,0,21.35,34.89,5.38,1.163,NOAA ERDDAP / Argo Floats
2026-01-15T00:00:00Z,-31.0,97.0,50,21.04,35.2,5.15,0.615,NOAA ERDDAP / Argo Floats
2026-01-15T00:00:00Z,-30.0,97.0,10,20.26,34.28,5.69,0.47,NOAA ERDDAP / Argo Floats
2026-01-15T00:00:00Z,-29.0,97.0,20,22.74,34.81,5.25,0.459,NOAA ERDDAP / Argo Floats
2026-01-15T00:00:00Z,-28.0,97.0,50,21.16,34.66,5.54,0.543,NOAA ERDDAP / Argo Floats
2026-01-15T00:00:00Z,-27.0,97.0,50,22.09,34.85,5.44,0.904,NOAA ERDDAP / Argo Floats
2026-01-15T00:00:00Z,-26.0,97.0,0,20.63,34.95,4.99,0.5,NOAA ERDDAP / Argo Floats
2026-01-15T00:00:00Z,-25.0,97.0,0,21.92,35.17,5.09,0.407,NOAA ERDDAP / Argo Floats
2026-01-15T00:00:00Z,-24.0,97.0,0,21.69,34.72,5.3,0.584,NOAA ERDDAP / Argo Floats
2026-01-15T00:00:00Z,-23.0,97.0,10,22.01,35.06,5.35,0.683,NOAA ERDDAP / Argo Floats
2026-01-15T00:00:00Z,-22.0,97.0,20,23.62,34.52,5.23,0.393,NOAA ERDDAP / Argo Floats
2026-01-15T00:00:00Z,-21.0,97.0,50,23.41,34.6,5.49,0.407,NOAA ERDDAP / Argo Floats
2026-01-15T00:00:00Z,-20.0,97.0,0,24.18,34.84,4.84,0.37,NOAA ERDDAP / Argo Floats
2026-01-15T00:00:00Z,-19.0,97.0,20,23.72,34.46,5.03,0.361,NOAA ERDDAP / Argo Floats
2026-01-15T00:00:00Z,-18.0,97.0,10,22.6,35.15,4.85,0.457,NOAA ERDDAP / Argo Floats
2026-01-15T00:00:00Z,-17.0,97.0,0,23.22,35.17,4.84,0.436,NOAA ERDDAP / Argo Floats
2026-01-15T00:00:00Z,-16.0,97.0,10,24.09,34.99,5.2,0.322,NOAA ERDDAP / Argo Floats
2026-01-15T00:00:00Z,-15.0,97.0,0,24.05,34.57,5.06,0.481,NOAA ERDDAP / Argo Floats
2026-01-15T00:00:00Z,-14.0,97.0,0,25.4,34.82,4.81,0.309,NOAA ERDDAP / Argo Floats
2026-01-15T00:00:00Z,-13.0,97.0,20,23.58,35.42,4.96,0.304,NOAA ERDDAP / Argo Floats
2026-01-15T00:00:00Z,-12.0,97.0,0,24.6,34.56,4.79,0.286,NOAA ERDDAP / Argo Floats
2026-01-15T00:00:00Z,-11.0,97.0,50,26.11,34.63,4.85,0.296,NOAA ERDDAP / Argo Floats
2026-01-15T00:00:00Z,-10.0,97.0,0,26.91,34.8,4.49,0.433,NOAA ERDDAP / Argo Floats
2026-01-15T00:00:00Z,-9.0,97.0,0,27.3,35.31,4.81,0.367,NOAA ERDDAP / Argo Floats
2026-01-15T00:00:00Z,-8.0,97.0,50,25.78,34.64,4.74,0.288,NOAA ERDDAP / Argo Floats
2026-01-15T00:00:00Z,-7.0,97.0,0,26.98,35.31,4.68,0.263,NOAA ERDDAP / Argo Floats
2026-01-15T00:00:00Z,-6.0,97.0,0,26.55,34.95,4.63,0.354,NOAA ERDDAP / Argo Floats
2026-01-15T00:00:00Z,-5.0,97.0,20,27.39,34.93,4.46,1.135,NOAA ERDDAP / Argo Floats
2026-01-15T00:00:00Z,-4.0,97.0,0,28.28,34.74,4.93,0.195,NOAA ERDDAP / Argo Floats
2026-01-15T00:00:00Z,-3.0,97.0,0,27.5,34.99,4.81,0.187,NOAA ERDDAP / Argo Floats
2026-01-15T00:00:00Z,-2.0,97.0,0,28.26,35.42,4.29,0.278,NOAA ERDDAP / Argo Floats
2026-01-15T00:00:00Z,-1.0,97.0,10,29.98,34.97,4.82,0.375,NOAA ERDDAP / Argo Floats
2026-01-15T00:00:00Z,0.0,97.0,20,28.98,35.46,4.49,0.454,NOAA ERDDAP / Argo Floats
2026-01-15T00:00:00Z,1.0,97.0,0,28.27,34.96,4.8,0.65,NOAA ERDDAP / Argo Floats
2026-01-15T00:00:00Z,2.0,97.0,0,28.53,34.77,4.66,0.263,NOAA ERDDAP / Argo Floats
2026-01-15T00:00:00Z,3.0,97.0,0,28.44,34.58,4.63,0.219,NOAA ERDDAP / Argo Floats
2026-01-15T00:00:00Z,4.0,97.0,100,25.58,35.45,4.89,0.234,NOAA ERDDAP / Argo Floats
2026-01-15T00:00:00Z,5.0,97.0,20,26.94,35.51,4.69,0.392,NOAA ERDDAP / Argo Floats
2026-01-15T00:00:00Z,6.0,97.0,20,28.28,35.36,4.79,0.238,NOAA ERDDAP / Argo Floats
2026-01-15T00:00:00Z,7.0,97.0,50,26.17,35.25,4.59,0.272,NOAA ERDDAP / Argo Floats
2026-01-15T00:00:00Z,8.0,97.0,100,26.62,35.23,4.55,0.538,NOAA ERDDAP / Argo Floats
2026-01-15T00:00:00Z,9.0,97.0,0,24.99,34.82,4.69,0.377,NOAA ERDDAP / Argo Floats
2026-01-15T00:00:00Z,10.0,97.0,0,25.01,35.15,4.74,0.519,NOAA ERDDAP / Argo Floats
2026-01-15T00:00:00Z,11.0,97.0,10,24.98,34.97,4.82,0.401,NOAA ERDDAP / Argo Floats
2026-01-15T00:00:00Z,12.0,97.0,0,25.74,35.29,4.83,0.328,NOAA ERDDAP / Argo Floats
2026-01-15T00:00:00Z,13.0,97.0,0,25.06,35.14,4.79,0.306,NOAA ERDDAP / Argo Floats
2026-01-15T00:00:00Z,14.0,97.0,0,24.81,34.99,4.49,0.429,NOAA ERDDAP / Argo Floats
2026-01-15T00:00:00Z,15.0,97.0,0,24.6,34.89,4.83,0.385,NOAA ERDDAP / Argo Floats
2026-01-15T00:00:00Z,16.0,97.0,0,24.05,35.13,4.63,0.5,NOAA ERDDAP / Argo Floats
2026-01-15T00:00:00Z,17.0,97.0,0,24.2,35.55,5.15,0.369,NOAA ERDDAP / Argo Floats
2026-01-15T00:00:00Z,18.0,97.0,100,24.43,34.64,5.15,0.359,NOAA ERDDAP / Argo Floats
2026-01-15T00:00:00Z,19.0,97.0,20,24.48,34.89,5.01,0.804,NOAA ERDDAP / Argo Floats
2026-01-15T00:00:00Z,20.0,97.0,10,22.67,35.1,5.29,1.113,NOAA ERDDAP / Argo Floats
2026-01-15T00:00:00Z,21.0,97.0,0,24.25,34.97,5.39,0.372,NOAA ERDDAP / Argo Floats
2026-01-15T00:00:00Z,22.0,97.0,0,22.29,34.98,5.39,0.42,NOAA ERDDAP / Argo Floats
2026-01-15T00:00:00Z,23.0,97.0,10,22.85,34.68,5.13,0.687,NOAA ERDDAP / Argo Floats
2026-01-15T00:00:00Z,24.0,97.0,100,21.34,35.64,5.13,0.702,NOAA ERDDAP / Argo Floats
2026-01-15T00:00:00Z,25.0,97.0,0,21.81,35.0,5.61,0.525,NOAA ERDDAP / Argo Floats
2026-01-15T00:00:00Z,26.0,97.0,0,19.92,34.87,5.41,0.666,NOAA ERDDAP / Argo Floats
2026-01-15T00:00:00Z,27.0,97.0,10,20.85,34.88,5.18,0.511,NOAA ERDDAP / Argo Floats
2026-01-15T00:00:00Z,28.0,97.0,0,20.53,34.84,5.2,0.433,NOAA ERDDAP / Argo Floats
2026-01-15T00:00:00Z,29.0,97.0,0,21.88,34.86,5.13,0.515,NOAA ERDDAP / Argo Floats
2026-01-15T00:00:00Z,30.0,97.0,0,20.91,34.82,5.12,0.713,NOAA ERDDAP / Argo Floats
2026-01-15T00:00:00Z,-45.0,98.0,20,18.25,35.05,5.67,0.653,NOAA ERDDAP / Argo Floats
2026-01-15T00:00:00Z,-44.0,98.0,0,17.0,34.96,5.83,0.7,NOAA ERDDAP / Argo Floats
2026-01-15T00:00:00Z,-43.0,98.0,100,17.0,34.98,5.85,1.181,NOAA ERDDAP / Argo Floats
2026-01-15T00:00:00Z,-42.0,98.0,0,18.79,34.56,5.78,0.776,NOAA ERDDAP / Argo Floats
2026-01-15T00:00:00Z,-41.0,98.0,0,18.38,34.71,5.35,0.783,NOAA ERDDAP / Argo Floats
2026-01-15T00:00:00Z,-40.0,98.0,50,19.3,34.88,5.36,0.696,NOAA ERDDAP / Argo Floats
2026-01-15T00:00:00Z,-39.0,98.0,10,18.41,35.24,5.63,0.667,NOAA ERDDAP / Argo Floats
2026-01-15T00:00:00Z,-38.0,98.0,10,19.08,34.35,5.59,0.786,NOAA ERDDAP / Argo Floats
2026-01-15T00:00:00Z,-37.0,98.0,0,19.65,34.86,5.48,0.581,NOAA ERDDAP / Argo Floats
2026-01-15T00:00:00Z,-36.0,98.0,10,19.93,34.98,5.6,0.586,NOAA ERDDAP / Argo Floats
2026-01-15T00:00:00Z,-35.0,98.0,20,20.23,35.08,5.5,0.523,NOAA ERDDAP / Argo Floats
2026-01-15T00:00:00Z,-34.0,98.0,0,19.06,34.65,5.6,0.501,NOAA ERDDAP / Argo Floats
2026-01-15T00:00:00Z,-33.0,98.0,20,20.81,35.13,5.33,0.608,NOAA ERDDAP / Argo Floats
2026-01-15T00:00:00Z,-32.0,98.0,10,22.22,35.18,5.79,0.475,NOAA ERDDAP / Argo Floats
2026-01-15T00:00:00Z,-31.0,98.0,10,21.18,35.3,5.4,0.858,NOAA ERDDAP / Argo Floats
2026-01-15T00:00:00Z,-30.0,98.0,50,21.81,34.46,5.39,0.649,NOAA ERDDAP / Argo Floats
2026-01-15T00:00:00Z,-29.0,98.0,10,21.52,34.88,5.03,0.722,NOAA ERDDAP / Argo Floats
2026-01-15T00:00:00Z,-28.0,98.0,20,20.05,35.44,5.2,0.596,NOAA ERDDAP / Argo Floats
2026-01-15T00:00:00Z,-27.0,98.0,20,21.58,34.88,5.13,0.84,NOAA ERDDAP / Argo Floats
2026-01-15T00:00:00Z,-26.0,98.0,0,21.81,34.65,5.15,0.606,NOAA ERDDAP / Argo Floats
2026-01-15T00:00:00Z,-25.0,98.0,0,22.36,34.91,5.32,0.614,NOAA ERDDAP / Argo Floats
2026-01-15T00:00:00Z,-24.0,98.0,10,21.97,34.79,5.33,0.594,NOAA ERDDAP / Argo Floats
2026-01-15T00:00:00Z,-23.0,98.0,10,21.53,35.38,5.32,0.438,NOAA ERDDAP / Argo Floats
2026-01-15T00:00:00Z,-22.0,98.0,10,22.78,35.35,4.93,0.878,NOAA ERDDAP / Argo Floats
2026-01-15T00:00:00Z,-21.0,98.0,100,22.83,35.53,5.02,0.525,NOAA ERDDAP / Argo Floats
2026-01-15T00:00:00Z,-20.0,98.0,50,24.1,34.67,5.32,0.899,NOAA ERDDAP / Argo Floats
2026-01-15T00:00:00Z,-19.0,98.0,10,24.47,35.09,4.95,0.6,NOAA ERDDAP / Argo Floats
2026-01-15T00:00:00Z,-18.0,98.0,100,24.13,35.1,5.14,0.467,NOAA ERDDAP / Argo Floats
2026-01-15T00:00:00Z,-17.0,98.0,0,25.9,34.42,5.11,0.655,NOAA ERDDAP / Argo Floats
2026-01-15T00:00:00Z,-16.0,98.0,0,24.35,35.21,4.47,0.327,NOAA ERDDAP / Argo Floats
2026-01-15T00:00:00Z,-15.0,98.0,100,24.32,34.84,5.17,0.32,NOAA ERDDAP / Argo Floats
2026-01-15T00:00:00Z,-14.0,98.0,0,26.69,34.97,4.83,0.448,NOAA ERDDAP / Argo Floats
2026-01-15T00:00:00Z,-13.0,98.0,20,25.6,34.5,4.86,0.475,NOAA ERDDAP / Argo Floats
2026-01-15T00:00:00Z,-12.0,98.0,10,25.06,35.22,4.61,0.413,NOAA ERDDAP / Argo Floats
2026-01-15T00:00:00Z,-11.0,98.0,0,25.67,34.78,4.83,0.661,NOAA ERDDAP / Argo Floats
2026-01-15T00:00:00Z,-10.0,98.0,20,25.83,35.1,4.74,0.347,NOAA ERDDAP / Argo Floats
2026-01-15T00:00:00Z,-9.0,98.0,50,25.5,34.63,4.46,0.452,NOAA ERDDAP / Argo Floats
2026-01-15T00:00:00Z,-8.0,98.0,0,27.9,34.53,4.78,0.318,NOAA ERDDAP / Argo Floats
2026-01-15T00:00:00Z,-7.0,98.0,20,26.59,34.25,4.42,0.274,NOAA ERDDAP / Argo Floats
2026-01-15T00:00:00Z,-6.0,98.0,20,27.73,34.97,4.84,0.363,NOAA ERDDAP / Argo Floats
2026-01-15T00:00:00Z,-5.0,98.0,0,26.64,34.79,4.75,0.248,NOAA ERDDAP / Argo Floats
2026-01-15T00:00:00Z,-4.0,98.0,20,27.99,34.81,4.63,0.192,NOAA ERDDAP / Argo Floats
2026-01-15T00:00:00Z,-3.0,98.0,0,28.85,35.03,4.65,0.254,NOAA ERDDAP / Argo Floats
2026-01-15T00:00:00Z,-2.0,98.0,100,28.27,34.79,4.45,0.566,NOAA ERDDAP / Argo Floats
2026-01-15T00:00:00Z,-1.0,98.0,20,29.29,34.67,4.67,0.179,NOAA ERDDAP / Argo Floats
2026-01-15T00:00:00Z,0.0,98.0,20,28.64,35.19,4.39,0.224,NOAA ERDDAP / Argo Floats
2026-01-15T00:00:00Z,1.0,98.0,10,28.75,34.92,4.44,0.388,NOAA ERDDAP / Argo Floats
2026-01-15T00:00:00Z,2.0,98.0,0,27.92,34.9,4.18,0.677,NOAA ERDDAP / Argo Floats
2026-01-15T00:00:00Z,3.0,98.0,10,27.84,34.85,4.36,0.41,NOAA ERDDAP / Argo Floats
2026-01-15T00:00:00Z,4.0,98.0,0,27.35,35.12,4.4,0.318,NOAA ERDDAP / Argo Floats
2026-01-15T00:00:00Z,5.0,98.0,50,27.06,35.56,4.74,0.555,NOAA ERDDAP / Argo Floats
2026-01-15T00:00:00Z,6.0,98.0,0,27.58,35.19,4.53,0.317,NOAA ERDDAP / Argo Floats
2026-01-15T00:00:00Z,7.0,98.0,0,27.12,35.08,4.66,0.675,NOAA ERDDAP / Argo Floats
2026-01-15T00:00:00Z,8.0,98.0,20,27.2,35.42,4.62,1.242,NOAA ERDDAP / Argo Floats
2026-01-15T00:00:00Z,9.0,98.0,0,26.57,34.91,4.59,0.251,NOAA ERDDAP / Argo Floats
2026-01-15T00:00:00Z,10.0,98.0,50,27.22,34.42,4.78,0.403,NOAA ERDDAP / Argo Floats
2026-01-15T00:00:00Z,11.0,98.0,0,26.09,35.07,4.77,0.436,NOAA ERDDAP / Argo Floats
2026-01-15T00:00:00Z,12.0,98.0,0,25.23,35.35,4.75,0.865,NOAA ERDDAP / Argo Floats
2026-01-15T00:00:00Z,13.0,98.0,20,25.12,35.2,4.91,0.409,NOAA ERDDAP / Argo Floats
2026-01-15T00:00:00Z,14.0,98.0,0,24.41,35.18,5.07,0.293,NOAA ERDDAP / Argo Floats
2026-01-15T00:00:00Z,15.0,98.0,0,24.07,35.29,4.98,0.741,NOAA ERDDAP / Argo Floats
2026-01-15T00:00:00Z,16.0,98.0,10,25.7,35.23,4.91,0.563,NOAA ERDDAP / Argo Floats
2026-01-15T00:00:00Z,17.0,98.0,20,25.25,35.19,4.93,0.468,NOAA ERDDAP / Argo Floats
2026-01-15T00:00:00Z,18.0,98.0,0,24.88,35.3,5.11,0.398,NOAA ERDDAP / Argo Floats
2026-01-15T00:00:00Z,19.0,98.0,0,22.31,34.88,5.11,1.123,NOAA ERDDAP / Argo Floats
2026-01-15T00:00:00Z,20.0,98.0,100,23.32,35.03,5.17,0.497,NOAA ERDDAP / Argo Floats
2026-01-15T00:00:00Z,21.0,98.0,0,23.14,35.0,5.39,0.467,NOAA ERDDAP / Argo Floats
2026-01-15T00:00:00Z,22.0,98.0,50,23.53,35.41,5.21,0.748,NOAA ERDDAP / Argo Floats
2026-01-15T00:00:00Z,23.0,98.0,50,22.25,35.29,5.2,0.39,NOAA ERDDAP / Argo Floats
2026-01-15T00:00:00Z,24.0,98.0,0,23.26,35.61,5.01,0.94,NOAA ERDDAP / Argo Floats
2026-01-15T00:00:00Z,25.0,98.0,100,21.69,35.19,5.88,0.852,NOAA ERDDAP / Argo Floats
2026-01-15T00:00:00Z,26.0,98.0,0,23.27,34.98,5.05,0.755,NOAA ERDDAP / Argo Floats
2026-01-15T00:00:00Z,27.0,98.0,20,23.82,35.44,5.52,0.49,NOAA ERDDAP / Argo Floats
2026-01-15T00:00:00Z,28.0,98.0,0,20.82,35.03,5.32,0.703,NOAA ERDDAP / Argo Floats
2026-01-15T00:00:00Z,29.0,98.0,0,20.89,34.39,5.53,0.456,NOAA ERDDAP / Argo Floats
2026-01-15T00:00:00Z,30.0,98.0,0,21.27,34.98,5.4,0.747,NOAA ERDDAP / Argo Floats
2026-01-15T00:00:00Z,-45.0,99.0,50,17.55,34.75,5.68,0.773,NOAA ERDDAP / Argo Floats
2026-01-15T00:00:00Z,-44.0,99.0,0,17.7,34.95,5.93,0.681,NOAA ERDDAP / Argo Floats
2026-01-15T00:00:00Z,-43.0,99.0,0,18.05,34.81,5.71,0.648,NOAA ERDDAP / Argo Floats
2026-01-15T00:00:00Z,-42.0,99.0,50,17.78,34.88,5.69,0.677,NOAA ERDDAP / Argo Floats
2026-01-15T00:00:00Z,-41.0,99.0,50,17.9,35.34,5.85,0.615,NOAA ERDDAP / Argo Floats
2026-01-15T00:00:00Z,-40.0,99.0,50,18.58,34.51,5.85,0.58,NOAA ERDDAP / Argo Floats
2026-01-15T00:00:00Z,-39.0,99.0,100,19.45,34.61,6.05,1.073,NOAA ERDDAP / Argo Floats
2026-01-15T00:00:00Z,-38.0,99.0,20,18.13,34.78,5.48,0.558,NOAA ERDDAP / Argo Floats
2026-01-15T00:00:00Z,-37.0,99.0,0,18.56,34.91,5.36,0.554,NOAA ERDDAP / Argo Floats
2026-01-15T00:00:00Z,-36.0,99.0,0,18.63,34.74,5.71,0.624,NOAA ERDDAP / Argo Floats
2026-01-15T00:00:00Z,-35.0,99.0,0,19.32,35.07,5.55,0.795,NOAA ERDDAP / Argo Floats
2026-01-15T00:00:00Z,-34.0,99.0,0,20.44,34.77,5.36,0.561,NOAA ERDDAP / Argo Floats
2026-01-15T00:00:00Z,-33.0,99.0,0,20.36,34.69,5.66,0.635,NOAA ERDDAP / Argo Floats
2026-01-15T00:00:00Z,-32.0,99.0,0,19.94,35.21,5.52,0.831,NOAA ERDDAP / Argo Floats
2026-01-15T00:00:00Z,-31.0,99.0,0,20.89,34.25,5.62,1.022,NOAA ERDDAP / Argo Floats
2026-01-15T00:00:00Z,-30.0,99.0,0,21.39,35.53,5.61,0.52,NOAA ERDDAP / Argo Floats
2026-01-15T00:00:00Z,-29.0,99.0,10,20.81,34.97,5.0,0.562,NOAA ERDDAP / Argo Floats
2026-01-15T00:00:00Z,-28.0,99.0,0,21.39,34.79,5.45,0.564,NOAA ERDDAP / Argo Floats
2026-01-15T00:00:00Z,-27.0,99.0,20,21.59,34.37,5.35,0.601,NOAA ERDDAP / Argo Floats
2026-01-15T00:00:00Z,-26.0,99.0,20,20.15,35.22,5.24,0.609,NOAA ERDDAP / Argo Floats
2026-01-15T00:00:00Z,-25.0,99.0,20,22.81,34.64,4.95,0.558,NOAA ERDDAP / Argo Floats
2026-01-15T00:00:00Z,-24.0,99.0,0,22.63,34.82,5.37,0.414,NOAA ERDDAP / Argo Floats
2026-01-15T00:00:00Z,-23.0,99.0,0,23.53,35.23,5.03,0.652,NOAA ERDDAP / Argo Floats
2026-01-15T00:00:00Z,-22.0,99.0,100,23.12,35.53,5.06,0.437,NOAA ERDDAP / Argo Floats
2026-01-15T00:00:00Z,-21.0,99.0,50,24.2,34.74,5.23,0.598,NOAA ERDDAP / Argo Floats
2026-01-15T00:00:00Z,-20.0,99.0,20,22.69,35.04,5.41,0.411,NOAA ERDDAP / Argo Floats
2026-01-15T00:00:00Z,-19.0,99.0,0,24.28,35.5,5.34,0.456,NOAA ERDDAP / Argo Floats
2026-01-15T00:00:00Z,-18.0,99.0,10,23.7,34.9,5.0,0.401,NOAA ERDDAP / Argo Floats
2026-01-15T00:00:00Z,-17.0,99.0,0,24.45,34.88,5.2,0.662,NOAA ERDDAP / Argo Floats
2026-01-15T00:00:00Z,-16.0,99.0,0,24.87,35.6,4.86,0.787,NOAA ERDDAP / Argo Floats
2026-01-15T00:00:00Z,-15.0,99.0,0,24.52,35.07,4.67,0.87,NOAA ERDDAP / Argo Floats
2026-01-15T00:00:00Z,-14.0,99.0,0,25.55,34.91,4.74,0.363,NOAA ERDDAP / Argo Floats
2026-01-15T00:00:00Z,-13.0,99.0,10,24.87,35.08,4.71,0.284,NOAA ERDDAP / Argo Floats
2026-01-15T00:00:00Z,-12.0,99.0,0,25.78,35.41,4.64,0.927,NOAA ERDDAP / Argo Floats
2026-01-15T00:00:00Z,-11.0,99.0,100,25.53,34.86,4.94,0.489,NOAA ERDDAP / Argo Floats
2026-01-15T00:00:00Z,-10.0,99.0,0,25.94,34.65,4.92,0.564,NOAA ERDDAP / Argo Floats
2026-01-15T00:00:00Z,-9.0,99.0,10,26.94,34.82,4.45,0.306,NOAA ERDDAP / Argo Floats
2026-01-15T00:00:00Z,-8.0,99.0,10,25.58,35.17,4.55,0.276,NOAA ERDDAP / Argo Floats
2026-01-15T00:00:00Z,-7.0,99.0,20,26.07,35.13,4.7,0.226,NOAA ERDDAP / Argo Floats
2026-01-15T00:00:00Z,-6.0,99.0,0,27.35,35.43,4.63,0.299,NOAA ERDDAP / Argo Floats
2026-01-15T00:00:00Z,-5.0,99.0,10,27.9,35.48,4.65,0.257,NOAA ERDDAP / Argo Floats
2026-01-15T00:00:00Z,-4.0,99.0,10,27.16,34.78,4.63,0.259,NOAA ERDDAP / Argo Floats
2026-01-15T00:00:00Z,-3.0,99.0,10,28.38,35.04,4.82,0.368,NOAA ERDDAP / Argo Floats
2026-01-15T00:00:00Z,-2.0,99.0,20,29.15,34.59,4.64,0.807,NOAA ERDDAP / Argo Floats
2026-01-15T00:00:00Z,-1.0,99.0,50,29.97,34.66,4.8,0.527,NOAA ERDDAP / Argo Floats
2026-01-15T00:00:00Z,0.0,99.0,0,28.45,34.64,4.45,0.177,NOAA ERDDAP / Argo Floats
2026-01-15T00:00:00Z,1.0,99.0,0,29.1,35.02,4.87,0.31,NOAA ERDDAP / Argo Floats
2026-01-15T00:00:00Z,2.0,99.0,50,28.54,35.07,4.75,0.298,NOAA ERDDAP / Argo Floats
2026-01-15T00:00:00Z,3.0,99.0,0,28.22,34.83,4.39,0.434,NOAA ERDDAP / Argo Floats
2026-01-15T00:00:00Z,4.0,99.0,20,27.25,34.78,4.38,0.436,NOAA ERDDAP / Argo Floats
2026-01-15T00:00:00Z,5.0,99.0,0,26.17,34.83,4.64,0.298,NOAA ERDDAP / Argo Floats
2026-01-15T00:00:00Z,6.0,99.0,20,27.24,34.86,4.78,0.447,NOAA ERDDAP / Argo Floats
2026-01-15T00:00:00Z,7.0,99.0,0,26.38,35.06,4.45,0.276,NOAA ERDDAP / Argo Floats
2026-01-15T00:00:00Z,8.0,99.0,0,25.87,34.73,4.8,0.577,NOAA ERDDAP / Argo Floats
2026-01-15T00:00:00Z,9.0,99.0,0,26.0,35.0,4.57,0.393,NOAA ERDDAP / Argo Floats
2026-01-15T00:00:00Z,10.0,99.0,0,27.26,34.95,4.88,0.394,NOAA ERDDAP / Argo Floats
2026-01-15T00:00:00Z,11.0,99.0,10,26.41,35.16,4.87,0.319,NOAA ERDDAP / Argo Floats
2026-01-15T00:00:00Z,12.0,99.0,0,25.09,34.77,4.8,0.509,NOAA ERDDAP / Argo Floats
2026-01-15T00:00:00Z,13.0,99.0,100,26.83,34.96,4.62,0.436,NOAA ERDDAP / Argo Floats
2026-01-15T00:00:00Z,14.0,99.0,0,24.87,35.16,5.08,0.353,NOAA ERDDAP / Argo Floats
2026-01-15T00:00:00Z,15.0,99.0,0,24.5,35.47,4.66,0.543,NOAA ERDDAP / Argo Floats
2026-01-15T00:00:00Z,16.0,99.0,0,24.9,34.56,4.84,1.628,NOAA ERDDAP / Argo Floats
2026-01-15T00:00:00Z,17.0,99.0,0,24.29,35.19,5.13,0.821,NOAA ERDDAP / Argo Floats
2026-01-15T00:00:00Z,18.0,99.0,0,24.63,34.99,5.2,0.6,NOAA ERDDAP / Argo Floats
2026-01-15T00:00:00Z,19.0,99.0,50,22.51,35.06,5.26,1.014,NOAA ERDDAP / Argo Floats
2026-01-15T00:00:00Z,20.0,99.0,10,22.3,34.93,4.95,0.637,NOAA ERDDAP / Argo Floats
2026-01-15T00:00:00Z,21.0,99.0,10,24.12,35.13,4.96,0.638,NOAA ERDDAP / Argo Floats
2026-01-15T00:00:00Z,22.0,99.0,0,22.07,35.65,5.09,0.487,NOAA ERDDAP / Argo Floats
2026-01-15T00:00:00Z,23.0,99.0,10,21.92,35.13,5.39,0.5,NOAA ERDDAP / Argo Floats
2026-01-15T00:00:00Z,24.0,99.0,0,22.06,35.01,5.13,0.707,NOAA ERDDAP / Argo Floats
2026-01-15T00:00:00Z,25.0,99.0,0,22.41,35.19,5.4,0.923,NOAA ERDDAP / Argo Floats
2026-01-15T00:00:00Z,26.0,99.0,0,21.9,34.93,4.52,0.687,NOAA ERDDAP / Argo Floats
2026-01-15T00:00:00Z,27.0,99.0,50,22.57,34.9,5.62,0.925,NOAA ERDDAP / Argo Floats
2026-01-15T00:00:00Z,28.0,99.0,0,21.17,35.64,5.41,0.596,NOAA ERDDAP / Argo Floats
2026-01-15T00:00:00Z,29.0,99.0,0,18.76,35.13,5.14,0.555,NOAA ERDDAP / Argo Floats
2026-01-15T00:00:00Z,30.0,99.0,0,20.96,35.02,5.31,0.815,NOAA ERDDAP / Argo Floats
2026-01-15T00:00:00Z,-45.0,100.0,0,16.75,34.83,5.72,0.742,NOAA ERDDAP / Argo Floats
2026-01-15T00:00:00Z,-44.0,100.0,0,17.08,35.2,5.77,0.815,NOAA ERDDAP / Argo Floats
2026-01-15T00:00:00Z,-43.0,100.0,10,17.01,35.03,5.72,0.609,NOAA ERDDAP / Argo Floats
2026-01-15T00:00:00Z,-42.0,100.0,10,17.03,34.84,5.68,0.624,NOAA ERDDAP / Argo Floats
2026-01-15T00:00:00Z,-41.0,100.0,0,18.93,34.81,5.61,0.608,NOAA ERDDAP / Argo Floats
2026-01-15T00:00:00Z,-40.0,100.0,10,19.74,34.54,5.83,1.234,NOAA ERDDAP / Argo Floats
2026-01-15T00:00:00Z,-39.0,100.0,0,20.01,34.97,5.48,0.96,NOAA ERDDAP / Argo Floats
2026-01-15T00:00:00Z,-38.0,100.0,0,18.2,34.67,5.93,0.613,NOAA ERDDAP / Argo Floats
2026-01-15T00:00:00Z,-37.0,100.0,50,18.86,34.59,5.85,0.563,NOAA ERDDAP / Argo Floats
2026-01-15T00:00:00Z,-36.0,100.0,10,19.17,35.13,5.67,0.668,NOAA ERDDAP / Argo Floats
2026-01-15T00:00:00Z,-35.0,100.0,0,20.28,35.19,5.54,0.503,NOAA ERDDAP / Argo Floats
2026-01-15T00:00:00Z,-34.0,100.0,10,20.89,35.15,5.55,0.662,NOAA ERDDAP / Argo Floats
2026-01-15T00:00:00Z,-33.0,100.0,0,20.73,34.4,5.27,0.521,NOAA ERDDAP / Argo Floats
2026-01-15T00:00:00Z,-32.0,100.0,20,22.11,34.53,5.15,0.552,NOAA ERDDAP / Argo Floats
2026-01-15T00:00:00Z,-31.0,100.0,10,20.75,34.76,5.48,0.521,NOAA ERDDAP / Argo Floats
2026-01-15T00:00:00Z,-30.0,100.0,0,21.35,34.87,5.55,0.509,NOAA ERDDAP / Argo Floats
2026-01-15T00:00:00Z,-29.0,100.0,0,20.94,34.87,5.52,0.703,NOAA ERDDAP / Argo Floats
2026-01-15T00:00:00Z,-28.0,100.0,0,20.68,35.06,5.38,0.761,NOAA ERDDAP / Argo Floats
2026-01-15T00:00:00Z,-27.0,100.0,0,21.36,34.58,5.38,0.665,NOAA ERDDAP / Argo Floats
2026-01-15T00:00:00Z,-26.0,100.0,0,21.58,35.03,5.25,0.597,NOAA ERDDAP / Argo Floats
2026-01-15T00:00:00Z,-25.0,100.0,0,23.45,35.01,5.39,1.557,NOAA ERDDAP / Argo Floats
2026-01-15T00:00:00Z,-24.0,100.0,100,21.25,35.18,5.12,0.396,NOAA ERDDAP / Argo Floats
2026-01-15T00:00:00Z,-23.0,100.0,0,22.77,34.63,5.07,0.417,NOAA ERDDAP / Argo Floats
2026-01-15T00:00:00Z,-22.0,100.0,0,22.04,35.2,5.26,0.663,NOAA ERDDAP / Argo Floats
2026-01-15T00:00:00Z,-21.0,100.0,50,23.59,35.68,4.76,0.387,NOAA ERDDAP / Argo Floats
2026-01-15T00:00:00Z,-20.0,100.0,10,23.78,34.86,4.98,0.54,NOAA ERDDAP / Argo Floats
2026-01-15T00:00:00Z,-19.0,100.0,20,23.07,34.87,4.89,0.482,NOAA ERDDAP / Argo Floats
2026-01-15T00:00:00Z,-18.0,100.0,0,24.78,34.59,5.04,0.467,NOAA ERDDAP / Argo Floats
2026-01-15T00:00:00Z,-17.0,100.0,0,24.31,34.67,4.78,0.419,NOAA ERDDAP / Argo Floats
2026-01-15T00:00:00Z,-16.0,100.0,50,24.32,35.63,5.19,0.366,NOAA ERDDAP / Argo Floats
2026-01-15T00:00:00Z,-15.0,100.0,0,24.21,34.47,5.14,0.638,NOAA ERDDAP / Argo Floats
2026-01-15T00:00:00Z,-14.0,100.0,0,25.19,35.2,4.82,0.296,NOAA ERDDAP / Argo Floats
2026-01-15T00:00:00Z,-13.0,100.0,10,24.66,35.36,4.73,0.56,NOAA ERDDAP / Argo Floats
2026-01-15T00:00:00Z,-12.0,100.0,10,25.97,34.69,4.88,0.707,NOAA ERDDAP / Argo Floats
2026-01-15T00:00:00Z,-11.0,100.0,0,25.75,34.79,4.95,0.336,NOAA ERDDAP / Argo Floats
2026-01-15T00:00:00Z,-10.0,100.0,10,25.43,34.85,5.0,0.305,NOAA ERDDAP / Argo Floats
2026-01-15T00:00:00Z,-9.0,100.0,0,26.68,35.06,4.86,0.35,NOAA ERDDAP / Argo Floats
2026-01-15T00:00:00Z,-8.0,100.0,0,26.52,35.69,4.58,1.009,NOAA ERDDAP / Argo Floats
2026-01-15T00:00:00Z,-7.0,100.0,10,28.54,34.81,4.59,0.745,NOAA ERDDAP / Argo Floats
2026-01-15T00:00:00Z,-6.0,100.0,0,26.43,34.96,4.29,0.265,NOAA ERDDAP / Argo Floats
2026-01-15T00:00:00Z,-5.0,100.0,0,27.25,35.36,4.71,0.409,NOAA ERDDAP / Argo Floats
2026-01-15T00:00:00Z,-4.0,100.0,0,27.88,35.52,4.58,0.203,NOAA ERDDAP / Argo Floats
2026-01-15T00:00:00Z,-3.0,100.0,50,27.3,34.99,4.58,0.492,NOAA ERDDAP / Argo Floats
2026-01-15T00:00:00Z,-2.0,100.0,0,28.72,35.2,4.82,0.276,NOAA ERDDAP / Argo Floats
2026-01-15T00:00:00Z,-1.0,100.0,10,28.07,34.37,4.59,0.223,NOAA ERDDAP / Argo Floats
2026-01-15T00:00:00Z,0.0,100.0,50,29.45,35.34,4.55,0.19,NOAA ERDDAP / Argo Floats
2026-01-15T00:00:00Z,1.0,100.0,0,27.9,35.26,4.42,0.977,NOAA ERDDAP / Argo Floats
2026-01-15T00:00:00Z,2.0,100.0,0,28.29,35.12,4.53,0.804,NOAA ERDDAP / Argo Floats
2026-01-15T00:00:00Z,3.0,100.0,0,28.96,35.41,4.67,0.216,NOAA ERDDAP / Argo Floats
2026-01-15T00:00:00Z,4.0,100.0,0,26.93,35.08,4.54,0.212,NOAA ERDDAP / Argo Floats
2026-01-15T00:00:00Z,5.0,100.0,20,28.34,35.28,4.59,0.325,NOAA ERDDAP / Argo Floats
2026-01-15T00:00:00Z,6.0,100.0,10,26.65,34.8,4.9,0.54,NOAA ERDDAP / Argo Floats
2026-01-15T00:00:00Z,7.0,100.0,50,26.27,35.26,4.9,0.722,NOAA ERDDAP / Argo Floats
2026-01-15T00:00:00Z,8.0,100.0,10,26.15,35.17,4.97,0.272,NOAA ERDDAP / Argo Floats
2026-01-15T00:00:00Z,9.0,100.0,10,25.22,35.29,4.87,0.274,NOAA ERDDAP / Argo Floats
2026-01-15T00:00:00Z,10.0,100.0,20,27.37,34.55,4.96,0.489,NOAA ERDDAP / Argo Floats
2026-01-15T00:00:00Z,11.0,100.0,0,25.57,34.62,4.79,0.353,NOAA ERDDAP / Argo Floats
2026-01-15T00:00:00Z,12.0,100.0,20,24.7,34.94,5.04,0.343,NOAA ERDDAP / Argo Floats
2026-01-15T00:00:00Z,13.0,100.0,100,24.89,34.79,4.94,0.328,NOAA ERDDAP / Argo Floats
2026-01-15T00:00:00Z,14.0,100.0,0,25.38,35.15,4.83,0.384,NOAA ERDDAP / Argo Floats
2026-01-15T00:00:00Z,15.0,100.0,100,25.1,35.52,4.5,0.424,NOAA ERDDAP / Argo Floats
2026-01-15T00:00:00Z,16.0,100.0,10,23.31,35.61,4.82,0.32,NOAA ERDDAP / Argo Floats
2026-01-15T00:00:00Z,17.0,100.0,0,25.68,35.43,5.23,0.534,NOAA ERDDAP / Argo Floats
2026-01-15T00:00:00Z,18.0,100.0,0,24.45,35.63,5.26,0.489,NOAA ERDDAP / Argo Floats
2026-01-15T00:00:00Z,19.0,100.0,10,23.09,34.51,4.89,0.368,NOAA ERDDAP / Argo Floats
2026-01-15T00:00:00Z,20.0,100.0,0,23.44,34.77,4.79,0.523,NOAA ERDDAP / Argo Floats
2026-01-15T00:00:00Z,21.0,100.0,10,23.1,35.12,5.17,0.444,NOAA ERDDAP / Argo Floats
2026-01-15T00:00:00Z,22.0,100.0,0,22.44,35.69,5.18,0.458,NOAA ERDDAP / Argo Floats
2026-01-15T00:00:00Z,23.0,100.0,0,22.11,35.17,5.23,0.721,NOAA ERDDAP / Argo Floats
2026-01-15T00:00:00Z,24.0,100.0,0,23.91,34.97,5.18,0.398,NOAA ERDDAP / Argo Floats
2026-01-15T00:00:00Z,25.0,100.0,50,21.5,35.05,4.99,1.011,NOAA ERDDAP / Argo Floats
2026-01-15T00:00:00Z,26.0,100.0,0,22.29,35.12,5.35,0.503,NOAA ERDDAP / Argo Floats
2026-01-15T00:00:00Z,27.0,100.0,20,21.33,34.9,4.68,0.57,NOAA ERDDAP / Argo Floats
2026-01-15T00:00:00Z,28.0,100.0,0,20.76,35.19,5.29,0.485,NOAA ERDDAP / Argo Floats
2026-01-15T00:00:00Z,29.0,100.0,10,21.45,34.77,5.25,0.449,NOAA ERDDAP / Argo Floats
2026-01-15T00:00:00Z,30.0,100.0,0,21.16,35.27,5.38,0.827,NOAA ERDDAP / Argo Floats
2026-01-15T00:00:00Z,-45.0,101.0,20,16.55,34.84,5.6,0.69,NOAA ERDDAP / Argo Floats
2026-01-15T00:00:00Z,-44.0,101.0,0,17.95,34.72,5.62,0.621,NOAA ERDDAP / Argo Floats
2026-01-15T00:00:00Z,-43.0,101.0,10,17.8,34.6,5.75,0.713,NOAA ERDDAP / Argo Floats
2026-01-15T00:00:00Z,-42.0,101.0,10,17.8,34.74,5.74,0.607,NOAA ERDDAP / Argo Floats
2026-01-15T00:00:00Z,-41.0,101.0,0,17.4,35.2,5.97,0.713,NOAA ERDDAP / Argo Floats
2026-01-15T00:00:00Z,-40.0,101.0,0,18.25,34.56,5.79,0.592,NOAA ERDDAP / Argo Floats
2026-01-15T00:00:00Z,-39.0,101.0,0,16.85,35.02,5.32,0.712,NOAA ERDDAP / Argo Floats
2026-01-15T00:00:00Z,-38.0,101.0,20,18.65,34.87,5.9,0.678,NOAA ERDDAP / Argo Floats
2026-01-15T00:00:00Z,-37.0,101.0,20,20.07,34.49,5.63,0.589,NOAA ERDDAP / Argo Floats
2026-01-15T00:00:00Z,-36.0,101.0,0,19.2,34.62,5.6,0.686,NOAA ERDDAP / Argo Floats
2026-01-15T00:00:00Z,-35.0,101.0,20,19.79,35.03,5.73,0.672,NOAA ERDDAP / Argo Floats
2026-01-15T00:00:00Z,-34.0,101.0,0,20.43,34.9,5.52,0.651,NOAA ERDDAP / Argo Floats
2026-01-15T00:00:00Z,-33.0,101.0,10,20.73,34.52,5.78,0.524,NOAA ERDDAP / Argo Floats
2026-01-15T00:00:00Z,-32.0,101.0,20,20.56,34.83,5.43,0.595,NOAA ERDDAP / Argo Floats
2026-01-15T00:00:00Z,-31.0,101.0,50,20.46,34.91,5.67,0.747,NOAA ERDDAP / Argo Floats
2026-01-15T00:00:00Z,-30.0,101.0,10,20.39,34.45,5.51,0.471,NOAA ERDDAP / Argo Floats
2026-01-15T00:00:00Z,-29.0,101.0,0,20.84,34.81,5.51,0.478,NOAA ERDDAP / Argo Floats
2026-01-15T00:00:00Z,-28.0,101.0,0,21.0,35.03,5.18,0.638,NOAA ERDDAP / Argo Floats
2026-01-15T00:00:00Z,-27.0,101.0,10,20.81,34.68,5.19,0.622,NOAA ERDDAP / Argo Floats
2026-01-15T00:00:00Z,-26.0,101.0,100,23.36,34.55,5.2,0.827,NOAA ERDDAP / Argo Floats
2026-01-15T00:00:00Z,-25.0,101.0,0,22.67,34.56,5.12,0.537,NOAA ERDDAP / Argo Floats
2026-01-15T00:00:00Z,-24.0,101.0,0,22.38,34.89,5.52,0.472,NOAA ERDDAP / Argo Floats
2026-01-15T00:00:00Z,-23.0,101.0,10,23.78,34.33,4.84,0.754,NOAA ERDDAP / Argo Floats
2026-01-15T00:00:00Z,-22.0,101.0,20,22.65,35.05,5.1,0.484,NOAA ERDDAP / Argo Floats
2026-01-15T00:00:00Z,-21.0,101.0,0,22.8,34.68,5.34,0.43,NOAA ERDDAP / Argo Floats
2026-01-15T00:00:00Z,-20.0,101.0,10,24.82,34.7,4.9,0.448,NOAA ERDDAP / Argo Floats
2026-01-15T00:00:00Z,-19.0,101.0,10,23.84,35.52,5.07,0.495,NOAA ERDDAP / Argo Floats
2026-01-15T00:00:00Z,-18.0,101.0,20,24.34,35.01,4.61,0.375,NOAA ERDDAP / Argo Floats
2026-01-15T00:00:00Z,-17.0,101.0,10,24.34,35.35,4.86,0.568,NOAA ERDDAP / Argo Floats
2026-01-15T00:00:00Z,-16.0,101.0,20,24.88,35.01,5.02,0.381,NOAA ERDDAP / Argo Floats
2026-01-15T00:00:00Z,-15.0,101.0,50,24.94,35.15,4.81,0.511,NOAA ERDDAP / Argo Floats
2026-01-15T00:00:00Z,-14.0,101.0,0,24.55,35.04,5.02,0.351,NOAA ERDDAP / Argo Floats
2026-01-15T00:00:00Z,-13.0,101.0,0,24.63,35.18,4.64,0.328,NOAA ERDDAP / Argo Floats
2026-01-15T00:00:00Z,-12.0,101.0,0,26.67,35.34,5.15,0.427,NOAA ERDDAP / Argo Floats
2026-01-15T00:00:00Z,-11.0,101.0,0,26.05,34.37,5.06,0.402,NOAA ERDDAP / Argo Floats
2026-01-15T00:00:00Z,-10.0,101.0,10,26.48,34.83,4.66,0.766,NOAA ERDDAP / Argo Floats
2026-01-15T00:00:00Z,-9.0,101.0,0,26.47,35.35,4.71,0.306,NOAA ERDDAP / Argo Floats
2026-01-15T00:00:00Z,-8.0,101.0,50,27.28,35.02,4.56,0.359,NOAA ERDDAP / Argo Floats
2026-01-15T00:00:00Z,-7.0,101.0,10,27.44,34.7,4.82,0.61,NOAA ERDDAP / Argo Floats
2026-01-15T00:00:00Z,-6.0,101.0,20,25.7,35.22,4.46,0.321,NOAA ERDDAP / Argo Floats
2026-01-15T00:00:00Z,-5.0,101.0,0,27.28,35.18,4.6,0.307,NOAA ERDDAP / Argo Floats
2026-01-15T00:00:00Z,-4.0,101.0,50,27.95,35.07,4.74,0.245,NOAA ERDDAP / Argo Floats
2026-01-15T00:00:00Z,-3.0,101.0,0,27.3,35.31,4.58,0.418,NOAA ERDDAP / Argo Floats
2026-01-15T00:00:00Z,-2.0,101.0,20,28.5,34.92,4.29,0.249,NOAA ERDDAP / Argo Floats
2026-01-15T00:00:00Z,-1.0,101.0,10,27.34,34.83,4.33,0.237,NOAA ERDDAP / Argo Floats
2026-01-15T00:00:00Z,0.0,101.0,0,28.84,35.31,4.25,0.469,NOAA ERDDAP / Argo Floats
2026-01-15T00:00:00Z,1.0,101.0,20,28.22,35.26,4.49,0.993,NOAA ERDDAP / Argo Floats
2026-01-15T00:00:00Z,2.0,101.0,0,27.73,34.89,4.86,0.253,NOAA ERDDAP / Argo Floats
2026-01-15T00:00:00Z,3.0,101.0,20,28.72,35.09,4.62,0.211,NOAA ERDDAP / Argo Floats
2026-01-15T00:00:00Z,4.0,101.0,0,26.15,35.31,4.75,0.326,NOAA ERDDAP / Argo Floats
2026-01-15T00:00:00Z,5.0,101.0,100,27.66,34.93,4.87,0.389,NOAA ERDDAP / Argo Floats
2026-01-15T00:00:00Z,6.0,101.0,20,26.48,34.69,4.51,0.347,NOAA ERDDAP / Argo Floats
2026-01-15T00:00:00Z,7.0,101.0,20,26.37,34.41,4.5,0.405,NOAA ERDDAP / Argo Floats
2026-01-15T00:00:00Z,8.0,101.0,10,26.73,34.93,4.7,0.329,NOAA ERDDAP / Argo Floats
2026-01-15T00:00:00Z,9.0,101.0,0,26.2,35.39,4.57,0.334,NOAA ERDDAP / Argo Floats
2026-01-15T00:00:00Z,10.0,101.0,0,27.49,35.0,4.64,0.408,NOAA ERDDAP / Argo Floats
2026-01-15T00:00:00Z,11.0,101.0,0,26.24,35.13,4.83,0.632,NOAA ERDDAP / Argo Floats
2026-01-15T00:00:00Z,12.0,101.0,20,25.78,35.15,4.75,0.332,NOAA ERDDAP / Argo Floats
2026-01-15T00:00:00Z,13.0,101.0,0,25.48,34.99,4.9,0.723,NOAA ERDDAP / Argo Floats
2026-01-15T00:00:00Z,14.0,101.0,0,24.62,35.32,4.92,1.05,NOAA ERDDAP / Argo Floats
2026-01-15T00:00:00Z,15.0,101.0,0,26.56,35.26,5.11,0.387,NOAA ERDDAP / Argo Floats
2026-01-15T00:00:00Z,16.0,101.0,0,25.62,34.66,4.8,0.321,NOAA ERDDAP / Argo Floats
2026-01-15T00:00:00Z,17.0,101.0,0,23.66,35.04,5.22,0.341,NOAA ERDDAP / Argo Floats
2026-01-15T00:00:00Z,18.0,101.0,0,24.19,35.05,4.9,0.889,NOAA ERDDAP / Argo Floats
2026-01-15T00:00:00Z,19.0,101.0,20,23.32,35.4,5.11,0.671,NOAA ERDDAP / Argo Floats
2026-01-15T00:00:00Z,20.0,101.0,0,22.42,35.3,5.21,0.428,NOAA ERDDAP / Argo Floats
2026-01-15T00:00:00Z,21.0,101.0,100,24.62,35.0,4.91,0.57,NOAA ERDDAP / Argo Floats
2026-01-15T00:00:00Z,22.0,101.0,20,21.45,35.8,5.52,0.551,NOAA ERDDAP / Argo Floats
2026-01-15T00:00:00Z,23.0,101.0,20,23.53,35.1,5.3,1.302,NOAA ERDDAP / Argo Floats
2026-01-15T00:00:00Z,24.0,101.0,0,22.79,35.19,5.34,0.481,NOAA ERDDAP / Argo Floats
2026-01-15T00:00:00Z,25.0,101.0,10,20.54,35.24,5.39,0.761,NOAA ERDDAP / Argo Floats
2026-01-15T00:00:00Z,26.0,101.0,0,22.16,35.59,5.14,0.984,NOAA ERDDAP / Argo Floats
2026-01-15T00:00:00Z,27.0,101.0,100,21.17,35.69,5.17,0.507,NOAA ERDDAP / Argo Floats
2026-01-15T00:00:00Z,28.0,101.0,20,21.18,35.72,5.29,0.562,NOAA ERDDAP / Argo Floats
2026-01-15T00:00:00Z,29.0,101.0,0,20.59,35.62,5.02,0.555,NOAA ERDDAP / Argo Floats
2026-01-15T00:00:00Z,30.0,101.0,50,21.05,35.32,5.13,0.611,NOAA ERDDAP / Argo Floats
2026-01-15T00:00:00Z,-45.0,102.0,50,17.4,35.45,5.71,0.619,NOAA ERDDAP / Argo Floats
2026-01-15T00:00:00Z,-44.0,102.0,0,18.02,34.45,5.77,1.218,NOAA ERDDAP / Argo Floats
2026-01-15T00:00:00Z,-43.0,102.0,0,18.23,34.61,5.57,0.693,NOAA ERDDAP / Argo Floats
2026-01-15T00:00:00Z,-42.0,102.0,0,18.87,35.19,5.91,0.711,NOAA ERDDAP / Argo Floats
2026-01-15T00:00:00Z,-41.0,102.0,50,19.03,34.21,5.64,0.662,NOAA ERDDAP / Argo Floats
2026-01-15T00:00:00Z,-40.0,102.0,0,18.34,35.08,6.09,0.555,NOAA ERDDAP / Argo Floats
2026-01-15T00:00:00Z,-39.0,102.0,10,19.3,34.92,5.76,0.567,NOAA ERDDAP / Argo Floats
2026-01-15T00:00:00Z,-38.0,102.0,100,18.62,34.79,5.45,0.805,NOAA ERDDAP / Argo Floats
2026-01-15T00:00:00Z,-37.0,102.0,20,19.72,34.68,5.55,0.549,NOAA ERDDAP / Argo Floats
2026-01-15T00:00:00Z,-36.0,102.0,50,20.42,34.74,5.16,0.861,NOAA ERDDAP / Argo Floats
2026-01-15T00:00:00Z,-35.0,102.0,100,19.04,34.85,5.74,0.869,NOAA ERDDAP / Argo Floats
2026-01-15T00:00:00Z,-34.0,102.0,10,20.52,35.33,5.51,0.628,NOAA ERDDAP / Argo Floats
2026-01-15T00:00:00Z,-33.0,102.0,50,20.08,35.2,5.75,0.55,NOAA ERDDAP / Argo Floats
2026-01-15T00:00:00Z,-32.0,102.0,10,20.73,34.8,5.79,0.696,NOAA ERDDAP / Argo Floats
2026-01-15T00:00:00Z,-31.0,102.0,0,21.69,34.97,5.39,0.558,NOAA ERDDAP / Argo Floats
2026-01-15T00:00:00Z,-30.0,102.0,0,20.72,35.17,5.29,0.561,NOAA ERDDAP / Argo Floats
2026-01-15T00:00:00Z,-29.0,102.0,10,21.06,34.71,5.46,0.588,NOAA ERDDAP / Argo Floats
2026-01-15T00:00:00Z,-28.0,102.0,0,23.23,34.95,5.51,0.669,NOAA ERDDAP / Argo Floats
2026-01-15T00:00:00Z,-27.0,102.0,20,20.14,35.48,5.32,0.767,NOAA ERDDAP / Argo Floats
2026-01-15T00:00:00Z,-26.0,102.0,10,23.69,35.13,5.45,1.295,NOAA ERDDAP / Argo Floats
2026-01-15T00:00:00Z,-25.0,102.0,10,24.0,34.72,5.07,0.581,NOAA ERDDAP / Argo Floats
2026-01-15T00:00:00Z,-24.0,102.0,10,21.41,34.97,5.33,1.111,NOAA ERDDAP / Argo Floats
2026-01-15T00:00:00Z,-23.0,102.0,0,24.24,34.69,5.4,0.911,NOAA ERDDAP / Argo Floats
2026-01-15T00:00:00Z,-22.0,102.0,0,22.92,34.85,4.79,0.592,NOAA ERDDAP / Argo Floats
2026-01-15T00:00:00Z,-21.0,102.0,0,22.65,34.07,4.84,0.408,NOAA ERDDAP / Argo Floats
2026-01-15T00:00:00Z,-20.0,102.0,50,23.79,34.6,4.85,0.956,NOAA ERDDAP / Argo Floats
2026-01-15T00:00:00Z,-19.0,102.0,0,22.77,34.93,5.31,0.369,NOAA ERDDAP / Argo Floats
2026-01-15T00:00:00Z,-18.0,102.0,0,24.23,34.54,5.11,0.588,NOAA ERDDAP / Argo Floats
2026-01-15T00:00:00Z,-17.0,102.0,10,25.18,34.53,4.91,0.324,NOAA ERDDAP / Argo Floats
2026-01-15T00:00:00Z,-16.0,102.0,0,24.77,34.59,4.82,0.321,NOAA ERDDAP / Argo Floats
2026-01-15T00:00:00Z,-15.0,102.0,0,26.3,34.89,5.26,0.387,NOAA ERDDAP / Argo Floats
2026-01-15T00:00:00Z,-14.0,102.0,20,25.18,34.67,4.8,0.453,NOAA ERDDAP / Argo Floats
2026-01-15T00:00:00Z,-13.0,102.0,50,24.62,34.91,4.85,0.463,NOAA ERDDAP / Argo Floats
2026-01-15T00:00:00Z,-12.0,102.0,0,26.37,35.22,4.91,0.727,NOAA ERDDAP / Argo Floats
2026-01-15T00:00:00Z,-11.0,102.0,10,25.36,35.12,4.94,0.402,NOAA ERDDAP / Argo Floats
2026-01-15T00:00:00Z,-10.0,102.0,0,26.01,34.7,5.04,0.36,NOAA ERDDAP / Argo Floats
2026-01-15T00:00:00Z,-9.0,102.0,50,26.51,34.96,4.88,0.332,NOAA ERDDAP / Argo Floats
2026-01-15T00:00:00Z,-8.0,102.0,20,27.27,35.01,4.77,0.316,NOAA ERDDAP / Argo Floats
2026-01-15T00:00:00Z,-7.0,102.0,0,25.71,34.96,4.48,0.432,NOAA ERDDAP / Argo Floats
2026-01-15T00:00:00Z,-6.0,102.0,0,27.96,35.25,4.8,0.292,NOAA ERDDAP / Argo Floats
2026-01-15T00:00:00Z,-5.0,102.0,100,26.6,34.71,4.63,0.343,NOAA ERDDAP / Argo Floats
2026-01-15T00:00:00Z,-4.0,102.0,0,28.7,34.92,4.65,0.468,NOAA ERDDAP / Argo Floats
2026-01-15T00:00:00Z,-3.0,102.0,10,27.11,34.92,4.4,0.268,NOAA ERDDAP / Argo Floats
2026-01-15T00:00:00Z,-2.0,102.0,0,29.7,35.2,4.56,0.378,NOAA ERDDAP / Argo Floats
2026-01-15T00:00:00Z,-1.0,102.0,10,27.47,35.37,4.12,0.163,NOAA ERDDAP / Argo Floats
2026-01-15T00:00:00Z,0.0,102.0,100,28.22,35.07,4.41,0.371,NOAA ERDDAP / Argo Floats
2026-01-15T00:00:00Z,1.0,102.0,0,28.98,35.26,4.68,0.208,NOAA ERDDAP / Argo Floats
2026-01-15T00:00:00Z,2.0,102.0,10,28.92,35.12,4.79,0.194,NOAA ERDDAP / Argo Floats
2026-01-15T00:00:00Z,3.0,102.0,10,27.69,35.56,4.41,0.241,NOAA ERDDAP / Argo Floats
2026-01-15T00:00:00Z,4.0,102.0,50,28.59,34.47,4.5,0.504,NOAA ERDDAP / Argo Floats
2026-01-15T00:00:00Z,5.0,102.0,10,27.39,35.22,4.86,0.471,NOAA ERDDAP / Argo Floats
2026-01-15T00:00:00Z,6.0,102.0,0,27.72,34.94,4.74,0.242,NOAA ERDDAP / Argo Floats
2026-01-15T00:00:00Z,7.0,102.0,0,26.76,35.24,4.48,0.378,NOAA ERDDAP / Argo Floats
2026-01-15T00:00:00Z,8.0,102.0,0,26.78,35.5,4.9,0.325,NOAA ERDDAP / Argo Floats
2026-01-15T00:00:00Z,9.0,102.0,0,26.32,35.3,4.84,0.291,NOAA ERDDAP / Argo Floats
2026-01-15T00:00:00Z,10.0,102.0,20,24.51,35.82,5.02,0.604,NOAA ERDDAP / Argo Floats
2026-01-15T00:00:00Z,11.0,102.0,0,25.72,34.86,5.01,0.426,NOAA ERDDAP / Argo Floats
2026-01-15T00:00:00Z,12.0,102.0,0,24.97,35.33,5.01,0.361,NOAA ERDDAP / Argo Floats
2026-01-15T00:00:00Z,13.0,102.0,20,26.43,35.25,4.89,0.697,NOAA ERDDAP / Argo Floats
2026-01-15T00:00:00Z,14.0,102.0,0,24.24,35.21,5.48,0.416,NOAA ERDDAP / Argo Floats
2026-01-15T00:00:00Z,15.0,102.0,0,23.89,34.98,5.11,0.41,NOAA ERDDAP / Argo Floats
2026-01-15T00:00:00Z,16.0,102.0,0,25.09,35.21,4.93,0.643,NOAA ERDDAP / Argo Floats
2026-01-15T00:00:00Z,17.0,102.0,100,23.82,35.07,5.07,0.537,NOAA ERDDAP / Argo Floats
2026-01-15T00:00:00Z,18.0,102.0,20,23.68,35.12,4.99,0.543,NOAA ERDDAP / Argo Floats
2026-01-15T00:00:00Z,19.0,102.0,0,22.99,34.88,4.9,0.677,NOAA ERDDAP / Argo Floats
2026-01-15T00:00:00Z,20.0,102.0,0,23.65,35.08,5.14,0.577,NOAA ERDDAP / Argo Floats
2026-01-15T00:00:00Z,21.0,102.0,0,23.3,35.64,5.38,0.593,NOAA ERDDAP / Argo Floats
2026-01-15T00:00:00Z,22.0,102.0,20,22.68,35.07,5.07,0.413,NOAA ERDDAP / Argo Floats
2026-01-15T00:00:00Z,23.0,102.0,10,22.94,35.21,5.14,0.403,NOAA ERDDAP / Argo Floats
2026-01-15T00:00:00Z,24.0,102.0,10,21.74,35.53,5.08,0.431,NOAA ERDDAP / Argo Floats
2026-01-15T00:00:00Z,25.0,102.0,20,20.89,35.19,5.33,0.462,NOAA ERDDAP / Argo Floats
2026-01-15T00:00:00Z,26.0,102.0,0,20.42,34.94,5.15,0.539,NOAA ERDDAP / Argo Floats
2026-01-15T00:00:00Z,27.0,102.0,50,21.64,34.85,5.44,0.545,NOAA ERDDAP / Argo Floats
2026-01-15T00:00:00Z,28.0,102.0,10,21.08,35.3,5.15,0.478,NOAA ERDDAP / Argo Floats
2026-01-15T00:00:00Z,29.0,102.0,20,20.89,34.66,5.61,0.559,NOAA ERDDAP / Argo Floats
2026-01-15T00:00:00Z,30.0,102.0,20,21.69,35.16,5.63,0.626,NOAA ERDDAP / Argo Floats
2026-01-15T00:00:00Z,-45.0,103.0,50,16.82,34.69,5.93,0.952,NOAA ERDDAP / Argo Floats
2026-01-15T00:00:00Z,-44.0,103.0,10,18.41,34.57,5.77,0.876,NOAA ERDDAP / Argo Floats
2026-01-15T00:00:00Z,-43.0,103.0,0,17.78,34.61,6.05,1.07,NOAA ERDDAP / Argo Floats
2026-01-15T00:00:00Z,-42.0,103.0,0,18.4,35.43,5.81,0.708,NOAA ERDDAP / Argo Floats
2026-01-15T00:00:00Z,-41.0,103.0,100,18.73,34.61,5.78,0.934,NOAA ERDDAP / Argo Floats
2026-01-15T00:00:00Z,-40.0,103.0,0,18.18,34.62,5.93,0.554,NOAA ERDDAP / Argo Floats
2026-01-15T00:00:00Z,-39.0,103.0,0,17.87,34.86,5.48,0.541,NOAA ERDDAP / Argo Floats
2026-01-15T00:00:00Z,-38.0,103.0,50,16.37,34.68,6.04,0.561,NOAA ERDDAP / Argo Floats
2026-01-15T00:00:00Z,-37.0,103.0,0,17.68,34.7,5.68,0.902,NOAA ERDDAP / Argo Floats
2026-01-15T00:00:00Z,-36.0,103.0,20,19.75,34.37,5.73,0.518,NOAA ERDDAP / Argo Floats
2026-01-15T00:00:00Z,-35.0,103.0,10,20.53,34.95,5.35,0.669,NOAA ERDDAP / Argo Floats
2026-01-15T00:00:00Z,-34.0,103.0,0,18.72,34.48,5.48,0.583,NOAA ERDDAP / Argo Floats
2026-01-15T00:00:00Z,-33.0,103.0,20,20.38,34.99,5.67,0.505,NOAA ERDDAP / Argo Floats
2026-01-15T00:00:00Z,-32.0,103.0,0,20.18,34.17,5.31,0.646,NOAA ERDDAP / Argo Floats
2026-01-15T00:00:00Z,-31.0,103.0,0,21.24,34.87,5.63,0.492,NOAA ERDDAP / Argo Floats
2026-01-15T00:00:00Z,-30.0,103.0,0,21.5,35.24,5.83,0.783,NOAA ERDDAP / Argo Floats
2026-01-15T00:00:00Z,-29.0,103.0,0,20.93,34.74,5.32,0.589,NOAA ERDDAP / Argo Floats
2026-01-15T00:00:00Z,-28.0,103.0,100,21.61,34.99,5.85,0.507,NOAA ERDDAP / Argo Floats
2026-01-15T00:00:00Z,-27.0,103.0,50,22.03,34.66,4.98,0.58,NOAA ERDDAP / Argo Floats
2026-01-15T00:00:00Z,-26.0,103.0,20,21.83,35.06,4.99,0.499,NOAA ERDDAP / Argo Floats
2026-01-15T00:00:00Z,-25.0,103.0,0,20.26,35.14,5.3,0.402,NOAA ERDDAP / Argo Floats
2026-01-15T00:00:00Z,-24.0,103.0,0,22.51,35.09,5.15,0.634,NOAA ERDDAP / Argo Floats
2026-01-15T00:00:00Z,-23.0,103.0,10,22.07,34.24,5.17,0.698,NOAA ERDDAP / Argo Floats
2026-01-15T00:00:00Z,-22.0,103.0,50,22.31,34.76,5.12,0.374,NOAA ERDDAP / Argo Floats
2026-01-15T00:00:00Z,-21.0,103.0,20,23.15,35.35,5.33,0.424,NOAA ERDDAP / Argo Floats
2026-01-15T00:00:00Z,-20.0,103.0,0,23.81,35.06,5.18,0.783,NOAA ERDDAP / Argo Floats
2026-01-15T00:00:00Z,-19.0,103.0,0,22.61,35.16,5.5,0.346,NOAA ERDDAP / Argo Floats
2026-01-15T00:00:00Z,-18.0,103.0,10,24.29,34.66,5.12,0.485,NOAA ERDDAP / Argo Floats
2026-01-15T00:00:00Z,-17.0,103.0,10,24.26,35.49,5.07,0.687,NOAA ERDDAP / Argo Floats
2026-01-15T00:00:00Z,-16.0,103.0,10,25.1,34.59,5.01,0.778,NOAA ERDDAP / Argo Floats
2026-01-15T00:00:00Z,-15.0,103.0,0,24.24,34.59,5.25,1.055,NOAA ERDDAP / Argo Floats
2026-01-15T00:00:00Z,-14.0,103.0,20,24.83,35.0,4.85,0.4,NOAA ERDDAP / Argo Floats
2026-01-15T00:00:00Z,-13.0,103.0,0,25.25,35.0,4.95,1.232,NOAA ERDDAP / Argo Floats
2026-01-15T00:00:00Z,-12.0,103.0,10,24.69,34.79,4.92,0.419,NOAA ERDDAP / Argo Floats
2026-01-15T00:00:00Z,-11.0,103.0,0,25.76,35.2,4.89,0.355,NOAA ERDDAP / Argo Floats
2026-01-15T00:00:00Z,-10.0,103.0,10,25.38,35.1,4.42,0.283,NOAA ERDDAP / Argo Floats
2026-01-15T00:00:00Z,-9.0,103.0,50,25.61,34.88,4.9,0.4,NOAA ERDDAP / Argo Floats
2026-01-15T00:00:00Z,-8.0,103.0,10,25.82,34.37,4.72,0.286,NOAA ERDDAP / Argo Floats
2026-01-15T00:00:00Z,-7.0,103.0,0,26.56,35.31,4.73,0.241,NOAA ERDDAP / Argo Floats
2026-01-15T00:00:00Z,-6.0,103.0,10,26.96,34.66,4.96,0.446,NOAA ERDDAP / Argo Floats
2026-01-15T00:00:00Z,-5.0,103.0,100,28.46,34.63,4.82,0.261,NOAA ERDDAP / Argo Floats
2026-01-15T00:00:00Z,-4.0,103.0,20,27.93,35.4,4.66,0.5,NOAA ERDDAP / Argo Floats
2026-01-15T00:00:00Z,-3.0,103.0,0,27.64,34.9,4.49,0.356,NOAA ERDDAP / Argo Floats
2026-01-15T00:00:00Z,-2.0,103.0,0,27.29,34.86,4.52,0.463,NOAA ERDDAP / Argo Floats
2026-01-15T00:00:00Z,-1.0,103.0,20,27.45,34.86,4.52,0.546,NOAA ERDDAP / Argo Floats
2026-01-15T00:00:00Z,0.0,103.0,10,29.15,35.43,4.36,0.198,NOAA ERDDAP / Argo Floats
2026-01-15T00:00:00Z,1.0,103.0,0,28.63,35.09,4.66,0.182,NOAA ERDDAP / Argo Floats
2026-01-15T00:00:00Z,2.0,103.0,10,28.48,34.98,4.32,0.314,NOAA ERDDAP / Argo Floats
2026-01-15T00:00:00Z,3.0,103.0,10,28.33,34.56,4.81,0.578,NOAA ERDDAP / Argo Floats
2026-01-15T00:00:00Z,4.0,103.0,0,29.02,34.85,4.55,0.584,NOAA ERDDAP / Argo Floats
2026-01-15T00:00:00Z,5.0,103.0,0,28.26,35.01,4.41,0.347,NOAA ERDDAP / Argo Floats
2026-01-15T00:00:00Z,6.0,103.0,10,27.71,35.43,4.82,0.238,NOAA ERDDAP / Argo Floats
2026-01-15T00:00:00Z,7.0,103.0,0,25.98,34.78,4.66,0.296,NOAA ERDDAP / Argo Floats
2026-01-15T00:00:00Z,8.0,103.0,0,25.59,35.16,5.0,0.275,NOAA ERDDAP / Argo Floats
2026-01-15T00:00:00Z,9.0,103.0,50,27.07,35.29,4.56,0.934,NOAA ERDDAP / Argo Floats
2026-01-15T00:00:00Z,10.0,103.0,0,25.93,34.5,5.15,0.429,NOAA ERDDAP / Argo Floats
2026-01-15T00:00:00Z,11.0,103.0,0,27.63,35.04,5.18,0.452,NOAA ERDDAP / Argo Floats
2026-01-15T00:00:00Z,12.0,103.0,20,24.92,35.1,4.74,0.382,NOAA ERDDAP / Argo Floats
2026-01-15T00:00:00Z,13.0,103.0,0,25.67,34.67,4.88,0.743,NOAA ERDDAP / Argo Floats
2026-01-15T00:00:00Z,14.0,103.0,0,26.55,35.03,4.95,0.774,NOAA ERDDAP / Argo Floats
2026-01-15T00:00:00Z,15.0,103.0,0,24.39,34.77,4.78,0.678,NOAA ERDDAP / Argo Floats
2026-01-15T00:00:00Z,16.0,103.0,20,24.67,35.13,5.0,0.619,NOAA ERDDAP / Argo Floats
2026-01-15T00:00:00Z,17.0,103.0,20,23.72,35.33,4.81,1.465,NOAA ERDDAP / Argo Floats
2026-01-15T00:00:00Z,18.0,103.0,0,24.28,35.37,4.9,0.34,NOAA ERDDAP / Argo Floats
2026-01-15T00:00:00Z,19.0,103.0,20,23.58,35.32,4.92,0.594,NOAA ERDDAP / Argo Floats
2026-01-15T00:00:00Z,20.0,103.0,0,23.63,35.22,5.01,0.418,NOAA ERDDAP / Argo Floats
2026-01-15T00:00:00Z,21.0,103.0,50,22.45,35.13,5.19,0.48,NOAA ERDDAP / Argo Floats
2026-01-15T00:00:00Z,22.0,103.0,10,23.68,35.14,5.19,0.435,NOAA ERDDAP / Argo Floats
2026-01-15T00:00:00Z,23.0,103.0,100,22.75,35.18,5.05,0.634,NOAA ERDDAP / Argo Floats
2026-01-15T00:00:00Z,24.0,103.0,50,22.22,35.47,5.07,0.606,NOAA ERDDAP / Argo Floats
2026-01-15T00:00:00Z,25.0,103.0,10,21.72,35.22,5.3,0.497,NOAA ERDDAP / Argo Floats
2026-01-15T00:00:00Z,26.0,103.0,20,22.7,34.89,5.18,0.436,NOAA ERDDAP / Argo Floats
2026-01-15T00:00:00Z,27.0,103.0,0,21.97,34.99,5.48,0.559,NOAA ERDDAP / Argo Floats
2026-01-15T00:00:00Z,28.0,103.0,0,21.57,35.13,5.09,0.503,NOAA ERDDAP / Argo Floats
2026-01-15T00:00:00Z,29.0,103.0,0,21.97,35.18,5.08,0.669,NOAA ERDDAP / Argo Floats
2026-01-15T00:00:00Z,30.0,103.0,50,21.22,35.31,5.48,0.479,NOAA ERDDAP / Argo Floats
2026-01-15T00:00:00Z,-45.0,104.0,10,16.42,34.86,5.81,0.616,NOAA ERDDAP / Argo Floats
2026-01-15T00:00:00Z,-44.0,104.0,100,16.64,34.86,5.74,0.678,NOAA ERDDAP / Argo Floats
2026-01-15T00:00:00Z,-43.0,104.0,0,17.8,34.54,5.79,0.901,NOAA ERDDAP / Argo Floats
2026-01-15T00:00:00Z,-42.0,104.0,0,17.86,34.76,5.52,0.962,NOAA ERDDAP / Argo Floats
2026-01-15T00:00:00Z,-41.0,104.0,20,17.72,34.71,5.71,0.607,NOAA ERDDAP / Argo Floats
2026-01-15T00:00:00Z,-40.0,104.0,0,19.56,35.11,5.56,0.794,NOAA ERDDAP / Argo Floats
2026-01-15T00:00:00Z,-39.0,104.0,10,19.49,35.5,5.55,1.148,NOAA ERDDAP / Argo Floats
2026-01-15T00:00:00Z,-38.0,104.0,0,19.74,34.55,5.85,0.737,NOAA ERDDAP / Argo Floats
2026-01-15T00:00:00Z,-37.0,104.0,0,19.87,34.72,5.72,0.542,NOAA ERDDAP / Argo Floats
2026-01-15T00:00:00Z,-36.0,104.0,0,19.9,34.64,5.57,0.641,NOAA ERDDAP / Argo Floats
2026-01-15T00:00:00Z,-35.0,104.0,20,20.19,34.64,5.73,0.643,NOAA ERDDAP / Argo Floats
2026-01-15T00:00:00Z,-34.0,104.0,50,20.82,34.56,5.58,0.785,NOAA ERDDAP / Argo Floats
2026-01-15T00:00:00Z,-33.0,104.0,20,19.24,34.7,5.07,0.49,NOAA ERDDAP / Argo Floats
2026-01-15T00:00:00Z,-32.0,104.0,10,19.68,34.87,5.42,0.537,NOAA ERDDAP / Argo Floats
2026-01-15T00:00:00Z,-31.0,104.0,50,19.82,34.65,5.1,0.493,NOAA ERDDAP / Argo Floats
2026-01-15T00:00:00Z,-30.0,104.0,0,19.7,34.35,5.63,0.725,NOAA ERDDAP / Argo Floats
2026-01-15T00:00:00Z,-29.0,104.0,20,20.8,34.5,5.3,0.509,NOAA ERDDAP / Argo Floats
2026-01-15T00:00:00Z,-28.0,104.0,0,22.84,35.21,5.21,0.734,NOAA ERDDAP / Argo Floats
2026-01-15T00:00:00Z,-27.0,104.0,10,19.88,34.42,5.42,0.49,NOAA ERDDAP / Argo Floats
2026-01-15T00:00:00Z,-26.0,104.0,0,21.14,35.41,5.25,0.519,NOAA ERDDAP / Argo Floats
2026-01-15T00:00:00Z,-25.0,104.0,10,22.65,35.0,5.34,0.741,NOAA ERDDAP / Argo Floats
2026-01-15T00:00:00Z,-24.0,104.0,100,22.14,35.51,4.91,0.58,NOAA ERDDAP / Argo Floats
2026-01-15T00:00:00Z,-23.0,104.0,20,22.74,36.28,4.83,0.792,NOAA ERDDAP / Argo Floats
2026-01-15T00:00:00Z,-22.0,104.0,100,22.96,35.01,5.13,0.58,NOAA ERDDAP / Argo Floats
2026-01-15T00:00:00Z,-21.0,104.0,0,23.48,34.91,5.27,0.44,NOAA ERDDAP / Argo Floats
2026-01-15T00:00:00Z,-20.0,104.0,10,23.19,35.35,4.85,0.441,NOAA ERDDAP / Argo Floats
2026-01-15T00:00:00Z,-19.0,104.0,0,23.13,34.9,4.97,0.357,NOAA ERDDAP / Argo Floats
2026-01-15T00:00:00Z,-18.0,104.0,0,23.33,35.2,5.31,0.403,NOAA ERDDAP / Argo Floats
2026-01-15T00:00:00Z,-17.0,104.0,0,22.76,35.04,4.78,0.336,NOAA ERDDAP / Argo Floats
2026-01-15T00:00:00Z,-16.0,104.0,0,23.2,34.87,4.73,0.411,NOAA ERDDAP / Argo Floats
2026-01-15T00:00:00Z,-15.0,104.0,0,26.94,34.51,5.1,0.333,NOAA ERDDAP / Argo Floats
2026-01-15T00:00:00Z,-14.0,104.0,0,24.92,34.95,5.27,0.473,NOAA ERDDAP / Argo Floats
2026-01-15T00:00:00Z,-13.0,104.0,20,27.21,34.75,4.71,0.289,NOAA ERDDAP / Argo Floats
2026-01-15T00:00:00Z,-12.0,104.0,0,24.8,34.93,4.83,0.323,NOAA ERDDAP / Argo Floats
2026-01-15T00:00:00Z,-11.0,104.0,50,25.74,35.32,4.75,0.32,NOAA ERDDAP / Argo Floats
2026-01-15T00:00:00Z,-10.0,104.0,0,27.77,34.89,4.53,0.502,NOAA ERDDAP / Argo Floats
2026-01-15T00:00:00Z,-9.0,104.0,0,26.41,35.44,4.81,0.257,NOAA ERDDAP / Argo Floats
2026-01-15T00:00:00Z,-8.0,104.0,0,27.26,34.53,4.83,0.419,NOAA ERDDAP / Argo Floats
2026-01-15T00:00:00Z,-7.0,104.0,0,26.07,35.06,4.65,1.006,NOAA ERDDAP / Argo Floats
2026-01-15T00:00:00Z,-6.0,104.0,0,28.23,34.36,4.47,0.419,NOAA ERDDAP / Argo Floats
2026-01-15T00:00:00Z,-5.0,104.0,0,27.02,34.7,4.35,0.225,NOAA ERDDAP / Argo Floats
2026-01-15T00:00:00Z,-4.0,104.0,0,27.82,34.83,4.44,0.88,NOAA ERDDAP / Argo Floats
2026-01-15T00:00:00Z,-3.0,104.0,0,27.81,35.17,4.77,0.261,NOAA ERDDAP / Argo Floats
2026-01-15T00:00:00Z,-2.0,104.0,50,27.39,35.28,4.22,0.429,NOAA ERDDAP / Argo Floats
2026-01-15T00:00:00Z,-1.0,104.0,0,28.73,35.05,4.89,0.363,NOAA ERDDAP / Argo Floats
2026-01-15T00:00:00Z,0.0,104.0,0,29.78,34.9,4.53,0.178,NOAA ERDDAP / Argo Floats
2026-01-15T00:00:00Z,1.0,104.0,100,28.27,34.92,4.9,0.165,NOAA ERDDAP / Argo Floats
2026-01-15T00:00:00Z,2.0,104.0,20,27.43,34.9,4.54,0.277,NOAA ERDDAP / Argo Floats
2026-01-15T00:00:00Z,3.0,104.0,0,26.93,35.05,4.33,0.643,NOAA ERDDAP / Argo Floats
2026-01-15T00:00:00Z,4.0,104.0,0,28.76,34.79,4.78,0.598,NOAA ERDDAP / Argo Floats
2026-01-15T00:00:00Z,5.0,104.0,20,28.73,34.72,4.57,1.204,NOAA ERDDAP / Argo Floats
2026-01-15T00:00:00Z,6.0,104.0,0,27.16,34.72,4.55,0.31,NOAA ERDDAP / Argo Floats
2026-01-15T00:00:00Z,7.0,104.0,20,26.05,34.95,4.42,0.481,NOAA ERDDAP / Argo Floats
2026-01-15T00:00:00Z,8.0,104.0,20,26.66,35.68,4.8,0.756,NOAA ERDDAP / Argo Floats
2026-01-15T00:00:00Z,9.0,104.0,100,24.59,34.93,4.88,0.312,NOAA ERDDAP / Argo Floats
2026-01-15T00:00:00Z,10.0,104.0,0,26.68,34.53,4.84,0.432,NOAA ERDDAP / Argo Floats
2026-01-15T00:00:00Z,11.0,104.0,0,26.62,35.07,4.88,0.817,NOAA ERDDAP / Argo Floats
2026-01-15T00:00:00Z,12.0,104.0,50,24.11,35.23,5.22,0.321,NOAA ERDDAP / Argo Floats
2026-01-15T00:00:00Z,13.0,104.0,20,24.45,35.14,4.97,0.668,NOAA ERDDAP / Argo Floats
2026-01-15T00:00:00Z,14.0,104.0,0,24.59,35.13,4.87,0.339,NOAA ERDDAP / Argo Floats
2026-01-15T00:00:00Z,15.0,104.0,50,24.84,35.55,4.74,0.56,NOAA ERDDAP / Argo Floats
2026-01-15T00:00:00Z,16.0,104.0,0,24.07,35.07,4.94,0.327,NOAA ERDDAP / Argo Floats
2026-01-15T00:00:00Z,17.0,104.0,10,24.75,34.79,4.94,0.444,NOAA ERDDAP / Argo Floats
2026-01-15T00:00:00Z,18.0,104.0,0,23.01,35.28,5.34,0.411,NOAA ERDDAP / Argo Floats
2026-01-15T00:00:00Z,19.0,104.0,0,24.34,34.73,5.34,0.497,NOAA ERDDAP / Argo Floats
2026-01-15T00:00:00Z,20.0,104.0,0,22.88,35.29,5.0,0.483,NOAA ERDDAP / Argo Floats
2026-01-15T00:00:00Z,21.0,104.0,0,22.15,35.49,5.1,0.411,NOAA ERDDAP / Argo Floats
2026-01-15T00:00:00Z,22.0,104.0,20,22.45,35.49,5.19,0.414,NOAA ERDDAP / Argo Floats
2026-01-15T00:00:00Z,23.0,104.0,0,23.23,34.72,5.46,1.0,NOAA ERDDAP / Argo Floats
2026-01-15T00:00:00Z,24.0,104.0,0,21.77,35.11,5.24,0.455,NOAA ERDDAP / Argo Floats
2026-01-15T00:00:00Z,25.0,104.0,0,23.84,35.4,4.97,0.443,NOAA ERDDAP / Argo Floats
2026-01-15T00:00:00Z,26.0,104.0,0,21.81,35.39,5.64,0.502,NOAA ERDDAP / Argo Floats
2026-01-15T00:00:00Z,27.0,104.0,0,21.27,34.81,5.57,0.561,NOAA ERDDAP / Argo Floats
2026-01-15T00:00:00Z,28.0,104.0,20,21.56,34.81,5.38,0.792,NOAA ERDDAP / Argo Floats
2026-01-15T00:00:00Z,29.0,104.0,0,20.64,35.25,5.56,0.658,NOAA ERDDAP / Argo Floats
2026-01-15T00:00:00Z,30.0,104.0,0,21.42,35.17,5.25,0.64,NOAA ERDDAP / Argo Floats
2026-01-15T00:00:00Z,-45.0,105.0,100,17.8,35.45,6.26,0.624,NOAA ERDDAP / Argo Floats
2026-01-15T00:00:00Z,-44.0,105.0,10,17.64,34.95,5.95,1.648,NOAA ERDDAP / Argo Floats
2026-01-15T00:00:00Z,-43.0,105.0,0,17.09,34.87,5.5,0.749,NOAA ERDDAP / Argo Floats
2026-01-15T00:00:00Z,-42.0,105.0,0,17.14,34.38,6.24,0.733,NOAA ERDDAP / Argo Floats
2026-01-15T00:00:00Z,-41.0,105.0,0,16.95,34.71,5.85,0.568,NOAA ERDDAP / Argo Floats
2026-01-15T00:00:00Z,-40.0,105.0,20,17.42,34.19,5.42,0.616,NOAA ERDDAP / Argo Floats
2026-01-15T00:00:00Z,-39.0,105.0,0,19.32,34.99,5.56,0.553,NOAA ERDDAP / Argo Floats
2026-01-15T00:00:00Z,-38.0,105.0,0,18.96,34.75,5.57,0.768,NOAA ERDDAP / Argo Floats
2026-01-15T00:00:00Z,-37.0,105.0,0,18.43,35.14,5.51,0.695,NOAA ERDDAP / Argo Floats
2026-01-15T00:00:00Z,-36.0,105.0,0,19.72,35.05,5.87,0.616,NOAA ERDDAP / Argo Floats
2026-01-15T00:00:00Z,-35.0,105.0,0,21.49,35.4,5.6,0.567,NOAA ERDDAP / Argo Floats
2026-01-15T00:00:00Z,-34.0,105.0,0,20.77,34.65,5.62,0.53,NOAA ERDDAP / Argo Floats
2026-01-15T00:00:00Z,-33.0,105.0,0,20.29,34.43,5.46,0.797,NOAA ERDDAP / Argo Floats
2026-01-15T00:00:00Z,-32.0,105.0,50,19.53,35.05,5.31,0.644,NOAA ERDDAP / Argo Floats
2026-01-15T00:00:00Z,-31.0,105.0,20,20.6,34.69,5.48,0.655,NOAA ERDDAP / Argo Floats
2026-01-15T00:00:00Z,-30.0,105.0,0,23.06,34.96,5.42,0.738,NOAA ERDDAP / Argo Floats
2026-01-15T00:00:00Z,-29.0,105.0,0,23.0,34.78,5.15,0.47,NOAA ERDDAP / Argo Floats
2026-01-15T00:00:00Z,-28.0,105.0,0,22.59,35.1,5.34,0.533,NOAA ERDDAP / Argo Floats
2026-01-15T00:00:00Z,-27.0,105.0,50,22.02,34.99,5.27,0.458,NOAA ERDDAP / Argo Floats
2026-01-15T00:00:00Z,-26.0,105.0,0,21.68,35.1,5.28,0.625,NOAA ERDDAP / Argo Floats
2026-01-15T00:00:00Z,-25.0,105.0,0,22.63,34.42,5.28,0.435,NOAA ERDDAP / Argo Floats
2026-01-15T00:00:00Z,-24.0,105.0,10,21.6,35.1,5.9,0.922,NOAA ERDDAP / Argo Floats
2026-01-15T00:00:00Z,-23.0,105.0,0,23.42,34.93,5.27,0.426,NOAA ERDDAP / Argo Floats
2026-01-15T00:00:00Z,-22.0,105.0,20,22.46,35.26,4.97,0.764,NOAA ERDDAP / Argo Floats
2026-01-15T00:00:00Z,-21.0,105.0,0,23.94,34.91,5.07,0.395,NOAA ERDDAP / Argo Floats
2026-01-15T00:00:00Z,-20.0,105.0,0,22.54,34.41,5.16,0.759,NOAA ERDDAP / Argo Floats
2026-01-15T00:00:00Z,-19.0,105.0,10,23.07,34.99,5.13,0.352,NOAA ERDDAP / Argo Floats
2026-01-15T00:00:00Z,-18.0,105.0,0,24.03,34.75,4.91,0.644,NOAA ERDDAP / Argo Floats
2026-01-15T00:00:00Z,-17.0,105.0,0,24.92,35.17,4.66,0.806,NOAA ERDDAP / Argo Floats
2026-01-15T00:00:00Z,-16.0,105.0,50,24.23,34.73,4.58,0.313,NOAA ERDDAP / Argo Floats
2026-01-15T00:00:00Z,-15.0,105.0,10,22.87,34.75,4.69,0.342,NOAA ERDDAP / Argo Floats
2026-01-15T00:00:00Z,-14.0,105.0,0,23.3,35.16,4.78,0.348,NOAA ERDDAP / Argo Floats
2026-01-15T00:00:00Z,-13.0,105.0,0,22.56,35.17,5.01,0.31,NOAA ERDDAP / Argo Floats
2026-01-15T00:00:00Z,-12.0,105.0,0,26.26,34.92,4.88,0.406,NOAA ERDDAP / Argo Floats
2026-01-15T00:00:00Z,-11.0,105.0,50,27.2,35.15,4.88,0.641,NOAA ERDDAP / Argo Floats
2026-01-15T00:00:00Z,-10.0,105.0,0,26.85,34.9,4.85,0.296,NOAA ERDDAP / Argo Floats
2026-01-15T00:00:00Z,-9.0,105.0,0,26.83,34.96,4.85,0.45,NOAA ERDDAP / Argo Floats
2026-01-15T00:00:00Z,-8.0,105.0,10,27.57,35.05,4.5,0.324,NOAA ERDDAP / Argo Floats
2026-01-15T00:00:00Z,-7.0,105.0,50,27.87,35.58,4.6,0.631,NOAA ERDDAP / Argo Floats
2026-01-15T00:00:00Z,-6.0,105.0,0,27.33,35.14,4.65,0.594,NOAA ERDDAP / Argo Floats
2026-01-15T00:00:00Z,-5.0,105.0,20,28.2,34.97,4.47,0.242,NOAA ERDDAP / Argo Floats
2026-01-15T00:00:00Z,-4.0,105.0,50,28.02,34.99,4.68,0.409,NOAA ERDDAP / Argo Floats
2026-01-15T00:00:00Z,-3.0,105.0,20,28.61,34.09,4.25,0.515,NOAA ERDDAP / Argo Floats
2026-01-15T00:00:00Z,-2.0,105.0,0,26.65,34.95,4.51,0.376,NOAA ERDDAP / Argo Floats
2026-01-15T00:00:00Z,-1.0,105.0,100,28.33,34.99,4.8,0.176,NOAA ERDDAP / Argo Floats
2026-01-15T00:00:00Z,0.0,105.0,50,28.98,35.3,4.11,0.279,NOAA ERDDAP / Argo Floats
2026-01-15T00:00:00Z,1.0,105.0,0,26.57,34.51,4.89,0.42,NOAA ERDDAP / Argo Floats
2026-01-15T00:00:00Z,2.0,105.0,20,26.95,35.09,4.45,0.277,NOAA ERDDAP / Argo Floats
2026-01-15T00:00:00Z,3.0,105.0,100,27.64,34.87,4.81,0.425,NOAA ERDDAP / Argo Floats
2026-01-15T00:00:00Z,4.0,105.0,20,27.46,35.64,4.54,0.272,NOAA ERDDAP / Argo Floats
2026-01-15T00:00:00Z,5.0,105.0,20,26.31,35.48,4.29,0.211,NOAA ERDDAP / Argo Floats
2026-01-15T00:00:00Z,6.0,105.0,0,26.62,35.12,4.82,0.463,NOAA ERDDAP / Argo Floats
2026-01-15T00:00:00Z,7.0,105.0,10,26.96,35.08,5.17,0.492,NOAA ERDDAP / Argo Floats
2026-01-15T00:00:00Z,8.0,105.0,0,26.92,34.93,4.96,0.45,NOAA ERDDAP / Argo Floats
2026-01-15T00:00:00Z,9.0,105.0,50,27.32,35.27,4.9,0.482,NOAA ERDDAP / Argo Floats
2026-01-15T00:00:00Z,10.0,105.0,0,24.84,34.53,4.82,0.563,NOAA ERDDAP / Argo Floats
2026-01-15T00:00:00Z,11.0,105.0,0,26.74,35.46,5.3,0.287,NOAA ERDDAP / Argo Floats
2026-01-15T00:00:00Z,12.0,105.0,20,25.04,34.76,5.03,0.47,NOAA ERDDAP / Argo Floats
2026-01-15T00:00:00Z,13.0,105.0,0,23.56,34.78,4.87,0.297,NOAA ERDDAP / Argo Floats
2026-01-15T00:00:00Z,14.0,105.0,0,25.63,35.32,4.86,0.438,NOAA ERDDAP / Argo Floats
2026-01-15T00:00:00Z,15.0,105.0,0,24.91,35.05,4.79,0.476,NOAA ERDDAP / Argo Floats
2026-01-15T00:00:00Z,16.0,105.0,0,25.14,35.39,5.28,0.312,NOAA ERDDAP / Argo Floats
2026-01-15T00:00:00Z,17.0,105.0,10,23.27,35.24,4.77,1.259,NOAA ERDDAP / Argo Floats
2026-01-15T00:00:00Z,18.0,105.0,10,23.34,35.12,5.3,0.635,NOAA ERDDAP / Argo Floats
2026-01-15T00:00:00Z,19.0,105.0,0,23.34,35.01,5.08,1.004,NOAA ERDDAP / Argo Floats
2026-01-15T00:00:00Z,20.0,105.0,0,24.14,35.65,4.94,1.04,NOAA ERDDAP / Argo Floats
2026-01-15T00:00:00Z,21.0,105.0,0,21.98,35.22,5.33,0.662,NOAA ERDDAP / Argo Floats
2026-01-15T00:00:00Z,22.0,105.0,50,23.47,35.19,4.81,0.594,NOAA ERDDAP / Argo Floats
2026-01-15T00:00:00Z,23.0,105.0,10,22.47,35.02,5.29,0.398,NOAA ERDDAP / Argo Floats
2026-01-15T00:00:00Z,24.0,105.0,50,22.64,35.07,5.11,0.958,NOAA ERDDAP / Argo Floats
2026-01-15T00:00:00Z,25.0,105.0,10,22.69,35.56,5.33,0.486,NOAA ERDDAP / Argo Floats
2026-01-15T00:00:00Z,26.0,105.0,0,21.24,35.37,5.34,0.657,NOAA ERDDAP / Argo Floats
2026-01-15T00:00:00Z,27.0,105.0,20,22.35,35.05,5.37,0.592,NOAA ERDDAP / Argo Floats
2026-01-15T00:00:00Z,28.0,105.0,50,22.67,35.35,5.66,0.54,NOAA ERDDAP / Argo Floats
2026-01-15T00:00:00Z,29.0,105.0,0,21.51,35.35,5.11,1.012,NOAA ERDDAP / Argo Floats
2026-01-15T00:00:00Z,30.0,105.0,20,21.7,34.85,5.46,0.47,NOAA ERDDAP / Argo Floats
2026-01-15T00:00:00Z,-45.0,106.0,10,16.83,34.37,5.91,0.632,NOAA ERDDAP / Argo Floats
2026-01-15T00:00:00Z,-44.0,106.0,20,16.04,34.62,5.85,0.658,NOAA ERDDAP / Argo Floats
2026-01-15T00:00:00Z,-43.0,106.0,0,18.43,34.8,5.57,0.843,NOAA ERDDAP / Argo Floats
2026-01-15T00:00:00Z,-42.0,106.0,50,17.21,34.93,5.75,0.845,NOAA ERDDAP / Argo Floats
2026-01-15T00:00:00Z,-41.0,106.0,0,18.01,34.79,5.7,0.682,NOAA ERDDAP / Argo Floats
2026-01-15T00:00:00Z,-40.0,106.0,10,19.53,35.04,5.87,0.604,NOAA ERDDAP / Argo Floats
2026-01-15T00:00:00Z,-39.0,106.0,20,18.82,35.32,5.72,0.677,NOAA ERDDAP / Argo Floats
2026-01-15T00:00:00Z,-38.0,106.0,20,19.93,34.7,5.52,0.975,NOAA ERDDAP / Argo Floats
2026-01-15T00:00:00Z,-37.0,106.0,20,20.69,35.09,5.42,0.854,NOAA ERDDAP / Argo Floats
2026-01-15T00:00:00Z,-36.0,106.0,10,19.99,34.92,5.49,0.596,NOAA ERDDAP / Argo Floats
2026-01-15T00:00:00Z,-35.0,106.0,100,19.84,35.04,5.43,0.507,NOAA ERDDAP / Argo Floats
2026-01-15T00:00:00Z,-34.0,106.0,10,21.73,34.83,5.41,0.718,NOAA ERDDAP / Argo Floats
2026-01-15T00:00:00Z,-33.0,106.0,0,18.88,35.62,5.02,0.611,NOAA ERDDAP / Argo Floats
2026-01-15T00:00:00Z,-32.0,106.0,20,20.8,35.09,5.39,0.702,NOAA ERDDAP / Argo Floats
2026-01-15T00:00:00Z,-31.0,106.0,0,20.34,35.21,5.48,0.528,NOAA ERDDAP / Argo Floats
2026-01-15T00:00:00Z,-30.0,106.0,0,22.41,34.91,5.29,0.632,NOAA ERDDAP / Argo Floats
2026-01-15T00:00:00Z,-29.0,106.0,0,20.99,35.28,4.94,0.574,NOAA ERDDAP / Argo Floats
2026-01-15T00:00:00Z,-28.0,106.0,100,21.73,34.71,5.18,0.518,NOAA ERDDAP / Argo Floats
2026-01-15T00:00:00Z,-27.0,106.0,10,23.02,34.98,5.25,0.437,NOAA ERDDAP / Argo Floats
2026-01-15T00:00:00Z,-26.0,106.0,0,22.11,35.27,5.25,0.545,NOAA ERDDAP / Argo Floats
2026-01-15T00:00:00Z,-25.0,106.0,100,22.21,34.6,5.25,0.436,NOAA ERDDAP / Argo Floats
2026-01-15T00:00:00Z,-24.0,106.0,20,22.01,34.63,5.25,0.888,NOAA ERDDAP / Argo Floats
2026-01-15T00:00:00Z,-23.0,106.0,10,21.83,35.19,5.39,0.397,NOAA ERDDAP / Argo Floats
2026-01-15T00:00:00Z,-22.0,106.0,50,21.7,34.41,5.21,0.497,NOAA ERDDAP / Argo Floats
2026-01-15T00:00:00Z,-21.0,106.0,10,23.6,34.71,5.1,0.51,NOAA ERDDAP / Argo Floats
2026-01-15T00:00:00Z,-20.0,106.0,0,22.02,35.58,4.57,0.919,NOAA ERDDAP / Argo Floats
2026-01-15T00:00:00Z,-19.0,106.0,0,22.69,35.18,4.99,0.418,NOAA ERDDAP / Argo Floats
2026-01-15T00:00:00Z,-18.0,106.0,10,23.98,34.39,5.07,0.387,NOAA ERDDAP / Argo Floats
2026-01-15T00:00:00Z,-17.0,106.0,20,24.07,34.68,5.03,0.398,NOAA ERDDAP / Argo Floats
2026-01-15T00:00:00Z,-16.0,106.0,0,25.01,34.8,5.15,0.341,NOAA ERDDAP / Argo Floats
2026-01-15T00:00:00Z,-15.0,106.0,100,24.12,35.16,4.96,0.326,NOAA ERDDAP / Argo Floats
2026-01-15T00:00:00Z,-14.0,106.0,0,26.8,34.33,4.8,0.386,NOAA ERDDAP / Argo Floats
2026-01-15T00:00:00Z,-13.0,106.0,0,25.23,35.2,4.66,0.382,NOAA ERDDAP / Argo Floats
2026-01-15T00:00:00Z,-12.0,106.0,0,25.64,34.74,5.05,0.33,NOAA ERDDAP / Argo Floats
2026-01-15T00:00:00Z,-11.0,106.0,0,26.67,35.02,5.04,0.275,NOAA ERDDAP / Argo Floats
2026-01-15T00:00:00Z,-10.0,106.0,0,25.79,34.74,4.97,0.415,NOAA ERDDAP / Argo Floats
2026-01-15T00:00:00Z,-9.0,106.0,0,26.3,34.86,5.09,0.404,NOAA ERDDAP / Argo Floats
2026-01-15T00:00:00Z,-8.0,106.0,10,26.71,35.0,4.69,0.369,NOAA ERDDAP / Argo Floats
2026-01-15T00:00:00Z,-7.0,106.0,20,26.15,34.86,4.65,0.592,NOAA ERDDAP / Argo Floats
2026-01-15T00:00:00Z,-6.0,106.0,10,26.54,35.01,4.97,0.301,NOAA ERDDAP / Argo Floats
2026-01-15T00:00:00Z,-5.0,106.0,0,27.25,35.31,4.34,0.342,NOAA ERDDAP / Argo Floats
2026-01-15T00:00:00Z,-4.0,106.0,20,27.28,35.52,4.84,0.758,NOAA ERDDAP / Argo Floats
2026-01-15T00:00:00Z,-3.0,106.0,10,27.49,34.96,4.37,0.585,NOAA ERDDAP / Argo Floats
2026-01-15T00:00:00Z,-2.0,106.0,0,26.49,35.1,4.22,0.346,NOAA ERDDAP / Argo Floats
2026-01-15T00:00:00Z,-1.0,106.0,0,28.29,34.66,4.29,0.193,NOAA ERDDAP / Argo Floats
2026-01-15T00:00:00Z,0.0,106.0,10,26.75,34.47,4.31,0.483,NOAA ERDDAP / Argo Floats
2026-01-15T00:00:00Z,1.0,106.0,20,28.44,35.49,4.58,0.468,NOAA ERDDAP / Argo Floats
2026-01-15T00:00:00Z,2.0,106.0,0,28.0,35.55,4.94,0.232,NOAA ERDDAP / Argo Floats
2026-01-15T00:00:00Z,3.0,106.0,10,27.64,34.59,4.56,0.304,NOAA ERDDAP / Argo Floats
2026-01-15T00:00:00Z,4.0,106.0,0,27.56,34.4,4.64,0.795,NOAA ERDDAP / Argo Floats
2026-01-15T00:00:00Z,5.0,106.0,0,27.62,34.8,4.91,0.203,NOAA ERDDAP / Argo Floats
2026-01-15T00:00:00Z,6.0,106.0,20,26.32,35.3,4.58,0.847,NOAA ERDDAP / Argo Floats
2026-01-15T00:00:00Z,7.0,106.0,0,26.27,34.82,4.34,0.49,NOAA ERDDAP / Argo Floats
2026-01-15T00:00:00Z,8.0,106.0,50,27.62,35.33,4.59,0.67,NOAA ERDDAP / Argo Floats
2026-01-15T00:00:00Z,9.0,106.0,10,25.45,35.06,4.73,0.26,NOAA ERDDAP / Argo Floats
2026-01-15T00:00:00Z,10.0,106.0,10,25.57,35.06,4.53,0.31,NOAA ERDDAP / Argo Floats
2026-01-15T00:00:00Z,11.0,106.0,0,25.86,34.89,4.65,0.69,NOAA ERDDAP / Argo Floats
2026-01-15T00:00:00Z,12.0,106.0,10,25.4,34.92,4.81,0.448,NOAA ERDDAP / Argo Floats
2026-01-15T00:00:00Z,13.0,106.0,0,25.37,34.64,4.98,0.367,NOAA ERDDAP / Argo Floats
2026-01-15T00:00:00Z,14.0,106.0,0,25.15,35.0,4.95,0.548,NOAA ERDDAP / Argo Floats
2026-01-15T00:00:00Z,15.0,106.0,10,24.32,35.57,4.69,0.697,NOAA ERDDAP / Argo Floats
2026-01-15T00:00:00Z,16.0,106.0,20,24.66,34.8,4.9,0.455,NOAA ERDDAP / Argo Floats
2026-01-15T00:00:00Z,17.0,106.0,0,25.92,35.7,4.97,0.565,NOAA ERDDAP / Argo Floats
2026-01-15T00:00:00Z,18.0,106.0,20,24.31,34.69,4.93,0.745,NOAA ERDDAP / Argo Floats
2026-01-15T00:00:00Z,19.0,106.0,20,23.86,34.93,5.46,0.563,NOAA ERDDAP / Argo Floats
2026-01-15T00:00:00Z,20.0,106.0,0,23.48,35.51,4.99,0.789,NOAA ERDDAP / Argo Floats
2026-01-15T00:00:00Z,21.0,106.0,0,22.66,34.5,5.15,0.461,NOAA ERDDAP / Argo Floats
2026-01-15T00:00:00Z,22.0,106.0,20,23.9,35.31,5.38,0.413,NOAA ERDDAP / Argo Floats
2026-01-15T00:00:00Z,23.0,106.0,0,22.91,34.98,5.14,0.784,NOAA ERDDAP / Argo Floats
2026-01-15T00:00:00Z,24.0,106.0,50,21.36,34.36,5.47,0.84,NOAA ERDDAP / Argo Floats
2026-01-15T00:00:00Z,25.0,106.0,0,22.33,35.28,5.34,0.529,NOAA ERDDAP / Argo Floats
2026-01-15T00:00:00Z,26.0,106.0,10,22.42,35.07,5.28,0.418,NOAA ERDDAP / Argo Floats
2026-01-15T00:00:00Z,27.0,106.0,0,21.34,34.88,5.35,0.849,NOAA ERDDAP / Argo Floats
2026-01-15T00:00:00Z,28.0,106.0,50,21.53,35.36,5.0,0.921,NOAA ERDDAP / Argo Floats
2026-01-15T00:00:00Z,29.0,106.0,10,20.25,35.24,5.48,0.554,NOAA ERDDAP / Argo Floats
2026-01-15T00:00:00Z,30.0,106.0,0,20.97,35.04,5.67,0.584,NOAA ERDDAP / Argo Floats
2026-01-15T00:00:00Z,-45.0,107.0,100,17.5,34.88,6.0,0.833,NOAA ERDDAP / Argo Floats
2026-01-15T00:00:00Z,-44.0,107.0,10,18.44,34.85,5.51,0.631,NOAA ERDDAP / Argo Floats
2026-01-15T00:00:00Z,-43.0,107.0,20,17.91,34.95,5.82,0.615,NOAA ERDDAP / Argo Floats
2026-01-15T00:00:00Z,-42.0,107.0,0,17.4,34.64,5.78,0.601,NOAA ERDDAP / Argo Floats
2026-01-15T00:00:00Z,-41.0,107.0,10,17.63,34.59,5.91,0.563,NOAA ERDDAP / Argo Floats
2026-01-15T00:00:00Z,-40.0,107.0,50,19.96,34.59,5.65,1.08,NOAA ERDDAP / Argo Floats
2026-01-15T00:00:00Z,-39.0,107.0,0,18.78,34.72,5.61,0.967,NOAA ERDDAP / Argo Floats
2026-01-15T00:00:00Z,-38.0,107.0,0,18.81,34.59,5.42,0.641,NOAA ERDDAP / Argo Floats
2026-01-15T00:00:00Z,-37.0,107.0,20,20.46,34.55,5.36,0.64,NOAA ERDDAP / Argo Floats
2026-01-15T00:00:00Z,-36.0,107.0,0,20.69,34.71,5.71,0.769,NOAA ERDDAP / Argo Floats
2026-01-15T00:00:00Z,-35.0,107.0,10,20.68,34.65,5.67,0.59,NOAA ERDDAP / Argo Floats
2026-01-15T00:00:00Z,-34.0,107.0,0,20.01,34.57,5.87,1.06,NOAA ERDDAP / Argo Floats
2026-01-15T00:00:00Z,-33.0,107.0,0,19.89,35.07,5.45,0.626,NOAA ERDDAP / Argo Floats
2026-01-15T00:00:00Z,-32.0,107.0,50,20.65,34.44,5.4,0.515,NOAA ERDDAP / Argo Floats
2026-01-15T00:00:00Z,-31.0,107.0,20,19.1,34.66,5.34,0.964,NOAA ERDDAP / Argo Floats
2026-01-15T00:00:00Z,-30.0,107.0,10,20.65,35.03,5.1,0.972,NOAA ERDDAP / Argo Floats
2026-01-15T00:00:00Z,-29.0,107.0,0,22.6,34.4,5.27,0.65,NOAA ERDDAP / Argo Floats
2026-01-15T00:00:00Z,-28.0,107.0,0,21.25,34.86,5.29,0.762,NOAA ERDDAP / Argo Floats
2026-01-15T00:00:00Z,-27.0,107.0,0,22.18,34.72,5.05,0.6,NOAA ERDDAP / Argo Floats
2026-01-15T00:00:00Z,-26.0,107.0,10,22.6,34.65,5.19,0.625,NOAA ERDDAP / Argo Floats
2026-01-15T00:00:00Z,-25.0,107.0,0,20.46,34.35,5.58,0.442,NOAA ERDDAP / Argo Floats
2026-01-15T00:00:00Z,-24.0,107.0,20,23.76,34.22,4.69,0.404,NOAA ERDDAP / Argo Floats
2026-01-15T00:00:00Z,-23.0,107.0,0,21.49,34.53,5.43,0.646,NOAA ERDDAP / Argo Floats
2026-01-15T00:00:00Z,-22.0,107.0,0,22.03,34.96,5.33,0.561,NOAA ERDDAP / Argo Floats
2026-01-15T00:00:00Z,-21.0,107.0,0,22.55,34.29,4.99,0.87,NOAA ERDDAP / Argo Floats
2026-01-15T00:00:00Z,-20.0,107.0,10,24.32,34.37,5.24,0.45,NOAA ERDDAP / Argo Floats
2026-01-15T00:00:00Z,-19.0,107.0,20,24.76,34.4,5.09,0.458,NOAA ERDDAP / Argo Floats
2026-01-15T00:00:00Z,-18.0,107.0,20,22.43,35.52,4.86,0.355,NOAA ERDDAP / Argo Floats
2026-01-15T00:00:00Z,-17.0,107.0,0,25.33,34.92,4.95,0.321,NOAA ERDDAP / Argo Floats
2026-01-15T00:00:00Z,-16.0,107.0,0,24.94,34.84,5.26,0.317,NOAA ERDDAP / Argo Floats
2026-01-15T00:00:00Z,-15.0,107.0,10,24.61,34.46,4.93,0.486,NOAA ERDDAP / Argo Floats
2026-01-15T00:00:00Z,-14.0,107.0,0,25.55,34.93,5.03,0.389,NOAA ERDDAP / Argo Floats
2026-01-15T00:00:00Z,-13.0,107.0,10,24.39,35.07,4.74,0.505,NOAA ERDDAP / Argo Floats
2026-01-15T00:00:00Z,-12.0,107.0,20,26.32,35.17,4.88,0.377,NOAA ERDDAP / Argo Floats
2026-01-15T00:00:00Z,-11.0,107.0,20,27.28,34.82,5.1,0.266,NOAA ERDDAP / Argo Floats
2026-01-15T00:00:00Z,-10.0,107.0,0,24.6,35.3,4.68,0.325,NOAA ERDDAP / Argo Floats
2026-01-15T00:00:00Z,-9.0,107.0,50,26.21,34.82,4.74,0.407,NOAA ERDDAP / Argo Floats
2026-01-15T00:00:00Z,-8.0,107.0,0,25.99,35.09,4.72,0.234,NOAA ERDDAP / Argo Floats
2026-01-15T00:00:00Z,-7.0,107.0,10,26.42,35.05,4.75,0.895,NOAA ERDDAP / Argo Floats
2026-01-15T00:00:00Z,-6.0,107.0,20,27.18,34.63,4.17,0.379,NOAA ERDDAP / Argo Floats
2026-01-15T00:00:00Z,-5.0,107.0,0,27.86,35.16,4.82,0.466,NOAA ERDDAP / Argo Floats
2026-01-15T00:00:00Z,-4.0,107.0,10,28.34,35.34,4.5,0.286,NOAA ERDDAP / Argo Floats
2026-01-15T00:00:00Z,-3.0,107.0,0,28.9,34.95,4.64,0.604,NOAA ERDDAP / Argo Floats
2026-01-15T00:00:00Z,-2.0,107.0,0,27.26,35.39,4.54,0.339,NOAA ERDDAP / Argo Floats
2026-01-15T00:00:00Z,-1.0,107.0,0,28.51,35.42,4.72,0.402,NOAA ERDDAP / Argo Floats
2026-01-15T00:00:00Z,0.0,107.0,20,28.99,34.81,4.49,0.695,NOAA ERDDAP / Argo Floats
2026-01-15T00:00:00Z,1.0,107.0,0,27.77,34.95,4.42,0.234,NOAA ERDDAP / Argo Floats
2026-01-15T00:00:00Z,2.0,107.0,10,28.95,34.93,4.79,0.511,NOAA ERDDAP / Argo Floats
2026-01-15T00:00:00Z,3.0,107.0,10,28.53,34.68,4.48,0.34,NOAA ERDDAP / Argo Floats
2026-01-15T00:00:00Z,4.0,107.0,20,27.33,34.87,4.52,0.744,NOAA ERDDAP / Argo Floats
2026-01-15T00:00:00Z,5.0,107.0,50,25.93,34.51,4.67,0.226,NOAA ERDDAP / Argo Floats
2026-01-15T00:00:00Z,6.0,107.0,100,28.93,35.36,4.35,0.729,NOAA ERDDAP / Argo Floats
2026-01-15T00:00:00Z,7.0,107.0,50,25.56,34.81,4.51,0.315,NOAA ERDDAP / Argo Floats
2026-01-15T00:00:00Z,8.0,107.0,0,27.89,35.14,4.77,0.378,NOAA ERDDAP / Argo Floats
2026-01-15T00:00:00Z,9.0,107.0,50,25.56,34.88,4.78,0.584,NOAA ERDDAP / Argo Floats
2026-01-15T00:00:00Z,10.0,107.0,0,26.22,35.13,4.85,0.477,NOAA ERDDAP / Argo Floats
2026-01-15T00:00:00Z,11.0,107.0,0,26.14,35.11,5.02,0.33,NOAA ERDDAP / Argo Floats
2026-01-15T00:00:00Z,12.0,107.0,50,24.84,35.21,4.61,0.872,NOAA ERDDAP / Argo Floats
2026-01-15T00:00:00Z,13.0,107.0,0,24.4,35.56,5.0,0.479,NOAA ERDDAP / Argo Floats
2026-01-15T00:00:00Z,14.0,107.0,10,25.29,35.14,4.63,0.455,NOAA ERDDAP / Argo Floats
2026-01-15T00:00:00Z,15.0,107.0,0,24.86,34.92,4.66,0.312,NOAA ERDDAP / Argo Floats
2026-01-15T00:00:00Z,16.0,107.0,20,24.06,34.95,4.79,0.41,NOAA ERDDAP / Argo Floats
2026-01-15T00:00:00Z,17.0,107.0,0,24.15,34.72,4.93,0.592,NOAA ERDDAP / Argo Floats
2026-01-15T00:00:00Z,18.0,107.0,50,23.03,35.46,5.11,0.431,NOAA ERDDAP / Argo Floats
2026-01-15T00:00:00Z,19.0,107.0,20,23.23,34.63,5.08,0.532,NOAA ERDDAP / Argo Floats
2026-01-15T00:00:00Z,20.0,107.0,20,22.5,35.18,5.18,0.557,NOAA ERDDAP / Argo Floats
2026-01-15T00:00:00Z,21.0,107.0,0,23.44,35.94,5.06,0.497,NOAA ERDDAP / Argo Floats
2026-01-15T00:00:00Z,22.0,107.0,20,22.07,35.1,5.12,0.666,NOAA ERDDAP / Argo Floats
2026-01-15T00:00:00Z,23.0,107.0,0,22.58,35.01,5.32,0.484,NOAA ERDDAP / Argo Floats
2026-01-15T00:00:00Z,24.0,107.0,50,23.66,34.72,5.03,0.413,NOAA ERDDAP / Argo Floats
2026-01-15T00:00:00Z,25.0,107.0,50,23.06,34.9,5.15,1.184,NOAA ERDDAP / Argo Floats
2026-01-15T00:00:00Z,26.0,107.0,0,22.2,34.62,5.3,0.504,NOAA ERDDAP / Argo Floats
2026-01-15T00:00:00Z,27.0,107.0,20,22.62,35.23,5.03,0.621,NOAA ERDDAP / Argo Floats
2026-01-15T00:00:00Z,28.0,107.0,0,20.35,35.21,5.26,0.541,NOAA ERDDAP / Argo Floats
2026-01-15T00:00:00Z,29.0,107.0,0,20.08,35.21,5.53,0.476,NOAA ERDDAP / Argo Floats
2026-01-15T00:00:00Z,30.0,107.0,10,19.96,35.24,5.2,0.61,NOAA ERDDAP / Argo Floats
2026-01-15T00:00:00Z,-45.0,108.0,0,17.38,34.48,6.33,0.657,NOAA ERDDAP / Argo Floats
2026-01-15T00:00:00Z,-44.0,108.0,50,16.99,34.78,5.7,0.709,NOAA ERDDAP / Argo Floats
2026-01-15T00:00:00Z,-43.0,108.0,0,16.33,35.26,5.78,0.637,NOAA ERDDAP / Argo Floats
2026-01-15T00:00:00Z,-42.0,108.0,10,18.74,34.55,5.68,0.742,NOAA ERDDAP / Argo Floats
2026-01-15T00:00:00Z,-41.0,108.0,0,18.86,34.97,5.62,0.567,NOAA ERDDAP / Argo Floats
2026-01-15T00:00:00Z,-40.0,108.0,20,18.45,34.55,5.76,0.704,NOAA ERDDAP / Argo Floats
2026-01-15T00:00:00Z,-39.0,108.0,10,20.11,34.69,5.53,0.725,NOAA ERDDAP / Argo Floats
2026-01-15T00:00:00Z,-38.0,108.0,0,19.45,34.55,5.89,0.62,NOAA ERDDAP / Argo Floats
2026-01-15T00:00:00Z,-37.0,108.0,50,19.04,34.54,5.67,0.657,NOAA ERDDAP / Argo Floats
2026-01-15T00:00:00Z,-36.0,108.0,0,18.26,34.58,5.92,0.66,NOAA ERDDAP / Argo Floats
2026-01-15T00:00:00Z,-35.0,108.0,0,19.93,34.87,5.57,0.761,NOAA ERDDAP / Argo Floats
2026-01-15T00:00:00Z,-34.0,108.0,10,20.08,34.26,5.41,0.5,NOAA ERDDAP / Argo Floats
2026-01-15T00:00:00Z,-33.0,108.0,0,18.98,34.79,5.37,0.668,NOAA ERDDAP / Argo Floats
2026-01-15T00:00:00Z,-32.0,108.0,20,21.0,34.74,5.32,0.898,NOAA ERDDAP / Argo Floats
2026-01-15T00:00:00Z,-31.0,108.0,0,20.25,35.27,5.45,0.758,NOAA ERDDAP / Argo Floats
2026-01-15T00:00:00Z,-30.0,108.0,0,20.73,35.39,5.44,0.614,NOAA ERDDAP / Argo Floats
2026-01-15T00:00:00Z,-29.0,108.0,0,20.91,34.62,5.41,0.48,NOAA ERDDAP / Argo Floats
2026-01-15T00:00:00Z,-28.0,108.0,20,21.16,35.16,5.23,0.536,NOAA ERDDAP / Argo Floats
2026-01-15T00:00:00Z,-27.0,108.0,0,21.98,34.44,5.46,0.457,NOAA ERDDAP / Argo Floats
2026-01-15T00:00:00Z,-26.0,108.0,50,22.09,34.49,5.36,0.937,NOAA ERDDAP / Argo Floats
2026-01-15T00:00:00Z,-25.0,108.0,50,23.11,35.05,5.13,0.476,NOAA ERDDAP / Argo Floats
2026-01-15T00:00:00Z,-24.0,108.0,10,21.82,34.64,4.82,0.434,NOAA ERDDAP / Argo Floats
2026-01-15T00:00:00Z,-23.0,108.0,20,22.9,35.36,5.08,0.63,NOAA ERDDAP / Argo Floats
2026-01-15T00:00:00Z,-22.0,108.0,0,23.03,35.06,4.92,0.375,NOAA ERDDAP / Argo Floats
2026-01-15T00:00:00Z,-21.0,108.0,0,22.37,34.75,4.91,0.449,NOAA ERDDAP / Argo Floats
2026-01-15T00:00:00Z,-20.0,108.0,100,23.39,35.02,5.12,0.447,NOAA ERDDAP / Argo Floats
2026-01-15T00:00:00Z,-19.0,108.0,0,22.99,35.13,5.16,0.75,NOAA ERDDAP / Argo Floats
2026-01-15T00:00:00Z,-18.0,108.0,0,23.5,35.91,5.04,0.733,NOAA ERDDAP / Argo Floats
2026-01-15T00:00:00Z,-17.0,108.0,0,24.65,34.58,4.94,0.471,NOAA ERDDAP / Argo Floats
2026-01-15T00:00:00Z,-16.0,108.0,10,24.62,35.08,5.35,0.361,NOAA ERDDAP / Argo Floats
2026-01-15T00:00:00Z,-15.0,108.0,10,25.97,34.69,4.87,0.514,NOAA ERDDAP / Argo Floats
2026-01-15T00:00:00Z,-14.0,108.0,10,24.64,34.94,5.17,0.299,NOAA ERDDAP / Argo Floats
2026-01-15T00:00:00Z,-13.0,108.0,0,25.49,34.63,4.89,0.547,NOAA ERDDAP / Argo Floats
2026-01-15T00:00:00Z,-12.0,108.0,10,25.35,35.36,4.79,0.386,NOAA ERDDAP / Argo Floats
2026-01-15T00:00:00Z,-11.0,108.0,50,25.29,34.66,5.04,0.367,NOAA ERDDAP / Argo Floats
2026-01-15T00:00:00Z,-10.0,108.0,10,25.21,34.99,4.75,0.353,NOAA ERDDAP / Argo Floats
2026-01-15T00:00:00Z,-9.0,108.0,10,27.23,34.52,4.74,0.283,NOAA ERDDAP / Argo Floats
2026-01-15T00:00:00Z,-8.0,108.0,0,25.32,34.8,4.83,0.587,NOAA ERDDAP / Argo Floats
2026-01-15T00:00:00Z,-7.0,108.0,20,28.43,34.7,4.81,0.404,NOAA ERDDAP / Argo Floats
2026-01-15T00:00:00Z,-6.0,108.0,0,27.05,34.91,4.75,0.354,NOAA ERDDAP / Argo Floats
2026-01-15T00:00:00Z,-5.0,108.0,0,25.46,34.8,4.53,0.248,NOAA ERDDAP / Argo Floats
2026-01-15T00:00:00Z,-4.0,108.0,0,27.64,35.24,4.39,0.338,NOAA ERDDAP / Argo Floats
2026-01-15T00:00:00Z,-3.0,108.0,0,28.43,34.82,4.5,0.368,NOAA ERDDAP / Argo Floats
2026-01-15T00:00:00Z,-2.0,108.0,10,27.89,34.77,4.02,0.198,NOAA ERDDAP / Argo Floats
2026-01-15T00:00:00Z,-1.0,108.0,0,31.0,35.08,4.38,0.275,NOAA ERDDAP / Argo Floats
2026-01-15T00:00:00Z,0.0,108.0,20,28.57,34.59,4.24,0.227,NOAA ERDDAP / Argo Floats
2026-01-15T00:00:00Z,1.0,108.0,10,27.68,35.31,4.44,0.169,NOAA ERDDAP / Argo Floats
2026-01-15T00:00:00Z,2.0,108.0,10,26.72,34.87,4.81,0.281,NOAA ERDDAP / Argo Floats
2026-01-15T00:00:00Z,3.0,108.0,10,27.22,34.78,4.41,0.233,NOAA ERDDAP / Argo Floats
2026-01-15T00:00:00Z,4.0,108.0,10,28.07,35.63,4.31,0.263,NOAA ERDDAP / Argo Floats
2026-01-15T00:00:00Z,5.0,108.0,20,26.96,35.37,4.75,0.486,NOAA ERDDAP / Argo Floats
2026-01-15T00:00:00Z,6.0,108.0,0,26.15,34.87,5.07,0.213,NOAA ERDDAP / Argo Floats
2026-01-15T00:00:00Z,7.0,108.0,20,26.45,34.59,4.93,0.238,NOAA ERDDAP / Argo Floats
2026-01-15T00:00:00Z,8.0,108.0,0,26.24,34.96,4.47,0.822,NOAA ERDDAP / Argo Floats
2026-01-15T00:00:00Z,9.0,108.0,20,25.83,35.19,4.75,0.262,NOAA ERDDAP / Argo Floats
2026-01-15T00:00:00Z,10.0,108.0,0,28.03,34.93,4.91,0.271,NOAA ERDDAP / Argo Floats
2026-01-15T00:00:00Z,11.0,108.0,10,25.94,34.78,4.66,0.5,NOAA ERDDAP / Argo Floats
2026-01-15T00:00:00Z,12.0,108.0,100,27.23,34.69,4.89,0.424,NOAA ERDDAP / Argo Floats
2026-01-15T00:00:00Z,13.0,108.0,0,23.88,35.26,4.81,0.357,NOAA ERDDAP / Argo Floats
2026-01-15T00:00:00Z,14.0,108.0,0,24.88,34.84,4.69,0.309,NOAA ERDDAP / Argo Floats
2026-01-15T00:00:00Z,15.0,108.0,20,25.13,35.63,4.79,0.45,NOAA ERDDAP / Argo Floats
2026-01-15T00:00:00Z,16.0,108.0,20,24.63,34.75,4.89,0.33,NOAA ERDDAP / Argo Floats
2026-01-15T00:00:00Z,17.0,108.0,100,23.89,34.9,5.03,0.752,NOAA ERDDAP / Argo Floats
2026-01-15T00:00:00Z,18.0,108.0,50,23.26,35.19,4.93,0.743,NOAA ERDDAP / Argo Floats
2026-01-15T00:00:00Z,19.0,108.0,50,24.07,35.0,5.18,0.615,NOAA ERDDAP / Argo Floats
2026-01-15T00:00:00Z,20.0,108.0,0,23.77,35.27,5.38,0.697,NOAA ERDDAP / Argo Floats
2026-01-15T00:00:00Z,21.0,108.0,20,24.5,34.97,4.91,0.792,NOAA ERDDAP / Argo Floats
2026-01-15T00:00:00Z,22.0,108.0,100,23.72,34.8,5.44,0.473,NOAA ERDDAP / Argo Floats
2026-01-15T00:00:00Z,23.0,108.0,0,22.7,35.02,5.2,0.559,NOAA ERDDAP / Argo Floats
2026-01-15T00:00:00Z,24.0,108.0,0,22.88,34.55,5.34,1.249,NOAA ERDDAP / Argo Floats
2026-01-15T00:00:00Z,25.0,108.0,0,22.04,35.34,5.31,0.441,NOAA ERDDAP / Argo Floats
2026-01-15T00:00:00Z,26.0,108.0,10,22.06,34.79,5.44,0.791,NOAA ERDDAP / Argo Floats
2026-01-15T00:00:00Z,27.0,108.0,0,23.76,35.11,5.4,0.544,NOAA ERDDAP / Argo Floats
2026-01-15T00:00:00Z,28.0,108.0,100,20.57,35.09,5.24,0.444,NOAA ERDDAP / Argo Floats
2026-01-15T00:00:00Z,29.0,108.0,0,20.15,34.75,5.29,0.757,NOAA ERDDAP / Argo Floats
2026-01-15T00:00:00Z,30.0,108.0,0,22.27,35.17,5.39,0.588,NOAA ERDDAP / Argo Floats
2026-01-15T00:00:00Z,-45.0,109.0,0,16.97,34.44,5.91,0.71,NOAA ERDDAP / Argo Floats
2026-01-15T00:00:00Z,-44.0,109.0,0,16.93,34.14,5.58,0.594,NOAA ERDDAP / Argo Floats
2026-01-15T00:00:00Z,-43.0,109.0,100,18.32,34.81,5.64,0.77,NOAA ERDDAP / Argo Floats
2026-01-15T00:00:00Z,-42.0,109.0,100,17.5,34.73,6.1,0.58,NOAA ERDDAP / Argo Floats
2026-01-15T00:00:00Z,-41.0,109.0,0,17.47,35.14,5.53,0.771,NOAA ERDDAP / Argo Floats
2026-01-15T00:00:00Z,-40.0,109.0,20,18.68,34.61,5.61,0.768,NOAA ERDDAP / Argo Floats
2026-01-15T00:00:00Z,-39.0,109.0,10,19.95,34.9,5.82,0.654,NOAA ERDDAP / Argo Floats
2026-01-15T00:00:00Z,-38.0,109.0,50,19.76,35.09,5.45,0.536,NOAA ERDDAP / Argo Floats
2026-01-15T00:00:00Z,-37.0,109.0,0,18.95,35.06,5.71,0.563,NOAA ERDDAP / Argo Floats
2026-01-15T00:00:00Z,-36.0,109.0,0,19.82,34.84,5.55,0.826,NOAA ERDDAP / Argo Floats
2026-01-15T00:00:00Z,-35.0,109.0,0,19.82,34.72,5.08,0.775,NOAA ERDDAP / Argo Floats
2026-01-15T00:00:00Z,-34.0,109.0,100,19.05,35.09,5.57,0.564,NOAA ERDDAP / Argo Floats
2026-01-15T00:00:00Z,-33.0,109.0,0,19.7,34.88,5.75,0.576,NOAA ERDDAP / Argo Floats
2026-01-15T00:00:00Z,-32.0,109.0,50,21.12,34.8,5.09,0.53,NOAA ERDDAP / Argo Floats
2026-01-15T00:00:00Z,-31.0,109.0,0,22.03,35.11,5.54,0.645,NOAA ERDDAP / Argo Floats
2026-01-15T00:00:00Z,-30.0,109.0,0,22.1,34.69,5.62,0.519,NOAA ERDDAP / Argo Floats
2026-01-15T00:00:00Z,-29.0,109.0,10,21.7,34.54,5.54,0.57,NOAA ERDDAP / Argo Floats
2026-01-15T00:00:00Z,-28.0,109.0,50,21.87,35.06,5.15,0.981,NOAA ERDDAP / Argo Floats
2026-01-15T00:00:00Z,-27.0,109.0,100,20.98,35.13,5.59,0.52,NOAA ERDDAP / Argo Floats
2026-01-15T00:00:00Z,-26.0,109.0,0,22.81,34.74,5.26,0.441,NOAA ERDDAP / Argo Floats
2026-01-15T00:00:00Z,-25.0,109.0,100,22.5,35.41,5.41,0.636,NOAA ERDDAP / Argo Floats
2026-01-15T00:00:00Z,-24.0,109.0,100,22.17,34.59,5.19,0.415,NOAA ERDDAP / Argo Floats
2026-01-15T00:00:00Z,-23.0,109.0,20,22.29,34.62,5.09,0.544,NOAA ERDDAP / Argo Floats
2026-01-15T00:00:00Z,-22.0,109.0,100,22.48,35.08,4.94,0.476,NOAA ERDDAP / Argo Floats
2026-01-15T00:00:00Z,-21.0,109.0,0,23.02,34.86,5.24,0.441,NOAA ERDDAP / Argo Floats
2026-01-15T00:00:00Z,-20.0,109.0,0,24.14,34.64,5.06,0.52,NOAA ERDDAP / Argo Floats
2026-01-15T00:00:00Z,-19.0,109.0,20,24.9,34.97,4.9,0.555,NOAA ERDDAP / Argo Floats
2026-01-15T00:00:00Z,-18.0,109.0,20,24.06,34.39,4.94,0.386,NOAA ERDDAP / Argo Floats
2026-01-15T00:00:00Z,-17.0,109.0,0,24.07,34.88,5.0,0.371,NOAA ERDDAP / Argo Floats
2026-01-15T00:00:00Z,-16.0,109.0,20,25.47,34.81,4.85,0.384,NOAA ERDDAP / Argo Floats
2026-01-15T00:00:00Z,-15.0,109.0,50,25.18,35.04,4.94,0.586,NOAA ERDDAP / Argo Floats
2026-01-15T00:00:00Z,-14.0,109.0,20,23.81,35.12,4.58,0.565,NOAA ERDDAP / Argo Floats
2026-01-15T00:00:00Z,-13.0,109.0,10,25.3,35.32,4.87,1.236,NOAA ERDDAP / Argo Floats
2026-01-15T00:00:00Z,-12.0,109.0,10,27.39,35.04,4.69,0.42,NOAA ERDDAP / Argo Floats
2026-01-15T00:00:00Z,-11.0,109.0,0,25.51,34.99,5.1,0.511,NOAA ERDDAP / Argo Floats
2026-01-15T00:00:00Z,-10.0,109.0,0,25.38,35.29,4.59,0.297,NOAA ERDDAP / Argo Floats
2026-01-15T00:00:00Z,-9.0,109.0,0,26.8,34.69,4.41,0.265,NOAA ERDDAP / Argo Floats
2026-01-15T00:00:00Z,-8.0,109.0,50,27.05,34.52,4.62,0.295,NOAA ERDDAP / Argo Floats
2026-01-15T00:00:00Z,-7.0,109.0,0,25.15,34.75,4.88,0.481,NOAA ERDDAP / Argo Floats
2026-01-15T00:00:00Z,-6.0,109.0,10,26.44,34.58,4.72,0.255,NOAA ERDDAP / Argo Floats
2026-01-15T00:00:00Z,-5.0,109.0,0,25.87,34.59,4.9,0.623,NOAA ERDDAP / Argo Floats
2026-01-15T00:00:00Z,-4.0,109.0,0,28.33,34.78,4.67,0.517,NOAA ERDDAP / Argo Floats
2026-01-15T00:00:00Z,-3.0,109.0,20,26.47,35.21,4.65,0.955,NOAA ERDDAP / Argo Floats
2026-01-15T00:00:00Z,-2.0,109.0,10,27.49,35.16,4.78,0.311,NOAA ERDDAP / Argo Floats
2026-01-15T00:00:00Z,-1.0,109.0,10,28.82,34.86,4.53,0.539,NOAA ERDDAP / Argo Floats
2026-01-15T00:00:00Z,0.0,109.0,0,28.36,35.27,4.59,0.489,NOAA ERDDAP / Argo Floats
2026-01-15T00:00:00Z,1.0,109.0,0,28.64,34.87,4.59,0.436,NOAA ERDDAP / Argo Floats
2026-01-15T00:00:00Z,2.0,109.0,0,27.98,34.78,4.52,0.2,NOAA ERDDAP / Argo Floats
2026-01-15T00:00:00Z,3.0,109.0,10,27.58,35.24,4.96,0.6,NOAA ERDDAP / Argo Floats
2026-01-15T00:00:00Z,4.0,109.0,0,26.6,34.73,4.53,0.327,NOAA ERDDAP / Argo Floats
2026-01-15T00:00:00Z,5.0,109.0,0,26.96,35.14,4.77,0.764,NOAA ERDDAP / Argo Floats
2026-01-15T00:00:00Z,6.0,109.0,100,27.02,35.23,4.59,0.262,NOAA ERDDAP / Argo Floats
2026-01-15T00:00:00Z,7.0,109.0,0,27.42,35.4,4.8,0.282,NOAA ERDDAP / Argo Floats
2026-01-15T00:00:00Z,8.0,109.0,10,24.92,35.03,4.38,0.408,NOAA ERDDAP / Argo Floats
2026-01-15T00:00:00Z,9.0,109.0,0,27.35,35.12,4.75,0.354,NOAA ERDDAP / Argo Floats
2026-01-15T00:00:00Z,10.0,109.0,50,26.52,34.92,4.61,0.26,NOAA ERDDAP / Argo Floats
2026-01-15T00:00:00Z,11.0,109.0,0,24.99,35.22,5.12,0.302,NOAA ERDDAP / Argo Floats
2026-01-15T00:00:00Z,12.0,109.0,0,26.77,34.96,4.61,0.377,NOAA ERDDAP / Argo Floats
2026-01-15T00:00:00Z,13.0,109.0,10,25.18,35.15,5.0,0.469,NOAA ERDDAP / Argo Floats
2026-01-15T00:00:00Z,14.0,109.0,0,23.95,34.91,5.13,0.32,NOAA ERDDAP / Argo Floats
2026-01-15T00:00:00Z,15.0,109.0,0,23.85,34.87,4.92,0.404,NOAA ERDDAP / Argo Floats
2026-01-15T00:00:00Z,16.0,109.0,0,24.9,34.92,5.02,0.473,NOAA ERDDAP / Argo Floats
2026-01-15T00:00:00Z,17.0,109.0,20,24.29,34.99,5.1,0.643,NOAA ERDDAP / Argo Floats
2026-01-15T00:00:00Z,18.0,109.0,20,24.06,34.84,5.3,0.368,NOAA ERDDAP / Argo Floats
2026-01-15T00:00:00Z,19.0,109.0,0,22.85,35.25,4.95,0.394,NOAA ERDDAP / Argo Floats
2026-01-15T00:00:00Z,20.0,109.0,0,22.73,35.0,5.04,0.424,NOAA ERDDAP / Argo Floats
2026-01-15T00:00:00Z,21.0,109.0,0,22.91,35.51,5.43,0.87,NOAA ERDDAP / Argo Floats
2026-01-15T00:00:00Z,22.0,109.0,0,22.82,34.53,5.15,0.51,NOAA ERDDAP / Argo Floats
2026-01-15T00:00:00Z,23.0,109.0,0,23.61,34.95,4.8,0.494,NOAA ERDDAP / Argo Floats
2026-01-15T00:00:00Z,24.0,109.0,0,22.7,34.92,5.18,0.841,NOAA ERDDAP / Argo Floats
2026-01-15T00:00:00Z,25.0,109.0,10,22.69,35.46,5.14,1.1,NOAA ERDDAP / Argo Floats
2026-01-15T00:00:00Z,26.0,109.0,0,20.73,35.23,5.5,0.426,NOAA ERDDAP / Argo Floats
2026-01-15T00:00:00Z,27.0,109.0,0,21.8,34.64,4.91,0.684,NOAA ERDDAP / Argo Floats
2026-01-15T00:00:00Z,28.0,109.0,0,21.42,35.12,5.41,1.311,NOAA ERDDAP / Argo Floats
2026-01-15T00:00:00Z,29.0,109.0,50,22.39,35.29,5.37,0.466,NOAA ERDDAP / Argo Floats
2026-01-15T00:00:00Z,30.0,109.0,0,20.34,35.18,5.6,0.507,NOAA ERDDAP / Argo Floats
2026-01-15T00:00:00Z,-45.0,110.0,20,17.36,34.94,5.91,0.846,NOAA ERDDAP / Argo Floats
2026-01-15T00:00:00Z,-44.0,110.0,50,17.55,34.49,5.8,0.979,NOAA ERDDAP / Argo Floats
2026-01-15T00:00:00Z,-43.0,110.0,0,18.58,34.64,5.75,0.706,NOAA ERDDAP / Argo Floats
2026-01-15T00:00:00Z,-42.0,110.0,0,19.38,34.42,5.61,0.62,NOAA ERDDAP / Argo Floats
2026-01-15T00:00:00Z,-41.0,110.0,10,18.36,34.6,5.56,0.592,NOAA ERDDAP / Argo Floats
2026-01-15T00:00:00Z,-40.0,110.0,0,18.75,34.95,5.69,0.854,NOAA ERDDAP / Argo Floats
2026-01-15T00:00:00Z,-39.0,110.0,0,18.38,34.65,5.92,0.748,NOAA ERDDAP / Argo Floats
2026-01-15T00:00:00Z,-38.0,110.0,10,17.4,34.52,5.6,0.603,NOAA ERDDAP / Argo Floats
2026-01-15T00:00:00Z,-37.0,110.0,20,18.77,35.08,5.98,0.791,NOAA ERDDAP / Argo Floats
2026-01-15T00:00:00Z,-36.0,110.0,50,19.41,34.72,5.52,0.849,NOAA ERDDAP / Argo Floats
2026-01-15T00:00:00Z,-35.0,110.0,0,20.15,34.96,5.37,0.845,NOAA ERDDAP / Argo Floats
2026-01-15T00:00:00Z,-34.0,110.0,0,18.32,34.8,5.37,0.569,NOAA ERDDAP / Argo Floats
2026-01-15T00:00:00Z,-33.0,110.0,10,20.09,34.87,5.97,0.935,NOAA ERDDAP / Argo Floats
2026-01-15T00:00:00Z,-32.0,110.0,0,21.27,34.5,5.41,0.562,NOAA ERDDAP / Argo Floats
2026-01-15T00:00:00Z,-31.0,110.0,10,20.73,34.75,5.55,0.55,NOAA ERDDAP / Argo Floats
2026-01-15T00:00:00Z,-30.0,110.0,0,20.51,34.82,5.24,1.086,NOAA ERDDAP / Argo Floats
2026-01-15T00:00:00Z,-29.0,110.0,20,22.05,34.68,5.61,0.564,NOAA ERDDAP / Argo Floats
2026-01-15T00:00:00Z,-28.0,110.0,100,22.06,34.93,5.35,0.668,NOAA ERDDAP / Argo Floats
2026-01-15T00:00:00Z,-27.0,110.0,0,20.61,34.84,5.33,0.853,NOAA ERDDAP / Argo Floats
2026-01-15T00:00:00Z,-26.0,110.0,100,20.53,34.72,5.44,0.795,NOAA ERDDAP / Argo Floats
2026-01-15T00:00:00Z,-25.0,110.0,50,22.08,34.69,5.47,1.237,NOAA ERDDAP / Argo Floats
2026-01-15T00:00:00Z,-24.0,110.0,50,23.16,35.31,5.54,0.457,NOAA ERDDAP / Argo Floats
2026-01-15T00:00:00Z,-23.0,110.0,20,22.11,34.37,5.28,0.963,NOAA ERDDAP / Argo Floats
2026-01-15T00:00:00Z,-22.0,110.0,0,23.53,34.13,5.03,0.421,NOAA ERDDAP / Argo Floats
2026-01-15T00:00:00Z,-21.0,110.0,10,23.65,34.86,4.86,0.538,NOAA ERDDAP / Argo Floats
2026-01-15T00:00:00Z,-20.0,110.0,20,22.36,35.04,5.13,0.412,NOAA ERDDAP / Argo Floats
2026-01-15T00:00:00Z,-19.0,110.0,20,23.8,34.82,5.4,0.671,NOAA ERDDAP / Argo Floats
2026-01-15T00:00:00Z,-18.0,110.0,0,23.04,34.9,5.18,0.599,NOAA ERDDAP / Argo Floats
2026-01-15T00:00:00Z,-17.0,110.0,0,23.81,35.59,5.06,0.492,NOAA ERDDAP / Argo Floats
2026-01-15T00:00:00Z,-16.0,110.0,50,25.07,35.24,4.97,0.375,NOAA ERDDAP / Argo Floats
2026-01-15T00:00:00Z,-15.0,110.0,0,27.06,34.92,4.93,0.384,NOAA ERDDAP / Argo Floats
2026-01-15T00:00:00Z,-14.0,110.0,0,25.35,35.05,4.92,0.474,NOAA ERDDAP / Argo Floats
2026-01-15T00:00:00Z,-13.0,110.0,0,22.95,34.82,4.97,0.419,NOAA ERDDAP / Argo Floats
2026-01-15T00:00:00Z,-12.0,110.0,10,25.7,34.7,5.04,0.403,NOAA ERDDAP / Argo Floats
2026-01-15T00:00:00Z,-11.0,110.0,50,25.99,34.4,4.5,0.408,NOAA ERDDAP / Argo Floats
2026-01-15T00:00:00Z,-10.0,110.0,50,26.15,34.73,4.71,0.28,NOAA ERDDAP / Argo Floats
2026-01-15T00:00:00Z,-9.0,110.0,20,25.52,34.59,4.87,0.366,NOAA ERDDAP / Argo Floats
2026-01-15T00:00:00Z,-8.0,110.0,0,26.86,35.02,4.87,0.773,NOAA ERDDAP / Argo Floats
2026-01-15T00:00:00Z,-7.0,110.0,0,25.84,34.99,4.71,0.246,NOAA ERDDAP / Argo Floats
2026-01-15T00:00:00Z,-6.0,110.0,20,25.61,35.27,4.73,0.563,NOAA ERDDAP / Argo Floats
2026-01-15T00:00:00Z,-5.0,110.0,20,26.67,35.01,4.54,0.415,NOAA ERDDAP / Argo Floats
2026-01-15T00:00:00Z,-4.0,110.0,50,27.38,34.55,4.58,0.445,NOAA ERDDAP / Argo Floats
2026-01-15T00:00:00Z,-3.0,110.0,20,27.59,34.47,4.83,0.243,NOAA ERDDAP / Argo Floats
2026-01-15T00:00:00Z,-2.0,110.0,20,29.11,34.98,4.72,0.237,NOAA ERDDAP / Argo Floats
2026-01-15T00:00:00Z,-1.0,110.0,0,29.06,34.76,4.57,0.238,NOAA ERDDAP / Argo Floats
2026-01-15T00:00:00Z,0.0,110.0,10,27.97,34.93,4.56,0.219,NOAA ERDDAP / Argo Floats
2026-01-15T00:00:00Z,1.0,110.0,20,28.8,35.1,4.53,0.165,NOAA ERDDAP / Argo Floats
2026-01-15T00:00:00Z,2.0,110.0,10,27.43,34.98,4.45,0.701,NOAA ERDDAP / Argo Floats
2026-01-15T00:00:00Z,3.0,110.0,0,28.78,34.88,4.51,0.324,NOAA ERDDAP / Argo Floats
2026-01-15T00:00:00Z,4.0,110.0,10,26.77,35.53,4.71,0.382,NOAA ERDDAP / Argo Floats
2026-01-15T00:00:00Z,5.0,110.0,20,28.86,34.44,4.66,0.214,NOAA ERDDAP / Argo Floats
2026-01-15T00:00:00Z,6.0,110.0,20,27.79,34.95,4.52,0.429,NOAA ERDDAP / Argo Floats
2026-01-15T00:00:00Z,7.0,110.0,0,27.01,35.34,5.06,0.559,NOAA ERDDAP / Argo Floats
2026-01-15T00:00:00Z,8.0,110.0,10,26.34,34.72,4.76,0.262,NOAA ERDDAP / Argo Floats
2026-01-15T00:00:00Z,9.0,110.0,10,26.08,35.22,4.88,0.279,NOAA ERDDAP / Argo Floats
2026-01-15T00:00:00Z,10.0,110.0,0,25.88,35.22,5.03,0.409,NOAA ERDDAP / Argo Floats
2026-01-15T00:00:00Z,11.0,110.0,20,26.1,34.82,4.74,0.337,NOAA ERDDAP / Argo Floats
2026-01-15T00:00:00Z,12.0,110.0,20,25.13,35.25,4.49,0.655,NOAA ERDDAP / Argo Floats
2026-01-15T00:00:00Z,13.0,110.0,0,24.65,34.57,4.8,0.493,NOAA ERDDAP / Argo Floats
2026-01-15T00:00:00Z,14.0,110.0,100,26.09,35.64,4.96,0.799,NOAA ERDDAP / Argo Floats
2026-01-15T00:00:00Z,15.0,110.0,0,24.67,35.43,4.86,0.331,NOAA ERDDAP / Argo Floats
2026-01-15T00:00:00Z,16.0,110.0,20,22.88,34.97,5.12,0.336,NOAA ERDDAP / Argo Floats
2026-01-15T00:00:00Z,17.0,110.0,0,22.96,34.99,5.16,0.571,NOAA ERDDAP / Argo Floats
2026-01-15T00:00:00Z,18.0,110.0,100,24.66,35.26,5.15,0.415,NOAA ERDDAP / Argo Floats
2026-01-15T00:00:00Z,19.0,110.0,0,23.47,35.35,5.12,0.379,NOAA ERDDAP / Argo Floats
2026-01-15T00:00:00Z,20.0,110.0,0,23.82,34.95,5.43,0.453,NOAA ERDDAP / Argo Floats
2026-01-15T00:00:00Z,21.0,110.0,10,23.24,34.53,5.1,0.381,NOAA ERDDAP / Argo Floats
2026-01-15T00:00:00Z,22.0,110.0,0,23.73,35.42,5.01,1.048,NOAA ERDDAP / Argo Floats
2026-01-15T00:00:00Z,23.0,110.0,0,22.79,35.03,4.92,0.511,NOAA ERDDAP / Argo Floats
2026-01-15T00:00:00Z,24.0,110.0,50,23.04,35.03,4.98,0.46,NOAA ERDDAP / Argo Floats
2026-01-15T00:00:00Z,25.0,110.0,50,21.03,34.79,5.34,0.421,NOAA ERDDAP / Argo Floats
2026-01-15T00:00:00Z,26.0,110.0,0,22.02,35.26,5.16,0.434,NOAA ERDDAP / Argo Floats
2026-01-15T00:00:00Z,27.0,110.0,0,21.18,34.75,5.52,0.531,NOAA ERDDAP / Argo Floats
2026-01-15T00:00:00Z,28.0,110.0,0,20.27,35.4,5.62,0.505,NOAA ERDDAP / Argo Floats
2026-01-15T00:00:00Z,29.0,110.0,20,21.04,35.03,5.94,0.778,NOAA ERDDAP / Argo Floats
2026-01-15T00:00:00Z,30.0,110.0,10,21.89,34.26,5.5,0.537,NOAA ERDDAP / Argo Floats
2026-01-15T00:00:00Z,-45.0,111.0,0,17.98,35.05,5.94,1.141,NOAA ERDDAP / Argo Floats
2026-01-15T00:00:00Z,-44.0,111.0,10,17.99,35.23,5.66,0.812,NOAA ERDDAP / Argo Floats
2026-01-15T00:00:00Z,-43.0,111.0,0,17.08,34.9,5.7,0.788,NOAA ERDDAP / Argo Floats
2026-01-15T00:00:00Z,-42.0,111.0,20,18.15,34.26,5.74,0.773,NOAA ERDDAP / Argo Floats
2026-01-15T00:00:00Z,-41.0,111.0,100,17.42,34.91,5.73,0.689,NOAA ERDDAP / Argo Floats
2026-01-15T00:00:00Z,-40.0,111.0,0,18.03,35.42,5.52,0.822,NOAA ERDDAP / Argo Floats
2026-01-15T00:00:00Z,-39.0,111.0,10,20.35,35.09,5.49,0.569,NOAA ERDDAP / Argo Floats
2026-01-15T00:00:00Z,-38.0,111.0,100,18.08,34.97,5.66,0.723,NOAA ERDDAP / Argo Floats
2026-01-15T00:00:00Z,-37.0,111.0,0,19.45,34.81,5.91,0.598,NOAA ERDDAP / Argo Floats
2026-01-15T00:00:00Z,-36.0,111.0,50,17.97,34.79,5.64,0.77,NOAA ERDDAP / Argo Floats
2026-01-15T00:00:00Z,-35.0,111.0,0,18.82,34.9,5.55,0.666,NOAA ERDDAP / Argo Floats
2026-01-15T00:00:00Z,-34.0,111.0,0,19.59,35.09,5.3,0.716,NOAA ERDDAP / Argo Floats
2026-01-15T00:00:00Z,-33.0,111.0,0,19.94,34.54,5.18,0.561,NOAA ERDDAP / Argo Floats
2026-01-15T00:00:00Z,-32.0,111.0,0,20.74,34.76,5.66,0.553,NOAA ERDDAP / Argo Floats
2026-01-15T00:00:00Z,-31.0,111.0,0,19.96,35.17,5.13,0.505,NOAA ERDDAP / Argo Floats
2026-01-15T00:00:00Z,-30.0,111.0,10,21.36,34.95,5.18,0.473,NOAA ERDDAP / Argo Floats
2026-01-15T00:00:00Z,-29.0,111.0,0,20.67,35.84,5.46,0.882,NOAA ERDDAP / Argo Floats
2026-01-15T00:00:00Z,-28.0,111.0,10,21.95,34.27,5.52,0.455,NOAA ERDDAP / Argo Floats
2026-01-15T00:00:00Z,-27.0,111.0,0,20.28,35.24,5.41,0.492,NOAA ERDDAP / Argo Floats
2026-01-15T00:00:00Z,-26.0,111.0,10,21.65,34.83,5.13,0.848,NOAA ERDDAP / Argo Floats
2026-01-15T00:00:00Z,-25.0,111.0,0,22.81,33.8,5.07,0.513,NOAA ERDDAP / Argo Floats
2026-01-15T00:00:00Z,-24.0,111.0,20,22.38,34.65,5.14,0.465,NOAA ERDDAP / Argo Floats
2026-01-15T00:00:00Z,-23.0,111.0,10,21.65,35.09,5.23,0.436,NOAA ERDDAP / Argo Floats
2026-01-15T00:00:00Z,-22.0,111.0,0,24.09,34.98,5.14,0.386,NOAA ERDDAP / Argo Floats
2026-01-15T00:00:00Z,-21.0,111.0,50,22.79,34.64,5.51,0.589,NOAA ERDDAP / Argo Floats
2026-01-15T00:00:00Z,-20.0,111.0,10,24.36,34.57,5.04,0.895,NOAA ERDDAP / Argo Floats
2026-01-15T00:00:00Z,-19.0,111.0,0,24.72,35.04,5.37,1.103,NOAA ERDDAP / Argo Floats
2026-01-15T00:00:00Z,-18.0,111.0,0,24.37,34.79,5.18,1.113,NOAA ERDDAP / Argo Floats
2026-01-15T00:00:00Z,-17.0,111.0,10,24.48,34.42,5.12,0.457,NOAA ERDDAP / Argo Floats
2026-01-15T00:00:00Z,-16.0,111.0,50,24.09,35.22,5.26,0.433,NOAA ERDDAP / Argo Floats
2026-01-15T00:00:00Z,-15.0,111.0,10,25.3,34.9,4.93,0.73,NOAA ERDDAP / Argo Floats
2026-01-15T00:00:00Z,-14.0,111.0,10,23.84,34.89,4.8,0.763,NOAA ERDDAP / Argo Floats
2026-01-15T00:00:00Z,-13.0,111.0,20,24.4,34.49,4.77,0.301,NOAA ERDDAP / Argo Floats
2026-01-15T00:00:00Z,-12.0,111.0,20,24.47,35.08,4.77,0.304,NOAA ERDDAP / Argo Floats
2026-01-15T00:00:00Z,-11.0,111.0,10,25.15,34.81,4.86,0.443,NOAA ERDDAP / Argo Floats
2026-01-15T00:00:00Z,-10.0,111.0,0,27.16,34.61,4.94,0.312,NOAA ERDDAP / Argo Floats
2026-01-15T00:00:00Z,-9.0,111.0,20,25.06,34.84,4.59,0.728,NOAA ERDDAP / Argo Floats
2026-01-15T00:00:00Z,-8.0,111.0,0,25.31,35.06,4.72,0.236,NOAA ERDDAP / Argo Floats
2026-01-15T00:00:00Z,-7.0,111.0,0,27.15,35.9,5.01,0.301,NOAA ERDDAP / Argo Floats
2026-01-15T00:00:00Z,-6.0,111.0,0,27.06,35.18,4.58,0.429,NOAA ERDDAP / Argo Floats
2026-01-15T00:00:00Z,-5.0,111.0,10,26.28,34.4,4.67,0.304,NOAA ERDDAP / Argo Floats
2026-01-15T00:00:00Z,-4.0,111.0,0,26.88,34.44,4.37,1.369,NOAA ERDDAP / Argo Floats
2026-01-15T00:00:00Z,-3.0,111.0,100,27.38,35.21,4.99,0.243,NOAA ERDDAP / Argo Floats
2026-01-15T00:00:00Z,-2.0,111.0,0,28.34,35.58,4.31,0.461,NOAA ERDDAP / Argo Floats
2026-01-15T00:00:00Z,-1.0,111.0,0,28.04,34.56,4.39,0.284,NOAA ERDDAP / Argo Floats
2026-01-15T00:00:00Z,0.0,111.0,0,29.58,34.64,4.7,0.176,NOAA ERDDAP / Argo Floats
2026-01-15T00:00:00Z,1.0,111.0,20,28.61,35.62,4.2,0.749,NOAA ERDDAP / Argo Floats
2026-01-15T00:00:00Z,2.0,111.0,50,28.13,34.77,4.32,0.308,NOAA ERDDAP / Argo Floats
2026-01-15T00:00:00Z,3.0,111.0,10,27.14,35.03,4.83,0.196,NOAA ERDDAP / Argo Floats
2026-01-15T00:00:00Z,4.0,111.0,20,26.22,35.4,4.18,0.41,NOAA ERDDAP / Argo Floats
2026-01-15T00:00:00Z,5.0,111.0,0,26.86,34.38,4.82,0.312,NOAA ERDDAP / Argo Floats
2026-01-15T00:00:00Z,6.0,111.0,20,24.98,35.49,4.49,0.478,NOAA ERDDAP / Argo Floats
2026-01-15T00:00:00Z,7.0,111.0,10,26.25,34.91,4.4,0.255,NOAA ERDDAP / Argo Floats
2026-01-15T00:00:00Z,8.0,111.0,0,27.79,35.7,4.78,0.332,NOAA ERDDAP / Argo Floats
2026-01-15T00:00:00Z,9.0,111.0,0,27.11,35.26,4.41,0.977,NOAA ERDDAP / Argo Floats
2026-01-15T00:00:00Z,10.0,111.0,0,26.4,34.75,4.7,0.502,NOAA ERDDAP / Argo Floats
2026-01-15T00:00:00Z,11.0,111.0,0,25.56,35.32,4.82,0.345,NOAA ERDDAP / Argo Floats
2026-01-15T00:00:00Z,12.0,111.0,20,26.33,35.44,4.71,0.283,NOAA ERDDAP / Argo Floats
2026-01-15T00:00:00Z,13.0,111.0,10,25.63,34.99,5.04,0.387,NOAA ERDDAP / Argo Floats
2026-01-15T00:00:00Z,14.0,111.0,0,24.22,35.42,4.83,0.606,NOAA ERDDAP / Argo Floats
2026-01-15T00:00:00Z,15.0,111.0,20,25.42,35.12,5.32,0.623,NOAA ERDDAP / Argo Floats
2026-01-15T00:00:00Z,16.0,111.0,0,24.57,35.41,4.61,0.7,NOAA ERDDAP / Argo Floats
2026-01-15T00:00:00Z,17.0,111.0,0,23.85,34.51,4.54,0.402,NOAA ERDDAP / Argo Floats
2026-01-15T00:00:00Z,18.0,111.0,50,23.85,35.0,4.72,0.524,NOAA ERDDAP / Argo Floats
2026-01-15T00:00:00Z,19.0,111.0,0,23.74,34.85,5.12,0.516,NOAA ERDDAP / Argo Floats
2026-01-15T00:00:00Z,20.0,111.0,0,23.12,35.41,5.17,0.812,NOAA ERDDAP / Argo Floats
2026-01-15T00:00:00Z,21.0,111.0,0,22.99,35.65,5.18,0.401,NOAA ERDDAP / Argo Floats
2026-01-15T00:00:00Z,22.0,111.0,10,22.53,34.75,4.91,0.416,NOAA ERDDAP / Argo Floats
2026-01-15T00:00:00Z,23.0,111.0,20,22.14,35.58,5.46,0.412,NOAA ERDDAP / Argo Floats
2026-01-15T00:00:00Z,24.0,111.0,0,22.83,35.16,5.17,0.54,NOAA ERDDAP / Argo Floats
2026-01-15T00:00:00Z,25.0,111.0,10,22.48,34.68,5.61,0.712,NOAA ERDDAP / Argo Floats
2026-01-15T00:00:00Z,26.0,111.0,0,22.44,35.25,5.07,0.436,NOAA ERDDAP / Argo Floats
2026-01-15T00:00:00Z,27.0,111.0,0,20.11,35.71,5.11,1.029,NOAA ERDDAP / Argo Floats
2026-01-15T00:00:00Z,28.0,111.0,50,21.05,34.81,5.59,0.7,NOAA ERDDAP / Argo Floats
2026-01-15T00:00:00Z,29.0,111.0,20,22.95,35.55,5.3,1.271,NOAA ERDDAP / Argo Floats
2026-01-15T00:00:00Z,30.0,111.0,20,20.33,34.77,5.43,0.496,NOAA ERDDAP / Argo Floats
2026-01-15T00:00:00Z,-45.0,112.0,0,17.28,35.0,6.01,0.745,NOAA ERDDAP / Argo Floats
2026-01-15T00:00:00Z,-44.0,112.0,0,17.3,34.5,6.05,0.689,NOAA ERDDAP / Argo Floats
2026-01-15T00:00:00Z,-43.0,112.0,20,18.13,34.89,5.76,0.599,NOAA ERDDAP / Argo Floats
2026-01-15T00:00:00Z,-42.0,112.0,20,18.18,34.69,5.91,0.841,NOAA ERDDAP / Argo Floats
2026-01-15T00:00:00Z,-41.0,112.0,0,16.96,34.7,5.59,1.209,NOAA ERDDAP / Argo Floats
2026-01-15T00:00:00Z,-40.0,112.0,100,19.0,34.39,5.32,0.784,NOAA ERDDAP / Argo Floats
2026-01-15T00:00:00Z,-39.0,112.0,0,19.89,34.65,5.71,0.554,NOAA ERDDAP / Argo Floats
2026-01-15T00:00:00Z,-38.0,112.0,0,18.45,34.31,5.49,0.652,NOAA ERDDAP / Argo Floats
2026-01-15T00:00:00Z,-37.0,112.0,10,19.52,35.29,5.69,1.0,NOAA ERDDAP / Argo Floats
2026-01-15T00:00:00Z,-36.0,112.0,0,20.48,34.88,5.62,0.513,NOAA ERDDAP / Argo Floats
2026-01-15T00:00:00Z,-35.0,112.0,0,20.89,34.55,5.32,0.536,NOAA ERDDAP / Argo Floats
2026-01-15T00:00:00Z,-34.0,112.0,0,20.86,35.12,5.45,0.754,NOAA ERDDAP / Argo Floats
2026-01-15T00:00:00Z,-33.0,112.0,0,19.88,34.65,5.63,0.514,NOAA ERDDAP / Argo Floats
2026-01-15T00:00:00Z,-32.0,112.0,0,21.45,33.93,5.96,0.811,NOAA ERDDAP / Argo Floats
2026-01-15T00:00:00Z,-31.0,112.0,0,20.4,34.29,5.13,0.625,NOAA ERDDAP / Argo Floats
2026-01-15T00:00:00Z,-30.0,112.0,100,20.74,34.86,5.29,0.485,NOAA ERDDAP / Argo Floats
2026-01-15T00:00:00Z,-29.0,112.0,20,21.18,35.33,5.26,0.867,NOAA ERDDAP / Argo Floats
2026-01-15T00:00:00Z,-28.0,112.0,10,22.18,34.79,5.93,0.542,NOAA ERDDAP / Argo Floats
2026-01-15T00:00:00Z,-27.0,112.0,20,21.65,34.86,5.39,0.5,NOAA ERDDAP / Argo Floats
2026-01-15T00:00:00Z,-26.0,112.0,0,21.5,35.02,5.14,0.426,NOAA ERDDAP / Argo Floats
2026-01-15T00:00:00Z,-25.0,112.0,0,21.96,34.43,5.17,0.601,NOAA ERDDAP / Argo Floats
2026-01-15T00:00:00Z,-24.0,112.0,0,21.82,34.92,5.21,1.105,NOAA ERDDAP / Argo Floats
2026-01-15T00:00:00Z,-23.0,112.0,20,21.8,35.11,5.62,0.418,NOAA ERDDAP / Argo Floats
2026-01-15T00:00:00Z,-22.0,112.0,0,23.24,34.82,5.25,0.586,NOAA ERDDAP / Argo Floats
2026-01-15T00:00:00Z,-21.0,112.0,0,23.39,34.99,5.08,0.618,NOAA ERDDAP / Argo Floats
2026-01-15T00:00:00Z,-20.0,112.0,20,22.44,34.97,5.04,0.425,NOAA ERDDAP / Argo Floats
2026-01-15T00:00:00Z,-19.0,112.0,20,23.69,34.91,5.21,0.398,NOAA ERDDAP / Argo Floats
2026-01-15T00:00:00Z,-18.0,112.0,20,23.39,34.76,4.96,0.637,NOAA ERDDAP / Argo Floats
2026-01-15T00:00:00Z,-17.0,112.0,0,23.21,34.97,5.28,0.403,NOAA ERDDAP / Argo Floats
2026-01-15T00:00:00Z,-16.0,112.0,0,24.19,34.39,4.77,0.334,NOAA ERDDAP / Argo Floats
2026-01-15T00:00:00Z,-15.0,112.0,50,25.3,34.92,4.54,0.954,NOAA ERDDAP / Argo Floats
2026-01-15T00:00:00Z,-14.0,112.0,0,25.13,35.47,4.66,0.795,NOAA ERDDAP / Argo Floats
2026-01-15T00:00:00Z,-13.0,112.0,0,27.62,35.55,4.82,0.678,NOAA ERDDAP / Argo Floats
2026-01-15T00:00:00Z,-12.0,112.0,0,25.2,35.26,5.03,0.441,NOAA ERDDAP / Argo Floats
2026-01-15T00:00:00Z,-11.0,112.0,0,26.21,34.87,4.81,1.101,NOAA ERDDAP / Argo Floats
2026-01-15T00:00:00Z,-10.0,112.0,20,26.32,35.24,4.79,0.557,NOAA ERDDAP / Argo Floats
2026-01-15T00:00:00Z,-9.0,112.0,10,24.34,35.34,4.81,0.293,NOAA ERDDAP / Argo Floats
2026-01-15T00:00:00Z,-8.0,112.0,0,28.07,34.98,4.65,0.578,NOAA ERDDAP / Argo Floats
2026-01-15T00:00:00Z,-7.0,112.0,0,27.65,34.46,4.86,0.304,NOAA ERDDAP / Argo Floats
2026-01-15T00:00:00Z,-6.0,112.0,10,25.99,35.34,4.84,0.29,NOAA ERDDAP / Argo Floats
2026-01-15T00:00:00Z,-5.0,112.0,0,26.21,35.27,4.43,0.381,NOAA ERDDAP / Argo Floats
2026-01-15T00:00:00Z,-4.0,112.0,0,27.12,35.37,4.78,0.289,NOAA ERDDAP / Argo Floats
2026-01-15T00:00:00Z,-3.0,112.0,20,27.2,34.93,4.95,0.633,NOAA ERDDAP / Argo Floats
2026-01-15T00:00:00Z,-2.0,112.0,50,28.11,34.86,4.44,0.24,NOAA ERDDAP / Argo Floats
2026-01-15T00:00:00Z,-1.0,112.0,10,29.04,34.53,4.58,0.224,NOAA ERDDAP / Argo Floats
2026-01-15T00:00:00Z,0.0,112.0,0,28.74,34.6,4.62,0.44,NOAA ERDDAP / Argo Floats
2026-01-15T00:00:00Z,1.0,112.0,0,27.86,34.58,4.63,0.352,NOAA ERDDAP / Argo Floats
2026-01-15T00:00:00Z,2.0,112.0,100,27.6,35.48,4.61,0.238,NOAA ERDDAP / Argo Floats
2026-01-15T00:00:00Z,3.0,112.0,0,27.5,34.62,4.65,0.583,NOAA ERDDAP / Argo Floats
2026-01-15T00:00:00Z,4.0,112.0,0,27.89,35.14,4.77,0.629,NOAA ERDDAP / Argo Floats
2026-01-15T00:00:00Z,5.0,112.0,20,26.69,35.18,4.46,0.257,NOAA ERDDAP / Argo Floats
2026-01-15T00:00:00Z,6.0,112.0,0,26.32,34.9,4.88,0.27,NOAA ERDDAP / Argo Floats
2026-01-15T00:00:00Z,7.0,112.0,50,26.4,35.5,4.69,0.306,NOAA ERDDAP / Argo Floats
2026-01-15T00:00:00Z,8.0,112.0,20,27.27,35.3,4.91,0.503,NOAA ERDDAP / Argo Floats
2026-01-15T00:00:00Z,9.0,112.0,0,25.62,34.71,4.62,0.994,NOAA ERDDAP / Argo Floats
2026-01-15T00:00:00Z,10.0,112.0,0,23.98,35.2,4.95,0.648,NOAA ERDDAP / Argo Floats
2026-01-15T00:00:00Z,11.0,112.0,100,24.26,34.9,5.14,0.726,NOAA ERDDAP / Argo Floats
2026-01-15T00:00:00Z,12.0,112.0,0,25.7,35.01,4.73,0.523,NOAA ERDDAP / Argo Floats
2026-01-15T00:00:00Z,13.0,112.0,0,24.9,34.56,5.26,0.359,NOAA ERDDAP / Argo Floats
2026-01-15T00:00:00Z,14.0,112.0,20,25.94,35.03,5.47,0.332,NOAA ERDDAP / Argo Floats
2026-01-15T00:00:00Z,15.0,112.0,20,23.12,35.44,4.81,0.454,NOAA ERDDAP / Argo Floats
2026-01-15T00:00:00Z,16.0,112.0,0,24.87,35.45,4.96,0.342,NOAA ERDDAP / Argo Floats
2026-01-15T00:00:00Z,17.0,112.0,50,24.0,34.62,4.82,0.639,NOAA ERDDAP / Argo Floats
2026-01-15T00:00:00Z,18.0,112.0,0,24.52,35.12,5.1,1.389,NOAA ERDDAP / Argo Floats
2026-01-15T00:00:00Z,19.0,112.0,0,23.52,35.0,4.83,0.507,NOAA ERDDAP / Argo Floats
2026-01-15T00:00:00Z,20.0,112.0,0,24.76,35.5,5.53,0.566,NOAA ERDDAP / Argo Floats
2026-01-15T00:00:00Z,21.0,112.0,10,23.19,34.84,5.0,0.396,NOAA ERDDAP / Argo Floats
2026-01-15T00:00:00Z,22.0,112.0,0,24.39,35.18,4.92,0.441,NOAA ERDDAP / Argo Floats
2026-01-15T00:00:00Z,23.0,112.0,10,23.61,35.02,5.36,0.548,NOAA ERDDAP / Argo Floats
2026-01-15T00:00:00Z,24.0,112.0,20,21.85,34.3,5.36,0.581,NOAA ERDDAP / Argo Floats
2026-01-15T00:00:00Z,25.0,112.0,50,22.27,35.48,5.31,0.415,NOAA ERDDAP / Argo Floats
2026-01-15T00:00:00Z,26.0,112.0,0,21.22,34.99,5.12,0.576,NOAA ERDDAP / Argo Floats
2026-01-15T00:00:00Z,27.0,112.0,10,22.88,35.56,5.49,0.466,NOAA ERDDAP / Argo Floats
2026-01-15T00:00:00Z,28.0,112.0,0,21.04,34.95,5.61,0.461,NOAA ERDDAP / Argo Floats
2026-01-15T00:00:00Z,29.0,112.0,0,21.1,34.89,5.57,0.452,NOAA ERDDAP / Argo Floats
2026-01-15T00:00:00Z,30.0,112.0,20,22.15,35.21,5.56,0.548,NOAA ERDDAP / Argo Floats
2026-01-15T00:00:00Z,-45.0,113.0,0,16.2,34.79,6.27,1.057,NOAA ERDDAP / Argo Floats
2026-01-15T00:00:00Z,-44.0,113.0,20,15.8,34.19,5.77,0.67,NOAA ERDDAP / Argo Floats
2026-01-15T00:00:00Z,-43.0,113.0,10,16.23,35.12,5.85,0.625,NOAA ERDDAP / Argo Floats
2026-01-15T00:00:00Z,-42.0,113.0,50,19.36,34.27,5.75,0.959,NOAA ERDDAP / Argo Floats
2026-01-15T00:00:00Z,-41.0,113.0,0,19.22,34.38,5.76,1.039,NOAA ERDDAP / Argo Floats
2026-01-15T00:00:00Z,-40.0,113.0,0,18.28,34.51,5.57,0.619,NOAA ERDDAP / Argo Floats
2026-01-15T00:00:00Z,-39.0,113.0,0,17.26,34.86,5.7,0.623,NOAA ERDDAP / Argo Floats
2026-01-15T00:00:00Z,-38.0,113.0,0,19.84,34.46,5.24,1.013,NOAA ERDDAP / Argo Floats
2026-01-15T00:00:00Z,-37.0,113.0,0,18.41,35.31,5.19,0.543,NOAA ERDDAP / Argo Floats
2026-01-15T00:00:00Z,-36.0,113.0,0,19.91,34.43,5.73,0.983,NOAA ERDDAP / Argo Floats
2026-01-15T00:00:00Z,-35.0,113.0,10,18.61,35.1,5.56,0.782,NOAA ERDDAP / Argo Floats
2026-01-15T00:00:00Z,-34.0,113.0,10,21.36,35.12,5.44,0.542,NOAA ERDDAP / Argo Floats
2026-01-15T00:00:00Z,-33.0,113.0,0,20.39,34.78,5.55,0.521,NOAA ERDDAP / Argo Floats
2026-01-15T00:00:00Z,-32.0,113.0,0,21.81,34.89,5.34,0.916,NOAA ERDDAP / Argo Floats
2026-01-15T00:00:00Z,-31.0,113.0,0,20.61,35.27,5.24,0.595,NOAA ERDDAP / Argo Floats
2026-01-15T00:00:00Z,-30.0,113.0,0,20.19,34.84,5.17,0.718,NOAA ERDDAP / Argo Floats
2026-01-15T00:00:00Z,-29.0,113.0,0,21.79,35.15,5.3,0.849,NOAA ERDDAP / Argo Floats
2026-01-15T00:00:00Z,-28.0,113.0,20,21.91,34.94,5.48,0.55,NOAA ERDDAP / Argo Floats
2026-01-15T00:00:00Z,-27.0,113.0,0,22.79,34.27,5.26,1.093,NOAA ERDDAP / Argo Floats
2026-01-15T00:00:00Z,-26.0,113.0,0,21.37,34.54,4.98,0.431,NOAA ERDDAP / Argo Floats
2026-01-15T00:00:00Z,-25.0,113.0,10,22.53,35.14,5.01,0.514,NOAA ERDDAP / Argo Floats
2026-01-15T00:00:00Z,-24.0,113.0,0,21.6,34.69,5.21,0.401,NOAA ERDDAP / Argo Floats
2026-01-15T00:00:00Z,-23.0,113.0,20,20.41,34.51,5.35,0.961,NOAA ERDDAP / Argo Floats
2026-01-15T00:00:00Z,-22.0,113.0,10,21.02,34.73,4.98,0.392,NOAA ERDDAP / Argo Floats
2026-01-15T00:00:00Z,-21.0,113.0,50,24.51,34.87,5.33,0.473,NOAA ERDDAP / Argo Floats
2026-01-15T00:00:00Z,-20.0,113.0,10,21.5,35.22,4.91,0.692,NOAA ERDDAP / Argo Floats
2026-01-15T00:00:00Z,-19.0,113.0,20,23.89,34.96,5.04,0.416,NOAA ERDDAP / Argo Floats
2026-01-15T00:00:00Z,-18.0,113.0,0,23.87,35.02,4.98,0.498,NOAA ERDDAP / Argo Floats
2026-01-15T00:00:00Z,-17.0,113.0,10,24.02,35.01,5.01,0.365,NOAA ERDDAP / Argo Floats
2026-01-15T00:00:00Z,-16.0,113.0,20,24.68,35.06,4.84,0.626,NOAA ERDDAP / Argo Floats
2026-01-15T00:00:00Z,-15.0,113.0,0,24.83,35.0,4.91,0.384,NOAA ERDDAP / Argo Floats
2026-01-15T00:00:00Z,-14.0,113.0,10,24.37,34.98,4.71,0.709,NOAA ERDDAP / Argo Floats
2026-01-15T00:00:00Z,-13.0,113.0,20,25.4,34.49,5.15,0.318,NOAA ERDDAP / Argo Floats
2026-01-15T00:00:00Z,-12.0,113.0,10,25.96,34.81,4.79,0.59,NOAA ERDDAP / Argo Floats
2026-01-15T00:00:00Z,-11.0,113.0,20,25.25,35.11,4.91,0.306,NOAA ERDDAP / Argo Floats
2026-01-15T00:00:00Z,-10.0,113.0,0,25.41,35.36,4.69,0.321,NOAA ERDDAP / Argo Floats
2026-01-15T00:00:00Z,-9.0,113.0,10,26.05,34.77,4.89,0.27,NOAA ERDDAP / Argo Floats
2026-01-15T00:00:00Z,-8.0,113.0,20,25.98,35.07,4.68,0.278,NOAA ERDDAP / Argo Floats
2026-01-15T00:00:00Z,-7.0,113.0,0,25.71,34.72,4.76,0.497,NOAA ERDDAP / Argo Floats
2026-01-15T00:00:00Z,-6.0,113.0,20,25.54,34.47,4.76,0.229,NOAA ERDDAP / Argo Floats
2026-01-15T00:00:00Z,-5.0,113.0,0,27.01,35.01,4.51,0.352,NOAA ERDDAP / Argo Floats
2026-01-15T00:00:00Z,-4.0,113.0,0,27.0,34.77,4.45,0.998,NOAA ERDDAP / Argo Floats
2026-01-15T00:00:00Z,-3.0,113.0,20,28.88,34.8,4.5,0.566,NOAA ERDDAP / Argo Floats
2026-01-15T00:00:00Z,-2.0,113.0,0,27.5,35.36,4.42,0.433,NOAA ERDDAP / Argo Floats
2026-01-15T00:00:00Z,-1.0,113.0,0,27.39,34.47,4.36,0.395,NOAA ERDDAP / Argo Floats
2026-01-15T00:00:00Z,0.0,113.0,0,28.35,34.97,4.93,0.16,NOAA ERDDAP / Argo Floats
2026-01-15T00:00:00Z,1.0,113.0,10,29.32,34.84,4.47,1.094,NOAA ERDDAP / Argo Floats
2026-01-15T00:00:00Z,2.0,113.0,50,26.93,35.0,4.44,0.366,NOAA ERDDAP / Argo Floats
2026-01-15T00:00:00Z,3.0,113.0,10,28.59,35.11,4.81,0.199,NOAA ERDDAP / Argo Floats
2026-01-15T00:00:00Z,4.0,113.0,0,28.11,34.88,4.51,0.711,NOAA ERDDAP / Argo Floats
2026-01-15T00:00:00Z,5.0,113.0,0,27.99,34.94,4.78,0.307,NOAA ERDDAP / Argo Floats
2026-01-15T00:00:00Z,6.0,113.0,10,26.57,34.6,4.67,0.318,NOAA ERDDAP / Argo Floats
2026-01-15T00:00:00Z,7.0,113.0,0,26.33,34.54,4.29,0.377,NOAA ERDDAP / Argo Floats
2026-01-15T00:00:00Z,8.0,113.0,0,25.54,34.81,4.5,0.562,NOAA ERDDAP / Argo Floats
2026-01-15T00:00:00Z,9.0,113.0,0,26.73,34.86,4.93,0.311,NOAA ERDDAP / Argo Floats
2026-01-15T00:00:00Z,10.0,113.0,0,25.34,35.58,4.79,0.29,NOAA ERDDAP / Argo Floats
2026-01-15T00:00:00Z,11.0,113.0,0,25.51,35.47,4.79,0.379,NOAA ERDDAP / Argo Floats
2026-01-15T00:00:00Z,12.0,113.0,0,24.79,35.2,4.71,0.408,NOAA ERDDAP / Argo Floats
2026-01-15T00:00:00Z,13.0,113.0,50,25.32,35.04,4.89,0.622,NOAA ERDDAP / Argo Floats
2026-01-15T00:00:00Z,14.0,113.0,10,25.22,34.95,5.19,0.488,NOAA ERDDAP / Argo Floats
2026-01-15T00:00:00Z,15.0,113.0,0,25.33,34.95,5.18,0.657,NOAA ERDDAP / Argo Floats
2026-01-15T00:00:00Z,16.0,113.0,20,25.0,35.0,4.93,0.35,NOAA ERDDAP / Argo Floats
2026-01-15T00:00:00Z,17.0,113.0,0,24.99,35.19,4.99,0.554,NOAA ERDDAP / Argo Floats
2026-01-15T00:00:00Z,18.0,113.0,0,23.46,35.11,5.35,0.349,NOAA ERDDAP / Argo Floats
2026-01-15T00:00:00Z,19.0,113.0,0,24.53,34.83,5.28,0.402,NOAA ERDDAP / Argo Floats
2026-01-15T00:00:00Z,20.0,113.0,0,23.04,34.83,5.37,0.369,NOAA ERDDAP / Argo Floats
2026-01-15T00:00:00Z,21.0,113.0,0,23.79,35.05,5.15,0.39,NOAA ERDDAP / Argo Floats
2026-01-15T00:00:00Z,22.0,113.0,0,24.07,35.45,5.1,0.419,NOAA ERDDAP / Argo Floats
2026-01-15T00:00:00Z,23.0,113.0,0,23.68,35.65,5.16,0.888,NOAA ERDDAP / Argo Floats
2026-01-15T00:00:00Z,24.0,113.0,50,22.19,35.02,5.22,0.417,NOAA ERDDAP / Argo Floats
2026-01-15T00:00:00Z,25.0,113.0,0,21.38,35.34,5.08,0.529,NOAA ERDDAP / Argo Floats
2026-01-15T00:00:00Z,26.0,113.0,0,22.0,35.13,5.21,0.447,NOAA ERDDAP / Argo Floats
2026-01-15T00:00:00Z,27.0,113.0,0,23.07,35.6,5.16,0.879,NOAA ERDDAP / Argo Floats
2026-01-15T00:00:00Z,28.0,113.0,50,21.01,35.52,5.35,0.797,NOAA ERDDAP / Argo Floats
2026-01-15T00:00:00Z,29.0,113.0,0,21.09,34.81,5.73,0.601,NOAA ERDDAP / Argo Floats
2026-01-15T00:00:00Z,30.0,113.0,50,21.4,35.48,5.39,0.744,NOAA ERDDAP / Argo Floats
2026-01-15T00:00:00Z,-45.0,114.0,10,17.99,34.93,5.64,1.003,NOAA ERDDAP / Argo Floats
2026-01-15T00:00:00Z,-44.0,114.0,0,17.22,35.07,6.03,0.852,NOAA ERDDAP / Argo Floats
2026-01-15T00:00:00Z,-43.0,114.0,0,18.37,34.95,5.8,0.591,NOAA ERDDAP / Argo Floats
2026-01-15T00:00:00Z,-42.0,114.0,10,17.84,35.27,5.81,0.64,NOAA ERDDAP / Argo Floats
2026-01-15T00:00:00Z,-41.0,114.0,0,19.3,35.08,5.68,0.587,NOAA ERDDAP / Argo Floats
2026-01-15T00:00:00Z,-40.0,114.0,0,19.53,34.76,5.8,0.793,NOAA ERDDAP / Argo Floats
2026-01-15T00:00:00Z,-39.0,114.0,0,19.19,34.6,5.42,0.616,NOAA ERDDAP / Argo Floats
2026-01-15T00:00:00Z,-38.0,114.0,20,18.69,34.36,5.53,0.641,NOAA ERDDAP / Argo Floats
2026-01-15T00:00:00Z,-37.0,114.0,0,19.1,35.16,5.5,0.665,NOAA ERDDAP / Argo Floats
2026-01-15T00:00:00Z,-36.0,114.0,10,20.37,35.11,5.54,0.749,NOAA ERDDAP / Argo Floats
2026-01-15T00:00:00Z,-35.0,114.0,50,19.44,34.34,5.85,0.83,NOAA ERDDAP / Argo Floats
2026-01-15T00:00:00Z,-34.0,114.0,0,20.52,35.12,5.71,0.54,NOAA ERDDAP / Argo Floats
2026-01-15T00:00:00Z,-33.0,114.0,0,19.6,34.95,5.56,0.667,NOAA ERDDAP / Argo Floats
2026-01-15T00:00:00Z,-32.0,114.0,20,19.47,34.43,5.37,0.654,NOAA ERDDAP / Argo Floats
2026-01-15T00:00:00Z,-31.0,114.0,0,19.82,34.73,5.55,0.55,NOAA ERDDAP / Argo Floats
2026-01-15T00:00:00Z,-30.0,114.0,0,21.73,35.04,5.5,1.159,NOAA ERDDAP / Argo Floats
2026-01-15T00:00:00Z,-29.0,114.0,0,20.57,34.93,5.22,0.893,NOAA ERDDAP / Argo Floats
2026-01-15T00:00:00Z,-28.0,114.0,0,21.62,34.68,5.1,0.488,NOAA ERDDAP / Argo Floats
2026-01-15T00:00:00Z,-27.0,114.0,0,21.35,34.76,4.95,0.493,NOAA ERDDAP / Argo Floats
2026-01-15T00:00:00Z,-26.0,114.0,10,22.28,35.14,5.18,0.683,NOAA ERDDAP / Argo Floats
2026-01-15T00:00:00Z,-25.0,114.0,0,22.98,34.6,5.56,1.137,NOAA ERDDAP / Argo Floats
2026-01-15T00:00:00Z,-24.0,114.0,0,22.04,34.61,4.81,0.54,NOAA ERDDAP / Argo Floats
2026-01-15T00:00:00Z,-23.0,114.0,0,22.72,35.55,4.88,0.402,NOAA ERDDAP / Argo Floats
2026-01-15T00:00:00Z,-22.0,114.0,0,22.52,34.6,5.21,0.506,NOAA ERDDAP / Argo Floats
2026-01-15T00:00:00Z,-21.0,114.0,0,23.55,35.39,5.19,0.591,NOAA ERDDAP / Argo Floats
2026-01-15T00:00:00Z,-20.0,114.0,0,23.06,34.63,5.32,0.819,NOAA ERDDAP / Argo Floats
2026-01-15T00:00:00Z,-19.0,114.0,0,22.57,34.33,4.83,0.398,NOAA ERDDAP / Argo Floats
2026-01-15T00:00:00Z,-18.0,114.0,10,25.23,34.57,4.73,0.335,NOAA ERDDAP / Argo Floats
2026-01-15T00:00:00Z,-17.0,114.0,50,24.64,34.8,4.8,0.477,NOAA ERDDAP / Argo Floats
2026-01-15T00:00:00Z,-16.0,114.0,0,24.78,34.6,4.74,0.749,NOAA ERDDAP / Argo Floats
2026-01-15T00:00:00Z,-15.0,114.0,0,24.18,35.21,4.78,0.594,NOAA ERDDAP / Argo Floats
2026-01-15T00:00:00Z,-14.0,114.0,0,24.82,34.54,4.83,0.524,NOAA ERDDAP / Argo Floats
2026-01-15T00:00:00Z,-13.0,114.0,0,25.14,34.34,5.06,0.323,NOAA ERDDAP / Argo Floats
2026-01-15T00:00:00Z,-12.0,114.0,100,24.67,34.76,4.56,0.782,NOAA ERDDAP / Argo Floats
2026-01-15T00:00:00Z,-11.0,114.0,10,26.33,34.59,4.86,0.567,NOAA ERDDAP / Argo Floats
2026-01-15T00:00:00Z,-10.0,114.0,0,26.16,35.58,5.0,0.54,NOAA ERDDAP / Argo Floats
2026-01-15T00:00:00Z,-9.0,114.0,10,27.08,35.43,4.81,0.243,NOAA ERDDAP / Argo Floats
2026-01-15T00:00:00Z,-8.0,114.0,50,26.97,35.28,5.01,0.232,NOAA ERDDAP / Argo Floats
2026-01-15T00:00:00Z,-7.0,114.0,50,26.95,35.18,4.83,0.891,NOAA ERDDAP / Argo Floats
2026-01-15T00:00:00Z,-6.0,114.0,0,25.71,35.22,4.4,0.28,NOAA ERDDAP / Argo Floats
2026-01-15T00:00:00Z,-5.0,114.0,0,25.99,34.68,4.58,0.278,NOAA ERDDAP / Argo Floats
2026-01-15T00:00:00Z,-4.0,114.0,20,26.9,34.92,4.98,0.352,NOAA ERDDAP / Argo Floats
2026-01-15T00:00:00Z,-3.0,114.0,0,29.28,34.94,4.34,0.329,NOAA ERDDAP / Argo Floats
2026-01-15T00:00:00Z,-2.0,114.0,0,27.71,35.74,4.46,0.455,NOAA ERDDAP / Argo Floats
2026-01-15T00:00:00Z,-1.0,114.0,0,28.2,35.6,4.67,0.272,NOAA ERDDAP / Argo Floats
2026-01-15T00:00:00Z,0.0,114.0,0,29.99,34.31,4.71,0.351,NOAA ERDDAP / Argo Floats
2026-01-15T00:00:00Z,1.0,114.0,100,28.03,35.11,4.32,0.202,NOAA ERDDAP / Argo Floats
2026-01-15T00:00:00Z,2.0,114.0,10,28.08,35.18,4.71,0.298,NOAA ERDDAP / Argo Floats
2026-01-15T00:00:00Z,3.0,114.0,0,28.05,35.36,4.72,0.214,NOAA ERDDAP / Argo Floats
2026-01-15T00:00:00Z,4.0,114.0,50,27.37,35.42,4.82,0.229,NOAA ERDDAP / Argo Floats
2026-01-15T00:00:00Z,5.0,114.0,10,27.81,35.22,4.93,0.393,NOAA ERDDAP / Argo Floats
2026-01-15T00:00:00Z,6.0,114.0,0,26.53,35.1,4.76,0.441,NOAA ERDDAP / Argo Floats
2026-01-15T00:00:00Z,7.0,114.0,20,28.86,34.66,4.88,0.277,NOAA ERDDAP / Argo Floats
2026-01-15T00:00:00Z,8.0,114.0,10,25.98,35.45,4.54,0.287,NOAA ERDDAP / Argo Floats
2026-01-15T00:00:00Z,9.0,114.0,10,25.86,35.01,5.08,0.284,NOAA ERDDAP / Argo Floats
2026-01-15T00:00:00Z,10.0,114.0,20,26.49,34.99,4.62,0.262,NOAA ERDDAP / Argo Floats
2026-01-15T00:00:00Z,11.0,114.0,10,26.32,35.08,4.66,0.367,NOAA ERDDAP / Argo Floats
2026-01-15T00:00:00Z,12.0,114.0,20,24.73,34.75,4.59,0.427,NOAA ERDDAP / Argo Floats
2026-01-15T00:00:00Z,13.0,114.0,50,25.63,35.16,4.83,0.378,NOAA ERDDAP / Argo Floats
2026-01-15T00:00:00Z,14.0,114.0,0,24.72,35.29,4.89,0.4,NOAA ERDDAP / Argo Floats
2026-01-15T00:00:00Z,15.0,114.0,0,24.9,34.92,4.91,0.373,NOAA ERDDAP / Argo Floats
2026-01-15T00:00:00Z,16.0,114.0,0,24.36,35.19,4.8,0.392,NOAA ERDDAP / Argo Floats
2026-01-15T00:00:00Z,17.0,114.0,0,23.7,34.82,5.02,0.733,NOAA ERDDAP / Argo Floats
2026-01-15T00:00:00Z,18.0,114.0,0,24.25,35.45,4.92,0.552,NOAA ERDDAP / Argo Floats
2026-01-15T00:00:00Z,19.0,114.0,50,23.55,35.36,4.76,0.82,NOAA ERDDAP / Argo Floats
2026-01-15T00:00:00Z,20.0,114.0,10,23.05,34.95,5.14,0.362,NOAA ERDDAP / Argo Floats
2026-01-15T00:00:00Z,21.0,114.0,20,22.34,34.8,4.99,0.404,NOAA ERDDAP / Argo Floats
2026-01-15T00:00:00Z,22.0,114.0,0,23.52,34.86,5.29,0.855,NOAA ERDDAP / Argo Floats
2026-01-15T00:00:00Z,23.0,114.0,10,22.86,34.92,4.83,0.399,NOAA ERDDAP / Argo Floats
2026-01-15T00:00:00Z,24.0,114.0,100,21.73,35.68,5.39,0.773,NOAA ERDDAP / Argo Floats
2026-01-15T00:00:00Z,25.0,114.0,10,22.51,34.79,5.54,0.447,NOAA ERDDAP / Argo Floats
2026-01-15T00:00:00Z,26.0,114.0,0,21.44,34.84,5.39,0.659,NOAA ERDDAP / Argo Floats
2026-01-15T00:00:00Z,27.0,114.0,0,22.68,34.88,5.24,0.801,NOAA ERDDAP / Argo Floats
2026-01-15T00:00:00Z,28.0,114.0,0,22.14,35.1,5.45,0.444,NOAA ERDDAP / Argo Floats
2026-01-15T00:00:00Z,29.0,114.0,0,20.85,35.21,5.27,0.803,NOAA ERDDAP / Argo Floats
2026-01-15T00:00:00Z,30.0,114.0,0,20.97,35.62,5.76,0.572,NOAA ERDDAP / Argo Floats
2026-01-15T00:00:00Z,-45.0,115.0,10,17.66,34.43,5.72,0.887,NOAA ERDDAP / Argo Floats
2026-01-15T00:00:00Z,-44.0,115.0,20,16.88,34.96,6.09,1.092,NOAA ERDDAP / Argo Floats
2026-01-15T00:00:00Z,-43.0,115.0,20,17.69,34.85,5.55,0.929,NOAA ERDDAP / Argo Floats
2026-01-15T00:00:00Z,-42.0,115.0,10,18.29,34.55,5.85,0.679,NOAA ERDDAP / Argo Floats
2026-01-15T00:00:00Z,-41.0,115.0,10,18.88,34.54,5.7,0.577,NOAA ERDDAP / Argo Floats
2026-01-15T00:00:00Z,-40.0,115.0,0,19.64,35.19,5.93,0.707,NOAA ERDDAP / Argo Floats
2026-01-15T00:00:00Z,-39.0,115.0,20,19.32,34.72,5.8,0.87,NOAA ERDDAP / Argo Floats
2026-01-15T00:00:00Z,-38.0,115.0,10,19.4,34.18,5.66,0.709,NOAA ERDDAP / Argo Floats
2026-01-15T00:00:00Z,-37.0,115.0,0,20.8,34.95,5.76,0.844,NOAA ERDDAP / Argo Floats
2026-01-15T00:00:00Z,-36.0,115.0,0,18.64,35.28,5.76,0.564,NOAA ERDDAP / Argo Floats
2026-01-15T00:00:00Z,-35.0,115.0,0,17.48,34.94,5.37,0.787,NOAA ERDDAP / Argo Floats
2026-01-15T00:00:00Z,-34.0,115.0,0,19.81,34.93,5.56,0.699,NOAA ERDDAP / Argo Floats
2026-01-15T00:00:00Z,-33.0,115.0,10,20.44,34.72,5.53,0.823,NOAA ERDDAP / Argo Floats
2026-01-15T00:00:00Z,-32.0,115.0,0,19.33,34.64,5.67,0.614,NOAA ERDDAP / Argo Floats
2026-01-15T00:00:00Z,-31.0,115.0,0,20.88,35.11,5.35,0.587,NOAA ERDDAP / Argo Floats
2026-01-15T00:00:00Z,-30.0,115.0,50,20.38,35.0,5.67,0.76,NOAA ERDDAP / Argo Floats
2026-01-15T00:00:00Z,-29.0,115.0,0,21.56,34.72,5.65,0.497,NOAA ERDDAP / Argo Floats
2026-01-15T00:00:00Z,-28.0,115.0,0,20.51,35.02,5.27,0.624,NOAA ERDDAP / Argo Floats
2026-01-15T00:00:00Z,-27.0,115.0,20,21.57,34.54,5.46,0.42,NOAA ERDDAP / Argo Floats
2026-01-15T00:00:00Z,-26.0,115.0,0,21.99,35.25,5.09,0.539,NOAA ERDDAP / Argo Floats
2026-01-15T00:00:00Z,-25.0,115.0,50,23.14,35.08,5.29,0.535,NOAA ERDDAP / Argo Floats
2026-01-15T00:00:00Z,-24.0,115.0,20,23.08,34.58,5.18,0.927,NOAA ERDDAP / Argo Floats
2026-01-15T00:00:00Z,-23.0,115.0,10,21.97,35.79,5.19,0.414,NOAA ERDDAP / Argo Floats
2026-01-15T00:00:00Z,-22.0,115.0,0,21.7,34.88,5.35,0.777,NOAA ERDDAP / Argo Floats
2026-01-15T00:00:00Z,-21.0,115.0,0,22.68,34.8,5.09,0.897,NOAA ERDDAP / Argo Floats
2026-01-15T00:00:00Z,-20.0,115.0,0,22.5,34.83,5.34,0.444,NOAA ERDDAP / Argo Floats
2026-01-15T00:00:00Z,-19.0,115.0,10,24.25,35.03,4.73,0.616,NOAA ERDDAP / Argo Floats
2026-01-15T00:00:00Z,-18.0,115.0,0,23.6,34.58,4.99,1.203,NOAA ERDDAP / Argo Floats
2026-01-15T00:00:00Z,-17.0,115.0,20,24.34,35.26,5.4,0.413,NOAA ERDDAP / Argo Floats
2026-01-15T00:00:00Z,-16.0,115.0,10,24.93,34.87,4.93,0.317,NOAA ERDDAP / Argo Floats
2026-01-15T00:00:00Z,-15.0,115.0,50,23.55,34.75,5.19,0.316,NOAA ERDDAP / Argo Floats
2026-01-15T00:00:00Z,-14.0,115.0,10,24.11,34.79,5.28,0.513,NOAA ERDDAP / Argo Floats
2026-01-15T00:00:00Z,-13.0,115.0,20,25.26,35.31,4.98,0.33,NOAA ERDDAP / Argo Floats
2026-01-15T00:00:00Z,-12.0,115.0,10,24.59,35.09,4.77,0.515,NOAA ERDDAP / Argo Floats
2026-01-15T00:00:00Z,-11.0,115.0,20,25.52,34.42,4.91,0.86,NOAA ERDDAP / Argo Floats
2026-01-15T00:00:00Z,-10.0,115.0,0,26.33,35.15,4.74,0.26,NOAA ERDDAP / Argo Floats
2026-01-15T00:00:00Z,-9.0,115.0,20,27.18,34.77,4.65,0.249,NOAA ERDDAP / Argo Floats
2026-01-15T00:00:00Z,-8.0,115.0,0,26.11,35.28,4.78,0.27,NOAA ERDDAP / Argo Floats
2026-01-15T00:00:00Z,-7.0,115.0,50,27.03,34.43,4.59,0.466,NOAA ERDDAP / Argo Floats
2026-01-15T00:00:00Z,-6.0,115.0,10,28.48,35.28,4.77,0.325,NOAA ERDDAP / Argo Floats
2026-01-15T00:00:00Z,-5.0,115.0,0,26.69,34.94,4.17,0.337,NOAA ERDDAP / Argo Floats
2026-01-15T00:00:00Z,-4.0,115.0,10,27.13,35.39,4.66,0.384,NOAA ERDDAP / Argo Floats
2026-01-15T00:00:00Z,-3.0,115.0,0,27.78,34.95,4.5,0.445,NOAA ERDDAP / Argo Floats
2026-01-15T00:00:00Z,-2.0,115.0,20,27.94,34.69,4.29,1.133,NOAA ERDDAP / Argo Floats
2026-01-15T00:00:00Z,-1.0,115.0,100,28.4,34.37,4.31,0.295,NOAA ERDDAP / Argo Floats
2026-01-15T00:00:00Z,0.0,115.0,50,28.12,35.0,4.3,0.192,NOAA ERDDAP / Argo Floats
2026-01-15T00:00:00Z,1.0,115.0,100,29.31,35.05,4.53,0.265,NOAA ERDDAP / Argo Floats
2026-01-15T00:00:00Z,2.0,115.0,10,27.91,34.93,4.44,0.238,NOAA ERDDAP / Argo Floats
2026-01-15T00:00:00Z,3.0,115.0,50,27.22,35.71,4.72,0.642,NOAA ERDDAP / Argo Floats
2026-01-15T00:00:00Z,4.0,115.0,0,27.58,35.17,4.65,0.257,NOAA ERDDAP / Argo Floats
2026-01-15T00:00:00Z,5.0,115.0,0,27.38,34.11,4.49,0.202,NOAA ERDDAP / Argo Floats
2026-01-15T00:00:00Z,6.0,115.0,0,26.16,35.19,4.06,0.583,NOAA ERDDAP / Argo Floats
2026-01-15T00:00:00Z,7.0,115.0,0,26.97,35.36,5.07,0.264,NOAA ERDDAP / Argo Floats
2026-01-15T00:00:00Z,8.0,115.0,0,25.62,34.82,4.4,0.366,NOAA ERDDAP / Argo Floats
2026-01-15T00:00:00Z,9.0,115.0,0,25.84,35.37,4.56,0.384,NOAA ERDDAP / Argo Floats
2026-01-15T00:00:00Z,10.0,115.0,100,24.88,35.16,4.74,0.265,NOAA ERDDAP / Argo Floats
2026-01-15T00:00:00Z,11.0,115.0,50,25.06,35.59,4.94,0.372,NOAA ERDDAP / Argo Floats
2026-01-15T00:00:00Z,12.0,115.0,20,25.14,34.75,5.16,0.549,NOAA ERDDAP / Argo Floats
2026-01-15T00:00:00Z,13.0,115.0,50,23.76,35.26,4.9,0.918,NOAA ERDDAP / Argo Floats
2026-01-15T00:00:00Z,14.0,115.0,10,25.38,35.2,4.74,0.359,NOAA ERDDAP / Argo Floats
2026-01-15T00:00:00Z,15.0,115.0,0,25.26,35.35,4.88,0.418,NOAA ERDDAP / Argo Floats
2026-01-15T00:00:00Z,16.0,115.0,10,25.76,35.42,5.14,0.36,NOAA ERDDAP / Argo Floats
2026-01-15T00:00:00Z,17.0,115.0,0,24.76,35.52,5.14,0.441,NOAA ERDDAP / Argo Floats
2026-01-15T00:00:00Z,18.0,115.0,50,24.32,35.57,5.11,0.339,NOAA ERDDAP / Argo Floats
2026-01-15T00:00:00Z,19.0,115.0,0,22.45,35.32,4.96,0.586,NOAA ERDDAP / Argo Floats
2026-01-15T00:00:00Z,20.0,115.0,0,23.84,35.05,5.19,0.901,NOAA ERDDAP / Argo Floats
2026-01-15T00:00:00Z,21.0,115.0,0,22.64,34.84,4.73,0.564,NOAA ERDDAP / Argo Floats
2026-01-15T00:00:00Z,22.0,115.0,50,22.28,34.91,5.23,0.569,NOAA ERDDAP / Argo Floats
2026-01-15T00:00:00Z,23.0,115.0,10,22.1,34.76,5.38,0.385,NOAA ERDDAP / Argo Floats
2026-01-15T00:00:00Z,24.0,115.0,0,23.62,35.25,5.6,0.493,NOAA ERDDAP / Argo Floats
2026-01-15T00:00:00Z,25.0,115.0,10,22.29,34.84,5.13,0.575,NOAA ERDDAP / Argo Floats
2026-01-15T00:00:00Z,26.0,115.0,20,22.46,35.07,5.28,0.607,NOAA ERDDAP / Argo Floats
2026-01-15T00:00:00Z,27.0,115.0,0,21.96,35.27,4.98,0.454,NOAA ERDDAP / Argo Floats
2026-01-15T00:00:00Z,28.0,115.0,10,21.97,34.78,5.65,0.47,NOAA ERDDAP / Argo Floats
2026-01-15T00:00:00Z,29.0,115.0,100,21.54,35.33,5.37,0.718,NOAA ERDDAP / Argo Floats
2026-01-15T00:00:00Z,30.0,115.0,20,21.34,35.11,5.67,0.753,NOAA ERDDAP / Argo Floats
