time (UTC),ZAX (METERS),latitude (degrees_north),longitude (degrees_east),S_ANALYZED (PSU),S_MEAN (PSU),S_STDEV (psu),S_RMSE (PSU),S_ROIOBS (PSU),S_BOXOBS (PSU),T_ANALYZED (degs),T_MEAN (degs),T_STDEV (degs),T_RMSE (degs),T_ROIOBS,T_BOXOBS
2026-07-30T00:00:00Z,5.0,5.5,50.5,35.294,NaN,0.0,0.0,1.0,0.0,24.567,NaN,0.0,0.0,1.0,0.0
2026-07-30T00:00:00Z,5.0,5.5,51.5,35.294,NaN,0.0,0.0,1.0,0.0,24.567,NaN,0.0,0.0,1.0,0.0
2026-07-30T00:00:00Z,5.0,5.5,52.5,NaN,NaN,NaN,NaN,NaN,NaN,NaN,NaN,NaN,NaN,NaN,NaN
2026-07-30T00:00:00Z,5.0,5.5,53.5,NaN,NaN,NaN,NaN,NaN,NaN,NaN,NaN,NaN,NaN,NaN,NaN
2026-07-30T00:00:00Z,5.0,5.5,54.5,NaN,NaN,NaN,NaN,NaN,NaN,NaN,NaN,NaN,NaN,NaN,NaN
2026-07-30T00:00:00Z,5.0,5.5,55.5,NaN,NaN,NaN,NaN,NaN,NaN,NaN,NaN,NaN,NaN,NaN,NaN
2026-07-30T00:00:00Z,5.0,5.5,56.5,35.679,NaN,0.0,0.0,1.0,0.0,28.441,NaN,0.0,0.0,1.0,0.0
2026-07-30T00:00:00Z,5.0,5.5,57.5,35.679,NaN,0.231,0.327,2.0,0.0,28.441,NaN,0.047,0.066,2.0,0.0
2026-07-30T00:00:00Z,5.0,5.5,58.5,35.679,NaN,0.231,0.327,2.0,0.0,28.441,NaN,0.047,0.066,2.0,0.0
2026-07-30T00:00:00Z,5.0,5.5,59.5,35.68,NaN,0.231,0.326,2.0,0.0,28.441,NaN,0.047,0.066,2.0,0.0
2026-07-30T00:00:00Z,5.0,5.5,60.5,35.683,NaN,0.231,0.324,2.0,0.0,28.442,NaN,0.047,0.066,2.0,0.0
2026-07-30T00:00:00Z,5.0,5.5,61.5,35.701,NaN,0.231,0.312,2.0,0.0,28.445,NaN,0.047,0.063,2.0,0.0
2026-07-30T00:00:00Z,5.0,5.5,62.5,35.758,NaN,0.176,0.303,3.0,0.0,29.296,NaN,0.336,0.444,3.0,0.0
2026-07-30T00:00:00Z,5.0,5.5,63.5,35.757,NaN,0.18,0.253,2.0,0.0,29.297,NaN,0.056,0.078,2.0,0.0
2026-07-30T00:00:00Z,5.0,5.5,64.5,35.756,35.756,0.18,0.254,2.0,1.0,29.297,29.297,0.056,0.078,2.0,1.0
2026-07-30T00:00:00Z,5.0,5.5,65.5,35.745,35.756,0.45,0.495,4.0,1.0,29.303,29.297,0.169,0.198,4.0,1.0
2026-07-30T00:00:00Z,5.0,5.5,66.5,35.351,NaN,0.442,0.451,7.0,0.0,29.505,NaN,0.241,0.254,7.0,0.0
2026-07-30T00:00:00Z,5.0,5.5,67.5,35.155,35.142,0.442,0.528,7.0,2.0,29.596,29.57,0.241,0.242,7.0,2.0
2026-07-30T00:00:00Z,5.0,5.5,68.5,35.064,34.9,0.334,0.364,6.0,1.0,29.701,29.587,0.151,0.164,6.0,1.0
2026-07-30T00:00:00Z,5.0,5.5,69.5,35.036,35.035,0.334,0.376,6.0,1.0,29.8,29.821,0.151,0.155,6.0,1.0
2026-07-30T00:00:00Z,5.0,5.5,70.5,35.025,NaN,0.359,0.375,7.0,0.0,29.905,NaN,0.143,0.192,7.0,0.0
2026-07-30T00:00:00Z,5.0,5.5,71.5,35.02,NaN,0.396,0.412,5.0,0.0,29.987,NaN,0.067,0.144,5.0,0.0
2026-07-30T00:00:00Z,5.0,5.5,72.5,35.014,NaN,0.136,0.224,3.0,0.0,29.99,NaN,0.205,0.293,3.0,0.0
2026-07-30T00:00:00Z,5.0,5.5,73.5,34.87,NaN,0.136,0.14,3.0,0.0,29.661,NaN,0.205,0.238,3.0,0.0
2026-07-30T00:00:00Z,5.0,5.5,74.5,34.807,NaN,0.06,0.085,2.0,0.0,29.503,NaN,0.174,0.245,2.0,0.0
2026-07-30T00:00:00Z,5.0,5.5,75.5,34.807,NaN,0.06,0.085,2.0,0.0,29.503,NaN,0.174,0.245,2.0,0.0
2026-07-30T00:00:00Z,5.0,5.5,76.5,34.807,NaN,0.0,0.0,1.0,0.0,29.503,NaN,0.0,0.0,1.0,0.0
2026-07-30T00:00:00Z,5.0,5.5,77.5,34.807,NaN,0.0,0.0,1.0,0.0,29.503,NaN,0.0,0.0,1.0,0.0
2026-07-30T00:00:00Z,5.0,5.5,78.5,NaN,NaN,NaN,NaN,NaN,NaN,NaN,NaN,NaN,NaN,NaN,NaN
2026-07-30T00:00:00Z,5.0,6.5,50.5,35.294,NaN,0.0,0.0,1.0,0.0,24.567,NaN,0.0,0.0,1.0,0.0
2026-07-30T00:00:00Z,5.0,6.5,51.5,35.294,NaN,0.0,0.0,1.0,0.0,24.567,NaN,0.0,0.0,1.0,0.0
2026-07-30T00:00:00Z,5.0,6.5,52.5,NaN,NaN,NaN,NaN,NaN,NaN,NaN,NaN,NaN,NaN,NaN,NaN
2026-07-30T00:00:00Z,5.0,6.5,53.5,35.423,NaN,0.0,0.0,1.0,0.0,26.608,NaN,0.0,0.0,1.0,0.0
2026-07-30T00:00:00Z,5.0,6.5,54.5,35.423,NaN,0.0,0.0,1.0,0.0,26.608,NaN,0.0,0.0,1.0,0.0
2026-07-30T00:00:00Z,5.0,6.5,55.5,35.423,NaN,0.0,0.0,1.0,0.0,26.608,NaN,0.0,0.0,1.0,0.0
2026-07-30T00:00:00Z,5.0,6.5,56.5,35.46,NaN,0.128,0.157,2.0,0.0,26.874,NaN,0.917,1.124,2.0,0.0
2026-07-30T00:00:00Z,5.0,6.5,57.5,35.675,NaN,0.297,0.306,3.0,0.0,28.373,NaN,0.887,1.024,3.0,0.0
2026-07-30T00:00:00Z,5.0,6.5,58.5,35.713,NaN,0.324,0.356,4.0,0.0,28.447,NaN,0.808,0.921,4.0,0.0
2026-07-30T00:00:00Z,5.0,6.5,59.5,35.845,NaN,0.234,0.328,4.0,0.0,28.472,NaN,0.063,0.07,4.0,0.0
2026-07-30T00:00:00Z,5.0,6.5,60.5,36.101,NaN,0.234,0.236,4.0,0.0,28.483,NaN,0.063,0.075,4.0,0.0
2026-07-30T00:00:00Z,5.0,6.5,61.5,36.199,NaN,0.234,0.265,4.0,0.0,28.442,NaN,0.063,0.063,4.0,0.0
2026-07-30T00:00:00Z,5.0,6.5,62.5,36.074,NaN,0.181,0.182,5.0,0.0,28.738,NaN,0.397,0.397,5.0,0.0
2026-07-30T00:00:00Z,5.0,6.5,63.5,35.808,NaN,0.201,0.345,4.0,0.0,29.279,NaN,0.425,0.626,4.0,0.0
2026-07-30T00:00:00Z,5.0,6.5,64.5,35.787,NaN,0.219,0.343,3.0,0.0,29.288,NaN,0.419,0.54,3.0,0.0
2026-07-30T00:00:00Z,5.0,6.5,65.5,35.763,NaN,0.45,0.503,4.0,0.0,29.297,NaN,0.169,0.201,4.0,0.0
2026-07-30T00:00:00Z,5.0,6.5,66.5,35.368,NaN,0.442,0.448,7.0,0.0,29.498,NaN,0.241,0.256,7.0,0.0
2026-07-30T00:00:00Z,5.0,6.5,67.5,35.19,NaN,0.442,0.51,7.0,0.0,29.588,NaN,0.241,0.241,7.0,0.0
2026-07-30T00:00:00Z,5.0,6.5,68.5,35.077,NaN,0.334,0.359,6.0,0.0,29.699,NaN,0.151,0.165,6.0,0.0
2026-07-30T00:00:00Z,5.0,6.5,69.5,35.035,35.878,0.334,0.377,6.0,1.0,29.802,29.823,0.151,0.156,6.0,1.0
2026-07-30T00:00:00Z,5.0,6.5,70.5,35.031,NaN,0.334,0.378,6.0,0.0,29.832,NaN,0.151,0.166,6.0,0.0
2026-07-30T00:00:00Z,5.0,6.5,71.5,35.174,NaN,0.367,0.373,4.0,0.0,29.943,NaN,0.075,0.11,4.0,0.0
2026-07-30T00:00:00Z,5.0,6.5,72.5,34.967,NaN,0.104,0.118,2.0,0.0,29.878,NaN,0.245,0.277,2.0,0.0
2026-07-30T00:00:00Z,5.0,6.5,73.5,34.808,NaN,0.104,0.147,2.0,0.0,29.505,NaN,0.245,0.344,2.0,0.0
2026-07-30T00:00:00Z,5.0,6.5,74.5,34.807,NaN,0.0,0.0,1.0,0.0,29.503,NaN,0.0,0.0,1.0,0.0
2026-07-30T00:00:00Z,5.0,6.5,75.5,34.807,NaN,0.0,0.0,1.0,0.0,29.503,NaN,0.0,0.0,1.0,0.0
2026-07-30T00:00:00Z,5.0,6.5,76.5,34.807,NaN,0.0,0.0,1.0,0.0,29.503,NaN,0.0,0.0,1.0,0.0
2026-07-30T00:00:00Z,5.0,6.5,77.5,34.807,NaN,0.0,0.0,1.0,0.0,29.503,NaN,0.0,0.0,1.0,0.0
2026-07-30T00:00:00Z,5.0,6.5,78.5,NaN,NaN,NaN,NaN,NaN,NaN,NaN,NaN,NaN,NaN,NaN,NaN
2026-07-30T00:00:00Z,5.0,7.5,50.5,35.294,NaN,0.0,0.0,1.0,0.0,24.567,NaN,0.0,0.0,1.0,0.0
2026-07-30T00:00:00Z,5.0,7.5,51.5,35.294,NaN,0.0,0.0,1.0,0.0,24.567,NaN,0.0,0.0,1.0,0.0
2026-07-30T00:00:00Z,5.0,7.5,52.5,NaN,NaN,NaN,NaN,NaN,NaN,NaN,NaN,NaN,NaN,NaN,NaN
2026-07-30T00:00:00Z,5.0,7.5,53.5,35.423,NaN,0.0,0.0,1.0,0.0,26.608,NaN,0.0,0.0,1.0,0.0
2026-07-30T00:00:00Z,5.0,7.5,54.5,35.423,NaN,0.0,0.0,1.0,0.0,26.608,NaN,0.0,0.0,1.0,0.0
2026-07-30T00:00:00Z,5.0,7.5,55.5,35.423,NaN,0.207,0.293,2.0,0.0,26.608,NaN,0.307,0.434,2.0,0.0
2026-07-30T00:00:00Z,5.0,7.5,56.5,35.423,NaN,0.171,0.281,3.0,0.0,26.609,NaN,0.762,1.116,3.0,0.0
2026-07-30T00:00:00Z,5.0,7.5,57.5,35.54,NaN,0.26,0.347,4.0,0.0,26.949,NaN,0.817,1.11,4.0,0.0
2026-07-30T00:00:00Z,5.0,7.5,58.5,36.124,NaN,0.29,0.394,5.0,0.0,28.518,NaN,0.788,1.033,5.0,0.0
2026-07-30T00:00:00Z,5.0,7.5,59.5,36.144,NaN,0.239,0.241,7.0,0.0,28.526,NaN,0.42,0.513,7.0,0.0
2026-07-30T00:00:00Z,5.0,7.5,60.5,36.178,NaN,0.24,0.242,8.0,0.0,28.478,NaN,0.407,0.456,8.0,0.0
2026-07-30T00:00:00Z,5.0,7.5,61.5,36.221,NaN,0.223,0.225,7.0,0.0,28.423,NaN,0.097,0.097,7.0,0.0
2026-07-30T00:00:00Z,5.0,7.5,62.5,36.248,NaN,0.188,0.196,8.0,0.0,28.445,NaN,0.369,0.41,8.0,0.0
2026-07-30T00:00:00Z,5.0,7.5,63.5,36.129,NaN,0.2,0.212,7.0,0.0,29.143,NaN,0.393,0.64,7.0,0.0
2026-07-30T00:00:00Z,5.0,7.5,64.5,36.115,NaN,0.216,0.232,6.0,0.0,29.2,NaN,0.415,0.673,6.0,0.0
2026-07-30T00:00:00Z,5.0,7.5,65.5,36.035,NaN,0.524,0.618,5.0,0.0,29.211,NaN,0.373,0.374,5.0,0.0
2026-07-30T00:00:00Z,5.0,7.5,66.5,35.629,NaN,0.442,0.479,7.0,0.0,29.394,NaN,0.241,0.307,7.0,0.0
2026-07-30T00:00:00Z,5.0,7.5,67.5,35.317,NaN,0.442,0.46,7.0,0.0,29.624,NaN,0.241,0.245,7.0,0.0
2026-07-30T00:00:00Z,5.0,7.5,68.5,35.085,NaN,0.334,0.356,6.0,0.0,29.772,NaN,0.151,0.151,6.0,0.0
2026-07-30T00:00:00Z,5.0,7.5,69.5,35.036,NaN,0.334,0.376,6.0,0.0,29.818,NaN,0.151,0.16,6.0,0.0
2026-07-30T00:00:00Z,5.0,7.5,70.5,35.033,NaN,0.334,0.377,6.0,0.0,29.823,NaN,0.151,0.162,6.0,0.0
2026-07-30T00:00:00Z,5.0,7.5,71.5,35.775,NaN,0.367,0.647,4.0,0.0,29.832,NaN,0.075,0.081,4.0,0.0
2026-07-30T00:00:00Z,5.0,7.5,72.5,34.813,NaN,0.104,0.144,2.0,0.0,29.517,NaN,0.245,0.336,2.0,0.0
2026-07-30T00:00:00Z,5.0,7.5,73.5,34.807,NaN,0.104,0.148,2.0,0.0,29.503,NaN,0.245,0.346,2.0,0.0
2026-07-30T00:00:00Z,5.0,7.5,74.5,34.807,34.807,0.0,0.0,1.0,1.0,29.503,29.503,0.0,0.0,1.0,1.0
2026-07-30T00:00:00Z,5.0,7.5,75.5,34.807,NaN,0.0,0.0,1.0,0.0,29.503,NaN,0.0,0.0,1.0,0.0
2026-07-30T00:00:00Z,5.0,7.5,76.5,34.807,NaN,0.0,0.0,1.0,0.0,29.503,NaN,0.0,0.0,1.0,0.0
2026-07-30T00:00:00Z,5.0,7.5,77.5,34.807,NaN,0.0,0.0,1.0,0.0,29.503,NaN,0.0,0.0,1.0,0.0
2026-07-30T00:00:00Z,5.0,7.5,78.5,NaN,NaN,NaN,NaN,NaN,NaN,NaN,NaN,NaN,NaN,NaN,NaN
2026-07-30T00:00:00Z,5.0,8.5,50.5,35.294,NaN,0.0,0.0,1.0,0.0,24.567,NaN,0.0,0.0,1.0,0.0
2026-07-30T00:00:00Z,5.0,8.5,51.5,35.294,NaN,0.0,0.0,1.0,0.0,24.567,NaN,0.0,0.0,1.0,0.0
2026-07-30T00:00:00Z,5.0,8.5,52.5,NaN,NaN,NaN,NaN,NaN,NaN,NaN,NaN,NaN,NaN,NaN,NaN
2026-07-30T00:00:00Z,5.0,8.5,53.5,35.423,NaN,0.0,0.0,1.0,0.0,26.608,NaN,0.0,0.0,1.0,0.0
2026-07-30T00:00:00Z,5.0,8.5,54.5,35.423,NaN,0.0,0.0,1.0,0.0,26.608,NaN,0.0,0.0,1.0,0.0
2026-07-30T00:00:00Z,5.0,8.5,55.5,35.423,35.423,0.207,0.293,2.0,1.0,26.608,26.608,0.307,0.434,2.0,1.0
2026-07-30T00:00:00Z,5.0,8.5,56.5,35.425,NaN,0.207,0.292,2.0,0.0,26.61,NaN,0.307,0.433,2.0,0.0
2026-07-30T00:00:00Z,5.0,8.5,57.5,35.547,NaN,0.294,0.388,3.0,0.0,26.861,NaN,0.804,0.999,3.0,0.0
2026-07-30T00:00:00Z,5.0,8.5,58.5,36.104,NaN,0.309,0.37,4.0,0.0,28.384,NaN,0.816,1.064,4.0,0.0
2026-07-30T00:00:00Z,5.0,8.5,59.5,36.15,36.141,0.172,0.177,6.0,1.0,28.522,28.535,0.444,0.55,6.0,1.0
2026-07-30T00:00:00Z,5.0,8.5,60.5,36.204,NaN,0.173,0.173,7.0,0.0,28.447,NaN,0.429,0.474,7.0,0.0
2026-07-30T00:00:00Z,5.0,8.5,61.5,36.264,36.202,0.083,0.085,6.0,1.0,28.385,28.438,0.104,0.109,6.0,1.0
2026-07-30T00:00:00Z,5.0,8.5,62.5,36.302,NaN,0.188,0.218,8.0,0.0,28.398,NaN,0.369,0.433,8.0,0.0
2026-07-30T00:00:00Z,5.0,8.5,63.5,36.209,NaN,0.2,0.2,7.0,0.0,28.894,NaN,0.393,0.47,7.0,0.0
2026-07-30T00:00:00Z,5.0,8.5,64.5,36.118,36.115,0.2,0.214,7.0,1.0,29.177,29.186,0.409,0.608,7.0,1.0
2026-07-30T00:00:00Z,5.0,8.5,65.5,36.114,NaN,0.482,0.561,7.0,0.0,29.186,NaN,0.321,0.321,7.0,0.0
2026-07-30T00:00:00Z,5.0,8.5,66.5,36.096,NaN,0.467,0.635,8.0,0.0,29.193,NaN,0.282,0.371,8.0,0.0
2026-07-30T00:00:00Z,5.0,8.5,67.5,35.81,NaN,0.467,0.489,8.0,0.0,29.5,NaN,0.282,0.289,8.0,0.0
2026-07-30T00:00:00Z,5.0,8.5,68.5,35.852,NaN,0.497,0.536,7.0,0.0,29.773,NaN,0.299,0.439,7.0,0.0
2026-07-30T00:00:00Z,5.0,8.5,69.5,35.87,NaN,0.497,0.543,7.0,0.0,29.809,NaN,0.299,0.466,7.0,0.0
2026-07-30T00:00:00Z,5.0,8.5,70.5,35.902,NaN,0.488,0.592,6.0,0.0,29.734,NaN,0.277,0.353,6.0,0.0
2026-07-30T00:00:00Z,5.0,8.5,71.5,36.018,NaN,0.462,0.576,3.0,0.0,29.417,NaN,0.31,0.361,3.0,0.0
2026-07-30T00:00:00Z,5.0,8.5,72.5,34.979,NaN,0.652,0.809,2.0,0.0,29.458,NaN,0.17,0.211,2.0,0.0
2026-07-30T00:00:00Z,5.0,8.5,73.5,34.807,NaN,0.652,0.921,2.0,0.0,29.503,NaN,0.17,0.24,2.0,0.0
2026-07-30T00:00:00Z,5.0,8.5,74.5,34.807,NaN,0.0,0.0,1.0,0.0,29.503,NaN,0.0,0.0,1.0,0.0
2026-07-30T00:00:00Z,5.0,8.5,75.5,34.807,NaN,0.0,0.0,1.0,0.0,29.503,NaN,0.0,0.0,1.0,0.0
2026-07-30T00:00:00Z,5.0,8.5,76.5,34.807,NaN,0.0,0.0,1.0,0.0,29.503,NaN,0.0,0.0,1.0,0.0
2026-07-30T00:00:00Z,5.0,8.5,77.5,NaN,NaN,NaN,NaN,NaN,NaN,NaN,NaN,NaN,NaN,NaN,NaN
2026-07-30T00:00:00Z,5.0,8.5,78.5,NaN,NaN,NaN,NaN,NaN,NaN,NaN,NaN,NaN,NaN,NaN,NaN
2026-07-30T00:00:00Z,5.0,9.5,50.5,NaN,NaN,NaN,NaN,NaN,NaN,NaN,NaN,NaN,NaN,NaN,NaN
2026-07-30T00:00:00Z,5.0,9.5,51.5,NaN,NaN,NaN,NaN,NaN,NaN,NaN,NaN,NaN,NaN,NaN,NaN
2026-07-30T00:00:00Z,5.0,9.5,52.5,NaN,NaN,NaN,NaN,NaN,NaN,NaN,NaN,NaN,NaN,NaN,NaN
2026-07-30T00:00:00Z,5.0,9.5,53.5,35.423,NaN,0.0,0.0,1.0,0.0,26.608,NaN,0.0,0.0,1.0,0.0
2026-07-30T00:00:00Z,5.0,9.5,54.5,35.423,NaN,0.0,0.0,1.0,0.0,26.608,NaN,0.0,0.0,1.0,0.0
2026-07-30T00:00:00Z,5.0,9.5,55.5,35.424,NaN,0.207,0.292,2.0,0.0,26.609,NaN,0.307,0.433,2.0,0.0
2026-07-30T00:00:00Z,5.0,9.5,56.5,35.456,NaN,0.269,0.419,3.0,0.0,26.657,NaN,0.274,0.433,3.0,0.0
2026-07-30T00:00:00Z,5.0,9.5,57.5,35.771,NaN,0.281,0.297,4.0,0.0,27.133,NaN,0.709,0.75,4.0,0.0
2026-07-30T00:00:00Z,5.0,9.5,58.5,35.891,NaN,0.284,0.288,5.0,0.0,27.452,NaN,0.763,0.775,5.0,0.0
2026-07-30T00:00:00Z,5.0,9.5,59.5,36.164,NaN,0.165,0.165,7.0,0.0,28.261,NaN,0.551,0.591,7.0,0.0
2026-07-30T00:00:00Z,5.0,9.5,60.5,36.26,NaN,0.168,0.179,8.0,0.0,28.375,NaN,0.542,0.603,8.0,0.0
2026-07-30T00:00:00Z,5.0,9.5,61.5,36.306,36.317,0.105,0.12,7.0,3.0,28.353,28.328,0.455,0.469,7.0,3.0
2026-07-30T00:00:00Z,5.0,9.5,62.5,36.336,36.376,0.096,0.126,7.0,1.0,28.406,28.553,0.285,0.31,7.0,1.0
2026-07-30T00:00:00Z,5.0,9.5,63.5,36.339,NaN,0.091,0.112,6.0,0.0,28.499,NaN,0.308,0.309,6.0,0.0
2026-07-30T00:00:00Z,5.0,9.5,64.5,36.164,NaN,0.097,0.142,6.0,0.0,29.065,NaN,0.364,0.565,6.0,0.0
2026-07-30T00:00:00Z,5.0,9.5,65.5,36.117,NaN,0.101,0.12,5.0,0.0,29.18,NaN,0.234,0.286,5.0,0.0
2026-07-30T00:00:00Z,5.0,9.5,66.5,36.116,NaN,0.105,0.111,5.0,0.0,29.133,NaN,0.279,0.311,5.0,0.0
2026-07-30T00:00:00Z,5.0,9.5,67.5,36.108,NaN,0.105,0.115,6.0,0.0,29.128,NaN,0.258,0.302,6.0,0.0
2026-07-30T00:00:00Z,5.0,9.5,68.5,36.1,NaN,0.105,0.112,6.0,0.0,29.136,NaN,0.259,0.297,6.0,0.0
2026-07-30T00:00:00Z,5.0,9.5,69.5,36.08,NaN,0.105,0.107,6.0,0.0,29.188,NaN,0.259,0.276,6.0,0.0
2026-07-30T00:00:00Z,5.0,9.5,70.5,36.098,NaN,0.104,0.118,5.0,0.0,29.183,NaN,0.265,0.3,5.0,0.0
2026-07-30T00:00:00Z,5.0,9.5,71.5,36.106,NaN,0.096,0.154,3.0,0.0,29.17,NaN,0.275,0.394,3.0,0.0
2026-07-30T00:00:00Z,5.0,9.5,72.5,36.096,NaN,0.583,0.748,3.0,0.0,29.169,NaN,0.139,0.225,3.0,0.0
2026-07-30T00:00:00Z,5.0,9.5,73.5,34.863,NaN,0.652,0.882,2.0,0.0,29.488,NaN,0.17,0.23,2.0,0.0
2026-07-30T00:00:00Z,5.0,9.5,74.5,34.807,NaN,0.0,0.0,1.0,0.0,29.503,NaN,0.0,0.0,1.0,0.0
2026-07-30T00:00:00Z,5.0,9.5,75.5,34.807,NaN,0.0,0.0,1.0,0.0,29.503,NaN,0.0,0.0,1.0,0.0
2026-07-30T00:00:00Z,5.0,9.5,76.5,NaN,NaN,NaN,NaN,NaN,NaN,NaN,NaN,NaN,NaN,NaN,NaN
2026-07-30T00:00:00Z,5.0,9.5,77.5,NaN,NaN,NaN,NaN,NaN,NaN,NaN,NaN,NaN,NaN,NaN,NaN
2026-07-30T00:00:00Z,5.0,9.5,78.5,NaN,NaN,NaN,NaN,NaN,NaN,NaN,NaN,NaN,NaN,NaN,NaN
2026-07-30T00:00:00Z,5.0,10.5,50.5,NaN,NaN,NaN,NaN,NaN,NaN,NaN,NaN,NaN,NaN,NaN,NaN
2026-07-30T00:00:00Z,5.0,10.5,51.5,NaN,NaN,NaN,NaN,NaN,NaN,NaN,NaN,NaN,NaN,NaN,NaN
2026-07-30T00:00:00Z,5.0,10.5,52.5,NaN,NaN,NaN,NaN,NaN,NaN,NaN,NaN,NaN,NaN,NaN,NaN
2026-07-30T00:00:00Z,5.0,10.5,53.5,35.423,NaN,0.0,0.0,1.0,0.0,26.608,NaN,0.0,0.0,1.0,0.0
2026-07-30T00:00:00Z,5.0,10.5,54.5,35.423,NaN,0.0,0.0,1.0,0.0,26.608,NaN,0.0,0.0,1.0,0.0
2026-07-30T00:00:00Z,5.0,10.5,55.5,35.438,NaN,0.207,0.283,2.0,0.0,26.63,NaN,0.307,0.419,2.0,0.0
2026-07-30T00:00:00Z,5.0,10.5,56.5,35.702,NaN,0.269,0.279,3.0,0.0,27.021,NaN,0.274,0.275,3.0,0.0
2026-07-30T00:00:00Z,5.0,10.5,57.5,35.836,NaN,0.296,0.332,6.0,0.0,27.217,NaN,0.632,0.64,6.0,0.0
2026-07-30T00:00:00Z,5.0,10.5,58.5,35.857,35.837,0.284,0.327,7.0,1.0,27.223,27.222,0.705,0.749,7.0,1.0
2026-07-30T00:00:00Z,5.0,10.5,59.5,36.105,NaN,0.162,0.18,9.0,0.0,27.311,NaN,0.634,0.836,9.0,0.0
2026-07-30T00:00:00Z,5.0,10.5,60.5,36.276,NaN,0.162,0.169,12.0,0.0,28.154,NaN,0.585,0.64,12.0,0.0
2026-07-30T00:00:00Z,5.0,10.5,61.5,36.325,NaN,0.116,0.132,11.0,0.0,28.341,NaN,0.574,0.691,11.0,0.0
2026-07-30T00:00:00Z,5.0,10.5,62.5,36.351,NaN,0.111,0.139,11.0,0.0,28.429,NaN,0.611,0.675,11.0,0.0
2026-07-30T00:00:00Z,5.0,10.5,63.5,36.367,NaN,0.092,0.118,8.0,0.0,28.509,NaN,0.431,0.466,8.0,0.0
2026-07-30T00:00:00Z,5.0,10.5,64.5,36.324,NaN,0.097,0.104,8.0,0.0,28.654,NaN,0.497,0.554,8.0,0.0
2026-07-30T00:00:00Z,5.0,10.5,65.5,36.145,NaN,0.12,0.147,7.0,0.0,29.096,NaN,0.607,0.752,7.0,0.0
2026-07-30T00:00:00Z,5.0,10.5,66.5,36.134,NaN,0.03,0.031,4.0,0.0,29.106,NaN,0.04,0.047,4.0,0.0
2026-07-30T00:00:00Z,5.0,10.5,67.5,36.125,36.091,0.072,0.076,5.0,1.0,29.118,29.139,0.102,0.119,5.0,1.0
2026-07-30T00:00:00Z,5.0,10.5,68.5,36.115,NaN,0.072,0.074,5.0,0.0,29.135,NaN,0.102,0.109,5.0,0.0
2026-07-30T00:00:00Z,5.0,10.5,69.5,36.059,NaN,0.072,0.081,5.0,0.0,29.233,NaN,0.102,0.118,5.0,0.0
2026-07-30T00:00:00Z,5.0,10.5,70.5,36.077,36.11,0.072,0.072,4.0,1.0,29.211,29.164,0.1,0.101,4.0,1.0
2026-07-30T00:00:00Z,5.0,10.5,71.5,36.096,NaN,0.072,0.093,2.0,0.0,29.184,NaN,0.103,0.132,2.0,0.0
2026-07-30T00:00:00Z,5.0,10.5,72.5,36.105,NaN,0.072,0.098,2.0,0.0,29.172,NaN,0.103,0.14,2.0,0.0
2026-07-30T00:00:00Z,5.0,10.5,73.5,36.11,NaN,0.0,0.0,1.0,0.0,29.164,NaN,0.0,0.0,1.0,0.0
2026-07-30T00:00:00Z,5.0,10.5,74.5,NaN,NaN,NaN,NaN,NaN,NaN,NaN,NaN,NaN,NaN,NaN,NaN
2026-07-30T00:00:00Z,5.0,10.5,75.5,NaN,NaN,NaN,NaN,NaN,NaN,NaN,NaN,NaN,NaN,NaN,NaN
2026-07-30T00:00:00Z,5.0,10.5,76.5,NaN,NaN,NaN,NaN,NaN,NaN,NaN,NaN,NaN,NaN,NaN,NaN
2026-07-30T00:00:00Z,5.0,10.5,77.5,NaN,NaN,NaN,NaN,NaN,NaN,NaN,NaN,NaN,NaN,NaN,NaN
2026-07-30T00:00:00Z,5.0,10.5,78.5,NaN,NaN,NaN,NaN,NaN,NaN,NaN,NaN,NaN,NaN,NaN,NaN
2026-07-30T00:00:00Z,5.0,11.5,50.5,NaN,NaN,NaN,NaN,NaN,NaN,NaN,NaN,NaN,NaN,NaN,NaN
2026-07-30T00:00:00Z,5.0,11.5,51.5,NaN,NaN,NaN,NaN,NaN,NaN,NaN,NaN,NaN,NaN,NaN,NaN
2026-07-30T00:00:00Z,5.0,11.5,52.5,NaN,NaN,NaN,NaN,NaN,NaN,NaN,NaN,NaN,NaN,NaN,NaN
2026-07-30T00:00:00Z,5.0,11.5,53.5,35.423,NaN,0.0,0.0,1.0,0.0,26.608,NaN,0.0,0.0,1.0,0.0
2026-07-30T00:00:00Z,5.0,11.5,54.5,35.423,NaN,0.0,0.0,1.0,0.0,26.608,NaN,0.0,0.0,1.0,0.0
2026-07-30T00:00:00Z,5.0,11.5,55.5,35.614,NaN,0.207,0.208,2.0,0.0,26.892,NaN,0.307,0.308,2.0,0.0
2026-07-30T00:00:00Z,5.0,11.5,56.5,35.832,NaN,0.269,0.274,3.0,0.0,27.209,NaN,0.274,0.349,3.0,0.0
2026-07-30T00:00:00Z,5.0,11.5,57.5,35.864,NaN,0.315,0.328,5.0,0.0,27.213,NaN,0.35,0.378,5.0,0.0
2026-07-30T00:00:00Z,5.0,11.5,58.5,35.966,NaN,0.34,0.347,6.0,0.0,27.183,NaN,0.365,0.367,6.0,0.0
2026-07-30T00:00:00Z,5.0,11.5,59.5,36.089,36.073,0.191,0.231,8.0,1.0,27.163,27.148,0.571,0.756,8.0,1.0
2026-07-30T00:00:00Z,5.0,11.5,60.5,36.141,NaN,0.177,0.212,11.0,0.0,27.255,NaN,0.549,0.743,11.0,0.0
2026-07-30T00:00:00Z,5.0,11.5,61.5,36.289,NaN,0.122,0.123,10.0,0.0,27.875,NaN,0.548,0.552,10.0,0.0
2026-07-30T00:00:00Z,5.0,11.5,62.5,36.311,NaN,0.102,0.102,9.0,0.0,27.928,NaN,0.529,0.531,9.0,0.0
2026-07-30T00:00:00Z,5.0,11.5,63.5,36.329,NaN,0.059,0.064,7.0,0.0,27.923,NaN,0.364,0.397,7.0,0.0
2026-07-30T00:00:00Z,5.0,11.5,64.5,36.361,NaN,0.077,0.091,7.0,0.0,27.912,NaN,0.43,0.579,7.0,0.0
2026-07-30T00:00:00Z,5.0,11.5,65.5,36.161,NaN,0.12,0.148,6.0,0.0,29.05,NaN,0.612,0.782,6.0,0.0
2026-07-30T00:00:00Z,5.0,11.5,66.5,36.149,NaN,0.148,0.183,5.0,0.0,29.096,NaN,0.187,0.23,5.0,0.0
2026-07-30T00:00:00Z,5.0,11.5,67.5,36.143,36.161,0.173,0.185,6.0,2.0,29.108,29.099,0.229,0.242,6.0,2.0
2026-07-30T00:00:00Z,5.0,11.5,68.5,36.127,NaN,0.164,0.177,7.0,0.0,29.136,NaN,0.217,0.234,7.0,0.0
2026-07-30T00:00:00Z,5.0,11.5,69.5,36.026,NaN,0.164,0.235,7.0,0.0,29.285,NaN,0.217,0.321,7.0,0.0
2026-07-30T00:00:00Z,5.0,11.5,70.5,36.036,35.966,0.176,0.241,6.0,1.0,29.27,29.37,0.234,0.325,6.0,1.0
2026-07-30T00:00:00Z,5.0,11.5,71.5,36.07,NaN,0.205,0.264,4.0,0.0,29.221,NaN,0.276,0.354,4.0,0.0
2026-07-30T00:00:00Z,5.0,11.5,72.5,36.093,NaN,0.072,0.09,2.0,0.0,29.189,NaN,0.103,0.129,2.0,0.0
2026-07-30T00:00:00Z,5.0,11.5,73.5,36.11,NaN,0.0,0.0,1.0,0.0,29.164,NaN,0.0,0.0,1.0,0.0
2026-07-30T00:00:00Z,5.0,11.5,74.5,NaN,NaN,NaN,NaN,NaN,NaN,NaN,NaN,NaN,NaN,NaN,NaN
2026-07-30T00:00:00Z,5.0,11.5,75.5,NaN,NaN,NaN,NaN,NaN,NaN,NaN,NaN,NaN,NaN,NaN,NaN
2026-07-30T00:00:00Z,5.0,11.5,76.5,NaN,NaN,NaN,NaN,NaN,NaN,NaN,NaN,NaN,NaN,NaN,NaN
2026-07-30T00:00:00Z,5.0,11.5,77.5,NaN,NaN,NaN,NaN,NaN,NaN,NaN,NaN,NaN,NaN,NaN,NaN
2026-07-30T00:00:00Z,5.0,11.5,78.5,NaN,NaN,NaN,NaN,NaN,NaN,NaN,NaN,NaN,NaN,NaN,NaN
2026-07-30T00:00:00Z,5.0,12.5,50.5,NaN,NaN,NaN,NaN,NaN,NaN,NaN,NaN,NaN,NaN,NaN,NaN
2026-07-30T00:00:00Z,5.0,12.5,51.5,35.989,NaN,0.0,0.0,1.0,0.0,24.678,NaN,0.0,0.0,1.0,0.0
2026-07-30T00:00:00Z,5.0,12.5,52.5,35.989,NaN,0.0,0.0,1.0,0.0,24.678,NaN,0.0,0.0,1.0,0.0
2026-07-30T00:00:00Z,5.0,12.5,53.5,35.989,NaN,0.0,0.0,1.0,0.0,24.678,NaN,0.0,0.0,1.0,0.0
2026-07-30T00:00:00Z,5.0,12.5,54.5,35.989,NaN,0.0,0.0,1.0,0.0,24.678,NaN,0.0,0.0,1.0,0.0
2026-07-30T00:00:00Z,5.0,12.5,55.5,35.935,NaN,0.076,0.079,2.0,0.0,25.576,NaN,1.272,1.326,2.0,0.0
2026-07-30T00:00:00Z,5.0,12.5,56.5,35.877,NaN,0.098,0.132,3.0,0.0,27.206,NaN,1.182,1.46,3.0,0.0
2026-07-30T00:00:00Z,5.0,12.5,57.5,35.996,NaN,0.189,0.211,4.0,0.0,27.175,NaN,0.294,0.294,4.0,0.0
2026-07-30T00:00:00Z,5.0,12.5,58.5,36.088,NaN,0.22,0.231,5.0,0.0,27.162,NaN,0.3,0.315,5.0,0.0
2026-07-30T00:00:00Z,5.0,12.5,59.5,36.152,NaN,0.202,0.21,7.0,0.0,27.18,NaN,0.541,0.66,7.0,0.0
2026-07-30T00:00:00Z,5.0,12.5,60.5,36.213,NaN,0.178,0.19,12.0,0.0,27.22,NaN,0.495,0.699,12.0,0.0
2026-07-30T00:00:00Z,5.0,12.5,61.5,36.279,NaN,0.123,0.129,11.0,0.0,27.669,NaN,0.493,0.501,11.0,0.0
2026-07-30T00:00:00Z,5.0,12.5,62.5,36.315,36.283,0.1,0.104,10.0,1.0,27.736,27.727,0.476,0.483,10.0,1.0
2026-07-30T00:00:00Z,5.0,12.5,63.5,36.358,NaN,0.051,0.053,8.0,0.0,27.748,NaN,0.339,0.41,8.0,0.0
2026-07-30T00:00:00Z,5.0,12.5,64.5,36.397,NaN,0.08,0.099,8.0,0.0,27.759,NaN,0.453,0.612,8.0,0.0
2026-07-30T00:00:00Z,5.0,12.5,65.5,36.257,NaN,0.124,0.132,9.0,0.0,28.573,NaN,0.599,0.619,9.0,0.0
2026-07-30T00:00:00Z,5.0,12.5,66.5,36.157,NaN,0.149,0.196,6.0,0.0,29.091,NaN,0.188,0.251,6.0,0.0
2026-07-30T00:00:00Z,5.0,12.5,67.5,36.158,NaN,0.182,0.212,8.0,0.0,29.098,NaN,0.256,0.302,8.0,0.0
2026-07-30T00:00:00Z,5.0,12.5,68.5,36.18,NaN,0.179,0.192,9.0,0.0,29.078,NaN,0.252,0.277,9.0,0.0
2026-07-30T00:00:00Z,5.0,12.5,69.5,36.104,NaN,0.179,0.23,9.0,0.0,29.182,NaN,0.252,0.333,9.0,0.0
2026-07-30T00:00:00Z,5.0,12.5,70.5,36.026,NaN,0.187,0.3,8.0,0.0,29.286,NaN,0.264,0.428,8.0,0.0
2026-07-30T00:00:00Z,5.0,12.5,71.5,36.032,NaN,0.205,0.324,5.0,0.0,29.276,NaN,0.298,0.466,5.0,0.0
2026-07-30T00:00:00Z,5.0,12.5,72.5,36.063,NaN,0.211,0.242,3.0,0.0,29.232,NaN,0.333,0.384,3.0,0.0
2026-07-30T00:00:00Z,5.0,12.5,73.5,36.11,NaN,0.0,0.0,1.0,0.0,29.164,NaN,0.0,0.0,1.0,0.0
2026-07-30T00:00:00Z,5.0,12.5,74.5,NaN,NaN,NaN,NaN,NaN,NaN,NaN,NaN,NaN,NaN,NaN,NaN
2026-07-30T00:00:00Z,5.0,12.5,75.5,NaN,NaN,NaN,NaN,NaN,NaN,NaN,NaN,NaN,NaN,NaN,NaN
2026-07-30T00:00:00Z,5.0,12.5,76.5,NaN,NaN,NaN,NaN,NaN,NaN,NaN,NaN,NaN,NaN,NaN,NaN
2026-07-30T00:00:00Z,5.0,12.5,77.5,NaN,NaN,NaN,NaN,NaN,NaN,NaN,NaN,NaN,NaN,NaN,NaN
2026-07-30T00:00:00Z,5.0,12.5,78.5,NaN,NaN,NaN,NaN,NaN,NaN,NaN,NaN,NaN,NaN,NaN,NaN
2026-07-30T00:00:00Z,5.0,13.5,50.5,NaN,NaN,NaN,NaN,NaN,NaN,NaN,NaN,NaN,NaN,NaN,NaN
2026-07-30T00:00:00Z,5.0,13.5,51.5,35.989,NaN,0.0,0.0,1.0,0.0,24.678,NaN,0.0,0.0,1.0,0.0
2026-07-30T00:00:00Z,5.0,13.5,52.5,35.989,NaN,0.0,0.0,1.0,0.0,24.678,NaN,0.0,0.0,1.0,0.0
2026-07-30T00:00:00Z,5.0,13.5,53.5,35.989,NaN,0.0,0.0,1.0,0.0,24.678,NaN,0.0,0.0,1.0,0.0
2026-07-30T00:00:00Z,5.0,13.5,54.5,35.989,NaN,0.0,0.0,1.0,0.0,24.678,NaN,0.0,0.0,1.0,0.0
2026-07-30T00:00:00Z,5.0,13.5,55.5,35.989,NaN,0.0,0.0,1.0,0.0,24.678,NaN,0.0,0.0,1.0,0.0
2026-07-30T00:00:00Z,5.0,13.5,56.5,36.004,NaN,0.042,0.05,2.0,0.0,25.129,NaN,1.235,1.463,2.0,0.0
2026-07-30T00:00:00Z,5.0,13.5,57.5,36.121,NaN,0.138,0.148,3.0,0.0,27.154,NaN,0.338,0.339,3.0,0.0
2026-07-30T00:00:00Z,5.0,13.5,58.5,36.177,NaN,0.167,0.179,4.0,0.0,27.169,NaN,0.334,0.348,4.0,0.0
2026-07-30T00:00:00Z,5.0,13.5,59.5,36.222,NaN,0.167,0.168,4.0,0.0,27.197,NaN,0.334,0.342,4.0,0.0
2026-07-30T00:00:00Z,5.0,13.5,60.5,36.266,36.223,0.142,0.148,8.0,2.0,27.57,27.186,0.349,0.352,8.0,2.0
2026-07-30T00:00:00Z,5.0,13.5,61.5,36.334,NaN,0.142,0.144,8.0,0.0,27.619,NaN,0.349,0.362,8.0,0.0
2026-07-30T00:00:00Z,5.0,13.5,62.5,36.371,NaN,0.118,0.121,7.0,0.0,27.749,NaN,0.341,0.383,7.0,0.0
2026-07-30T00:00:00Z,5.0,13.5,63.5,36.396,36.418,0.088,0.1,8.0,1.0,27.763,27.762,0.383,0.456,8.0,1.0
2026-07-30T00:00:00Z,5.0,13.5,64.5,36.413,NaN,0.128,0.128,8.0,0.0,27.771,NaN,0.475,0.64,8.0,0.0
2026-07-30T00:00:00Z,5.0,13.5,65.5,36.488,NaN,0.155,0.202,11.0,0.0,28.117,NaN,0.548,0.626,11.0,0.0
2026-07-30T00:00:00Z,5.0,13.5,66.5,36.377,NaN,0.171,0.171,9.0,0.0,28.721,NaN,0.28,0.285,9.0,0.0
2026-07-30T00:00:00Z,5.0,13.5,67.5,36.359,NaN,0.197,0.198,11.0,0.0,28.832,NaN,0.314,0.314,11.0,0.0
2026-07-30T00:00:00Z,5.0,13.5,68.5,36.423,NaN,0.199,0.223,12.0,0.0,28.748,NaN,0.316,0.329,12.0,0.0
2026-07-30T00:00:00Z,5.0,13.5,69.5,36.424,NaN,0.179,0.249,9.0,0.0,28.741,NaN,0.252,0.336,9.0,0.0
2026-07-30T00:00:00Z,5.0,13.5,70.5,36.394,NaN,0.187,0.229,8.0,0.0,28.77,NaN,0.264,0.319,8.0,0.0
2026-07-30T00:00:00Z,5.0,13.5,71.5,36.316,NaN,0.205,0.208,5.0,0.0,28.864,NaN,0.298,0.303,5.0,0.0
2026-07-30T00:00:00Z,5.0,13.5,72.5,36.167,NaN,0.211,0.211,3.0,0.0,29.059,NaN,0.333,0.333,3.0,0.0
2026-07-30T00:00:00Z,5.0,13.5,73.5,36.11,NaN,0.0,0.0,1.0,0.0,29.164,NaN,0.0,0.0,1.0,0.0
2026-07-30T00:00:00Z,5.0,13.5,74.5,NaN,NaN,NaN,NaN,NaN,NaN,NaN,NaN,NaN,NaN,NaN,NaN
2026-07-30T00:00:00Z,5.0,13.5,75.5,NaN,NaN,NaN,NaN,NaN,NaN,NaN,NaN,NaN,NaN,NaN,NaN
2026-07-30T00:00:00Z,5.0,13.5,76.5,NaN,NaN,NaN,NaN,NaN,NaN,NaN,NaN,NaN,NaN,NaN,NaN
2026-07-30T00:00:00Z,5.0,13.5,77.5,NaN,NaN,NaN,NaN,NaN,NaN,NaN,NaN,NaN,NaN,NaN,NaN
2026-07-30T00:00:00Z,5.0,13.5,78.5,NaN,NaN,NaN,NaN,NaN,NaN,NaN,NaN,NaN,NaN,NaN,NaN
2026-07-30T00:00:00Z,5.0,14.5,50.5,NaN,NaN,NaN,NaN,NaN,NaN,NaN,NaN,NaN,NaN,NaN,NaN
2026-07-30T00:00:00Z,5.0,14.5,51.5,35.989,NaN,0.0,0.0,1.0,0.0,24.678,NaN,0.0,0.0,1.0,0.0
2026-07-30T00:00:00Z,5.0,14.5,52.5,35.989,NaN,0.022,0.03,2.0,0.0,24.681,NaN,0.656,0.925,2.0,0.0
2026-07-30T00:00:00Z,5.0,14.5,53.5,35.989,NaN,0.022,0.03,2.0,0.0,24.69,NaN,0.656,0.919,2.0,0.0
2026-07-30T00:00:00Z,5.0,14.5,54.5,35.991,NaN,0.022,0.029,2.0,0.0,24.731,NaN,0.656,0.89,2.0,0.0
2026-07-30T00:00:00Z,5.0,14.5,55.5,35.996,NaN,0.022,0.026,2.0,0.0,24.893,NaN,0.656,0.79,2.0,0.0
2026-07-30T00:00:00Z,5.0,14.5,56.5,36.009,NaN,0.034,0.041,3.0,0.0,25.3,NaN,1.009,1.194,3.0,0.0
2026-07-30T00:00:00Z,5.0,14.5,57.5,36.161,NaN,0.135,0.137,4.0,0.0,26.966,NaN,0.59,0.597,4.0,0.0
2026-07-30T00:00:00Z,5.0,14.5,58.5,36.227,NaN,0.167,0.168,4.0,0.0,27.182,NaN,0.334,0.345,4.0,0.0
2026-07-30T00:00:00Z,5.0,14.5,59.5,36.28,NaN,0.154,0.156,5.0,0.0,27.268,NaN,0.32,0.324,5.0,0.0
2026-07-30T00:00:00Z,5.0,14.5,60.5,36.355,36.442,0.134,0.141,9.0,1.0,27.563,27.546,0.329,0.331,9.0,1.0
2026-07-30T00:00:00Z,5.0,14.5,61.5,36.405,NaN,0.134,0.163,9.0,0.0,27.647,NaN,0.329,0.351,9.0,0.0
2026-07-30T00:00:00Z,5.0,14.5,62.5,36.404,36.403,0.11,0.127,8.0,2.0,27.788,27.807,0.319,0.385,8.0,2.0
2026-07-30T00:00:00Z,5.0,14.5,63.5,36.405,NaN,0.089,0.093,9.0,0.0,27.795,NaN,0.389,0.422,9.0,0.0
2026-07-30T00:00:00Z,5.0,14.5,64.5,36.461,NaN,0.095,0.1,8.0,0.0,27.98,NaN,0.383,0.384,8.0,0.0
2026-07-30T00:00:00Z,5.0,14.5,65.5,36.554,NaN,0.121,0.188,9.0,0.0,28.384,NaN,0.489,0.503,9.0,0.0
2026-07-30T00:00:00Z,5.0,14.5,66.5,36.54,NaN,0.126,0.164,7.0,0.0,28.446,NaN,0.245,0.339,7.0,0.0
2026-07-30T00:00:00Z,5.0,14.5,67.5,36.445,NaN,0.186,0.195,9.0,0.0,28.698,NaN,0.31,0.314,9.0,0.0
2026-07-30T00:00:00Z,5.0,14.5,68.5,36.435,NaN,0.18,0.19,10.0,0.0,28.723,NaN,0.296,0.298,10.0,0.0
2026-07-30T00:00:00Z,5.0,14.5,69.5,36.443,36.435,0.174,0.22,7.0,2.0,28.693,28.734,0.253,0.314,7.0,2.0
2026-07-30T00:00:00Z,5.0,14.5,70.5,36.451,NaN,0.174,0.225,7.0,0.0,28.655,NaN,0.253,0.338,7.0,0.0
2026-07-30T00:00:00Z,5.0,14.5,71.5,36.445,NaN,0.188,0.229,5.0,0.0,28.637,NaN,0.271,0.349,5.0,0.0
2026-07-30T00:00:00Z,5.0,14.5,72.5,36.376,NaN,0.206,0.251,3.0,0.0,28.708,NaN,0.326,0.398,3.0,0.0
2026-07-30T00:00:00Z,5.0,14.5,73.5,36.266,NaN,0.0,0.0,1.0,0.0,28.858,NaN,0.0,0.0,1.0,0.0
2026-07-30T00:00:00Z,5.0,14.5,74.5,NaN,NaN,NaN,NaN,NaN,NaN,NaN,NaN,NaN,NaN,NaN,NaN
2026-07-30T00:00:00Z,5.0,14.5,75.5,NaN,NaN,NaN,NaN,NaN,NaN,NaN,NaN,NaN,NaN,NaN,NaN
2026-07-30T00:00:00Z,5.0,14.5,76.5,NaN,NaN,NaN,NaN,NaN,NaN,NaN,NaN,NaN,NaN,NaN,NaN
2026-07-30T00:00:00Z,5.0,14.5,77.5,NaN,NaN,NaN,NaN,NaN,NaN,NaN,NaN,NaN,NaN,NaN,NaN
2026-07-30T00:00:00Z,5.0,14.5,78.5,NaN,NaN,NaN,NaN,NaN,NaN,NaN,NaN,NaN,NaN,NaN,NaN
2026-07-30T00:00:00Z,5.0,15.5,50.5,NaN,NaN,NaN,NaN,NaN,NaN,NaN,NaN,NaN,NaN,NaN,NaN
2026-07-30T00:00:00Z,5.0,15.5,51.5,NaN,NaN,NaN,NaN,NaN,NaN,NaN,NaN,NaN,NaN,NaN,NaN
2026-07-30T00:00:00Z,5.0,15.5,52.5,35.99,NaN,0.022,0.03,2.0,0.0,24.695,NaN,0.656,0.915,2.0,0.0
2026-07-30T00:00:00Z,5.0,15.5,53.5,35.991,NaN,0.022,0.029,2.0,0.0,24.754,NaN,0.656,0.875,2.0,0.0
2026-07-30T00:00:00Z,5.0,15.5,54.5,35.999,35.989,0.022,0.025,2.0,1.0,24.968,24.678,0.656,0.75,2.0,1.0
2026-07-30T00:00:00Z,5.0,15.5,55.5,36.013,NaN,0.022,0.022,2.0,0.0,25.422,NaN,0.656,0.661,2.0,0.0
2026-07-30T00:00:00Z,5.0,15.5,56.5,36.026,NaN,0.022,0.026,2.0,0.0,25.803,NaN,0.656,0.806,2.0,0.0
2026-07-30T00:00:00Z,5.0,15.5,57.5,36.034,NaN,0.149,0.195,3.0,0.0,26.004,NaN,0.657,1.022,3.0,0.0
2026-07-30T00:00:00Z,5.0,15.5,58.5,36.3,NaN,0.157,0.157,3.0,0.0,27.293,NaN,0.378,0.378,3.0,0.0
2026-07-30T00:00:00Z,5.0,15.5,59.5,36.371,NaN,0.137,0.152,4.0,0.0,27.442,NaN,0.344,0.352,4.0,0.0
2026-07-30T00:00:00Z,5.0,15.5,60.5,36.404,NaN,0.11,0.127,8.0,0.0,27.564,NaN,0.319,0.319,8.0,0.0
2026-07-30T00:00:00Z,5.0,15.5,61.5,36.389,NaN,0.11,0.12,8.0,0.0,27.663,NaN,0.319,0.332,8.0,0.0
2026-07-30T00:00:00Z,5.0,15.5,62.5,36.398,NaN,0.125,0.126,10.0,0.0,27.779,NaN,0.408,0.413,10.0,0.0
2026-07-30T00:00:00Z,5.0,15.5,63.5,36.405,NaN,0.09,0.101,11.0,0.0,27.807,NaN,0.377,0.433,11.0,0.0
2026-07-30T00:00:00Z,5.0,15.5,64.5,36.521,NaN,0.094,0.117,10.0,0.0,28.272,NaN,0.362,0.416,10.0,0.0
2026-07-30T00:00:00Z,5.0,15.5,65.5,36.543,36.581,0.087,0.12,10.0,1.0,28.438,28.289,0.369,0.446,10.0,1.0
2026-07-30T00:00:00Z,5.0,15.5,66.5,36.532,36.555,0.071,0.074,9.0,1.0,28.48,28.432,0.217,0.232,9.0,1.0
2026-07-30T00:00:00Z,5.0,15.5,67.5,36.466,NaN,0.068,0.079,10.0,0.0,28.648,NaN,0.206,0.222,10.0,0.0
2026-07-30T00:00:00Z,5.0,15.5,68.5,36.434,36.424,0.101,0.109,9.0,1.0,28.72,28.746,0.178,0.189,9.0,1.0
2026-07-30T00:00:00Z,5.0,15.5,69.5,36.448,36.467,0.107,0.107,6.0,1.0,28.662,28.584,0.088,0.123,6.0,1.0
2026-07-30T00:00:00Z,5.0,15.5,70.5,36.422,NaN,0.107,0.109,6.0,0.0,28.663,NaN,0.088,0.123,6.0,0.0
2026-07-30T00:00:00Z,5.0,15.5,71.5,36.325,NaN,0.117,0.169,5.0,0.0,28.78,NaN,0.097,0.102,5.0,0.0
2026-07-30T00:00:00Z,5.0,15.5,72.5,36.276,NaN,0.101,0.136,2.0,0.0,28.845,NaN,0.137,0.185,2.0,0.0
2026-07-30T00:00:00Z,5.0,15.5,73.5,36.266,NaN,0.0,0.0,1.0,0.0,28.858,NaN,0.0,0.0,1.0,0.0
2026-07-30T00:00:00Z,5.0,15.5,74.5,NaN,NaN,NaN,NaN,NaN,NaN,NaN,NaN,NaN,NaN,NaN,NaN
2026-07-30T00:00:00Z,5.0,15.5,75.5,NaN,NaN,NaN,NaN,NaN,NaN,NaN,NaN,NaN,NaN,NaN,NaN
2026-07-30T00:00:00Z,5.0,15.5,76.5,NaN,NaN,NaN,NaN,NaN,NaN,NaN,NaN,NaN,NaN,NaN,NaN
2026-07-30T00:00:00Z,5.0,15.5,77.5,NaN,NaN,NaN,NaN,NaN,NaN,NaN,NaN,NaN,NaN,NaN,NaN
2026-07-30T00:00:00Z,5.0,15.5,78.5,NaN,NaN,NaN,NaN,NaN,NaN,NaN,NaN,NaN,NaN,NaN,NaN
2026-07-30T00:00:00Z,5.0,16.5,50.5,NaN,NaN,NaN,NaN,NaN,NaN,NaN,NaN,NaN,NaN,NaN,NaN
2026-07-30T00:00:00Z,5.0,16.5,51.5,NaN,NaN,NaN,NaN,NaN,NaN,NaN,NaN,NaN,NaN,NaN,NaN
2026-07-30T00:00:00Z,5.0,16.5,52.5,NaN,NaN,NaN,NaN,NaN,NaN,NaN,NaN,NaN,NaN,NaN,NaN
2026-07-30T00:00:00Z,5.0,16.5,53.5,36.002,NaN,0.022,0.023,2.0,0.0,25.061,NaN,0.656,0.71,2.0,0.0
2026-07-30T00:00:00Z,5.0,16.5,54.5,36.017,NaN,0.022,0.023,2.0,0.0,25.537,NaN,0.656,0.686,2.0,0.0
2026-07-30T00:00:00Z,5.0,16.5,55.5,36.028,36.032,0.022,0.027,2.0,1.0,25.855,25.989,0.656,0.838,2.0,1.0
2026-07-30T00:00:00Z,5.0,16.5,56.5,36.031,NaN,0.022,0.03,2.0,0.0,25.957,NaN,0.656,0.905,2.0,0.0
2026-07-30T00:00:00Z,5.0,16.5,57.5,36.032,NaN,0.0,0.0,1.0,0.0,25.989,NaN,0.0,0.0,1.0,0.0
2026-07-30T00:00:00Z,5.0,16.5,58.5,36.439,NaN,0.16,0.224,2.0,0.0,27.534,NaN,0.704,0.987,2.0,0.0
2026-07-30T00:00:00Z,5.0,16.5,59.5,36.335,NaN,0.115,0.17,8.0,0.0,27.539,NaN,0.757,1.47,8.0,0.0
2026-07-30T00:00:00Z,5.0,16.5,60.5,36.338,NaN,0.129,0.157,10.0,0.0,27.541,NaN,0.912,1.321,10.0,0.0
2026-07-30T00:00:00Z,5.0,16.5,61.5,36.339,36.336,0.129,0.158,10.0,1.0,27.553,27.549,0.912,1.33,10.0,1.0
2026-07-30T00:00:00Z,5.0,16.5,62.5,36.356,NaN,0.158,0.17,12.0,0.0,27.622,NaN,1.05,1.291,12.0,0.0
2026-07-30T00:00:00Z,5.0,16.5,63.5,36.417,NaN,0.172,0.187,15.0,0.0,27.856,NaN,1.14,1.32,15.0,0.0
2026-07-30T00:00:00Z,5.0,16.5,64.5,36.536,NaN,0.172,0.252,13.0,0.0,28.383,NaN,1.184,1.642,13.0,0.0
2026-07-30T00:00:00Z,5.0,16.5,65.5,36.53,NaN,0.068,0.081,8.0,0.0,28.467,NaN,0.33,0.371,8.0,0.0
2026-07-30T00:00:00Z,5.0,16.5,66.5,36.52,36.464,0.071,0.071,9.0,1.0,28.517,28.703,0.217,0.222,9.0,1.0
2026-07-30T00:00:00Z,5.0,16.5,67.5,36.489,NaN,0.068,0.07,10.0,0.0,28.616,NaN,0.206,0.212,10.0,0.0
2026-07-30T00:00:00Z,5.0,16.5,68.5,36.495,NaN,0.101,0.104,9.0,0.0,28.759,NaN,0.178,0.205,9.0,0.0
2026-07-30T00:00:00Z,5.0,16.5,69.5,36.495,NaN,0.107,0.119,6.0,0.0,28.775,NaN,0.088,0.092,6.0,0.0
2026-07-30T00:00:00Z,5.0,16.5,70.5,36.33,36.266,0.107,0.156,6.0,1.0,28.827,28.858,0.088,0.118,6.0,1.0
2026-07-30T00:00:00Z,5.0,16.5,71.5,36.273,NaN,0.117,0.21,5.0,0.0,28.853,NaN,0.097,0.142,5.0,0.0
2026-07-30T00:00:00Z,5.0,16.5,72.5,36.266,NaN,0.101,0.142,2.0,0.0,28.857,NaN,0.137,0.193,2.0,0.0
2026-07-30T00:00:00Z,5.0,16.5,73.5,NaN,NaN,NaN,NaN,NaN,NaN,NaN,NaN,NaN,NaN,NaN,NaN
2026-07-30T00:00:00Z,5.0,16.5,74.5,NaN,NaN,NaN,NaN,NaN,NaN,NaN,NaN,NaN,NaN,NaN,NaN
2026-07-30T00:00:00Z,5.0,16.5,75.5,NaN,NaN,NaN,NaN,NaN,NaN,NaN,NaN,NaN,NaN,NaN,NaN
2026-07-30T00:00:00Z,5.0,16.5,76.5,NaN,NaN,NaN,NaN,NaN,NaN,NaN,NaN,NaN,NaN,NaN,NaN
2026-07-30T00:00:00Z,5.0,16.5,77.5,NaN,NaN,NaN,NaN,NaN,NaN,NaN,NaN,NaN,NaN,NaN,NaN
2026-07-30T00:00:00Z,5.0,16.5,78.5,NaN,NaN,NaN,NaN,NaN,NaN,NaN,NaN,NaN,NaN,NaN,NaN
2026-07-30T00:00:00Z,5.0,17.5,50.5,NaN,NaN,NaN,NaN,NaN,NaN,NaN,NaN,NaN,NaN,NaN,NaN
2026-07-30T00:00:00Z,5.0,17.5,51.5,NaN,NaN,NaN,NaN,NaN,NaN,NaN,NaN,NaN,NaN,NaN,NaN
2026-07-30T00:00:00Z,5.0,17.5,52.5,NaN,NaN,NaN,NaN,NaN,NaN,NaN,NaN,NaN,NaN,NaN,NaN
2026-07-30T00:00:00Z,5.0,17.5,53.5,NaN,NaN,NaN,NaN,NaN,NaN,NaN,NaN,NaN,NaN,NaN,NaN
2026-07-30T00:00:00Z,5.0,17.5,54.5,NaN,NaN,NaN,NaN,NaN,NaN,NaN,NaN,NaN,NaN,NaN,NaN
2026-07-30T00:00:00Z,5.0,17.5,55.5,36.031,NaN,0.022,0.03,2.0,0.0,25.967,NaN,0.656,0.912,2.0,0.0
2026-07-30T00:00:00Z,5.0,17.5,56.5,36.032,NaN,0.022,0.03,2.0,0.0,25.984,NaN,0.656,0.924,2.0,0.0
2026-07-30T00:00:00Z,5.0,17.5,57.5,36.032,NaN,0.0,0.0,1.0,0.0,25.989,NaN,0.0,0.0,1.0,0.0
2026-07-30T00:00:00Z,5.0,17.5,58.5,36.123,NaN,0.0,0.0,1.0,0.0,26.138,NaN,0.0,0.0,1.0,0.0
2026-07-30T00:00:00Z,5.0,17.5,59.5,36.255,NaN,0.082,0.094,11.0,0.0,25.911,NaN,0.519,0.586,11.0,0.0
2026-07-30T00:00:00Z,5.0,17.5,60.5,36.257,NaN,0.103,0.104,13.0,0.0,26.868,NaN,0.756,0.873,13.0,0.0
2026-07-30T00:00:00Z,5.0,17.5,61.5,36.258,NaN,0.103,0.105,13.0,0.0,26.862,NaN,0.756,0.87,13.0,0.0
2026-07-30T00:00:00Z,5.0,17.5,62.5,36.263,NaN,0.138,0.139,15.0,0.0,26.863,NaN,0.948,0.965,15.0,0.0
2026-07-30T00:00:00Z,5.0,17.5,63.5,36.471,NaN,0.159,0.219,18.0,0.0,27.959,NaN,1.096,1.469,18.0,0.0
2026-07-30T00:00:00Z,5.0,17.5,64.5,36.536,NaN,0.156,0.257,17.0,0.0,28.323,NaN,1.108,1.703,17.0,0.0
2026-07-30T00:00:00Z,5.0,17.5,65.5,36.532,36.551,0.068,0.082,8.0,1.0,28.345,28.356,0.33,0.333,8.0,1.0
2026-07-30T00:00:00Z,5.0,17.5,66.5,36.523,NaN,0.066,0.066,7.0,0.0,28.414,NaN,0.223,0.245,7.0,0.0
2026-07-30T00:00:00Z,5.0,17.5,67.5,36.547,NaN,0.065,0.069,8.0,0.0,28.641,NaN,0.21,0.24,8.0,0.0
2026-07-30T00:00:00Z,5.0,17.5,68.5,36.624,NaN,0.113,0.18,7.0,0.0,28.83,NaN,0.196,0.277,7.0,0.0
2026-07-30T00:00:00Z,5.0,17.5,69.5,36.595,36.634,0.131,0.197,4.0,1.0,28.835,28.834,0.107,0.134,4.0,1.0
2026-07-30T00:00:00Z,5.0,17.5,70.5,36.404,NaN,0.131,0.138,4.0,0.0,28.848,NaN,0.107,0.142,4.0,0.0
2026-07-30T00:00:00Z,5.0,17.5,71.5,36.281,NaN,0.15,0.231,3.0,0.0,28.857,NaN,0.124,0.158,3.0,0.0
2026-07-30T00:00:00Z,5.0,17.5,72.5,36.266,NaN,0.101,0.142,2.0,0.0,28.858,NaN,0.137,0.194,2.0,0.0
2026-07-30T00:00:00Z,5.0,17.5,73.5,NaN,NaN,NaN,NaN,NaN,NaN,NaN,NaN,NaN,NaN,NaN,NaN
2026-07-30T00:00:00Z,5.0,17.5,74.5,NaN,NaN,NaN,NaN,NaN,NaN,NaN,NaN,NaN,NaN,NaN,NaN
2026-07-30T00:00:00Z,5.0,17.5,75.5,NaN,NaN,NaN,NaN,NaN,NaN,NaN,NaN,NaN,NaN,NaN,NaN
2026-07-30T00:00:00Z,5.0,17.5,76.5,NaN,NaN,NaN,NaN,NaN,NaN,NaN,NaN,NaN,NaN,NaN,NaN
2026-07-30T00:00:00Z,5.0,17.5,77.5,NaN,NaN,NaN,NaN,NaN,NaN,NaN,NaN,NaN,NaN,NaN,NaN
2026-07-30T00:00:00Z,5.0,17.5,78.5,NaN,NaN,NaN,NaN,NaN,NaN,NaN,NaN,NaN,NaN,NaN,NaN
2026-07-30T00:00:00Z,5.0,18.5,50.5,NaN,NaN,NaN,NaN,NaN,NaN,NaN,NaN,NaN,NaN,NaN,NaN
2026-07-30T00:00:00Z,5.0,18.5,51.5,NaN,NaN,NaN,NaN,NaN,NaN,NaN,NaN,NaN,NaN,NaN,NaN
2026-07-30T00:00:00Z,5.0,18.5,52.5,NaN,NaN,NaN,NaN,NaN,NaN,NaN,NaN,NaN,NaN,NaN,NaN
2026-07-30T00:00:00Z,5.0,18.5,53.5,NaN,NaN,NaN,NaN,NaN,NaN,NaN,NaN,NaN,NaN,NaN,NaN
2026-07-30T00:00:00Z,5.0,18.5,54.5,NaN,NaN,NaN,NaN,NaN,NaN,NaN,NaN,NaN,NaN,NaN,NaN
2026-07-30T00:00:00Z,5.0,18.5,55.5,NaN,NaN,NaN,NaN,NaN,NaN,NaN,NaN,NaN,NaN,NaN,NaN
2026-07-30T00:00:00Z,5.0,18.5,56.5,NaN,NaN,NaN,NaN,NaN,NaN,NaN,NaN,NaN,NaN,NaN,NaN
2026-07-30T00:00:00Z,5.0,18.5,57.5,36.032,NaN,0.0,0.0,1.0,0.0,25.945,NaN,0.655,0.895,2.0,0.0
2026-07-30T00:00:00Z,5.0,18.5,58.5,36.123,NaN,0.0,0.0,1.0,0.0,25.306,NaN,0.729,0.736,2.0,0.0
2026-07-30T00:00:00Z,5.0,18.5,59.5,36.149,NaN,0.082,0.101,11.0,0.0,25.914,NaN,0.648,0.663,12.0,0.0
2026-07-30T00:00:00Z,5.0,18.5,60.5,36.156,NaN,0.082,0.098,11.0,0.0,25.916,NaN,0.648,0.663,12.0,0.0
2026-07-30T00:00:00Z,5.0,18.5,61.5,36.166,NaN,0.082,0.092,11.0,0.0,25.929,NaN,0.648,0.66,12.0,0.0
2026-07-30T00:00:00Z,5.0,18.5,62.5,36.181,NaN,0.139,0.159,13.0,0.0,25.976,NaN,0.988,1.066,14.0,0.0
2026-07-30T00:00:00Z,5.0,18.5,63.5,36.304,NaN,0.166,0.166,16.0,0.0,26.743,NaN,1.12,1.128,16.0,0.0
2026-07-30T00:00:00Z,5.0,18.5,64.5,36.525,NaN,0.164,0.26,15.0,0.0,28.276,NaN,1.14,1.767,15.0,0.0
2026-07-30T00:00:00Z,5.0,18.5,65.5,36.524,36.511,0.041,0.042,5.0,1.0,28.282,28.242,0.162,0.204,5.0,1.0
2026-07-30T00:00:00Z,5.0,18.5,66.5,36.523,NaN,0.053,0.059,6.0,0.0,28.283,NaN,0.218,0.291,6.0,0.0
2026-07-30T00:00:00Z,5.0,18.5,67.5,36.579,NaN,0.053,0.061,6.0,0.0,28.576,NaN,0.218,0.24,6.0,0.0
2026-07-30T00:00:00Z,5.0,18.5,68.5,36.633,NaN,0.129,0.186,5.0,0.0,28.834,NaN,0.225,0.309,5.0,0.0
2026-07-30T00:00:00Z,5.0,18.5,69.5,36.624,NaN,0.184,0.253,2.0,0.0,28.835,NaN,0.012,0.017,2.0,0.0
2026-07-30T00:00:00Z,5.0,18.5,70.5,36.526,NaN,0.184,0.199,2.0,0.0,28.841,NaN,0.012,0.013,2.0,0.0
2026-07-30T00:00:00Z,5.0,18.5,71.5,36.318,NaN,0.184,0.227,2.0,0.0,28.855,NaN,0.012,0.015,2.0,0.0
2026-07-30T00:00:00Z,5.0,18.5,72.5,36.266,NaN,0.0,0.0,1.0,0.0,28.858,NaN,0.0,0.0,1.0,0.0
2026-07-30T00:00:00Z,5.0,18.5,73.5,NaN,NaN,NaN,NaN,NaN,NaN,NaN,NaN,NaN,NaN,NaN,NaN
2026-07-30T00:00:00Z,5.0,18.5,74.5,NaN,NaN,NaN,NaN,NaN,NaN,NaN,NaN,NaN,NaN,NaN,NaN
2026-07-30T00:00:00Z,5.0,18.5,75.5,NaN,NaN,NaN,NaN,NaN,NaN,NaN,NaN,NaN,NaN,NaN,NaN
2026-07-30T00:00:00Z,5.0,18.5,76.5,NaN,NaN,NaN,NaN,NaN,NaN,NaN,NaN,NaN,NaN,NaN,NaN
2026-07-30T00:00:00Z,5.0,18.5,77.5,NaN,NaN,NaN,NaN,NaN,NaN,NaN,NaN,NaN,NaN,NaN,NaN
2026-07-30T00:00:00Z,5.0,18.5,78.5,NaN,NaN,NaN,NaN,NaN,NaN,NaN,NaN,NaN,NaN,NaN,NaN
2026-07-30T00:00:00Z,5.0,19.5,50.5,NaN,NaN,NaN,NaN,NaN,NaN,NaN,NaN,NaN,NaN,NaN,NaN
2026-07-30T00:00:00Z,5.0,19.5,51.5,NaN,NaN,NaN,NaN,NaN,NaN,NaN,NaN,NaN,NaN,NaN,NaN
2026-07-30T00:00:00Z,5.0,19.5,52.5,NaN,NaN,NaN,NaN,NaN,NaN,NaN,NaN,NaN,NaN,NaN,NaN
2026-07-30T00:00:00Z,5.0,19.5,53.5,NaN,NaN,NaN,NaN,NaN,NaN,NaN,NaN,NaN,NaN,NaN,NaN
2026-07-30T00:00:00Z,5.0,19.5,54.5,NaN,NaN,NaN,NaN,NaN,NaN,NaN,NaN,NaN,NaN,NaN,NaN
2026-07-30T00:00:00Z,5.0,19.5,55.5,NaN,NaN,NaN,NaN,NaN,NaN,NaN,NaN,NaN,NaN,NaN,NaN
2026-07-30T00:00:00Z,5.0,19.5,56.5,NaN,NaN,NaN,NaN,NaN,NaN,NaN,NaN,NaN,NaN,NaN,NaN
2026-07-30T00:00:00Z,5.0,19.5,57.5,NaN,NaN,NaN,NaN,NaN,NaN,NaN,NaN,NaN,NaN,NaN,NaN
2026-07-30T00:00:00Z,5.0,19.5,58.5,36.123,NaN,0.0,0.0,1.0,0.0,24.72,NaN,0.729,1.003,2.0,0.0
2026-07-30T00:00:00Z,5.0,19.5,59.5,36.161,NaN,0.082,0.095,11.0,0.0,25.947,NaN,0.648,0.657,12.0,0.0
2026-07-30T00:00:00Z,5.0,19.5,60.5,36.173,NaN,0.082,0.089,11.0,0.0,25.972,NaN,0.648,0.653,12.0,0.0
2026-07-30T00:00:00Z,5.0,19.5,61.5,36.19,36.196,0.117,0.13,13.0,9.0,26.012,26.002,0.87,0.92,14.0,9.0
2026-07-30T00:00:00Z,5.0,19.5,62.5,36.21,NaN,0.159,0.184,16.0,0.0,26.07,NaN,1.096,1.246,17.0,0.0
2026-07-30T00:00:00Z,5.0,19.5,63.5,36.243,NaN,0.159,0.17,16.0,0.0,26.22,NaN,1.008,1.156,16.0,0.0
2026-07-30T00:00:00Z,5.0,19.5,64.5,36.501,NaN,0.234,0.246,20.0,0.0,28.133,NaN,1.201,1.465,20.0,0.0
2026-07-30T00:00:00Z,5.0,19.5,65.5,36.519,NaN,0.13,0.173,10.0,0.0,28.26,NaN,0.371,0.397,10.0,0.0
2026-07-30T00:00:00Z,5.0,19.5,66.5,36.55,NaN,0.124,0.149,11.0,0.0,28.315,NaN,0.375,0.396,11.0,0.0
2026-07-30T00:00:00Z,5.0,19.5,67.5,36.684,NaN,0.097,0.097,9.0,0.0,28.587,NaN,0.213,0.213,9.0,0.0
2026-07-30T00:00:00Z,5.0,19.5,68.5,36.641,NaN,0.169,0.171,7.0,0.0,28.824,NaN,0.108,0.14,7.0,0.0
2026-07-30T00:00:00Z,5.0,19.5,69.5,36.634,NaN,0.169,0.172,7.0,0.0,28.834,NaN,0.108,0.147,7.0,0.0
2026-07-30T00:00:00Z,5.0,19.5,70.5,36.599,NaN,0.184,0.237,2.0,0.0,28.836,NaN,0.012,0.015,2.0,0.0
2026-07-30T00:00:00Z,5.0,19.5,71.5,36.412,NaN,0.184,0.188,2.0,0.0,28.848,NaN,0.012,0.012,2.0,0.0
2026-07-30T00:00:00Z,5.0,19.5,72.5,NaN,NaN,NaN,NaN,NaN,NaN,NaN,NaN,NaN,NaN,NaN,NaN
2026-07-30T00:00:00Z,5.0,19.5,73.5,NaN,NaN,NaN,NaN,NaN,NaN,NaN,NaN,NaN,NaN,NaN,NaN
2026-07-30T00:00:00Z,5.0,19.5,74.5,NaN,NaN,NaN,NaN,NaN,NaN,NaN,NaN,NaN,NaN,NaN,NaN
2026-07-30T00:00:00Z,5.0,19.5,75.5,NaN,NaN,NaN,NaN,NaN,NaN,NaN,NaN,NaN,NaN,NaN,NaN
2026-07-30T00:00:00Z,5.0,19.5,76.5,NaN,NaN,NaN,NaN,NaN,NaN,NaN,NaN,NaN,NaN,NaN,NaN
2026-07-30T00:00:00Z,5.0,19.5,77.5,NaN,NaN,NaN,NaN,NaN,NaN,NaN,NaN,NaN,NaN,NaN,NaN
2026-07-30T00:00:00Z,5.0,19.5,78.5,NaN,NaN,NaN,NaN,NaN,NaN,NaN,NaN,NaN,NaN,NaN,NaN
2026-07-30T00:00:00Z,5.0,20.5,50.5,NaN,NaN,NaN,NaN,NaN,NaN,NaN,NaN,NaN,NaN,NaN,NaN
2026-07-30T00:00:00Z,5.0,20.5,51.5,NaN,NaN,NaN,NaN,NaN,NaN,NaN,NaN,NaN,NaN,NaN,NaN
2026-07-30T00:00:00Z,5.0,20.5,52.5,NaN,NaN,NaN,NaN,NaN,NaN,NaN,NaN,NaN,NaN,NaN,NaN
2026-07-30T00:00:00Z,5.0,20.5,53.5,NaN,NaN,NaN,NaN,NaN,NaN,NaN,NaN,NaN,NaN,NaN,NaN
2026-07-30T00:00:00Z,5.0,20.5,54.5,NaN,NaN,NaN,NaN,NaN,NaN,NaN,NaN,NaN,NaN,NaN,NaN
2026-07-30T00:00:00Z,5.0,20.5,55.5,NaN,NaN,NaN,NaN,NaN,NaN,NaN,NaN,NaN,NaN,NaN,NaN
2026-07-30T00:00:00Z,5.0,20.5,56.5,NaN,NaN,NaN,NaN,NaN,NaN,NaN,NaN,NaN,NaN,NaN,NaN
2026-07-30T00:00:00Z,5.0,20.5,57.5,NaN,NaN,NaN,NaN,NaN,NaN,NaN,NaN,NaN,NaN,NaN,NaN
2026-07-30T00:00:00Z,5.0,20.5,58.5,36.345,NaN,0.122,0.158,2.0,0.0,24.703,NaN,0.892,1.475,3.0,0.0
2026-07-30T00:00:00Z,5.0,20.5,59.5,36.189,NaN,0.087,0.09,11.0,0.0,26.057,NaN,0.528,0.531,12.0,0.0
2026-07-30T00:00:00Z,5.0,20.5,60.5,36.203,NaN,0.087,0.087,11.0,0.0,26.096,NaN,0.528,0.537,12.0,0.0
2026-07-30T00:00:00Z,5.0,20.5,61.5,36.221,36.207,0.119,0.123,13.0,1.0,26.11,26.436,0.814,0.827,14.0,1.0
2026-07-30T00:00:00Z,5.0,20.5,62.5,36.24,NaN,0.164,0.175,15.0,0.0,26.22,NaN,1.107,1.172,16.0,0.0
2026-07-30T00:00:00Z,5.0,20.5,63.5,36.331,NaN,0.164,0.167,15.0,0.0,26.861,NaN,1.021,1.029,15.0,0.0
2026-07-30T00:00:00Z,5.0,20.5,64.5,36.496,NaN,0.239,0.248,19.0,0.0,28.039,NaN,1.231,1.446,19.0,0.0
2026-07-30T00:00:00Z,5.0,20.5,65.5,36.633,NaN,0.13,0.13,10.0,0.0,28.434,NaN,0.371,0.373,10.0,0.0
2026-07-30T00:00:00Z,5.0,20.5,66.5,36.747,NaN,0.124,0.17,11.0,0.0,28.667,NaN,0.375,0.438,11.0,0.0
2026-07-30T00:00:00Z,5.0,20.5,67.5,36.754,NaN,0.097,0.126,9.0,0.0,28.676,NaN,0.213,0.235,9.0,0.0
2026-07-30T00:00:00Z,5.0,20.5,68.5,36.754,NaN,0.046,0.05,6.0,0.0,28.674,NaN,0.104,0.111,6.0,0.0
2026-07-30T00:00:00Z,5.0,20.5,69.5,36.754,NaN,0.046,0.05,6.0,0.0,28.732,NaN,0.104,0.105,6.0,0.0
2026-07-30T00:00:00Z,5.0,20.5,70.5,36.634,NaN,0.0,0.0,1.0,0.0,28.834,NaN,0.0,0.0,1.0,0.0
2026-07-30T00:00:00Z,5.0,20.5,71.5,36.634,NaN,0.0,0.0,1.0,0.0,28.834,NaN,0.0,0.0,1.0,0.0
2026-07-30T00:00:00Z,5.0,20.5,72.5,NaN,NaN,NaN,NaN,NaN,NaN,NaN,NaN,NaN,NaN,NaN,NaN
2026-07-30T00:00:00Z,5.0,20.5,73.5,NaN,NaN,NaN,NaN,NaN,NaN,NaN,NaN,NaN,NaN,NaN,NaN
2026-07-30T00:00:00Z,5.0,20.5,74.5,NaN,NaN,NaN,NaN,NaN,NaN,NaN,NaN,NaN,NaN,NaN,NaN
2026-07-30T00:00:00Z,5.0,20.5,75.5,NaN,NaN,NaN,NaN,NaN,NaN,NaN,NaN,NaN,NaN,NaN,NaN
2026-07-30T00:00:00Z,5.0,20.5,76.5,NaN,NaN,NaN,NaN,NaN,NaN,NaN,NaN,NaN,NaN,NaN,NaN
2026-07-30T00:00:00Z,5.0,20.5,77.5,NaN,NaN,NaN,NaN,NaN,NaN,NaN,NaN,NaN,NaN,NaN,NaN
2026-07-30T00:00:00Z,5.0,20.5,78.5,NaN,NaN,NaN,NaN,NaN,NaN,NaN,NaN,NaN,NaN,NaN,NaN
2026-07-30T00:00:00Z,5.0,21.5,50.5,NaN,NaN,NaN,NaN,NaN,NaN,NaN,NaN,NaN,NaN,NaN,NaN
2026-07-30T00:00:00Z,5.0,21.5,51.5,NaN,NaN,NaN,NaN,NaN,NaN,NaN,NaN,NaN,NaN,NaN,NaN
2026-07-30T00:00:00Z,5.0,21.5,52.5,NaN,NaN,NaN,NaN,NaN,NaN,NaN,NaN,NaN,NaN,NaN,NaN
2026-07-30T00:00:00Z,5.0,21.5,53.5,NaN,NaN,NaN,NaN,NaN,NaN,NaN,NaN,NaN,NaN,NaN,NaN
2026-07-30T00:00:00Z,5.0,21.5,54.5,NaN,NaN,NaN,NaN,NaN,NaN,NaN,NaN,NaN,NaN,NaN,NaN
2026-07-30T00:00:00Z,5.0,21.5,55.5,NaN,NaN,NaN,NaN,NaN,NaN,NaN,NaN,NaN,NaN,NaN,NaN
2026-07-30T00:00:00Z,5.0,21.5,56.5,NaN,NaN,NaN,NaN,NaN,NaN,NaN,NaN,NaN,NaN,NaN,NaN
2026-07-30T00:00:00Z,5.0,21.5,57.5,NaN,NaN,NaN,NaN,NaN,NaN,NaN,NaN,NaN,NaN,NaN,NaN
2026-07-30T00:00:00Z,5.0,21.5,58.5,NaN,NaN,NaN,NaN,NaN,NaN,NaN,NaN,NaN,NaN,NaN,NaN
2026-07-30T00:00:00Z,5.0,21.5,59.5,36.457,NaN,0.272,0.293,14.0,0.0,24.97,NaN,2.012,2.839,15.0,0.0
2026-07-30T00:00:00Z,5.0,21.5,60.5,36.327,NaN,0.272,0.272,14.0,0.0,25.023,24.68,2.012,2.802,15.0,1.0
2026-07-30T00:00:00Z,5.0,21.5,61.5,36.251,NaN,0.257,0.28,16.0,0.0,25.97,NaN,1.913,2.208,17.0,0.0
2026-07-30T00:00:00Z,5.0,21.5,62.5,36.321,NaN,0.263,0.268,16.0,0.0,26.847,NaN,1.933,1.959,17.0,0.0
2026-07-30T00:00:00Z,5.0,21.5,63.5,36.435,NaN,0.147,0.224,13.0,0.0,27.716,NaN,0.876,1.504,13.0,0.0
2026-07-30T00:00:00Z,5.0,21.5,64.5,36.503,36.507,0.25,0.264,17.0,1.0,28.053,28.15,1.248,1.534,17.0,1.0
2026-07-30T00:00:00Z,5.0,21.5,65.5,36.651,NaN,0.134,0.134,8.0,0.0,28.474,NaN,0.41,0.413,8.0,0.0
2026-07-30T00:00:00Z,5.0,21.5,66.5,36.747,36.757,0.134,0.162,8.0,1.0,28.674,28.561,0.41,0.479,8.0,1.0
2026-07-30T00:00:00Z,5.0,21.5,67.5,36.754,NaN,0.064,0.07,6.0,0.0,28.683,NaN,0.166,0.176,6.0,0.0
2026-07-30T00:00:00Z,5.0,21.5,68.5,36.754,NaN,0.013,0.013,5.0,0.0,28.681,NaN,0.097,0.098,5.0,0.0
2026-07-30T00:00:00Z,5.0,21.5,69.5,36.754,NaN,0.013,0.013,5.0,0.0,28.677,NaN,0.097,0.098,5.0,0.0
2026-07-30T00:00:00Z,5.0,21.5,70.5,NaN,NaN,NaN,NaN,NaN,NaN,NaN,NaN,NaN,NaN,NaN,NaN
2026-07-30T00:00:00Z,5.0,21.5,71.5,NaN,NaN,NaN,NaN,NaN,NaN,NaN,NaN,NaN,NaN,NaN,NaN
2026-07-30T00:00:00Z,5.0,21.5,72.5,NaN,NaN,NaN,NaN,NaN,NaN,NaN,NaN,NaN,NaN,NaN,NaN
2026-07-30T00:00:00Z,5.0,21.5,73.5,NaN,NaN,NaN,NaN,NaN,NaN,NaN,NaN,NaN,NaN,NaN,NaN
2026-07-30T00:00:00Z,5.0,21.5,74.5,NaN,NaN,NaN,NaN,NaN,NaN,NaN,NaN,NaN,NaN,NaN,NaN
2026-07-30T00:00:00Z,5.0,21.5,75.5,NaN,NaN,NaN,NaN,NaN,NaN,NaN,NaN,NaN,NaN,NaN,NaN
2026-07-30T00:00:00Z,5.0,21.5,76.5,NaN,NaN,NaN,NaN,NaN,NaN,NaN,NaN,NaN,NaN,NaN,NaN
2026-07-30T00:00:00Z,5.0,21.5,77.5,NaN,NaN,NaN,NaN,NaN,NaN,NaN,NaN,NaN,NaN,NaN,NaN
2026-07-30T00:00:00Z,5.0,21.5,78.5,NaN,NaN,NaN,NaN,NaN,NaN,NaN,NaN,NaN,NaN,NaN,NaN
2026-07-30T00:00:00Z,5.0,22.5,50.5,NaN,NaN,NaN,NaN,NaN,NaN,NaN,NaN,NaN,NaN,NaN,NaN
2026-07-30T00:00:00Z,5.0,22.5,51.5,NaN,NaN,NaN,NaN,NaN,NaN,NaN,NaN,NaN,NaN,NaN,NaN
2026-07-30T00:00:00Z,5.0,22.5,52.5,NaN,NaN,NaN,NaN,NaN,NaN,NaN,NaN,NaN,NaN,NaN,NaN
2026-07-30T00:00:00Z,5.0,22.5,53.5,NaN,NaN,NaN,NaN,NaN,NaN,NaN,NaN,NaN,NaN,NaN,NaN
2026-07-30T00:00:00Z,5.0,22.5,54.5,NaN,NaN,NaN,NaN,NaN,NaN,NaN,NaN,NaN,NaN,NaN,NaN
2026-07-30T00:00:00Z,5.0,22.5,55.5,NaN,NaN,NaN,NaN,NaN,NaN,NaN,NaN,NaN,NaN,NaN,NaN
2026-07-30T00:00:00Z,5.0,22.5,56.5,NaN,NaN,NaN,NaN,NaN,NaN,NaN,NaN,NaN,NaN,NaN,NaN
2026-07-30T00:00:00Z,5.0,22.5,57.5,NaN,NaN,NaN,NaN,NaN,NaN,NaN,NaN,NaN,NaN,NaN,NaN
2026-07-30T00:00:00Z,5.0,22.5,58.5,NaN,NaN,NaN,NaN,NaN,NaN,NaN,NaN,NaN,NaN,NaN,NaN
2026-07-30T00:00:00Z,5.0,22.5,59.5,36.562,NaN,0.296,0.321,15.0,0.0,27.997,NaN,2.818,3.248,16.0,0.0
2026-07-30T00:00:00Z,5.0,22.5,60.5,36.753,NaN,0.296,0.303,15.0,0.0,28.996,NaN,2.818,2.885,16.0,0.0
2026-07-30T00:00:00Z,5.0,22.5,61.5,36.725,NaN,0.246,0.315,12.0,0.0,29.026,NaN,2.2,2.354,13.0,0.0
2026-07-30T00:00:00Z,5.0,22.5,62.5,36.407,NaN,0.242,0.279,12.0,0.0,27.558,NaN,2.164,2.289,13.0,0.0
2026-07-30T00:00:00Z,5.0,22.5,63.5,36.434,36.395,0.128,0.146,7.0,1.0,27.707,27.499,0.859,1.087,7.0,1.0
2026-07-30T00:00:00Z,5.0,22.5,64.5,36.512,NaN,0.215,0.216,12.0,0.0,28.052,NaN,1.047,1.096,12.0,0.0
2026-07-30T00:00:00Z,5.0,22.5,65.5,36.648,36.585,0.134,0.134,8.0,1.0,28.469,28.313,0.41,0.412,8.0,1.0
2026-07-30T00:00:00Z,5.0,22.5,66.5,36.744,36.753,0.134,0.16,8.0,4.0,28.673,28.723,0.41,0.478,8.0,4.0
2026-07-30T00:00:00Z,5.0,22.5,67.5,36.754,NaN,0.064,0.07,6.0,0.0,28.69,NaN,0.166,0.178,6.0,0.0
2026-07-30T00:00:00Z,5.0,22.5,68.5,36.754,NaN,0.013,0.013,5.0,0.0,28.688,NaN,0.097,0.097,5.0,0.0
2026-07-30T00:00:00Z,5.0,22.5,69.5,NaN,NaN,NaN,NaN,NaN,NaN,NaN,NaN,NaN,NaN,NaN,NaN
2026-07-30T00:00:00Z,5.0,22.5,70.5,NaN,NaN,NaN,NaN,NaN,NaN,NaN,NaN,NaN,NaN,NaN,NaN
2026-07-30T00:00:00Z,5.0,22.5,71.5,NaN,NaN,NaN,NaN,NaN,NaN,NaN,NaN,NaN,NaN,NaN,NaN
2026-07-30T00:00:00Z,5.0,22.5,72.5,NaN,NaN,NaN,NaN,NaN,NaN,NaN,NaN,NaN,NaN,NaN,NaN
2026-07-30T00:00:00Z,5.0,22.5,73.5,NaN,NaN,NaN,NaN,NaN,NaN,NaN,NaN,NaN,NaN,NaN,NaN
2026-07-30T00:00:00Z,5.0,22.5,74.5,NaN,NaN,NaN,NaN,NaN,NaN,NaN,NaN,NaN,NaN,NaN,NaN
2026-07-30T00:00:00Z,5.0,22.5,75.5,NaN,NaN,NaN,NaN,NaN,NaN,NaN,NaN,NaN,NaN,NaN,NaN
2026-07-30T00:00:00Z,5.0,22.5,76.5,NaN,NaN,NaN,NaN,NaN,NaN,NaN,NaN,NaN,NaN,NaN,NaN
2026-07-30T00:00:00Z,5.0,22.5,77.5,NaN,NaN,NaN,NaN,NaN,NaN,NaN,NaN,NaN,NaN,NaN,NaN
2026-07-30T00:00:00Z,5.0,22.5,78.5,NaN,NaN,NaN,NaN,NaN,NaN,NaN,NaN,NaN,NaN,NaN,NaN
2026-07-30T00:00:00Z,5.0,23.5,50.5,NaN,NaN,NaN,NaN,NaN,NaN,NaN,NaN,NaN,NaN,NaN,NaN
2026-07-30T00:00:00Z,5.0,23.5,51.5,NaN,NaN,NaN,NaN,NaN,NaN,NaN,NaN,NaN,NaN,NaN,NaN
2026-07-30T00:00:00Z,5.0,23.5,52.5,NaN,NaN,NaN,NaN,NaN,NaN,NaN,NaN,NaN,NaN,NaN,NaN
2026-07-30T00:00:00Z,5.0,23.5,53.5,NaN,NaN,NaN,NaN,NaN,NaN,NaN,NaN,NaN,NaN,NaN,NaN
2026-07-30T00:00:00Z,5.0,23.5,54.5,NaN,NaN,NaN,NaN,NaN,NaN,NaN,NaN,NaN,NaN,NaN,NaN
2026-07-30T00:00:00Z,5.0,23.5,55.5,NaN,NaN,NaN,NaN,NaN,NaN,NaN,NaN,NaN,NaN,NaN,NaN
2026-07-30T00:00:00Z,5.0,23.5,56.5,NaN,NaN,NaN,NaN,NaN,NaN,NaN,NaN,NaN,NaN,NaN,NaN
2026-07-30T00:00:00Z,5.0,23.5,57.5,NaN,NaN,NaN,NaN,NaN,NaN,NaN,NaN,NaN,NaN,NaN,NaN
2026-07-30T00:00:00Z,5.0,23.5,58.5,36.884,NaN,0.178,0.183,11.0,0.0,28.763,NaN,2.409,3.093,12.0,0.0
2026-07-30T00:00:00Z,5.0,23.5,59.5,36.829,36.368,0.178,0.178,11.0,1.0,29.705,26.817,2.409,2.608,12.0,1.0
2026-07-30T00:00:00Z,5.0,23.5,60.5,36.83,36.854,0.178,0.178,11.0,2.0,30.591,30.888,2.409,2.411,12.0,2.0
2026-07-30T00:00:00Z,5.0,23.5,61.5,36.827,NaN,0.197,0.258,8.0,0.0,30.784,NaN,2.182,2.809,9.0,0.0
2026-07-30T00:00:00Z,5.0,23.5,62.5,36.497,NaN,0.167,0.253,8.0,0.0,28.265,NaN,2.062,2.257,9.0,0.0
2026-07-30T00:00:00Z,5.0,23.5,63.5,36.429,NaN,0.078,0.103,3.0,0.0,27.668,NaN,0.352,0.475,3.0,0.0
2026-07-30T00:00:00Z,5.0,23.5,64.5,36.527,NaN,0.134,0.187,8.0,0.0,28.286,NaN,0.41,0.434,8.0,0.0
2026-07-30T00:00:00Z,5.0,23.5,65.5,36.635,NaN,0.134,0.136,8.0,0.0,28.441,NaN,0.41,0.41,8.0,0.0
2026-07-30T00:00:00Z,5.0,23.5,66.5,36.737,NaN,0.134,0.156,8.0,0.0,28.665,NaN,0.41,0.474,8.0,0.0
2026-07-30T00:00:00Z,5.0,23.5,67.5,36.754,NaN,0.064,0.07,6.0,0.0,28.696,NaN,0.166,0.18,6.0,0.0
2026-07-30T00:00:00Z,5.0,23.5,68.5,NaN,NaN,NaN,NaN,NaN,NaN,NaN,NaN,NaN,NaN,NaN,NaN
2026-07-30T00:00:00Z,5.0,23.5,69.5,NaN,NaN,NaN,NaN,NaN,NaN,NaN,NaN,NaN,NaN,NaN,NaN
2026-07-30T00:00:00Z,5.0,23.5,70.5,NaN,NaN,NaN,NaN,NaN,NaN,NaN,NaN,NaN,NaN,NaN,NaN
2026-07-30T00:00:00Z,5.0,23.5,71.5,NaN,NaN,NaN,NaN,NaN,NaN,NaN,NaN,NaN,NaN,NaN,NaN
2026-07-30T00:00:00Z,5.0,23.5,72.5,NaN,NaN,NaN,NaN,NaN,NaN,NaN,NaN,NaN,NaN,NaN,NaN
2026-07-30T00:00:00Z,5.0,23.5,73.5,NaN,NaN,NaN,NaN,NaN,NaN,NaN,NaN,NaN,NaN,NaN,NaN
2026-07-30T00:00:00Z,5.0,23.5,74.5,NaN,NaN,NaN,NaN,NaN,NaN,NaN,NaN,NaN,NaN,NaN,NaN
2026-07-30T00:00:00Z,5.0,23.5,75.5,NaN,NaN,NaN,NaN,NaN,NaN,NaN,NaN,NaN,NaN,NaN,NaN
2026-07-30T00:00:00Z,5.0,23.5,76.5,NaN,NaN,NaN,NaN,NaN,NaN,NaN,NaN,NaN,NaN,NaN,NaN
2026-07-30T00:00:00Z,5.0,23.5,77.5,NaN,NaN,NaN,NaN,NaN,NaN,NaN,NaN,NaN,NaN,NaN,NaN
2026-07-30T00:00:00Z,5.0,23.5,78.5,NaN,NaN,NaN,NaN,NaN,NaN,NaN,NaN,NaN,NaN,NaN,NaN
2026-07-30T00:00:00Z,5.0,24.5,50.5,NaN,NaN,NaN,NaN,NaN,NaN,NaN,NaN,NaN,NaN,NaN,NaN
2026-07-30T00:00:00Z,5.0,24.5,51.5,NaN,NaN,NaN,NaN,NaN,NaN,NaN,NaN,NaN,NaN,NaN,NaN
2026-07-30T00:00:00Z,5.0,24.5,52.5,NaN,NaN,NaN,NaN,NaN,NaN,NaN,NaN,NaN,NaN,NaN,NaN
2026-07-30T00:00:00Z,5.0,24.5,53.5,NaN,NaN,NaN,NaN,NaN,NaN,NaN,NaN,NaN,NaN,NaN,NaN
2026-07-30T00:00:00Z,5.0,24.5,54.5,NaN,NaN,NaN,NaN,NaN,NaN,NaN,NaN,NaN,NaN,NaN,NaN
2026-07-30T00:00:00Z,5.0,24.5,55.5,NaN,NaN,NaN,NaN,NaN,NaN,NaN,NaN,NaN,NaN,NaN,NaN
2026-07-30T00:00:00Z,5.0,24.5,56.5,NaN,NaN,NaN,NaN,NaN,NaN,NaN,NaN,NaN,NaN,NaN,NaN
2026-07-30T00:00:00Z,5.0,24.5,57.5,36.97,NaN,0.178,0.221,11.0,0.0,32.572,NaN,1.652,2.116,11.0,0.0
2026-07-30T00:00:00Z,5.0,24.5,58.5,36.941,NaN,0.178,0.205,11.0,0.0,32.306,NaN,1.652,1.96,11.0,0.0
2026-07-30T00:00:00Z,5.0,24.5,59.5,36.828,36.65,0.178,0.178,11.0,1.0,31.173,30.393,1.652,1.654,11.0,1.0
2026-07-30T00:00:00Z,5.0,24.5,60.5,36.804,36.84,0.178,0.181,11.0,3.0,30.84,30.966,1.652,1.703,11.0,3.0
2026-07-30T00:00:00Z,5.0,24.5,61.5,36.811,NaN,0.197,0.248,8.0,0.0,30.837,NaN,1.648,2.086,8.0,0.0
2026-07-30T00:00:00Z,5.0,24.5,62.5,36.783,NaN,0.167,0.193,8.0,0.0,30.574,NaN,1.391,1.619,8.0,0.0
2026-07-30T00:00:00Z,5.0,24.5,63.5,36.432,NaN,0.078,0.1,3.0,0.0,27.67,NaN,0.352,0.473,3.0,0.0
2026-07-30T00:00:00Z,5.0,24.5,64.5,36.543,NaN,0.134,0.176,8.0,0.0,28.306,NaN,0.41,0.428,8.0,0.0
2026-07-30T00:00:00Z,5.0,24.5,65.5,36.621,NaN,0.134,0.139,8.0,0.0,28.406,NaN,0.41,0.411,8.0,0.0
2026-07-30T00:00:00Z,5.0,24.5,66.5,36.727,NaN,0.134,0.152,8.0,0.0,28.648,NaN,0.41,0.466,8.0,0.0
2026-07-30T00:00:00Z,5.0,24.5,67.5,NaN,NaN,NaN,NaN,NaN,NaN,NaN,NaN,NaN,NaN,NaN,NaN
2026-07-30T00:00:00Z,5.0,24.5,68.5,NaN,NaN,NaN,NaN,NaN,NaN,NaN,NaN,NaN,NaN,NaN,NaN
2026-07-30T00:00:00Z,5.0,24.5,69.5,NaN,NaN,NaN,NaN,NaN,NaN,NaN,NaN,NaN,NaN,NaN,NaN
2026-07-30T00:00:00Z,5.0,24.5,70.5,NaN,NaN,NaN,NaN,NaN,NaN,NaN,NaN,NaN,NaN,NaN,NaN
2026-07-30T00:00:00Z,5.0,24.5,71.5,NaN,NaN,NaN,NaN,NaN,NaN,NaN,NaN,NaN,NaN,NaN,NaN
2026-07-30T00:00:00Z,5.0,24.5,72.5,NaN,NaN,NaN,NaN,NaN,NaN,NaN,NaN,NaN,NaN,NaN,NaN
2026-07-30T00:00:00Z,5.0,24.5,73.5,NaN,NaN,NaN,NaN,NaN,NaN,NaN,NaN,NaN,NaN,NaN,NaN
2026-07-30T00:00:00Z,5.0,24.5,74.5,NaN,NaN,NaN,NaN,NaN,NaN,NaN,NaN,NaN,NaN,NaN,NaN
2026-07-30T00:00:00Z,5.0,24.5,75.5,NaN,NaN,NaN,NaN,NaN,NaN,NaN,NaN,NaN,NaN,NaN,NaN
2026-07-30T00:00:00Z,5.0,24.5,76.5,NaN,NaN,NaN,NaN,NaN,NaN,NaN,NaN,NaN,NaN,NaN,NaN
2026-07-30T00:00:00Z,5.0,24.5,77.5,NaN,NaN,NaN,NaN,NaN,NaN,NaN,NaN,NaN,NaN,NaN,NaN
2026-07-30T00:00:00Z,5.0,24.5,78.5,NaN,NaN,NaN,NaN,NaN,NaN,NaN,NaN,NaN,NaN,NaN,NaN
2026-07-30T00:00:00Z,5.0,25.5,50.5,NaN,NaN,NaN,NaN,NaN,NaN,NaN,NaN,NaN,NaN,NaN,NaN
2026-07-30T00:00:00Z,5.0,25.5,51.5,NaN,NaN,NaN,NaN,NaN,NaN,NaN,NaN,NaN,NaN,NaN,NaN
2026-07-30T00:00:00Z,5.0,25.5,52.5,NaN,NaN,NaN,NaN,NaN,NaN,NaN,NaN,NaN,NaN,NaN,NaN
2026-07-30T00:00:00Z,5.0,25.5,53.5,NaN,NaN,NaN,NaN,NaN,NaN,NaN,NaN,NaN,NaN,NaN,NaN
2026-07-30T00:00:00Z,5.0,25.5,54.5,NaN,NaN,NaN,NaN,NaN,NaN,NaN,NaN,NaN,NaN,NaN,NaN
2026-07-30T00:00:00Z,5.0,25.5,55.5,NaN,NaN,NaN,NaN,NaN,NaN,NaN,NaN,NaN,NaN,NaN,NaN
2026-07-30T00:00:00Z,5.0,25.5,56.5,NaN,NaN,NaN,NaN,NaN,NaN,NaN,NaN,NaN,NaN,NaN,NaN
2026-07-30T00:00:00Z,5.0,25.5,57.5,36.971,NaN,0.178,0.221,11.0,0.0,32.586,NaN,1.652,2.124,11.0,0.0
2026-07-30T00:00:00Z,5.0,25.5,58.5,36.963,36.972,0.178,0.216,11.0,5.0,32.514,32.591,1.652,2.08,11.0,5.0
2026-07-30T00:00:00Z,5.0,25.5,59.5,NaN,NaN,NaN,NaN,NaN,NaN,NaN,NaN,NaN,NaN,NaN,NaN
2026-07-30T00:00:00Z,5.0,25.5,60.5,NaN,NaN,NaN,NaN,NaN,NaN,NaN,NaN,NaN,NaN,NaN,NaN
2026-07-30T00:00:00Z,5.0,25.5,61.5,NaN,NaN,NaN,NaN,NaN,NaN,NaN,NaN,NaN,NaN,NaN,NaN
2026-07-30T00:00:00Z,5.0,25.5,62.5,NaN,NaN,NaN,NaN,NaN,NaN,NaN,NaN,NaN,NaN,NaN,NaN
2026-07-30T00:00:00Z,5.0,25.5,63.5,NaN,NaN,NaN,NaN,NaN,NaN,NaN,NaN,NaN,NaN,NaN,NaN
2026-07-30T00:00:00Z,5.0,25.5,64.5,NaN,NaN,NaN,NaN,NaN,NaN,NaN,NaN,NaN,NaN,NaN,NaN
2026-07-30T00:00:00Z,5.0,25.5,65.5,NaN,NaN,NaN,NaN,NaN,NaN,NaN,NaN,NaN,NaN,NaN,NaN
2026-07-30T00:00:00Z,5.0,25.5,66.5,NaN,NaN,NaN,NaN,NaN,NaN,NaN,NaN,NaN,NaN,NaN,NaN
2026-07-30T00:00:00Z,5.0,25.5,67.5,NaN,NaN,NaN,NaN,NaN,NaN,NaN,NaN,NaN,NaN,NaN,NaN
2026-07-30T00:00:00Z,5.0,25.5,68.5,NaN,NaN,NaN,NaN,NaN,NaN,NaN,NaN,NaN,NaN,NaN,NaN
2026-07-30T00:00:00Z,5.0,25.5,69.5,NaN,NaN,NaN,NaN,NaN,NaN,NaN,NaN,NaN,NaN,NaN,NaN
2026-07-30T00:00:00Z,5.0,25.5,70.5,NaN,NaN,NaN,NaN,NaN,NaN,NaN,NaN,NaN,NaN,NaN,NaN
2026-07-30T00:00:00Z,5.0,25.5,71.5,NaN,NaN,NaN,NaN,NaN,NaN,NaN,NaN,NaN,NaN,NaN,NaN
2026-07-30T00:00:00Z,5.0,25.5,72.5,NaN,NaN,NaN,NaN,NaN,NaN,NaN,NaN,NaN,NaN,NaN,NaN
2026-07-30T00:00:00Z,5.0,25.5,73.5,NaN,NaN,NaN,NaN,NaN,NaN,NaN,NaN,NaN,NaN,NaN,NaN
2026-07-30T00:00:00Z,5.0,25.5,74.5,NaN,NaN,NaN,NaN,NaN,NaN,NaN,NaN,NaN,NaN,NaN,NaN
2026-07-30T00:00:00Z,5.0,25.5,75.5,NaN,NaN,NaN,NaN,NaN,NaN,NaN,NaN,NaN,NaN,NaN,NaN
2026-07-30T00:00:00Z,5.0,25.5,76.5,NaN,NaN,NaN,NaN,NaN,NaN,NaN,NaN,NaN,NaN,NaN,NaN
2026-07-30T00:00:00Z,5.0,25.5,77.5,NaN,NaN,NaN,NaN,NaN,NaN,NaN,NaN,NaN,NaN,NaN,NaN
2026-07-30T00:00:00Z,5.0,25.5,78.5,NaN,NaN,NaN,NaN,NaN,NaN,NaN,NaN,NaN,NaN,NaN,NaN
2026-07-30T00:00:00Z,10.0,5.5,50.5,35.293,NaN,0.0,0.0,1.0,0.0,24.569,NaN,0.0,0.0,1.0,0.0
2026-07-30T00:00:00Z,10.0,5.5,51.5,35.293,NaN,0.0,0.0,1.0,0.0,24.569,NaN,0.0,0.0,1.0,0.0
2026-07-30T00:00:00Z,10.0,5.5,52.5,NaN,NaN,NaN,NaN,NaN,NaN,NaN,NaN,NaN,NaN,NaN,NaN
2026-07-30T00:00:00Z,10.0,5.5,53.5,NaN,NaN,NaN,NaN,NaN,NaN,NaN,NaN,NaN,NaN,NaN,NaN
2026-07-30T00:00:00Z,10.0,5.5,54.5,NaN,NaN,NaN,NaN,NaN,NaN,NaN,NaN,NaN,NaN,NaN,NaN
2026-07-30T00:00:00Z,10.0,5.5,55.5,NaN,NaN,NaN,NaN,NaN,NaN,NaN,NaN,NaN,NaN,NaN,NaN
2026-07-30T00:00:00Z,10.0,5.5,56.5,35.68,NaN,0.0,0.0,1.0,0.0,28.436,NaN,0.0,0.0,1.0,0.0
2026-07-30T00:00:00Z,10.0,5.5,57.5,35.68,NaN,0.23,0.326,2.0,0.0,28.436,NaN,0.048,0.068,2.0,0.0
2026-07-30T00:00:00Z,10.0,5.5,58.5,35.68,NaN,0.23,0.326,2.0,0.0,28.436,NaN,0.048,0.068,2.0,0.0
2026-07-30T00:00:00Z,10.0,5.5,59.5,35.681,NaN,0.23,0.326,2.0,0.0,28.436,NaN,0.048,0.068,2.0,0.0
2026-07-30T00:00:00Z,10.0,5.5,60.5,35.684,NaN,0.23,0.324,2.0,0.0,28.437,NaN,0.048,0.067,2.0,0.0
2026-07-30T00:00:00Z,10.0,5.5,61.5,35.702,NaN,0.23,0.311,2.0,0.0,28.441,NaN,0.048,0.065,2.0,0.0
2026-07-30T00:00:00Z,10.0,5.5,62.5,35.759,NaN,0.175,0.302,3.0,0.0,29.302,NaN,0.34,0.449,3.0,0.0
2026-07-30T00:00:00Z,10.0,5.5,63.5,35.758,NaN,0.179,0.253,2.0,0.0,29.303,NaN,0.056,0.08,2.0,0.0
2026-07-30T00:00:00Z,10.0,5.5,64.5,35.757,35.757,0.179,0.253,2.0,1.0,29.303,29.303,0.056,0.08,2.0,1.0
2026-07-30T00:00:00Z,10.0,5.5,65.5,35.746,35.757,0.44,0.483,4.0,1.0,29.309,29.303,0.173,0.202,4.0,1.0
2026-07-30T00:00:00Z,10.0,5.5,66.5,35.358,NaN,0.436,0.446,7.0,0.0,29.512,NaN,0.24,0.252,7.0,0.0
2026-07-30T00:00:00Z,10.0,5.5,67.5,35.167,35.157,0.436,0.52,7.0,2.0,29.605,29.58,0.24,0.241,7.0,2.0
2026-07-30T00:00:00Z,10.0,5.5,68.5,35.074,34.93,0.33,0.358,6.0,1.0,29.707,29.605,0.128,0.137,6.0,1.0
2026-07-30T00:00:00Z,10.0,5.5,69.5,35.038,35.036,0.33,0.373,6.0,1.0,29.8,29.82,0.128,0.136,6.0,1.0
2026-07-30T00:00:00Z,10.0,5.5,70.5,35.024,NaN,0.357,0.374,7.0,0.0,29.864,NaN,0.12,0.157,7.0,0.0
2026-07-30T00:00:00Z,10.0,5.5,71.5,35.018,NaN,0.396,0.412,5.0,0.0,29.907,NaN,0.038,0.081,5.0,0.0
2026-07-30T00:00:00Z,10.0,5.5,72.5,35.012,NaN,0.135,0.222,3.0,0.0,29.907,NaN,0.172,0.242,3.0,0.0
2026-07-30T00:00:00Z,10.0,5.5,73.5,34.87,NaN,0.135,0.139,3.0,0.0,29.634,NaN,0.172,0.201,3.0,0.0
2026-07-30T00:00:00Z,10.0,5.5,74.5,34.808,NaN,0.06,0.086,2.0,0.0,29.502,NaN,0.15,0.213,2.0,0.0
2026-07-30T00:00:00Z,10.0,5.5,75.5,34.808,NaN,0.06,0.086,2.0,0.0,29.502,NaN,0.15,0.213,2.0,0.0
2026-07-30T00:00:00Z,10.0,5.5,76.5,34.808,NaN,0.0,0.0,1.0,0.0,29.502,NaN,0.0,0.0,1.0,0.0
2026-07-30T00:00:00Z,10.0,5.5,77.5,34.808,NaN,0.0,0.0,1.0,0.0,29.502,NaN,0.0,0.0,1.0,0.0
2026-07-30T00:00:00Z,10.0,5.5,78.5,NaN,NaN,NaN,NaN,NaN,NaN,NaN,NaN,NaN,NaN,NaN,NaN
2026-07-30T00:00:00Z,10.0,6.5,50.5,35.293,NaN,0.0,0.0,1.0,0.0,24.569,NaN,0.0,0.0,1.0,0.0
2026-07-30T00:00:00Z,10.0,6.5,51.5,35.293,NaN,0.0,0.0,1.0,0.0,24.569,NaN,0.0,0.0,1.0,0.0
2026-07-30T00:00:00Z,10.0,6.5,52.5,NaN,NaN,NaN,NaN,NaN,NaN,NaN,NaN,NaN,NaN,NaN,NaN
2026-07-30T00:00:00Z,10.0,6.5,53.5,35.423,NaN,0.0,0.0,1.0,0.0,26.61,NaN,0.0,0.0,1.0,0.0
2026-07-30T00:00:00Z,10.0,6.5,54.5,35.423,NaN,0.0,0.0,1.0,0.0,26.61,NaN,0.0,0.0,1.0,0.0
2026-07-30T00:00:00Z,10.0,6.5,55.5,35.423,NaN,0.0,0.0,1.0,0.0,26.61,NaN,0.0,0.0,1.0,0.0
2026-07-30T00:00:00Z,10.0,6.5,56.5,35.46,NaN,0.128,0.158,2.0,0.0,26.875,NaN,0.913,1.119,2.0,0.0
2026-07-30T00:00:00Z,10.0,6.5,57.5,35.676,NaN,0.297,0.306,3.0,0.0,28.368,NaN,0.884,1.02,3.0,0.0
2026-07-30T00:00:00Z,10.0,6.5,58.5,35.714,NaN,0.324,0.356,4.0,0.0,28.443,NaN,0.806,0.917,4.0,0.0
2026-07-30T00:00:00Z,10.0,6.5,59.5,35.846,NaN,0.234,0.328,4.0,0.0,28.468,NaN,0.061,0.067,4.0,0.0
2026-07-30T00:00:00Z,10.0,6.5,60.5,36.101,NaN,0.234,0.235,4.0,0.0,28.481,NaN,0.061,0.073,4.0,0.0
2026-07-30T00:00:00Z,10.0,6.5,61.5,36.2,NaN,0.234,0.265,4.0,0.0,28.443,NaN,0.061,0.061,4.0,0.0
2026-07-30T00:00:00Z,10.0,6.5,62.5,36.075,NaN,0.18,0.182,5.0,0.0,28.741,NaN,0.399,0.4,5.0,0.0
2026-07-30T00:00:00Z,10.0,6.5,63.5,35.808,NaN,0.2,0.345,4.0,0.0,29.285,NaN,0.427,0.629,4.0,0.0
2026-07-30T00:00:00Z,10.0,6.5,64.5,35.787,NaN,0.218,0.342,3.0,0.0,29.293,NaN,0.421,0.543,3.0,0.0
2026-07-30T00:00:00Z,10.0,6.5,65.5,35.764,NaN,0.44,0.491,4.0,0.0,29.303,NaN,0.173,0.205,4.0,0.0
2026-07-30T00:00:00Z,10.0,6.5,66.5,35.375,NaN,0.436,0.443,7.0,0.0,29.506,NaN,0.24,0.254,7.0,0.0
2026-07-30T00:00:00Z,10.0,6.5,67.5,35.202,NaN,0.436,0.501,7.0,0.0,29.597,NaN,0.24,0.24,7.0,0.0
2026-07-30T00:00:00Z,10.0,6.5,68.5,35.089,NaN,0.33,0.353,6.0,0.0,29.705,NaN,0.128,0.138,6.0,0.0
2026-07-30T00:00:00Z,10.0,6.5,69.5,35.039,35.878,0.33,0.373,6.0,1.0,29.805,29.826,0.128,0.137,6.0,1.0
2026-07-30T00:00:00Z,10.0,6.5,70.5,35.032,NaN,0.33,0.376,6.0,0.0,29.828,NaN,0.128,0.147,6.0,0.0
2026-07-30T00:00:00Z,10.0,6.5,71.5,35.173,NaN,0.367,0.374,4.0,0.0,29.884,NaN,0.038,0.056,4.0,0.0
2026-07-30T00:00:00Z,10.0,6.5,72.5,34.966,NaN,0.103,0.117,2.0,0.0,29.814,NaN,0.203,0.231,2.0,0.0
2026-07-30T00:00:00Z,10.0,6.5,73.5,34.809,NaN,0.103,0.145,2.0,0.0,29.504,NaN,0.203,0.287,2.0,0.0
2026-07-30T00:00:00Z,10.0,6.5,74.5,34.808,NaN,0.0,0.0,1.0,0.0,29.502,NaN,0.0,0.0,1.0,0.0
2026-07-30T00:00:00Z,10.0,6.5,75.5,34.808,NaN,0.0,0.0,1.0,0.0,29.502,NaN,0.0,0.0,1.0,0.0
2026-07-30T00:00:00Z,10.0,6.5,76.5,34.808,NaN,0.0,0.0,1.0,0.0,29.502,NaN,0.0,0.0,1.0,0.0
2026-07-30T00:00:00Z,10.0,6.5,77.5,34.808,NaN,0.0,0.0,1.0,0.0,29.502,NaN,0.0,0.0,1.0,0.0
2026-07-30T00:00:00Z,10.0,6.5,78.5,NaN,NaN,NaN,NaN,NaN,NaN,NaN,NaN,NaN,NaN,NaN,NaN
2026-07-30T00:00:00Z,10.0,7.5,50.5,35.293,NaN,0.0,0.0,1.0,0.0,24.569,NaN,0.0,0.0,1.0,0.0
2026-07-30T00:00:00Z,10.0,7.5,51.5,35.293,NaN,0.0,0.0,1.0,0.0,24.569,NaN,0.0,0.0,1.0,0.0
2026-07-30T00:00:00Z,10.0,7.5,52.5,NaN,NaN,NaN,NaN,NaN,NaN,NaN,NaN,NaN,NaN,NaN,NaN
2026-07-30T00:00:00Z,10.0,7.5,53.5,35.423,NaN,0.0,0.0,1.0,0.0,26.61,NaN,0.0,0.0,1.0,0.0
2026-07-30T00:00:00Z,10.0,7.5,54.5,35.423,NaN,0.0,0.0,1.0,0.0,26.61,NaN,0.0,0.0,1.0,0.0
2026-07-30T00:00:00Z,10.0,7.5,55.5,35.423,NaN,0.207,0.293,2.0,0.0,26.61,NaN,0.307,0.434,2.0,0.0
2026-07-30T00:00:00Z,10.0,7.5,56.5,35.423,NaN,0.171,0.281,3.0,0.0,26.611,NaN,0.759,1.112,3.0,0.0
2026-07-30T00:00:00Z,10.0,7.5,57.5,35.54,NaN,0.26,0.348,4.0,0.0,26.95,NaN,0.814,1.107,4.0,0.0
2026-07-30T00:00:00Z,10.0,7.5,58.5,36.124,NaN,0.29,0.394,5.0,0.0,28.515,NaN,0.785,1.03,5.0,0.0
2026-07-30T00:00:00Z,10.0,7.5,59.5,36.145,NaN,0.239,0.241,7.0,0.0,28.524,NaN,0.419,0.511,7.0,0.0
2026-07-30T00:00:00Z,10.0,7.5,60.5,36.179,NaN,0.24,0.242,8.0,0.0,28.478,NaN,0.406,0.455,8.0,0.0
2026-07-30T00:00:00Z,10.0,7.5,61.5,36.222,NaN,0.223,0.225,7.0,0.0,28.424,NaN,0.096,0.097,7.0,0.0
2026-07-30T00:00:00Z,10.0,7.5,62.5,36.248,NaN,0.188,0.196,8.0,0.0,28.446,NaN,0.371,0.412,8.0,0.0
2026-07-30T00:00:00Z,10.0,7.5,63.5,36.129,NaN,0.199,0.212,7.0,0.0,29.147,NaN,0.394,0.642,7.0,0.0
2026-07-30T00:00:00Z,10.0,7.5,64.5,36.115,NaN,0.215,0.231,6.0,0.0,29.205,NaN,0.417,0.676,6.0,0.0
2026-07-30T00:00:00Z,10.0,7.5,65.5,36.035,NaN,0.515,0.607,5.0,0.0,29.216,NaN,0.376,0.377,5.0,0.0
2026-07-30T00:00:00Z,10.0,7.5,66.5,35.633,NaN,0.436,0.474,7.0,0.0,29.4,NaN,0.24,0.305,7.0,0.0
2026-07-30T00:00:00Z,10.0,7.5,67.5,35.327,NaN,0.436,0.453,7.0,0.0,29.632,NaN,0.24,0.244,7.0,0.0
2026-07-30T00:00:00Z,10.0,7.5,68.5,35.098,NaN,0.33,0.35,6.0,0.0,29.776,NaN,0.128,0.13,6.0,0.0
2026-07-30T00:00:00Z,10.0,7.5,69.5,35.041,NaN,0.33,0.372,6.0,0.0,29.821,NaN,0.128,0.144,6.0,0.0
2026-07-30T00:00:00Z,10.0,7.5,70.5,35.035,NaN,0.33,0.375,6.0,0.0,29.825,NaN,0.128,0.146,6.0,0.0
2026-07-30T00:00:00Z,10.0,7.5,71.5,35.775,NaN,0.367,0.647,4.0,0.0,29.83,NaN,0.038,0.04,4.0,0.0
2026-07-30T00:00:00Z,10.0,7.5,72.5,34.814,NaN,0.103,0.141,2.0,0.0,29.514,NaN,0.203,0.28,2.0,0.0
2026-07-30T00:00:00Z,10.0,7.5,73.5,34.808,NaN,0.103,0.146,2.0,0.0,29.502,NaN,0.203,0.288,2.0,0.0
2026-07-30T00:00:00Z,10.0,7.5,74.5,34.808,34.808,0.0,0.0,1.0,1.0,29.502,29.502,0.0,0.0,1.0,1.0
2026-07-30T00:00:00Z,10.0,7.5,75.5,34.808,NaN,0.0,0.0,1.0,0.0,29.502,NaN,0.0,0.0,1.0,0.0
2026-07-30T00:00:00Z,10.0,7.5,76.5,34.808,NaN,0.0,0.0,1.0,0.0,29.502,NaN,0.0,0.0,1.0,0.0
2026-07-30T00:00:00Z,10.0,7.5,77.5,34.808,NaN,0.0,0.0,1.0,0.0,29.502,NaN,0.0,0.0,1.0,0.0
2026-07-30T00:00:00Z,10.0,7.5,78.5,NaN,NaN,NaN,NaN,NaN,NaN,NaN,NaN,NaN,NaN,NaN,NaN
2026-07-30T00:00:00Z,10.0,8.5,50.5,35.293,NaN,0.0,0.0,1.0,0.0,24.569,NaN,0.0,0.0,1.0,0.0
2026-07-30T00:00:00Z,10.0,8.5,51.5,35.293,NaN,0.0,0.0,1.0,0.0,24.569,NaN,0.0,0.0,1.0,0.0
2026-07-30T00:00:00Z,10.0,8.5,52.5,NaN,NaN,NaN,NaN,NaN,NaN,NaN,NaN,NaN,NaN,NaN,NaN
2026-07-30T00:00:00Z,10.0,8.5,53.5,35.423,NaN,0.0,0.0,1.0,0.0,26.61,NaN,0.0,0.0,1.0,0.0
2026-07-30T00:00:00Z,10.0,8.5,54.5,35.423,NaN,0.0,0.0,1.0,0.0,26.61,NaN,0.0,0.0,1.0,0.0
2026-07-30T00:00:00Z,10.0,8.5,55.5,35.423,35.423,0.207,0.293,2.0,1.0,26.61,26.61,0.307,0.434,2.0,1.0
2026-07-30T00:00:00Z,10.0,8.5,56.5,35.425,NaN,0.207,0.292,2.0,0.0,26.612,NaN,0.307,0.433,2.0,0.0
2026-07-30T00:00:00Z,10.0,8.5,57.5,35.547,NaN,0.294,0.388,3.0,0.0,26.863,NaN,0.802,0.997,3.0,0.0
2026-07-30T00:00:00Z,10.0,8.5,58.5,36.104,NaN,0.309,0.37,4.0,0.0,28.382,NaN,0.814,1.061,4.0,0.0
2026-07-30T00:00:00Z,10.0,8.5,59.5,36.15,36.141,0.173,0.177,6.0,1.0,28.519,28.532,0.443,0.548,6.0,1.0
2026-07-30T00:00:00Z,10.0,8.5,60.5,36.205,NaN,0.173,0.173,7.0,0.0,28.447,NaN,0.429,0.473,7.0,0.0
2026-07-30T00:00:00Z,10.0,8.5,61.5,36.264,36.203,0.083,0.085,6.0,1.0,28.386,28.439,0.104,0.109,6.0,1.0
2026-07-30T00:00:00Z,10.0,8.5,62.5,36.303,NaN,0.188,0.217,8.0,0.0,28.399,NaN,0.371,0.434,8.0,0.0
2026-07-30T00:00:00Z,10.0,8.5,63.5,36.209,NaN,0.199,0.2,7.0,0.0,28.898,NaN,0.394,0.471,7.0,0.0
2026-07-30T00:00:00Z,10.0,8.5,64.5,36.118,36.115,0.2,0.214,7.0,1.0,29.181,29.19,0.411,0.61,7.0,1.0
2026-07-30T00:00:00Z,10.0,8.5,65.5,36.114,NaN,0.474,0.552,7.0,0.0,29.19,NaN,0.324,0.324,7.0,0.0
2026-07-30T00:00:00Z,10.0,8.5,66.5,36.096,NaN,0.461,0.628,8.0,0.0,29.197,NaN,0.283,0.372,8.0,0.0
2026-07-30T00:00:00Z,10.0,8.5,67.5,35.812,NaN,0.461,0.482,8.0,0.0,29.502,NaN,0.283,0.29,8.0,0.0
2026-07-30T00:00:00Z,10.0,8.5,68.5,35.853,NaN,0.491,0.529,7.0,0.0,29.776,NaN,0.301,0.44,7.0,0.0
2026-07-30T00:00:00Z,10.0,8.5,69.5,35.87,NaN,0.491,0.536,7.0,0.0,29.812,NaN,0.301,0.467,7.0,0.0
2026-07-30T00:00:00Z,10.0,8.5,70.5,35.902,NaN,0.481,0.583,6.0,0.0,29.737,NaN,0.279,0.354,6.0,0.0
2026-07-30T00:00:00Z,10.0,8.5,71.5,36.018,NaN,0.461,0.575,3.0,0.0,29.419,NaN,0.31,0.361,3.0,0.0
2026-07-30T00:00:00Z,10.0,8.5,72.5,34.98,NaN,0.651,0.808,2.0,0.0,29.458,NaN,0.168,0.209,2.0,0.0
2026-07-30T00:00:00Z,10.0,8.5,73.5,34.808,NaN,0.651,0.921,2.0,0.0,29.502,NaN,0.168,0.238,2.0,0.0
2026-07-30T00:00:00Z,10.0,8.5,74.5,34.808,NaN,0.0,0.0,1.0,0.0,29.502,NaN,0.0,0.0,1.0,0.0
2026-07-30T00:00:00Z,10.0,8.5,75.5,34.808,NaN,0.0,0.0,1.0,0.0,29.502,NaN,0.0,0.0,1.0,0.0
2026-07-30T00:00:00Z,10.0,8.5,76.5,34.808,NaN,0.0,0.0,1.0,0.0,29.502,NaN,0.0,0.0,1.0,0.0
2026-07-30T00:00:00Z,10.0,8.5,77.5,NaN,NaN,NaN,NaN,NaN,NaN,NaN,NaN,NaN,NaN,NaN,NaN
2026-07-30T00:00:00Z,10.0,8.5,78.5,NaN,NaN,NaN,NaN,NaN,NaN,NaN,NaN,NaN,NaN,NaN,NaN
2026-07-30T00:00:00Z,10.0,9.5,50.5,NaN,NaN,NaN,NaN,NaN,NaN,NaN,NaN,NaN,NaN,NaN,NaN
2026-07-30T00:00:00Z,10.0,9.5,51.5,NaN,NaN,NaN,NaN,NaN,NaN,NaN,NaN,NaN,NaN,NaN,NaN
2026-07-30T00:00:00Z,10.0,9.5,52.5,NaN,NaN,NaN,NaN,NaN,NaN,NaN,NaN,NaN,NaN,NaN,NaN
2026-07-30T00:00:00Z,10.0,9.5,53.5,35.423,NaN,0.0,0.0,1.0,0.0,26.61,NaN,0.0,0.0,1.0,0.0
2026-07-30T00:00:00Z,10.0,9.5,54.5,35.423,NaN,0.0,0.0,1.0,0.0,26.61,NaN,0.0,0.0,1.0,0.0
2026-07-30T00:00:00Z,10.0,9.5,55.5,35.424,NaN,0.207,0.292,2.0,0.0,26.611,NaN,0.307,0.433,2.0,0.0
2026-07-30T00:00:00Z,10.0,9.5,56.5,35.456,NaN,0.269,0.419,3.0,0.0,26.659,NaN,0.274,0.433,3.0,0.0
2026-07-30T00:00:00Z,10.0,9.5,57.5,35.771,NaN,0.281,0.297,4.0,0.0,27.135,NaN,0.707,0.748,4.0,0.0
2026-07-30T00:00:00Z,10.0,9.5,58.5,35.891,NaN,0.285,0.288,5.0,0.0,27.454,NaN,0.761,0.773,5.0,0.0
2026-07-30T00:00:00Z,10.0,9.5,59.5,36.164,NaN,0.165,0.165,7.0,0.0,28.259,NaN,0.55,0.589,7.0,0.0
2026-07-30T00:00:00Z,10.0,9.5,60.5,36.26,NaN,0.168,0.179,8.0,0.0,28.375,NaN,0.541,0.602,8.0,0.0
2026-07-30T00:00:00Z,10.0,9.5,61.5,36.306,36.317,0.105,0.12,7.0,3.0,28.354,28.329,0.454,0.469,7.0,3.0
2026-07-30T00:00:00Z,10.0,9.5,62.5,36.336,36.376,0.096,0.126,7.0,1.0,28.408,28.557,0.286,0.311,7.0,1.0
2026-07-30T00:00:00Z,10.0,9.5,63.5,36.339,NaN,0.091,0.111,6.0,0.0,28.502,NaN,0.309,0.311,6.0,0.0
2026-07-30T00:00:00Z,10.0,9.5,64.5,36.164,NaN,0.097,0.142,6.0,0.0,29.069,NaN,0.365,0.567,6.0,0.0
2026-07-30T00:00:00Z,10.0,9.5,65.5,36.117,NaN,0.101,0.12,5.0,0.0,29.184,NaN,0.233,0.286,5.0,0.0
2026-07-30T00:00:00Z,10.0,9.5,66.5,36.115,NaN,0.105,0.111,5.0,0.0,29.132,NaN,0.28,0.312,5.0,0.0
2026-07-30T00:00:00Z,10.0,9.5,67.5,36.107,NaN,0.105,0.114,6.0,0.0,29.126,NaN,0.259,0.305,6.0,0.0
2026-07-30T00:00:00Z,10.0,9.5,68.5,36.099,NaN,0.104,0.111,6.0,0.0,29.135,NaN,0.26,0.3,6.0,0.0
2026-07-30T00:00:00Z,10.0,9.5,69.5,36.08,NaN,0.104,0.106,6.0,0.0,29.189,NaN,0.26,0.277,6.0,0.0
2026-07-30T00:00:00Z,10.0,9.5,70.5,36.098,NaN,0.103,0.118,5.0,0.0,29.184,NaN,0.266,0.302,5.0,0.0
2026-07-30T00:00:00Z,10.0,9.5,71.5,36.106,NaN,0.096,0.154,3.0,0.0,29.171,NaN,0.275,0.396,3.0,0.0
2026-07-30T00:00:00Z,10.0,9.5,72.5,36.096,NaN,0.583,0.747,3.0,0.0,29.171,NaN,0.139,0.226,3.0,0.0
2026-07-30T00:00:00Z,10.0,9.5,73.5,34.864,NaN,0.651,0.882,2.0,0.0,29.487,NaN,0.168,0.228,2.0,0.0
2026-07-30T00:00:00Z,10.0,9.5,74.5,34.808,NaN,0.0,0.0,1.0,0.0,29.502,NaN,0.0,0.0,1.0,0.0
2026-07-30T00:00:00Z,10.0,9.5,75.5,34.808,NaN,0.0,0.0,1.0,0.0,29.502,NaN,0.0,0.0,1.0,0.0
2026-07-30T00:00:00Z,10.0,9.5,76.5,NaN,NaN,NaN,NaN,NaN,NaN,NaN,NaN,NaN,NaN,NaN,NaN
2026-07-30T00:00:00Z,10.0,9.5,77.5,NaN,NaN,NaN,NaN,NaN,NaN,NaN,NaN,NaN,NaN,NaN,NaN
2026-07-30T00:00:00Z,10.0,9.5,78.5,NaN,NaN,NaN,NaN,NaN,NaN,NaN,NaN,NaN,NaN,NaN,NaN
2026-07-30T00:00:00Z,10.0,10.5,50.5,NaN,NaN,NaN,NaN,NaN,NaN,NaN,NaN,NaN,NaN,NaN,NaN
2026-07-30T00:00:00Z,10.0,10.5,51.5,NaN,NaN,NaN,NaN,NaN,NaN,NaN,NaN,NaN,NaN,NaN,NaN
2026-07-30T00:00:00Z,10.0,10.5,52.5,NaN,NaN,NaN,NaN,NaN,NaN,NaN,NaN,NaN,NaN,NaN,NaN
2026-07-30T00:00:00Z,10.0,10.5,53.5,35.423,NaN,0.0,0.0,1.0,0.0,26.61,NaN,0.0,0.0,1.0,0.0
2026-07-30T00:00:00Z,10.0,10.5,54.5,35.423,NaN,0.0,0.0,1.0,0.0,26.61,NaN,0.0,0.0,1.0,0.0
2026-07-30T00:00:00Z,10.0,10.5,55.5,35.438,NaN,0.207,0.283,2.0,0.0,26.632,NaN,0.307,0.419,2.0,0.0
2026-07-30T00:00:00Z,10.0,10.5,56.5,35.702,NaN,0.269,0.279,3.0,0.0,27.023,NaN,0.274,0.275,3.0,0.0
2026-07-30T00:00:00Z,10.0,10.5,57.5,35.836,NaN,0.296,0.333,6.0,0.0,27.219,NaN,0.632,0.639,6.0,0.0
2026-07-30T00:00:00Z,10.0,10.5,58.5,35.857,35.837,0.285,0.327,7.0,1.0,27.225,27.224,0.705,0.748,7.0,1.0
2026-07-30T00:00:00Z,10.0,10.5,59.5,36.105,NaN,0.162,0.18,9.0,0.0,27.313,NaN,0.635,0.835,9.0,0.0
2026-07-30T00:00:00Z,10.0,10.5,60.5,36.276,NaN,0.162,0.169,12.0,0.0,28.155,NaN,0.587,0.642,12.0,0.0
2026-07-30T00:00:00Z,10.0,10.5,61.5,36.326,NaN,0.117,0.132,11.0,0.0,28.342,NaN,0.575,0.692,11.0,0.0
2026-07-30T00:00:00Z,10.0,10.5,62.5,36.351,NaN,0.111,0.139,11.0,0.0,28.431,NaN,0.613,0.678,11.0,0.0
2026-07-30T00:00:00Z,10.0,10.5,63.5,36.367,NaN,0.092,0.118,8.0,0.0,28.512,NaN,0.432,0.468,8.0,0.0
2026-07-30T00:00:00Z,10.0,10.5,64.5,36.324,NaN,0.098,0.104,8.0,0.0,28.658,NaN,0.498,0.555,8.0,0.0
2026-07-30T00:00:00Z,10.0,10.5,65.5,36.145,NaN,0.121,0.148,7.0,0.0,29.098,NaN,0.607,0.752,7.0,0.0
2026-07-30T00:00:00Z,10.0,10.5,66.5,36.134,NaN,0.031,0.031,4.0,0.0,29.106,NaN,0.04,0.048,4.0,0.0
2026-07-30T00:00:00Z,10.0,10.5,67.5,36.124,36.09,0.071,0.075,5.0,1.0,29.117,29.136,0.105,0.123,5.0,1.0
2026-07-30T00:00:00Z,10.0,10.5,68.5,36.114,NaN,0.071,0.073,5.0,0.0,29.135,NaN,0.105,0.113,5.0,0.0
2026-07-30T00:00:00Z,10.0,10.5,69.5,36.06,NaN,0.071,0.08,5.0,0.0,29.236,NaN,0.105,0.121,5.0,0.0
2026-07-30T00:00:00Z,10.0,10.5,70.5,36.077,36.11,0.071,0.071,4.0,1.0,29.214,29.165,0.103,0.104,4.0,1.0
2026-07-30T00:00:00Z,10.0,10.5,71.5,36.096,NaN,0.071,0.091,2.0,0.0,29.186,NaN,0.106,0.137,2.0,0.0
2026-07-30T00:00:00Z,10.0,10.5,72.5,36.105,NaN,0.071,0.097,2.0,0.0,29.173,NaN,0.106,0.145,2.0,0.0
2026-07-30T00:00:00Z,10.0,10.5,73.5,36.11,NaN,0.0,0.0,1.0,0.0,29.165,NaN,0.0,0.0,1.0,0.0
2026-07-30T00:00:00Z,10.0,10.5,74.5,NaN,NaN,NaN,NaN,NaN,NaN,NaN,NaN,NaN,NaN,NaN,NaN
2026-07-30T00:00:00Z,10.0,10.5,75.5,NaN,NaN,NaN,NaN,NaN,NaN,NaN,NaN,NaN,NaN,NaN,NaN
2026-07-30T00:00:00Z,10.0,10.5,76.5,NaN,NaN,NaN,NaN,NaN,NaN,NaN,NaN,NaN,NaN,NaN,NaN
2026-07-30T00:00:00Z,10.0,10.5,77.5,NaN,NaN,NaN,NaN,NaN,NaN,NaN,NaN,NaN,NaN,NaN,NaN
2026-07-30T00:00:00Z,10.0,10.5,78.5,NaN,NaN,NaN,NaN,NaN,NaN,NaN,NaN,NaN,NaN,NaN,NaN
2026-07-30T00:00:00Z,10.0,11.5,50.5,NaN,NaN,NaN,NaN,NaN,NaN,NaN,NaN,NaN,NaN,NaN,NaN
2026-07-30T00:00:00Z,10.0,11.5,51.5,NaN,NaN,NaN,NaN,NaN,NaN,NaN,NaN,NaN,NaN,NaN,NaN
2026-07-30T00:00:00Z,10.0,11.5,52.5,NaN,NaN,NaN,NaN,NaN,NaN,NaN,NaN,NaN,NaN,NaN,NaN
2026-07-30T00:00:00Z,10.0,11.5,53.5,35.423,NaN,0.0,0.0,1.0,0.0,26.61,NaN,0.0,0.0,1.0,0.0
2026-07-30T00:00:00Z,10.0,11.5,54.5,35.423,NaN,0.0,0.0,1.0,0.0,26.61,NaN,0.0,0.0,1.0,0.0
2026-07-30T00:00:00Z,10.0,11.5,55.5,35.614,NaN,0.207,0.208,2.0,0.0,26.894,NaN,0.307,0.308,2.0,0.0
2026-07-30T00:00:00Z,10.0,11.5,56.5,35.832,NaN,0.269,0.274,3.0,0.0,27.211,NaN,0.274,0.349,3.0,0.0
2026-07-30T00:00:00Z,10.0,11.5,57.5,35.864,NaN,0.316,0.329,5.0,0.0,27.215,NaN,0.351,0.38,5.0,0.0
2026-07-30T00:00:00Z,10.0,11.5,58.5,35.966,NaN,0.34,0.348,6.0,0.0,27.186,NaN,0.366,0.368,6.0,0.0
2026-07-30T00:00:00Z,10.0,11.5,59.5,36.089,36.073,0.191,0.231,8.0,1.0,27.166,27.151,0.572,0.755,8.0,1.0
2026-07-30T00:00:00Z,10.0,11.5,60.5,36.141,NaN,0.177,0.212,11.0,0.0,27.256,NaN,0.551,0.744,11.0,0.0
2026-07-30T00:00:00Z,10.0,11.5,61.5,36.289,NaN,0.122,0.123,10.0,0.0,27.874,NaN,0.55,0.554,10.0,0.0
2026-07-30T00:00:00Z,10.0,11.5,62.5,36.311,NaN,0.101,0.102,9.0,0.0,27.928,NaN,0.532,0.534,9.0,0.0
2026-07-30T00:00:00Z,10.0,11.5,63.5,36.33,NaN,0.06,0.064,7.0,0.0,27.924,NaN,0.365,0.398,7.0,0.0
2026-07-30T00:00:00Z,10.0,11.5,64.5,36.362,NaN,0.078,0.092,7.0,0.0,27.914,NaN,0.43,0.579,7.0,0.0
2026-07-30T00:00:00Z,10.0,11.5,65.5,36.161,NaN,0.121,0.149,6.0,0.0,29.052,NaN,0.612,0.782,6.0,0.0
2026-07-30T00:00:00Z,10.0,11.5,66.5,36.148,NaN,0.149,0.184,5.0,0.0,29.097,NaN,0.187,0.231,5.0,0.0
2026-07-30T00:00:00Z,10.0,11.5,67.5,36.142,36.161,0.173,0.186,6.0,2.0,29.109,29.101,0.231,0.244,6.0,2.0
2026-07-30T00:00:00Z,10.0,11.5,68.5,36.127,NaN,0.164,0.177,7.0,0.0,29.138,NaN,0.219,0.236,7.0,0.0
2026-07-30T00:00:00Z,10.0,11.5,69.5,36.027,NaN,0.164,0.235,7.0,0.0,29.29,NaN,0.219,0.325,7.0,0.0
2026-07-30T00:00:00Z,10.0,11.5,70.5,36.037,35.968,0.177,0.24,6.0,1.0,29.275,29.378,0.236,0.329,6.0,1.0
2026-07-30T00:00:00Z,10.0,11.5,71.5,36.071,NaN,0.205,0.264,4.0,0.0,29.224,NaN,0.28,0.357,4.0,0.0
2026-07-30T00:00:00Z,10.0,11.5,72.5,36.093,NaN,0.071,0.089,2.0,0.0,29.191,NaN,0.106,0.134,2.0,0.0
2026-07-30T00:00:00Z,10.0,11.5,73.5,36.11,NaN,0.0,0.0,1.0,0.0,29.165,NaN,0.0,0.0,1.0,0.0
2026-07-30T00:00:00Z,10.0,11.5,74.5,NaN,NaN,NaN,NaN,NaN,NaN,NaN,NaN,NaN,NaN,NaN,NaN
2026-07-30T00:00:00Z,10.0,11.5,75.5,NaN,NaN,NaN,NaN,NaN,NaN,NaN,NaN,NaN,NaN,NaN,NaN
2026-07-30T00:00:00Z,10.0,11.5,76.5,NaN,NaN,NaN,NaN,NaN,NaN,NaN,NaN,NaN,NaN,NaN,NaN
2026-07-30T00:00:00Z,10.0,11.5,77.5,NaN,NaN,NaN,NaN,NaN,NaN,NaN,NaN,NaN,NaN,NaN,NaN
2026-07-30T00:00:00Z,10.0,11.5,78.5,NaN,NaN,NaN,NaN,NaN,NaN,NaN,NaN,NaN,NaN,NaN,NaN
2026-07-30T00:00:00Z,10.0,12.5,50.5,NaN,NaN,NaN,NaN,NaN,NaN,NaN,NaN,NaN,NaN,NaN,NaN
2026-07-30T00:00:00Z,10.0,12.5,51.5,35.992,NaN,0.0,0.0,1.0,0.0,24.469,NaN,0.0,0.0,1.0,0.0
2026-07-30T00:00:00Z,10.0,12.5,52.5,35.992,NaN,0.0,0.0,1.0,0.0,24.469,NaN,0.0,0.0,1.0,0.0
2026-07-30T00:00:00Z,10.0,12.5,53.5,35.992,NaN,0.0,0.0,1.0,0.0,24.469,NaN,0.0,0.0,1.0,0.0
2026-07-30T00:00:00Z,10.0,12.5,54.5,35.992,NaN,0.0,0.0,1.0,0.0,24.469,NaN,0.0,0.0,1.0,0.0
2026-07-30T00:00:00Z,10.0,12.5,55.5,35.937,NaN,0.077,0.081,2.0,0.0,25.442,NaN,1.378,1.436,2.0,0.0
2026-07-30T00:00:00Z,10.0,12.5,56.5,35.877,NaN,0.098,0.133,3.0,0.0,27.208,NaN,1.282,1.582,3.0,0.0
2026-07-30T00:00:00Z,10.0,12.5,57.5,35.996,NaN,0.189,0.211,4.0,0.0,27.178,NaN,0.296,0.296,4.0,0.0
2026-07-30T00:00:00Z,10.0,12.5,58.5,36.089,NaN,0.22,0.231,5.0,0.0,27.163,NaN,0.302,0.316,5.0,0.0
2026-07-30T00:00:00Z,10.0,12.5,59.5,36.153,NaN,0.202,0.21,7.0,0.0,27.18,NaN,0.542,0.661,7.0,0.0
2026-07-30T00:00:00Z,10.0,12.5,60.5,36.214,NaN,0.178,0.19,12.0,0.0,27.218,NaN,0.497,0.702,12.0,0.0
2026-07-30T00:00:00Z,10.0,12.5,61.5,36.28,NaN,0.123,0.129,11.0,0.0,27.668,NaN,0.495,0.503,11.0,0.0
2026-07-30T00:00:00Z,10.0,12.5,62.5,36.316,36.283,0.099,0.104,10.0,1.0,27.735,27.725,0.479,0.486,10.0,1.0
2026-07-30T00:00:00Z,10.0,12.5,63.5,36.36,NaN,0.051,0.053,8.0,0.0,27.75,NaN,0.339,0.41,8.0,0.0
2026-07-30T00:00:00Z,10.0,12.5,64.5,36.399,NaN,0.081,0.1,8.0,0.0,27.763,NaN,0.453,0.61,8.0,0.0
2026-07-30T00:00:00Z,10.0,12.5,65.5,36.258,NaN,0.125,0.133,9.0,0.0,28.576,NaN,0.599,0.619,9.0,0.0
2026-07-30T00:00:00Z,10.0,12.5,66.5,36.157,NaN,0.149,0.197,6.0,0.0,29.092,NaN,0.189,0.252,6.0,0.0
2026-07-30T00:00:00Z,10.0,12.5,67.5,36.158,NaN,0.177,0.195,7.0,0.0,29.1,NaN,0.236,0.26,7.0,0.0
2026-07-30T00:00:00Z,10.0,12.5,68.5,36.18,NaN,0.171,0.177,8.0,0.0,29.08,NaN,0.228,0.238,8.0,0.0
2026-07-30T00:00:00Z,10.0,12.5,69.5,36.104,NaN,0.171,0.208,8.0,0.0,29.189,NaN,0.228,0.289,8.0,0.0
2026-07-30T00:00:00Z,10.0,12.5,70.5,36.026,NaN,0.181,0.274,7.0,0.0,29.295,NaN,0.243,0.38,7.0,0.0
2026-07-30T00:00:00Z,10.0,12.5,71.5,36.032,NaN,0.205,0.29,4.0,0.0,29.282,NaN,0.28,0.396,4.0,0.0
2026-07-30T00:00:00Z,10.0,12.5,72.5,36.063,NaN,0.071,0.075,2.0,0.0,29.235,NaN,0.106,0.113,2.0,0.0
2026-07-30T00:00:00Z,10.0,12.5,73.5,36.11,NaN,0.0,0.0,1.0,0.0,29.165,NaN,0.0,0.0,1.0,0.0
2026-07-30T00:00:00Z,10.0,12.5,74.5,NaN,NaN,NaN,NaN,NaN,NaN,NaN,NaN,NaN,NaN,NaN,NaN
2026-07-30T00:00:00Z,10.0,12.5,75.5,NaN,NaN,NaN,NaN,NaN,NaN,NaN,NaN,NaN,NaN,NaN,NaN
2026-07-30T00:00:00Z,10.0,12.5,76.5,NaN,NaN,NaN,NaN,NaN,NaN,NaN,NaN,NaN,NaN,NaN,NaN
2026-07-30T00:00:00Z,10.0,12.5,77.5,NaN,NaN,NaN,NaN,NaN,NaN,NaN,NaN,NaN,NaN,NaN,NaN
2026-07-30T00:00:00Z,10.0,12.5,78.5,NaN,NaN,NaN,NaN,NaN,NaN,NaN,NaN,NaN,NaN,NaN,NaN
2026-07-30T00:00:00Z,10.0,13.5,50.5,NaN,NaN,NaN,NaN,NaN,NaN,NaN,NaN,NaN,NaN,NaN,NaN
2026-07-30T00:00:00Z,10.0,13.5,51.5,35.992,NaN,0.0,0.0,1.0,0.0,24.469,NaN,0.0,0.0,1.0,0.0
2026-07-30T00:00:00Z,10.0,13.5,52.5,35.992,NaN,0.0,0.0,1.0,0.0,24.469,NaN,0.0,0.0,1.0,0.0
2026-07-30T00:00:00Z,10.0,13.5,53.5,35.992,NaN,0.0,0.0,1.0,0.0,24.469,NaN,0.0,0.0,1.0,0.0
2026-07-30T00:00:00Z,10.0,13.5,54.5,35.992,NaN,0.0,0.0,1.0,0.0,24.469,NaN,0.0,0.0,1.0,0.0
2026-07-30T00:00:00Z,10.0,13.5,55.5,35.992,NaN,0.0,0.0,1.0,0.0,24.469,NaN,0.0,0.0,1.0,0.0
2026-07-30T00:00:00Z,10.0,13.5,56.5,36.007,NaN,0.041,0.048,2.0,0.0,24.959,NaN,1.341,1.588,2.0,0.0
2026-07-30T00:00:00Z,10.0,13.5,57.5,36.121,NaN,0.138,0.148,3.0,0.0,27.155,NaN,0.341,0.342,3.0,0.0
2026-07-30T00:00:00Z,10.0,13.5,58.5,36.178,NaN,0.167,0.178,4.0,0.0,27.167,NaN,0.337,0.351,4.0,0.0
2026-07-30T00:00:00Z,10.0,13.5,59.5,36.223,NaN,0.167,0.168,4.0,0.0,27.193,NaN,0.337,0.344,4.0,0.0
2026-07-30T00:00:00Z,10.0,13.5,60.5,36.267,36.225,0.142,0.148,8.0,2.0,27.569,27.181,0.351,0.354,8.0,2.0
2026-07-30T00:00:00Z,10.0,13.5,61.5,36.335,NaN,0.142,0.144,8.0,0.0,27.619,NaN,0.351,0.364,8.0,0.0
2026-07-30T00:00:00Z,10.0,13.5,62.5,36.372,NaN,0.116,0.117,8.0,0.0,27.75,NaN,0.461,0.464,8.0,0.0
2026-07-30T00:00:00Z,10.0,13.5,63.5,36.398,36.421,0.083,0.095,9.0,1.0,27.766,27.767,0.403,0.507,9.0,1.0
2026-07-30T00:00:00Z,10.0,13.5,64.5,36.416,NaN,0.122,0.122,9.0,0.0,27.778,NaN,0.463,0.657,9.0,0.0
2026-07-30T00:00:00Z,10.0,13.5,65.5,36.489,NaN,0.152,0.195,12.0,0.0,28.13,NaN,0.527,0.608,12.0,0.0
2026-07-30T00:00:00Z,10.0,13.5,66.5,36.378,NaN,0.165,0.165,10.0,0.0,28.722,NaN,0.273,0.275,10.0,0.0
2026-07-30T00:00:00Z,10.0,13.5,67.5,36.358,NaN,0.196,0.197,11.0,0.0,28.834,NaN,0.316,0.316,11.0,0.0
2026-07-30T00:00:00Z,10.0,13.5,68.5,36.422,NaN,0.203,0.233,11.0,0.0,28.752,NaN,0.321,0.341,11.0,0.0
2026-07-30T00:00:00Z,10.0,13.5,69.5,36.421,NaN,0.171,0.262,8.0,0.0,28.753,NaN,0.228,0.345,8.0,0.0
2026-07-30T00:00:00Z,10.0,13.5,70.5,36.379,NaN,0.181,0.234,7.0,0.0,28.811,NaN,0.243,0.309,7.0,0.0
2026-07-30T00:00:00Z,10.0,13.5,71.5,36.254,NaN,0.205,0.205,4.0,0.0,28.982,NaN,0.28,0.28,4.0,0.0
2026-07-30T00:00:00Z,10.0,13.5,72.5,36.019,NaN,0.071,0.074,2.0,0.0,29.301,NaN,0.106,0.111,2.0,0.0
2026-07-30T00:00:00Z,10.0,13.5,73.5,36.11,NaN,0.0,0.0,1.0,0.0,29.165,NaN,0.0,0.0,1.0,0.0
2026-07-30T00:00:00Z,10.0,13.5,74.5,NaN,NaN,NaN,NaN,NaN,NaN,NaN,NaN,NaN,NaN,NaN,NaN
2026-07-30T00:00:00Z,10.0,13.5,75.5,NaN,NaN,NaN,NaN,NaN,NaN,NaN,NaN,NaN,NaN,NaN,NaN
2026-07-30T00:00:00Z,10.0,13.5,76.5,NaN,NaN,NaN,NaN,NaN,NaN,NaN,NaN,NaN,NaN,NaN,NaN
2026-07-30T00:00:00Z,10.0,13.5,77.5,NaN,NaN,NaN,NaN,NaN,NaN,NaN,NaN,NaN,NaN,NaN,NaN
2026-07-30T00:00:00Z,10.0,13.5,78.5,NaN,NaN,NaN,NaN,NaN,NaN,NaN,NaN,NaN,NaN,NaN,NaN
2026-07-30T00:00:00Z,10.0,14.5,50.5,NaN,NaN,NaN,NaN,NaN,NaN,NaN,NaN,NaN,NaN,NaN,NaN
2026-07-30T00:00:00Z,10.0,14.5,51.5,35.992,NaN,0.0,0.0,1.0,0.0,24.469,NaN,0.0,0.0,1.0,0.0
2026-07-30T00:00:00Z,10.0,14.5,52.5,35.992,NaN,0.017,0.024,2.0,0.0,24.472,NaN,0.736,1.039,2.0,0.0
2026-07-30T00:00:00Z,10.0,14.5,53.5,35.992,NaN,0.017,0.024,2.0,0.0,24.482,NaN,0.736,1.031,2.0,0.0
2026-07-30T00:00:00Z,10.0,14.5,54.5,35.993,NaN,0.017,0.023,2.0,0.0,24.529,NaN,0.736,0.999,2.0,0.0
2026-07-30T00:00:00Z,10.0,14.5,55.5,35.998,NaN,0.017,0.02,2.0,0.0,24.71,NaN,0.736,0.887,2.0,0.0
2026-07-30T00:00:00Z,10.0,14.5,56.5,36.008,NaN,0.033,0.04,3.0,0.0,25.168,NaN,1.097,1.294,3.0,0.0
2026-07-30T00:00:00Z,10.0,14.5,57.5,36.161,NaN,0.136,0.138,4.0,0.0,26.956,NaN,0.609,0.616,4.0,0.0
2026-07-30T00:00:00Z,10.0,14.5,58.5,36.228,NaN,0.167,0.167,4.0,0.0,27.179,NaN,0.337,0.348,4.0,0.0
2026-07-30T00:00:00Z,10.0,14.5,59.5,36.281,NaN,0.154,0.155,5.0,0.0,27.265,NaN,0.322,0.327,5.0,0.0
2026-07-30T00:00:00Z,10.0,14.5,60.5,36.356,36.442,0.134,0.141,9.0,1.0,27.562,27.545,0.331,0.333,9.0,1.0
2026-07-30T00:00:00Z,10.0,14.5,61.5,36.406,NaN,0.134,0.163,9.0,0.0,27.647,NaN,0.331,0.353,9.0,0.0
2026-07-30T00:00:00Z,10.0,14.5,62.5,36.405,36.403,0.11,0.121,9.0,2.0,27.789,27.809,0.437,0.45,9.0,2.0
2026-07-30T00:00:00Z,10.0,14.5,63.5,36.407,NaN,0.085,0.09,10.0,0.0,27.805,NaN,0.414,0.467,10.0,0.0
2026-07-30T00:00:00Z,10.0,14.5,64.5,36.462,NaN,0.09,0.094,9.0,0.0,28.079,NaN,0.403,0.403,9.0,0.0
2026-07-30T00:00:00Z,10.0,14.5,65.5,36.546,NaN,0.116,0.174,10.0,0.0,28.402,NaN,0.473,0.484,10.0,0.0
2026-07-30T00:00:00Z,10.0,14.5,66.5,36.54,NaN,0.119,0.155,8.0,0.0,28.449,NaN,0.233,0.319,8.0,0.0
2026-07-30T00:00:00Z,10.0,14.5,67.5,36.445,NaN,0.186,0.194,9.0,0.0,28.699,NaN,0.313,0.317,9.0,0.0
2026-07-30T00:00:00Z,10.0,14.5,68.5,36.432,NaN,0.187,0.199,9.0,0.0,28.737,NaN,0.308,0.311,9.0,0.0
2026-07-30T00:00:00Z,10.0,14.5,69.5,36.435,36.436,0.174,0.231,6.0,2.0,28.734,28.733,0.244,0.311,6.0,2.0
2026-07-30T00:00:00Z,10.0,14.5,70.5,36.432,NaN,0.174,0.23,6.0,0.0,28.736,NaN,0.244,0.31,6.0,0.0
2026-07-30T00:00:00Z,10.0,14.5,71.5,36.39,NaN,0.191,0.222,4.0,0.0,28.766,NaN,0.267,0.31,4.0,0.0
2026-07-30T00:00:00Z,10.0,14.5,72.5,36.267,NaN,0.15,0.211,2.0,0.0,28.852,NaN,0.264,0.372,2.0,0.0
2026-07-30T00:00:00Z,10.0,14.5,73.5,36.268,NaN,0.0,0.0,1.0,0.0,28.85,NaN,0.0,0.0,1.0,0.0
2026-07-30T00:00:00Z,10.0,14.5,74.5,NaN,NaN,NaN,NaN,NaN,NaN,NaN,NaN,NaN,NaN,NaN,NaN
2026-07-30T00:00:00Z,10.0,14.5,75.5,NaN,NaN,NaN,NaN,NaN,NaN,NaN,NaN,NaN,NaN,NaN,NaN
2026-07-30T00:00:00Z,10.0,14.5,76.5,NaN,NaN,NaN,NaN,NaN,NaN,NaN,NaN,NaN,NaN,NaN,NaN
2026-07-30T00:00:00Z,10.0,14.5,77.5,NaN,NaN,NaN,NaN,NaN,NaN,NaN,NaN,NaN,NaN,NaN,NaN
2026-07-30T00:00:00Z,10.0,14.5,78.5,NaN,NaN,NaN,NaN,NaN,NaN,NaN,NaN,NaN,NaN,NaN,NaN
2026-07-30T00:00:00Z,10.0,15.5,50.5,NaN,NaN,NaN,NaN,NaN,NaN,NaN,NaN,NaN,NaN,NaN,NaN
2026-07-30T00:00:00Z,10.0,15.5,51.5,NaN,NaN,NaN,NaN,NaN,NaN,NaN,NaN,NaN,NaN,NaN,NaN
2026-07-30T00:00:00Z,10.0,15.5,52.5,35.992,NaN,0.017,0.024,2.0,0.0,24.488,NaN,0.736,1.027,2.0,0.0
2026-07-30T00:00:00Z,10.0,15.5,53.5,35.994,NaN,0.017,0.023,2.0,0.0,24.554,NaN,0.736,0.982,2.0,0.0
2026-07-30T00:00:00Z,10.0,15.5,54.5,36.0,35.992,0.017,0.019,2.0,1.0,24.795,24.469,0.736,0.843,2.0,1.0
2026-07-30T00:00:00Z,10.0,15.5,55.5,36.011,NaN,0.017,0.017,2.0,0.0,25.304,NaN,0.736,0.743,2.0,0.0
2026-07-30T00:00:00Z,10.0,15.5,56.5,36.021,NaN,0.017,0.021,2.0,0.0,25.732,NaN,0.736,0.905,2.0,0.0
2026-07-30T00:00:00Z,10.0,15.5,57.5,36.028,NaN,0.151,0.2,3.0,0.0,25.957,NaN,0.677,1.057,3.0,0.0
2026-07-30T00:00:00Z,10.0,15.5,58.5,36.301,NaN,0.156,0.157,3.0,0.0,27.29,NaN,0.382,0.382,3.0,0.0
2026-07-30T00:00:00Z,10.0,15.5,59.5,36.371,NaN,0.137,0.151,4.0,0.0,27.44,NaN,0.347,0.355,4.0,0.0
2026-07-30T00:00:00Z,10.0,15.5,60.5,36.404,NaN,0.11,0.126,8.0,0.0,27.563,NaN,0.322,0.322,8.0,0.0
2026-07-30T00:00:00Z,10.0,15.5,61.5,36.389,NaN,0.11,0.119,8.0,0.0,27.663,NaN,0.322,0.335,8.0,0.0
2026-07-30T00:00:00Z,10.0,15.5,62.5,36.398,NaN,0.121,0.121,11.0,0.0,27.782,NaN,0.462,0.463,11.0,0.0
2026-07-30T00:00:00Z,10.0,15.5,63.5,36.411,NaN,0.086,0.095,12.0,0.0,27.889,NaN,0.392,0.431,12.0,0.0
2026-07-30T00:00:00Z,10.0,15.5,64.5,36.489,NaN,0.09,0.097,11.0,0.0,28.425,NaN,0.376,0.487,11.0,0.0
2026-07-30T00:00:00Z,10.0,15.5,65.5,36.528,36.582,0.083,0.107,11.0,1.0,28.463,28.289,0.369,0.44,11.0,1.0
2026-07-30T00:00:00Z,10.0,15.5,66.5,36.53,36.555,0.069,0.073,10.0,1.0,28.485,28.433,0.206,0.221,10.0,1.0
2026-07-30T00:00:00Z,10.0,15.5,67.5,36.466,NaN,0.069,0.08,10.0,0.0,28.649,NaN,0.206,0.222,10.0,0.0
2026-07-30T00:00:00Z,10.0,15.5,68.5,36.429,36.424,0.107,0.117,8.0,1.0,28.742,28.745,0.186,0.201,8.0,1.0
2026-07-30T00:00:00Z,10.0,15.5,69.5,36.428,NaN,0.117,0.117,5.0,0.0,28.746,NaN,0.052,0.062,5.0,0.0
2026-07-30T00:00:00Z,10.0,15.5,70.5,36.338,NaN,0.117,0.154,5.0,0.0,28.807,NaN,0.052,0.059,5.0,0.0
2026-07-30T00:00:00Z,10.0,15.5,71.5,36.273,NaN,0.13,0.215,4.0,0.0,28.847,NaN,0.055,0.081,4.0,0.0
2026-07-30T00:00:00Z,10.0,15.5,72.5,36.268,NaN,0.0,0.0,1.0,0.0,28.85,NaN,0.0,0.0,1.0,0.0
2026-07-30T00:00:00Z,10.0,15.5,73.5,36.268,NaN,0.0,0.0,1.0,0.0,28.85,NaN,0.0,0.0,1.0,0.0
2026-07-30T00:00:00Z,10.0,15.5,74.5,NaN,NaN,NaN,NaN,NaN,NaN,NaN,NaN,NaN,NaN,NaN,NaN
2026-07-30T00:00:00Z,10.0,15.5,75.5,NaN,NaN,NaN,NaN,NaN,NaN,NaN,NaN,NaN,NaN,NaN,NaN
2026-07-30T00:00:00Z,10.0,15.5,76.5,NaN,NaN,NaN,NaN,NaN,NaN,NaN,NaN,NaN,NaN,NaN,NaN
2026-07-30T00:00:00Z,10.0,15.5,77.5,NaN,NaN,NaN,NaN,NaN,NaN,NaN,NaN,NaN,NaN,NaN,NaN
2026-07-30T00:00:00Z,10.0,15.5,78.5,NaN,NaN,NaN,NaN,NaN,NaN,NaN,NaN,NaN,NaN,NaN,NaN
2026-07-30T00:00:00Z,10.0,16.5,50.5,NaN,NaN,NaN,NaN,NaN,NaN,NaN,NaN,NaN,NaN,NaN,NaN
2026-07-30T00:00:00Z,10.0,16.5,51.5,NaN,NaN,NaN,NaN,NaN,NaN,NaN,NaN,NaN,NaN,NaN,NaN
2026-07-30T00:00:00Z,10.0,16.5,52.5,NaN,NaN,NaN,NaN,NaN,NaN,NaN,NaN,NaN,NaN,NaN,NaN
2026-07-30T00:00:00Z,10.0,16.5,53.5,36.002,NaN,0.017,0.018,2.0,0.0,24.899,NaN,0.736,0.797,2.0,0.0
2026-07-30T00:00:00Z,10.0,16.5,54.5,36.014,NaN,0.017,0.018,2.0,0.0,25.434,NaN,0.736,0.771,2.0,0.0
2026-07-30T00:00:00Z,10.0,16.5,55.5,36.023,36.026,0.017,0.022,2.0,1.0,25.79,25.941,0.736,0.94,2.0,1.0
2026-07-30T00:00:00Z,10.0,16.5,56.5,36.025,NaN,0.017,0.023,2.0,0.0,25.905,NaN,0.736,1.016,2.0,0.0
2026-07-30T00:00:00Z,10.0,16.5,57.5,36.026,NaN,0.0,0.0,1.0,0.0,25.941,NaN,0.0,0.0,1.0,0.0
2026-07-30T00:00:00Z,10.0,16.5,58.5,36.439,NaN,0.159,0.222,2.0,0.0,27.533,NaN,0.71,0.996,2.0,0.0
2026-07-30T00:00:00Z,10.0,16.5,59.5,36.335,NaN,0.115,0.17,8.0,0.0,27.538,NaN,0.758,1.473,8.0,0.0
2026-07-30T00:00:00Z,10.0,16.5,60.5,36.338,NaN,0.129,0.157,10.0,0.0,27.54,NaN,0.915,1.325,10.0,0.0
2026-07-30T00:00:00Z,10.0,16.5,61.5,36.339,36.336,0.129,0.158,10.0,1.0,27.552,27.548,0.915,1.334,10.0,1.0
2026-07-30T00:00:00Z,10.0,16.5,62.5,36.357,NaN,0.158,0.166,13.0,0.0,27.629,NaN,1.109,1.275,13.0,0.0
2026-07-30T00:00:00Z,10.0,16.5,63.5,36.435,NaN,0.169,0.189,16.0,0.0,28.169,NaN,1.156,1.461,16.0,0.0
2026-07-30T00:00:00Z,10.0,16.5,64.5,36.49,36.458,0.169,0.213,14.0,1.0,28.497,28.573,1.193,1.663,14.0,1.0
2026-07-30T00:00:00Z,10.0,16.5,65.5,36.512,NaN,0.065,0.071,9.0,0.0,28.495,NaN,0.323,0.363,9.0,0.0
2026-07-30T00:00:00Z,10.0,16.5,66.5,36.517,36.464,0.069,0.07,10.0,1.0,28.523,28.708,0.206,0.21,10.0,1.0
2026-07-30T00:00:00Z,10.0,16.5,67.5,36.489,NaN,0.069,0.071,10.0,0.0,28.617,NaN,0.206,0.212,10.0,0.0
2026-07-30T00:00:00Z,10.0,16.5,68.5,36.495,NaN,0.107,0.109,8.0,0.0,28.773,NaN,0.186,0.214,8.0,0.0
2026-07-30T00:00:00Z,10.0,16.5,69.5,36.503,NaN,0.117,0.133,5.0,0.0,28.823,NaN,0.052,0.068,5.0,0.0
2026-07-30T00:00:00Z,10.0,16.5,70.5,36.317,36.268,0.117,0.169,5.0,1.0,28.847,28.85,0.052,0.086,5.0,1.0
2026-07-30T00:00:00Z,10.0,16.5,71.5,36.272,NaN,0.13,0.216,4.0,0.0,28.85,NaN,0.055,0.083,4.0,0.0
2026-07-30T00:00:00Z,10.0,16.5,72.5,36.268,NaN,0.0,0.0,1.0,0.0,28.85,NaN,0.0,0.0,1.0,0.0
2026-07-30T00:00:00Z,10.0,16.5,73.5,NaN,NaN,NaN,NaN,NaN,NaN,NaN,NaN,NaN,NaN,NaN,NaN
2026-07-30T00:00:00Z,10.0,16.5,74.5,NaN,NaN,NaN,NaN,NaN,NaN,NaN,NaN,NaN,NaN,NaN,NaN
2026-07-30T00:00:00Z,10.0,16.5,75.5,NaN,NaN,NaN,NaN,NaN,NaN,NaN,NaN,NaN,NaN,NaN,NaN
2026-07-30T00:00:00Z,10.0,16.5,76.5,NaN,NaN,NaN,NaN,NaN,NaN,NaN,NaN,NaN,NaN,NaN,NaN
2026-07-30T00:00:00Z,10.0,16.5,77.5,NaN,NaN,NaN,NaN,NaN,NaN,NaN,NaN,NaN,NaN,NaN,NaN
2026-07-30T00:00:00Z,10.0,16.5,78.5,NaN,NaN,NaN,NaN,NaN,NaN,NaN,NaN,NaN,NaN,NaN,NaN
2026-07-30T00:00:00Z,10.0,17.5,50.5,NaN,NaN,NaN,NaN,NaN,NaN,NaN,NaN,NaN,NaN,NaN,NaN
2026-07-30T00:00:00Z,10.0,17.5,51.5,NaN,NaN,NaN,NaN,NaN,NaN,NaN,NaN,NaN,NaN,NaN,NaN
2026-07-30T00:00:00Z,10.0,17.5,52.5,NaN,NaN,NaN,NaN,NaN,NaN,NaN,NaN,NaN,NaN,NaN,NaN
2026-07-30T00:00:00Z,10.0,17.5,53.5,NaN,NaN,NaN,NaN,NaN,NaN,NaN,NaN,NaN,NaN,NaN,NaN
2026-07-30T00:00:00Z,10.0,17.5,54.5,NaN,NaN,NaN,NaN,NaN,NaN,NaN,NaN,NaN,NaN,NaN,NaN
2026-07-30T00:00:00Z,10.0,17.5,55.5,36.025,NaN,0.017,0.024,2.0,0.0,25.916,NaN,0.736,1.024,2.0,0.0
2026-07-30T00:00:00Z,10.0,17.5,56.5,36.026,NaN,0.017,0.024,2.0,0.0,25.936,NaN,0.736,1.037,2.0,0.0
2026-07-30T00:00:00Z,10.0,17.5,57.5,36.026,NaN,0.0,0.0,1.0,0.0,25.941,NaN,0.0,0.0,1.0,0.0
2026-07-30T00:00:00Z,10.0,17.5,58.5,36.125,NaN,0.0,0.0,1.0,0.0,26.124,NaN,0.0,0.0,1.0,0.0
2026-07-30T00:00:00Z,10.0,17.5,59.5,36.255,NaN,0.082,0.094,11.0,0.0,25.903,NaN,0.52,0.589,11.0,0.0
2026-07-30T00:00:00Z,10.0,17.5,60.5,36.257,NaN,0.103,0.104,13.0,0.0,26.865,NaN,0.758,0.873,13.0,0.0
2026-07-30T00:00:00Z,10.0,17.5,61.5,36.258,NaN,0.103,0.105,13.0,0.0,26.859,NaN,0.758,0.87,13.0,0.0
2026-07-30T00:00:00Z,10.0,17.5,62.5,36.264,NaN,0.141,0.143,16.0,0.0,26.866,NaN,1.027,1.03,16.0,0.0
2026-07-30T00:00:00Z,10.0,17.5,63.5,36.469,NaN,0.158,0.212,19.0,0.0,28.09,NaN,1.126,1.524,19.0,0.0
2026-07-30T00:00:00Z,10.0,17.5,64.5,36.524,NaN,0.155,0.241,18.0,0.0,28.365,NaN,1.135,1.688,18.0,0.0
2026-07-30T00:00:00Z,10.0,17.5,65.5,36.527,36.552,0.065,0.078,9.0,1.0,28.366,28.357,0.323,0.325,9.0,1.0
2026-07-30T00:00:00Z,10.0,17.5,66.5,36.521,NaN,0.067,0.067,8.0,0.0,28.421,NaN,0.21,0.233,8.0,0.0
2026-07-30T00:00:00Z,10.0,17.5,67.5,36.547,NaN,0.067,0.071,8.0,0.0,28.642,NaN,0.21,0.242,8.0,0.0
2026-07-30T00:00:00Z,10.0,17.5,68.5,36.626,NaN,0.121,0.183,6.0,0.0,28.833,NaN,0.21,0.283,6.0,0.0
2026-07-30T00:00:00Z,10.0,17.5,69.5,36.597,36.635,0.15,0.216,3.0,1.0,28.837,28.836,0.047,0.054,3.0,1.0
2026-07-30T00:00:00Z,10.0,17.5,70.5,36.406,NaN,0.15,0.155,3.0,0.0,28.845,NaN,0.047,0.058,3.0,0.0
2026-07-30T00:00:00Z,10.0,17.5,71.5,36.282,NaN,0.183,0.25,2.0,0.0,28.849,NaN,0.007,0.01,2.0,0.0
2026-07-30T00:00:00Z,10.0,17.5,72.5,36.268,NaN,0.0,0.0,1.0,0.0,28.85,NaN,0.0,0.0,1.0,0.0
2026-07-30T00:00:00Z,10.0,17.5,73.5,NaN,NaN,NaN,NaN,NaN,NaN,NaN,NaN,NaN,NaN,NaN,NaN
2026-07-30T00:00:00Z,10.0,17.5,74.5,NaN,NaN,NaN,NaN,NaN,NaN,NaN,NaN,NaN,NaN,NaN,NaN
2026-07-30T00:00:00Z,10.0,17.5,75.5,NaN,NaN,NaN,NaN,NaN,NaN,NaN,NaN,NaN,NaN,NaN,NaN
2026-07-30T00:00:00Z,10.0,17.5,76.5,NaN,NaN,NaN,NaN,NaN,NaN,NaN,NaN,NaN,NaN,NaN,NaN
2026-07-30T00:00:00Z,10.0,17.5,77.5,NaN,NaN,NaN,NaN,NaN,NaN,NaN,NaN,NaN,NaN,NaN,NaN
2026-07-30T00:00:00Z,10.0,17.5,78.5,NaN,NaN,NaN,NaN,NaN,NaN,NaN,NaN,NaN,NaN,NaN,NaN
2026-07-30T00:00:00Z,10.0,18.5,50.5,NaN,NaN,NaN,NaN,NaN,NaN,NaN,NaN,NaN,NaN,NaN,NaN
2026-07-30T00:00:00Z,10.0,18.5,51.5,NaN,NaN,NaN,NaN,NaN,NaN,NaN,NaN,NaN,NaN,NaN,NaN
2026-07-30T00:00:00Z,10.0,18.5,52.5,NaN,NaN,NaN,NaN,NaN,NaN,NaN,NaN,NaN,NaN,NaN,NaN
2026-07-30T00:00:00Z,10.0,18.5,53.5,NaN,NaN,NaN,NaN,NaN,NaN,NaN,NaN,NaN,NaN,NaN,NaN
2026-07-30T00:00:00Z,10.0,18.5,54.5,NaN,NaN,NaN,NaN,NaN,NaN,NaN,NaN,NaN,NaN,NaN,NaN
2026-07-30T00:00:00Z,10.0,18.5,55.5,NaN,NaN,NaN,NaN,NaN,NaN,NaN,NaN,NaN,NaN,NaN,NaN
2026-07-30T00:00:00Z,10.0,18.5,56.5,NaN,NaN,NaN,NaN,NaN,NaN,NaN,NaN,NaN,NaN,NaN,NaN
2026-07-30T00:00:00Z,10.0,18.5,57.5,36.026,NaN,0.0,0.0,1.0,0.0,25.898,NaN,0.644,0.882,2.0,0.0
2026-07-30T00:00:00Z,10.0,18.5,58.5,36.125,NaN,0.0,0.0,1.0,0.0,25.284,NaN,0.736,0.743,2.0,0.0
2026-07-30T00:00:00Z,10.0,18.5,59.5,36.149,NaN,0.082,0.101,11.0,0.0,25.907,NaN,0.653,0.669,12.0,0.0
2026-07-30T00:00:00Z,10.0,18.5,60.5,36.156,NaN,0.082,0.098,11.0,0.0,25.91,NaN,0.653,0.669,12.0,0.0
2026-07-30T00:00:00Z,10.0,18.5,61.5,36.166,NaN,0.082,0.093,11.0,0.0,25.924,NaN,0.653,0.666,12.0,0.0
2026-07-30T00:00:00Z,10.0,18.5,62.5,36.181,NaN,0.144,0.17,14.0,0.0,25.973,NaN,1.104,1.232,15.0,0.0
2026-07-30T00:00:00Z,10.0,18.5,63.5,36.306,NaN,0.165,0.166,17.0,0.0,26.751,NaN,1.16,1.181,17.0,0.0
2026-07-30T00:00:00Z,10.0,18.5,64.5,36.526,NaN,0.163,0.253,16.0,0.0,28.279,NaN,1.175,1.716,16.0,0.0
2026-07-30T00:00:00Z,10.0,18.5,65.5,36.526,36.513,0.047,0.047,6.0,1.0,28.284,28.242,0.162,0.221,6.0,1.0
2026-07-30T00:00:00Z,10.0,18.5,66.5,36.524,NaN,0.059,0.06,7.0,0.0,28.284,NaN,0.206,0.292,7.0,0.0
2026-07-30T00:00:00Z,10.0,18.5,67.5,36.58,NaN,0.059,0.073,7.0,0.0,28.578,NaN,0.206,0.223,7.0,0.0
2026-07-30T00:00:00Z,10.0,18.5,68.5,36.634,NaN,0.129,0.186,5.0,0.0,28.836,NaN,0.224,0.309,5.0,0.0
2026-07-30T00:00:00Z,10.0,18.5,69.5,36.625,NaN,0.183,0.252,2.0,0.0,28.836,NaN,0.007,0.01,2.0,0.0
2026-07-30T00:00:00Z,10.0,18.5,70.5,36.527,NaN,0.183,0.198,2.0,0.0,28.84,NaN,0.007,0.008,2.0,0.0
2026-07-30T00:00:00Z,10.0,18.5,71.5,36.32,NaN,0.183,0.226,2.0,0.0,28.848,NaN,0.007,0.009,2.0,0.0
2026-07-30T00:00:00Z,10.0,18.5,72.5,36.268,NaN,0.0,0.0,1.0,0.0,28.85,NaN,0.0,0.0,1.0,0.0
2026-07-30T00:00:00Z,10.0,18.5,73.5,NaN,NaN,NaN,NaN,NaN,NaN,NaN,NaN,NaN,NaN,NaN,NaN
2026-07-30T00:00:00Z,10.0,18.5,74.5,NaN,NaN,NaN,NaN,NaN,NaN,NaN,NaN,NaN,NaN,NaN,NaN
2026-07-30T00:00:00Z,10.0,18.5,75.5,NaN,NaN,NaN,NaN,NaN,NaN,NaN,NaN,NaN,NaN,NaN,NaN
2026-07-30T00:00:00Z,10.0,18.5,76.5,NaN,NaN,NaN,NaN,NaN,NaN,NaN,NaN,NaN,NaN,NaN,NaN
2026-07-30T00:00:00Z,10.0,18.5,77.5,NaN,NaN,NaN,NaN,NaN,NaN,NaN,NaN,NaN,NaN,NaN,NaN
2026-07-30T00:00:00Z,10.0,18.5,78.5,NaN,NaN,NaN,NaN,NaN,NaN,NaN,NaN,NaN,NaN,NaN,NaN
2026-07-30T00:00:00Z,10.0,19.5,50.5,NaN,NaN,NaN,NaN,NaN,NaN,NaN,NaN,NaN,NaN,NaN,NaN
2026-07-30T00:00:00Z,10.0,19.5,51.5,NaN,NaN,NaN,NaN,NaN,NaN,NaN,NaN,NaN,NaN,NaN,NaN
2026-07-30T00:00:00Z,10.0,19.5,52.5,NaN,NaN,NaN,NaN,NaN,NaN,NaN,NaN,NaN,NaN,NaN,NaN
2026-07-30T00:00:00Z,10.0,19.5,53.5,NaN,NaN,NaN,NaN,NaN,NaN,NaN,NaN,NaN,NaN,NaN,NaN
2026-07-30T00:00:00Z,10.0,19.5,54.5,NaN,NaN,NaN,NaN,NaN,NaN,NaN,NaN,NaN,NaN,NaN,NaN
2026-07-30T00:00:00Z,10.0,19.5,55.5,NaN,NaN,NaN,NaN,NaN,NaN,NaN,NaN,NaN,NaN,NaN,NaN
2026-07-30T00:00:00Z,10.0,19.5,56.5,NaN,NaN,NaN,NaN,NaN,NaN,NaN,NaN,NaN,NaN,NaN,NaN
2026-07-30T00:00:00Z,10.0,19.5,57.5,NaN,NaN,NaN,NaN,NaN,NaN,NaN,NaN,NaN,NaN,NaN,NaN
2026-07-30T00:00:00Z,10.0,19.5,58.5,36.125,NaN,0.0,0.0,1.0,0.0,24.692,NaN,0.736,1.013,2.0,0.0
2026-07-30T00:00:00Z,10.0,19.5,59.5,36.161,NaN,0.082,0.095,11.0,0.0,25.941,NaN,0.653,0.663,12.0,0.0
2026-07-30T00:00:00Z,10.0,19.5,60.5,36.173,NaN,0.094,0.107,12.0,0.0,25.968,NaN,0.742,0.768,13.0,0.0
2026-07-30T00:00:00Z,10.0,19.5,61.5,36.19,36.196,0.122,0.14,14.0,9.0,26.01,25.999,0.899,0.975,15.0,9.0
2026-07-30T00:00:00Z,10.0,19.5,62.5,36.211,NaN,0.157,0.186,17.0,0.0,26.075,NaN,1.088,1.259,18.0,0.0
2026-07-30T00:00:00Z,10.0,19.5,63.5,36.247,NaN,0.157,0.169,17.0,0.0,26.253,NaN,0.996,1.15,17.0,0.0
2026-07-30T00:00:00Z,10.0,19.5,64.5,36.502,NaN,0.229,0.241,21.0,0.0,28.128,NaN,1.175,1.434,21.0,0.0
2026-07-30T00:00:00Z,10.0,19.5,65.5,36.521,NaN,0.139,0.167,11.0,0.0,28.26,NaN,0.433,0.438,11.0,0.0
2026-07-30T00:00:00Z,10.0,19.5,66.5,36.551,NaN,0.12,0.146,11.0,0.0,28.315,NaN,0.376,0.397,11.0,0.0
2026-07-30T00:00:00Z,10.0,19.5,67.5,36.685,NaN,0.096,0.097,9.0,0.0,28.588,NaN,0.212,0.212,9.0,0.0
2026-07-30T00:00:00Z,10.0,19.5,68.5,36.642,NaN,0.169,0.171,7.0,0.0,28.826,NaN,0.106,0.14,7.0,0.0
2026-07-30T00:00:00Z,10.0,19.5,69.5,36.635,NaN,0.169,0.172,7.0,0.0,28.836,NaN,0.106,0.147,7.0,0.0
2026-07-30T00:00:00Z,10.0,19.5,70.5,36.6,NaN,0.183,0.236,2.0,0.0,28.837,NaN,0.007,0.009,2.0,0.0
2026-07-30T00:00:00Z,10.0,19.5,71.5,36.413,NaN,0.183,0.187,2.0,0.0,28.844,NaN,0.007,0.007,2.0,0.0
2026-07-30T00:00:00Z,10.0,19.5,72.5,NaN,NaN,NaN,NaN,NaN,NaN,NaN,NaN,NaN,NaN,NaN,NaN
2026-07-30T00:00:00Z,10.0,19.5,73.5,NaN,NaN,NaN,NaN,NaN,NaN,NaN,NaN,NaN,NaN,NaN,NaN
2026-07-30T00:00:00Z,10.0,19.5,74.5,NaN,NaN,NaN,NaN,NaN,NaN,NaN,NaN,NaN,NaN,NaN,NaN
2026-07-30T00:00:00Z,10.0,19.5,75.5,NaN,NaN,NaN,NaN,NaN,NaN,NaN,NaN,NaN,NaN,NaN,NaN
2026-07-30T00:00:00Z,10.0,19.5,76.5,NaN,NaN,NaN,NaN,NaN,NaN,NaN,NaN,NaN,NaN,NaN,NaN
2026-07-30T00:00:00Z,10.0,19.5,77.5,NaN,NaN,NaN,NaN,NaN,NaN,NaN,NaN,NaN,NaN,NaN,NaN
2026-07-30T00:00:00Z,10.0,19.5,78.5,NaN,NaN,NaN,NaN,NaN,NaN,NaN,NaN,NaN,NaN,NaN,NaN
2026-07-30T00:00:00Z,10.0,20.5,50.5,NaN,NaN,NaN,NaN,NaN,NaN,NaN,NaN,NaN,NaN,NaN,NaN
2026-07-30T00:00:00Z,10.0,20.5,51.5,NaN,NaN,NaN,NaN,NaN,NaN,NaN,NaN,NaN,NaN,NaN,NaN
2026-07-30T00:00:00Z,10.0,20.5,52.5,NaN,NaN,NaN,NaN,NaN,NaN,NaN,NaN,NaN,NaN,NaN,NaN
2026-07-30T00:00:00Z,10.0,20.5,53.5,NaN,NaN,NaN,NaN,NaN,NaN,NaN,NaN,NaN,NaN,NaN,NaN
2026-07-30T00:00:00Z,10.0,20.5,54.5,NaN,NaN,NaN,NaN,NaN,NaN,NaN,NaN,NaN,NaN,NaN,NaN
2026-07-30T00:00:00Z,10.0,20.5,55.5,NaN,NaN,NaN,NaN,NaN,NaN,NaN,NaN,NaN,NaN,NaN,NaN
2026-07-30T00:00:00Z,10.0,20.5,56.5,NaN,NaN,NaN,NaN,NaN,NaN,NaN,NaN,NaN,NaN,NaN,NaN
2026-07-30T00:00:00Z,10.0,20.5,57.5,NaN,NaN,NaN,NaN,NaN,NaN,NaN,NaN,NaN,NaN,NaN,NaN
2026-07-30T00:00:00Z,10.0,20.5,58.5,36.316,NaN,0.105,0.136,2.0,0.0,24.665,NaN,0.629,1.06,3.0,0.0
2026-07-30T00:00:00Z,10.0,20.5,59.5,36.188,NaN,0.082,0.085,11.0,0.0,26.035,NaN,0.474,0.491,12.0,0.0
2026-07-30T00:00:00Z,10.0,20.5,60.5,36.203,NaN,0.094,0.096,12.0,0.0,26.094,NaN,0.63,0.633,13.0,0.0
2026-07-30T00:00:00Z,10.0,20.5,61.5,36.225,36.205,0.122,0.126,14.0,1.0,26.142,26.438,0.853,0.863,15.0,1.0
2026-07-30T00:00:00Z,10.0,20.5,62.5,36.258,NaN,0.162,0.17,16.0,0.0,26.37,NaN,1.1,1.137,17.0,0.0
2026-07-30T00:00:00Z,10.0,20.5,63.5,36.352,NaN,0.162,0.167,16.0,0.0,27.053,NaN,1.009,1.045,16.0,0.0
2026-07-30T00:00:00Z,10.0,20.5,64.5,36.492,NaN,0.233,0.242,20.0,0.0,28.004,NaN,1.202,1.397,20.0,0.0
2026-07-30T00:00:00Z,10.0,20.5,65.5,36.634,NaN,0.139,0.14,11.0,0.0,28.419,NaN,0.433,0.444,11.0,0.0
2026-07-30T00:00:00Z,10.0,20.5,66.5,36.748,NaN,0.12,0.165,11.0,0.0,28.667,NaN,0.376,0.439,11.0,0.0
2026-07-30T00:00:00Z,10.0,20.5,67.5,36.755,NaN,0.096,0.126,9.0,0.0,28.676,NaN,0.212,0.233,9.0,0.0
2026-07-30T00:00:00Z,10.0,20.5,68.5,36.755,NaN,0.046,0.05,6.0,0.0,28.674,NaN,0.102,0.11,6.0,0.0
2026-07-30T00:00:00Z,10.0,20.5,69.5,36.755,NaN,0.046,0.051,6.0,0.0,28.733,NaN,0.102,0.104,6.0,0.0
2026-07-30T00:00:00Z,10.0,20.5,70.5,36.635,NaN,0.0,0.0,1.0,0.0,28.836,NaN,0.0,0.0,1.0,0.0
2026-07-30T00:00:00Z,10.0,20.5,71.5,36.635,NaN,0.0,0.0,1.0,0.0,28.836,NaN,0.0,0.0,1.0,0.0
2026-07-30T00:00:00Z,10.0,20.5,72.5,NaN,NaN,NaN,NaN,NaN,NaN,NaN,NaN,NaN,NaN,NaN,NaN
2026-07-30T00:00:00Z,10.0,20.5,73.5,NaN,NaN,NaN,NaN,NaN,NaN,NaN,NaN,NaN,NaN,NaN,NaN
2026-07-30T00:00:00Z,10.0,20.5,74.5,NaN,NaN,NaN,NaN,NaN,NaN,NaN,NaN,NaN,NaN,NaN,NaN
2026-07-30T00:00:00Z,10.0,20.5,75.5,NaN,NaN,NaN,NaN,NaN,NaN,NaN,NaN,NaN,NaN,NaN,NaN
2026-07-30T00:00:00Z,10.0,20.5,76.5,NaN,NaN,NaN,NaN,NaN,NaN,NaN,NaN,NaN,NaN,NaN,NaN
2026-07-30T00:00:00Z,10.0,20.5,77.5,NaN,NaN,NaN,NaN,NaN,NaN,NaN,NaN,NaN,NaN,NaN,NaN
2026-07-30T00:00:00Z,10.0,20.5,78.5,NaN,NaN,NaN,NaN,NaN,NaN,NaN,NaN,NaN,NaN,NaN,NaN
2026-07-30T00:00:00Z,10.0,21.5,50.5,NaN,NaN,NaN,NaN,NaN,NaN,NaN,NaN,NaN,NaN,NaN,NaN
2026-07-30T00:00:00Z,10.0,21.5,51.5,NaN,NaN,NaN,NaN,NaN,NaN,NaN,NaN,NaN,NaN,NaN,NaN
2026-07-30T00:00:00Z,10.0,21.5,52.5,NaN,NaN,NaN,NaN,NaN,NaN,NaN,NaN,NaN,NaN,NaN,NaN
2026-07-30T00:00:00Z,10.0,21.5,53.5,NaN,NaN,NaN,NaN,NaN,NaN,NaN,NaN,NaN,NaN,NaN,NaN
2026-07-30T00:00:00Z,10.0,21.5,54.5,NaN,NaN,NaN,NaN,NaN,NaN,NaN,NaN,NaN,NaN,NaN,NaN
2026-07-30T00:00:00Z,10.0,21.5,55.5,NaN,NaN,NaN,NaN,NaN,NaN,NaN,NaN,NaN,NaN,NaN,NaN
2026-07-30T00:00:00Z,10.0,21.5,56.5,NaN,NaN,NaN,NaN,NaN,NaN,NaN,NaN,NaN,NaN,NaN,NaN
2026-07-30T00:00:00Z,10.0,21.5,57.5,NaN,NaN,NaN,NaN,NaN,NaN,NaN,NaN,NaN,NaN,NaN,NaN
2026-07-30T00:00:00Z,10.0,21.5,58.5,NaN,NaN,NaN,NaN,NaN,NaN,NaN,NaN,NaN,NaN,NaN,NaN
2026-07-30T00:00:00Z,10.0,21.5,59.5,36.426,NaN,0.265,0.278,14.0,0.0,24.859,NaN,2.003,2.847,15.0,0.0
2026-07-30T00:00:00Z,10.0,21.5,60.5,36.312,NaN,0.256,0.258,15.0,0.0,25.013,24.652,1.946,2.726,16.0,1.0
2026-07-30T00:00:00Z,10.0,21.5,61.5,36.3,NaN,0.244,0.251,17.0,0.0,26.42,NaN,1.859,1.955,18.0,0.0
2026-07-30T00:00:00Z,10.0,21.5,62.5,36.368,36.394,0.25,0.25,17.0,1.0,27.259,27.538,1.856,1.858,18.0,1.0
2026-07-30T00:00:00Z,10.0,21.5,63.5,36.431,NaN,0.147,0.214,14.0,0.0,27.669,NaN,0.888,1.416,14.0,0.0
2026-07-30T00:00:00Z,10.0,21.5,64.5,36.504,36.508,0.243,0.258,18.0,1.0,28.033,28.148,1.217,1.486,18.0,1.0
2026-07-30T00:00:00Z,10.0,21.5,65.5,36.652,NaN,0.147,0.149,9.0,0.0,28.457,NaN,0.478,0.495,9.0,0.0
2026-07-30T00:00:00Z,10.0,21.5,66.5,36.748,36.758,0.128,0.155,8.0,1.0,28.674,28.562,0.411,0.48,8.0,1.0
2026-07-30T00:00:00Z,10.0,21.5,67.5,36.755,NaN,0.064,0.07,6.0,0.0,28.684,NaN,0.164,0.172,6.0,0.0
2026-07-30T00:00:00Z,10.0,21.5,68.5,36.755,NaN,0.013,0.013,5.0,0.0,28.681,NaN,0.096,0.096,5.0,0.0
2026-07-30T00:00:00Z,10.0,21.5,69.5,36.755,NaN,0.013,0.013,5.0,0.0,28.678,NaN,0.096,0.096,5.0,0.0
2026-07-30T00:00:00Z,10.0,21.5,70.5,NaN,NaN,NaN,NaN,NaN,NaN,NaN,NaN,NaN,NaN,NaN,NaN
2026-07-30T00:00:00Z,10.0,21.5,71.5,NaN,NaN,NaN,NaN,NaN,NaN,NaN,NaN,NaN,NaN,NaN,NaN
2026-07-30T00:00:00Z,10.0,21.5,72.5,NaN,NaN,NaN,NaN,NaN,NaN,NaN,NaN,NaN,NaN,NaN,NaN
2026-07-30T00:00:00Z,10.0,21.5,73.5,NaN,NaN,NaN,NaN,NaN,NaN,NaN,NaN,NaN,NaN,NaN,NaN
2026-07-30T00:00:00Z,10.0,21.5,74.5,NaN,NaN,NaN,NaN,NaN,NaN,NaN,NaN,NaN,NaN,NaN,NaN
2026-07-30T00:00:00Z,10.0,21.5,75.5,NaN,NaN,NaN,NaN,NaN,NaN,NaN,NaN,NaN,NaN,NaN,NaN
2026-07-30T00:00:00Z,10.0,21.5,76.5,NaN,NaN,NaN,NaN,NaN,NaN,NaN,NaN,NaN,NaN,NaN,NaN
2026-07-30T00:00:00Z,10.0,21.5,77.5,NaN,NaN,NaN,NaN,NaN,NaN,NaN,NaN,NaN,NaN,NaN,NaN
2026-07-30T00:00:00Z,10.0,21.5,78.5,NaN,NaN,NaN,NaN,NaN,NaN,NaN,NaN,NaN,NaN,NaN,NaN
2026-07-30T00:00:00Z,10.0,22.5,50.5,NaN,NaN,NaN,NaN,NaN,NaN,NaN,NaN,NaN,NaN,NaN,NaN
2026-07-30T00:00:00Z,10.0,22.5,51.5,NaN,NaN,NaN,NaN,NaN,NaN,NaN,NaN,NaN,NaN,NaN,NaN
2026-07-30T00:00:00Z,10.0,22.5,52.5,NaN,NaN,NaN,NaN,NaN,NaN,NaN,NaN,NaN,NaN,NaN,NaN
2026-07-30T00:00:00Z,10.0,22.5,53.5,NaN,NaN,NaN,NaN,NaN,NaN,NaN,NaN,NaN,NaN,NaN,NaN
2026-07-30T00:00:00Z,10.0,22.5,54.5,NaN,NaN,NaN,NaN,NaN,NaN,NaN,NaN,NaN,NaN,NaN,NaN
2026-07-30T00:00:00Z,10.0,22.5,55.5,NaN,NaN,NaN,NaN,NaN,NaN,NaN,NaN,NaN,NaN,NaN,NaN
2026-07-30T00:00:00Z,10.0,22.5,56.5,NaN,NaN,NaN,NaN,NaN,NaN,NaN,NaN,NaN,NaN,NaN,NaN
2026-07-30T00:00:00Z,10.0,22.5,57.5,NaN,NaN,NaN,NaN,NaN,NaN,NaN,NaN,NaN,NaN,NaN,NaN
2026-07-30T00:00:00Z,10.0,22.5,58.5,NaN,NaN,NaN,NaN,NaN,NaN,NaN,NaN,NaN,NaN,NaN,NaN
2026-07-30T00:00:00Z,10.0,22.5,59.5,36.531,NaN,0.297,0.332,15.0,0.0,27.398,NaN,2.879,3.566,16.0,0.0
2026-07-30T00:00:00Z,10.0,22.5,60.5,36.721,NaN,0.296,0.302,16.0,0.0,28.723,NaN,2.831,2.908,17.0,0.0
2026-07-30T00:00:00Z,10.0,22.5,61.5,36.565,NaN,0.235,0.241,13.0,0.0,28.344,NaN,2.14,2.164,14.0,0.0
2026-07-30T00:00:00Z,10.0,22.5,62.5,36.41,NaN,0.23,0.26,13.0,0.0,27.545,NaN,2.048,2.152,14.0,0.0
2026-07-30T00:00:00Z,10.0,22.5,63.5,36.442,36.42,0.122,0.141,8.0,1.0,27.677,27.495,0.819,1.0,8.0,1.0
2026-07-30T00:00:00Z,10.0,22.5,64.5,36.517,NaN,0.209,0.209,13.0,0.0,28.045,NaN,1.007,1.06,13.0,0.0
2026-07-30T00:00:00Z,10.0,22.5,65.5,36.648,36.585,0.147,0.148,9.0,1.0,28.454,28.32,0.478,0.494,9.0,1.0
2026-07-30T00:00:00Z,10.0,22.5,66.5,36.744,36.753,0.128,0.153,8.0,4.0,28.674,28.724,0.411,0.479,8.0,4.0
2026-07-30T00:00:00Z,10.0,22.5,67.5,36.754,NaN,0.064,0.07,6.0,0.0,28.691,NaN,0.164,0.175,6.0,0.0
2026-07-30T00:00:00Z,10.0,22.5,68.5,36.755,NaN,0.013,0.013,5.0,0.0,28.689,NaN,0.096,0.096,5.0,0.0
2026-07-30T00:00:00Z,10.0,22.5,69.5,NaN,NaN,NaN,NaN,NaN,NaN,NaN,NaN,NaN,NaN,NaN,NaN
2026-07-30T00:00:00Z,10.0,22.5,70.5,NaN,NaN,NaN,NaN,NaN,NaN,NaN,NaN,NaN,NaN,NaN,NaN
2026-07-30T00:00:00Z,10.0,22.5,71.5,NaN,NaN,NaN,NaN,NaN,NaN,NaN,NaN,NaN,NaN,NaN,NaN
2026-07-30T00:00:00Z,10.0,22.5,72.5,NaN,NaN,NaN,NaN,NaN,NaN,NaN,NaN,NaN,NaN,NaN,NaN
2026-07-30T00:00:00Z,10.0,22.5,73.5,NaN,NaN,NaN,NaN,NaN,NaN,NaN,NaN,NaN,NaN,NaN,NaN
2026-07-30T00:00:00Z,10.0,22.5,74.5,NaN,NaN,NaN,NaN,NaN,NaN,NaN,NaN,NaN,NaN,NaN,NaN
2026-07-30T00:00:00Z,10.0,22.5,75.5,NaN,NaN,NaN,NaN,NaN,NaN,NaN,NaN,NaN,NaN,NaN,NaN
2026-07-30T00:00:00Z,10.0,22.5,76.5,NaN,NaN,NaN,NaN,NaN,NaN,NaN,NaN,NaN,NaN,NaN,NaN
2026-07-30T00:00:00Z,10.0,22.5,77.5,NaN,NaN,NaN,NaN,NaN,NaN,NaN,NaN,NaN,NaN,NaN,NaN
2026-07-30T00:00:00Z,10.0,22.5,78.5,NaN,NaN,NaN,NaN,NaN,NaN,NaN,NaN,NaN,NaN,NaN,NaN
2026-07-30T00:00:00Z,10.0,23.5,50.5,NaN,NaN,NaN,NaN,NaN,NaN,NaN,NaN,NaN,NaN,NaN,NaN
2026-07-30T00:00:00Z,10.0,23.5,51.5,NaN,NaN,NaN,NaN,NaN,NaN,NaN,NaN,NaN,NaN,NaN,NaN
2026-07-30T00:00:00Z,10.0,23.5,52.5,NaN,NaN,NaN,NaN,NaN,NaN,NaN,NaN,NaN,NaN,NaN,NaN
2026-07-30T00:00:00Z,10.0,23.5,53.5,NaN,NaN,NaN,NaN,NaN,NaN,NaN,NaN,NaN,NaN,NaN,NaN
2026-07-30T00:00:00Z,10.0,23.5,54.5,NaN,NaN,NaN,NaN,NaN,NaN,NaN,NaN,NaN,NaN,NaN,NaN
2026-07-30T00:00:00Z,10.0,23.5,55.5,NaN,NaN,NaN,NaN,NaN,NaN,NaN,NaN,NaN,NaN,NaN,NaN
2026-07-30T00:00:00Z,10.0,23.5,56.5,NaN,NaN,NaN,NaN,NaN,NaN,NaN,NaN,NaN,NaN,NaN,NaN
2026-07-30T00:00:00Z,10.0,23.5,57.5,NaN,NaN,NaN,NaN,NaN,NaN,NaN,NaN,NaN,NaN,NaN,NaN
2026-07-30T00:00:00Z,10.0,23.5,58.5,36.873,NaN,0.188,0.193,11.0,0.0,28.116,NaN,2.564,3.542,12.0,0.0
2026-07-30T00:00:00Z,10.0,23.5,59.5,36.81,36.335,0.188,0.189,11.0,1.0,29.315,25.781,2.564,2.85,12.0,1.0
2026-07-30T00:00:00Z,10.0,23.5,60.5,36.812,36.831,0.217,0.218,12.0,2.0,30.411,30.763,2.592,2.593,13.0,2.0
2026-07-30T00:00:00Z,10.0,23.5,61.5,36.804,NaN,0.2,0.271,9.0,0.0,30.615,NaN,2.192,2.912,10.0,0.0
2026-07-30T00:00:00Z,10.0,23.5,62.5,36.483,NaN,0.174,0.241,9.0,0.0,28.065,NaN,1.976,2.166,10.0,0.0
2026-07-30T00:00:00Z,10.0,23.5,63.5,36.445,NaN,0.075,0.082,4.0,0.0,27.657,NaN,0.364,0.425,4.0,0.0
2026-07-30T00:00:00Z,10.0,23.5,64.5,36.533,NaN,0.147,0.177,9.0,0.0,28.087,NaN,0.478,0.536,9.0,0.0
2026-07-30T00:00:00Z,10.0,23.5,65.5,36.636,NaN,0.147,0.147,9.0,0.0,28.43,NaN,0.478,0.489,9.0,0.0
2026-07-30T00:00:00Z,10.0,23.5,66.5,36.738,NaN,0.128,0.15,8.0,0.0,28.666,NaN,0.411,0.476,8.0,0.0
2026-07-30T00:00:00Z,10.0,23.5,67.5,36.754,NaN,0.064,0.07,6.0,0.0,28.697,NaN,0.164,0.177,6.0,0.0
2026-07-30T00:00:00Z,10.0,23.5,68.5,NaN,NaN,NaN,NaN,NaN,NaN,NaN,NaN,NaN,NaN,NaN,NaN
2026-07-30T00:00:00Z,10.0,23.5,69.5,NaN,NaN,NaN,NaN,NaN,NaN,NaN,NaN,NaN,NaN,NaN,NaN
2026-07-30T00:00:00Z,10.0,23.5,70.5,NaN,NaN,NaN,NaN,NaN,NaN,NaN,NaN,NaN,NaN,NaN,NaN
2026-07-30T00:00:00Z,10.0,23.5,71.5,NaN,NaN,NaN,NaN,NaN,NaN,NaN,NaN,NaN,NaN,NaN,NaN
2026-07-30T00:00:00Z,10.0,23.5,72.5,NaN,NaN,NaN,NaN,NaN,NaN,NaN,NaN,NaN,NaN,NaN,NaN
2026-07-30T00:00:00Z,10.0,23.5,73.5,NaN,NaN,NaN,NaN,NaN,NaN,NaN,NaN,NaN,NaN,NaN,NaN
2026-07-30T00:00:00Z,10.0,23.5,74.5,NaN,NaN,NaN,NaN,NaN,NaN,NaN,NaN,NaN,NaN,NaN,NaN
2026-07-30T00:00:00Z,10.0,23.5,75.5,NaN,NaN,NaN,NaN,NaN,NaN,NaN,NaN,NaN,NaN,NaN,NaN
2026-07-30T00:00:00Z,10.0,23.5,76.5,NaN,NaN,NaN,NaN,NaN,NaN,NaN,NaN,NaN,NaN,NaN,NaN
2026-07-30T00:00:00Z,10.0,23.5,77.5,NaN,NaN,NaN,NaN,NaN,NaN,NaN,NaN,NaN,NaN,NaN,NaN
2026-07-30T00:00:00Z,10.0,23.5,78.5,NaN,NaN,NaN,NaN,NaN,NaN,NaN,NaN,NaN,NaN,NaN,NaN
2026-07-30T00:00:00Z,10.0,24.5,50.5,NaN,NaN,NaN,NaN,NaN,NaN,NaN,NaN,NaN,NaN,NaN,NaN
2026-07-30T00:00:00Z,10.0,24.5,51.5,NaN,NaN,NaN,NaN,NaN,NaN,NaN,NaN,NaN,NaN,NaN,NaN
2026-07-30T00:00:00Z,10.0,24.5,52.5,NaN,NaN,NaN,NaN,NaN,NaN,NaN,NaN,NaN,NaN,NaN,NaN
2026-07-30T00:00:00Z,10.0,24.5,53.5,NaN,NaN,NaN,NaN,NaN,NaN,NaN,NaN,NaN,NaN,NaN,NaN
2026-07-30T00:00:00Z,10.0,24.5,54.5,NaN,NaN,NaN,NaN,NaN,NaN,NaN,NaN,NaN,NaN,NaN,NaN
2026-07-30T00:00:00Z,10.0,24.5,55.5,NaN,NaN,NaN,NaN,NaN,NaN,NaN,NaN,NaN,NaN,NaN,NaN
2026-07-30T00:00:00Z,10.0,24.5,56.5,NaN,NaN,NaN,NaN,NaN,NaN,NaN,NaN,NaN,NaN,NaN,NaN
2026-07-30T00:00:00Z,10.0,24.5,57.5,36.968,NaN,0.188,0.234,11.0,0.0,32.562,NaN,1.927,2.421,11.0,0.0
2026-07-30T00:00:00Z,10.0,24.5,58.5,36.938,NaN,0.188,0.217,11.0,0.0,32.278,NaN,1.927,2.26,11.0,0.0
2026-07-30T00:00:00Z,10.0,24.5,59.5,36.818,36.623,0.188,0.189,11.0,1.0,31.075,30.145,1.927,1.927,11.0,1.0
2026-07-30T00:00:00Z,10.0,24.5,60.5,36.793,36.839,0.217,0.217,12.0,3.0,30.733,30.924,2.09,2.091,12.0,3.0
2026-07-30T00:00:00Z,10.0,24.5,61.5,36.801,NaN,0.2,0.269,9.0,0.0,30.738,NaN,1.821,2.418,9.0,0.0
2026-07-30T00:00:00Z,10.0,24.5,62.5,36.772,NaN,0.174,0.213,9.0,0.0,30.459,NaN,1.433,1.764,9.0,0.0
2026-07-30T00:00:00Z,10.0,24.5,63.5,36.45,NaN,0.075,0.08,4.0,0.0,27.665,NaN,0.364,0.42,4.0,0.0
2026-07-30T00:00:00Z,10.0,24.5,64.5,36.548,NaN,0.147,0.169,9.0,0.0,28.143,NaN,0.478,0.513,9.0,0.0
2026-07-30T00:00:00Z,10.0,24.5,65.5,36.622,NaN,0.147,0.147,9.0,0.0,28.4,NaN,0.478,0.483,9.0,0.0
2026-07-30T00:00:00Z,10.0,24.5,66.5,36.728,NaN,0.128,0.145,8.0,0.0,28.65,NaN,0.411,0.468,8.0,0.0
2026-07-30T00:00:00Z,10.0,24.5,67.5,NaN,NaN,NaN,NaN,NaN,NaN,NaN,NaN,NaN,NaN,NaN,NaN
2026-07-30T00:00:00Z,10.0,24.5,68.5,NaN,NaN,NaN,NaN,NaN,NaN,NaN,NaN,NaN,NaN,NaN,NaN
2026-07-30T00:00:00Z,10.0,24.5,69.5,NaN,NaN,NaN,NaN,NaN,NaN,NaN,NaN,NaN,NaN,NaN,NaN
2026-07-30T00:00:00Z,10.0,24.5,70.5,NaN,NaN,NaN,NaN,NaN,NaN,NaN,NaN,NaN,NaN,NaN,NaN
2026-07-30T00:00:00Z,10.0,24.5,71.5,NaN,NaN,NaN,NaN,NaN,NaN,NaN,NaN,NaN,NaN,NaN,NaN
2026-07-30T00:00:00Z,10.0,24.5,72.5,NaN,NaN,NaN,NaN,NaN,NaN,NaN,NaN,NaN,NaN,NaN,NaN
2026-07-30T00:00:00Z,10.0,24.5,73.5,NaN,NaN,NaN,NaN,NaN,NaN,NaN,NaN,NaN,NaN,NaN,NaN
2026-07-30T00:00:00Z,10.0,24.5,74.5,NaN,NaN,NaN,NaN,NaN,NaN,NaN,NaN,NaN,NaN,NaN,NaN
2026-07-30T00:00:00Z,10.0,24.5,75.5,NaN,NaN,NaN,NaN,NaN,NaN,NaN,NaN,NaN,NaN,NaN,NaN
2026-07-30T00:00:00Z,10.0,24.5,76.5,NaN,NaN,NaN,NaN,NaN,NaN,NaN,NaN,NaN,NaN,NaN,NaN
2026-07-30T00:00:00Z,10.0,24.5,77.5,NaN,NaN,NaN,NaN,NaN,NaN,NaN,NaN,NaN,NaN,NaN,NaN
2026-07-30T00:00:00Z,10.0,24.5,78.5,NaN,NaN,NaN,NaN,NaN,NaN,NaN,NaN,NaN,NaN,NaN,NaN
2026-07-30T00:00:00Z,10.0,25.5,50.5,NaN,NaN,NaN,NaN,NaN,NaN,NaN,NaN,NaN,NaN,NaN,NaN
2026-07-30T00:00:00Z,10.0,25.5,51.5,NaN,NaN,NaN,NaN,NaN,NaN,NaN,NaN,NaN,NaN,NaN,NaN
2026-07-30T00:00:00Z,10.0,25.5,52.5,NaN,NaN,NaN,NaN,NaN,NaN,NaN,NaN,NaN,NaN,NaN,NaN
2026-07-30T00:00:00Z,10.0,25.5,53.5,NaN,NaN,NaN,NaN,NaN,NaN,NaN,NaN,NaN,NaN,NaN,NaN
2026-07-30T00:00:00Z,10.0,25.5,54.5,NaN,NaN,NaN,NaN,NaN,NaN,NaN,NaN,NaN,NaN,NaN,NaN
2026-07-30T00:00:00Z,10.0,25.5,55.5,NaN,NaN,NaN,NaN,NaN,NaN,NaN,NaN,NaN,NaN,NaN,NaN
2026-07-30T00:00:00Z,10.0,25.5,56.5,NaN,NaN,NaN,NaN,NaN,NaN,NaN,NaN,NaN,NaN,NaN,NaN
2026-07-30T00:00:00Z,10.0,25.5,57.5,36.97,NaN,0.188,0.235,11.0,0.0,32.577,NaN,1.927,2.429,11.0,0.0
2026-07-30T00:00:00Z,10.0,25.5,58.5,36.961,36.97,0.188,0.23,11.0,5.0,32.5,32.582,1.927,2.383,11.0,5.0
2026-07-30T00:00:00Z,10.0,25.5,59.5,NaN,NaN,NaN,NaN,NaN,NaN,NaN,NaN,NaN,NaN,NaN,NaN
2026-07-30T00:00:00Z,10.0,25.5,60.5,NaN,NaN,NaN,NaN,NaN,NaN,NaN,NaN,NaN,NaN,NaN,NaN
2026-07-30T00:00:00Z,10.0,25.5,61.5,NaN,NaN,NaN,NaN,NaN,NaN,NaN,NaN,NaN,NaN,NaN,NaN
2026-07-30T00:00:00Z,10.0,25.5,62.5,NaN,NaN,NaN,NaN,NaN,NaN,NaN,NaN,NaN,NaN,NaN,NaN
2026-07-30T00:00:00Z,10.0,25.5,63.5,NaN,NaN,NaN,NaN,NaN,NaN,NaN,NaN,NaN,NaN,NaN,NaN
2026-07-30T00:00:00Z,10.0,25.5,64.5,NaN,NaN,NaN,NaN,NaN,NaN,NaN,NaN,NaN,NaN,NaN,NaN
2026-07-30T00:00:00Z,10.0,25.5,65.5,NaN,NaN,NaN,NaN,NaN,NaN,NaN,NaN,NaN,NaN,NaN,NaN
2026-07-30T00:00:00Z,10.0,25.5,66.5,NaN,NaN,NaN,NaN,NaN,NaN,NaN,NaN,NaN,NaN,NaN,NaN
2026-07-30T00:00:00Z,10.0,25.5,67.5,NaN,NaN,NaN,NaN,NaN,NaN,NaN,NaN,NaN,NaN,NaN,NaN
2026-07-30T00:00:00Z,10.0,25.5,68.5,NaN,NaN,NaN,NaN,NaN,NaN,NaN,NaN,NaN,NaN,NaN,NaN
2026-07-30T00:00:00Z,10.0,25.5,69.5,NaN,NaN,NaN,NaN,NaN,NaN,NaN,NaN,NaN,NaN,NaN,NaN
2026-07-30T00:00:00Z,10.0,25.5,70.5,NaN,NaN,NaN,NaN,NaN,NaN,NaN,NaN,NaN,NaN,NaN,NaN
2026-07-30T00:00:00Z,10.0,25.5,71.5,NaN,NaN,NaN,NaN,NaN,NaN,NaN,NaN,NaN,NaN,NaN,NaN
2026-07-30T00:00:00Z,10.0,25.5,72.5,NaN,NaN,NaN,NaN,NaN,NaN,NaN,NaN,NaN,NaN,NaN,NaN
2026-07-30T00:00:00Z,10.0,25.5,73.5,NaN,NaN,NaN,NaN,NaN,NaN,NaN,NaN,NaN,NaN,NaN,NaN
2026-07-30T00:00:00Z,10.0,25.5,74.5,NaN,NaN,NaN,NaN,NaN,NaN,NaN,NaN,NaN,NaN,NaN,NaN
2026-07-30T00:00:00Z,10.0,25.5,75.5,NaN,NaN,NaN,NaN,NaN,NaN,NaN,NaN,NaN,NaN,NaN,NaN
2026-07-30T00:00:00Z,10.0,25.5,76.5,NaN,NaN,NaN,NaN,NaN,NaN,NaN,NaN,NaN,NaN,NaN,NaN
2026-07-30T00:00:00Z,10.0,25.5,77.5,NaN,NaN,NaN,NaN,NaN,NaN,NaN,NaN,NaN,NaN,NaN,NaN
2026-07-30T00:00:00Z,10.0,25.5,78.5,NaN,NaN,NaN,NaN,NaN,NaN,NaN,NaN,NaN,NaN,NaN,NaN
2026-07-30T00:00:00Z,20.0,5.5,50.5,35.289,NaN,0.0,0.0,1.0,0.0,24.113,NaN,0.0,0.0,1.0,0.0
2026-07-30T00:00:00Z,20.0,5.5,51.5,35.289,NaN,0.0,0.0,1.0,0.0,24.113,NaN,0.0,0.0,1.0,0.0
2026-07-30T00:00:00Z,20.0,5.5,52.5,NaN,NaN,NaN,NaN,NaN,NaN,NaN,NaN,NaN,NaN,NaN,NaN
2026-07-30T00:00:00Z,20.0,5.5,53.5,NaN,NaN,NaN,NaN,NaN,NaN,NaN,NaN,NaN,NaN,NaN,NaN
2026-07-30T00:00:00Z,20.0,5.5,54.5,NaN,NaN,NaN,NaN,NaN,NaN,NaN,NaN,NaN,NaN,NaN,NaN
2026-07-30T00:00:00Z,20.0,5.5,55.5,NaN,NaN,NaN,NaN,NaN,NaN,NaN,NaN,NaN,NaN,NaN,NaN
2026-07-30T00:00:00Z,20.0,5.5,56.5,35.683,NaN,0.0,0.0,1.0,0.0,28.374,NaN,0.0,0.0,1.0,0.0
2026-07-30T00:00:00Z,20.0,5.5,57.5,35.683,NaN,0.229,0.324,2.0,0.0,28.374,NaN,0.081,0.115,2.0,0.0
2026-07-30T00:00:00Z,20.0,5.5,58.5,35.683,NaN,0.229,0.324,2.0,0.0,28.374,NaN,0.081,0.115,2.0,0.0
2026-07-30T00:00:00Z,20.0,5.5,59.5,35.684,NaN,0.229,0.323,2.0,0.0,28.374,NaN,0.081,0.114,2.0,0.0
2026-07-30T00:00:00Z,20.0,5.5,60.5,35.686,NaN,0.229,0.321,2.0,0.0,28.375,NaN,0.081,0.114,2.0,0.0
2026-07-30T00:00:00Z,20.0,5.5,61.5,35.705,NaN,0.229,0.309,2.0,0.0,28.382,NaN,0.081,0.109,2.0,0.0
2026-07-30T00:00:00Z,20.0,5.5,62.5,35.76,NaN,0.175,0.301,3.0,0.0,29.311,NaN,0.339,0.454,3.0,0.0
2026-07-30T00:00:00Z,20.0,5.5,63.5,35.759,NaN,0.179,0.252,2.0,0.0,29.312,NaN,0.065,0.092,2.0,0.0
2026-07-30T00:00:00Z,20.0,5.5,64.5,35.758,35.758,0.179,0.252,2.0,1.0,29.312,29.312,0.065,0.092,2.0,1.0
2026-07-30T00:00:00Z,20.0,5.5,65.5,35.748,35.758,0.393,0.427,4.0,1.0,29.318,29.312,0.181,0.208,4.0,1.0
2026-07-30T00:00:00Z,20.0,5.5,66.5,35.391,NaN,0.406,0.415,7.0,0.0,29.522,NaN,0.246,0.257,7.0,0.0
2026-07-30T00:00:00Z,20.0,5.5,67.5,35.225,35.226,0.406,0.478,7.0,2.0,29.617,29.594,0.246,0.247,7.0,2.0
2026-07-30T00:00:00Z,20.0,5.5,68.5,35.131,35.068,0.307,0.329,6.0,1.0,29.722,29.63,0.118,0.123,6.0,1.0
2026-07-30T00:00:00Z,20.0,5.5,69.5,35.083,35.098,0.307,0.348,6.0,1.0,29.815,29.849,0.118,0.132,6.0,1.0
2026-07-30T00:00:00Z,20.0,5.5,70.5,35.047,NaN,0.345,0.366,7.0,0.0,29.847,NaN,0.109,0.139,7.0,0.0
2026-07-30T00:00:00Z,20.0,5.5,71.5,35.019,NaN,0.394,0.413,5.0,0.0,29.857,NaN,0.026,0.039,5.0,0.0
2026-07-30T00:00:00Z,20.0,5.5,72.5,35.012,NaN,0.135,0.22,3.0,0.0,29.856,NaN,0.15,0.205,3.0,0.0
2026-07-30T00:00:00Z,20.0,5.5,73.5,34.874,NaN,0.135,0.139,3.0,0.0,29.622,NaN,0.15,0.177,3.0,0.0
2026-07-30T00:00:00Z,20.0,5.5,74.5,34.813,NaN,0.063,0.089,2.0,0.0,29.509,NaN,0.137,0.194,2.0,0.0
2026-07-30T00:00:00Z,20.0,5.5,75.5,34.813,NaN,0.063,0.089,2.0,0.0,29.509,NaN,0.137,0.194,2.0,0.0
2026-07-30T00:00:00Z,20.0,5.5,76.5,34.813,NaN,0.0,0.0,1.0,0.0,29.509,NaN,0.0,0.0,1.0,0.0
2026-07-30T00:00:00Z,20.0,5.5,77.5,34.813,NaN,0.0,0.0,1.0,0.0,29.509,NaN,0.0,0.0,1.0,0.0
2026-07-30T00:00:00Z,20.0,5.5,78.5,NaN,NaN,NaN,NaN,NaN,NaN,NaN,NaN,NaN,NaN,NaN,NaN
2026-07-30T00:00:00Z,20.0,6.5,50.5,35.289,NaN,0.0,0.0,1.0,0.0,24.113,NaN,0.0,0.0,1.0,0.0
2026-07-30T00:00:00Z,20.0,6.5,51.5,35.289,NaN,0.0,0.0,1.0,0.0,24.113,NaN,0.0,0.0,1.0,0.0
2026-07-30T00:00:00Z,20.0,6.5,52.5,NaN,NaN,NaN,NaN,NaN,NaN,NaN,NaN,NaN,NaN,NaN,NaN
2026-07-30T00:00:00Z,20.0,6.5,53.5,35.421,NaN,0.0,0.0,1.0,0.0,26.596,NaN,0.0,0.0,1.0,0.0
2026-07-30T00:00:00Z,20.0,6.5,54.5,35.421,NaN,0.0,0.0,1.0,0.0,26.596,NaN,0.0,0.0,1.0,0.0
2026-07-30T00:00:00Z,20.0,6.5,55.5,35.421,NaN,0.0,0.0,1.0,0.0,26.596,NaN,0.0,0.0,1.0,0.0
2026-07-30T00:00:00Z,20.0,6.5,56.5,35.459,NaN,0.131,0.161,2.0,0.0,26.854,NaN,0.889,1.09,2.0,0.0
2026-07-30T00:00:00Z,20.0,6.5,57.5,35.678,NaN,0.298,0.306,3.0,0.0,28.309,NaN,0.879,0.998,3.0,0.0
2026-07-30T00:00:00Z,20.0,6.5,58.5,35.717,NaN,0.325,0.356,4.0,0.0,28.386,NaN,0.799,0.898,4.0,0.0
2026-07-30T00:00:00Z,20.0,6.5,59.5,35.848,NaN,0.233,0.327,4.0,0.0,28.428,NaN,0.07,0.071,4.0,0.0
2026-07-30T00:00:00Z,20.0,6.5,60.5,36.102,NaN,0.233,0.234,4.0,0.0,28.459,NaN,0.07,0.082,4.0,0.0
2026-07-30T00:00:00Z,20.0,6.5,61.5,36.2,NaN,0.233,0.263,4.0,0.0,28.409,NaN,0.07,0.07,4.0,0.0
2026-07-30T00:00:00Z,20.0,6.5,62.5,36.076,NaN,0.18,0.182,5.0,0.0,28.721,NaN,0.406,0.407,5.0,0.0
2026-07-30T00:00:00Z,20.0,6.5,63.5,35.809,NaN,0.2,0.344,4.0,0.0,29.292,NaN,0.436,0.648,4.0,0.0
2026-07-30T00:00:00Z,20.0,6.5,64.5,35.788,NaN,0.218,0.341,3.0,0.0,29.301,NaN,0.421,0.548,3.0,0.0
2026-07-30T00:00:00Z,20.0,6.5,65.5,35.766,NaN,0.393,0.434,4.0,0.0,29.311,NaN,0.181,0.212,4.0,0.0
2026-07-30T00:00:00Z,20.0,6.5,66.5,35.407,NaN,0.406,0.412,7.0,0.0,29.514,NaN,0.246,0.259,7.0,0.0
2026-07-30T00:00:00Z,20.0,6.5,67.5,35.26,NaN,0.406,0.461,7.0,0.0,29.609,NaN,0.246,0.246,7.0,0.0
2026-07-30T00:00:00Z,20.0,6.5,68.5,35.16,NaN,0.307,0.319,6.0,0.0,29.721,NaN,0.118,0.123,6.0,0.0
2026-07-30T00:00:00Z,20.0,6.5,69.5,35.102,35.877,0.307,0.34,6.0,1.0,29.82,29.832,0.118,0.133,6.0,1.0
2026-07-30T00:00:00Z,20.0,6.5,70.5,35.082,NaN,0.307,0.349,6.0,0.0,29.838,NaN,0.118,0.143,6.0,0.0
2026-07-30T00:00:00Z,20.0,6.5,71.5,35.179,NaN,0.359,0.367,4.0,0.0,29.851,NaN,0.016,0.02,4.0,0.0
2026-07-30T00:00:00Z,20.0,6.5,72.5,34.967,NaN,0.101,0.114,2.0,0.0,29.776,NaN,0.174,0.197,2.0,0.0
2026-07-30T00:00:00Z,20.0,6.5,73.5,34.814,NaN,0.101,0.142,2.0,0.0,29.51,NaN,0.174,0.245,2.0,0.0
2026-07-30T00:00:00Z,20.0,6.5,74.5,34.813,NaN,0.0,0.0,1.0,0.0,29.509,NaN,0.0,0.0,1.0,0.0
2026-07-30T00:00:00Z,20.0,6.5,75.5,34.813,NaN,0.0,0.0,1.0,0.0,29.509,NaN,0.0,0.0,1.0,0.0
2026-07-30T00:00:00Z,20.0,6.5,76.5,34.813,NaN,0.0,0.0,1.0,0.0,29.509,NaN,0.0,0.0,1.0,0.0
2026-07-30T00:00:00Z,20.0,6.5,77.5,34.813,NaN,0.0,0.0,1.0,0.0,29.509,NaN,0.0,0.0,1.0,0.0
2026-07-30T00:00:00Z,20.0,6.5,78.5,NaN,NaN,NaN,NaN,NaN,NaN,NaN,NaN,NaN,NaN,NaN,NaN
2026-07-30T00:00:00Z,20.0,7.5,50.5,35.289,NaN,0.0,0.0,1.0,0.0,24.113,NaN,0.0,0.0,1.0,0.0
2026-07-30T00:00:00Z,20.0,7.5,51.5,35.289,NaN,0.0,0.0,1.0,0.0,24.113,NaN,0.0,0.0,1.0,0.0
2026-07-30T00:00:00Z,20.0,7.5,52.5,NaN,NaN,NaN,NaN,NaN,NaN,NaN,NaN,NaN,NaN,NaN,NaN
2026-07-30T00:00:00Z,20.0,7.5,53.5,35.421,NaN,0.0,0.0,1.0,0.0,26.596,NaN,0.0,0.0,1.0,0.0
2026-07-30T00:00:00Z,20.0,7.5,54.5,35.421,NaN,0.0,0.0,1.0,0.0,26.596,NaN,0.0,0.0,1.0,0.0
2026-07-30T00:00:00Z,20.0,7.5,55.5,35.421,NaN,0.208,0.294,2.0,0.0,26.596,NaN,0.312,0.442,2.0,0.0
2026-07-30T00:00:00Z,20.0,7.5,56.5,35.421,NaN,0.172,0.284,3.0,0.0,26.597,NaN,0.736,1.088,3.0,0.0
2026-07-30T00:00:00Z,20.0,7.5,57.5,35.538,NaN,0.261,0.349,4.0,0.0,26.938,NaN,0.806,1.097,4.0,0.0
2026-07-30T00:00:00Z,20.0,7.5,58.5,36.124,NaN,0.29,0.394,5.0,0.0,28.516,NaN,0.776,1.039,5.0,0.0
2026-07-30T00:00:00Z,20.0,7.5,59.5,36.145,NaN,0.238,0.24,7.0,0.0,28.524,NaN,0.413,0.515,7.0,0.0
2026-07-30T00:00:00Z,20.0,7.5,60.5,36.179,NaN,0.239,0.241,8.0,0.0,28.461,NaN,0.403,0.451,8.0,0.0
2026-07-30T00:00:00Z,20.0,7.5,61.5,36.223,NaN,0.222,0.224,7.0,0.0,28.396,NaN,0.099,0.099,7.0,0.0
2026-07-30T00:00:00Z,20.0,7.5,62.5,36.249,NaN,0.187,0.195,8.0,0.0,28.426,NaN,0.374,0.422,8.0,0.0
2026-07-30T00:00:00Z,20.0,7.5,63.5,36.129,NaN,0.199,0.212,7.0,0.0,29.14,NaN,0.398,0.644,7.0,0.0
2026-07-30T00:00:00Z,20.0,7.5,64.5,36.115,NaN,0.215,0.231,6.0,0.0,29.199,NaN,0.417,0.671,6.0,0.0
2026-07-30T00:00:00Z,20.0,7.5,65.5,36.035,NaN,0.474,0.558,5.0,0.0,29.212,NaN,0.38,0.382,5.0,0.0
2026-07-30T00:00:00Z,20.0,7.5,66.5,35.653,NaN,0.406,0.443,7.0,0.0,29.403,NaN,0.246,0.313,7.0,0.0
2026-07-30T00:00:00Z,20.0,7.5,67.5,35.374,NaN,0.406,0.419,7.0,0.0,29.643,NaN,0.246,0.25,7.0,0.0
2026-07-30T00:00:00Z,20.0,7.5,68.5,35.172,NaN,0.307,0.316,6.0,0.0,29.786,NaN,0.118,0.121,6.0,0.0
2026-07-30T00:00:00Z,20.0,7.5,69.5,35.109,NaN,0.307,0.337,6.0,0.0,29.829,NaN,0.118,0.138,6.0,0.0
2026-07-30T00:00:00Z,20.0,7.5,70.5,35.096,NaN,0.307,0.342,6.0,0.0,29.833,NaN,0.118,0.14,6.0,0.0
2026-07-30T00:00:00Z,20.0,7.5,71.5,35.778,NaN,0.359,0.632,4.0,0.0,29.834,NaN,0.016,0.016,4.0,0.0
2026-07-30T00:00:00Z,20.0,7.5,72.5,34.819,NaN,0.101,0.138,2.0,0.0,29.519,NaN,0.174,0.239,2.0,0.0
2026-07-30T00:00:00Z,20.0,7.5,73.5,34.813,NaN,0.101,0.142,2.0,0.0,29.509,NaN,0.174,0.246,2.0,0.0
2026-07-30T00:00:00Z,20.0,7.5,74.5,34.813,34.813,0.0,0.0,1.0,1.0,29.509,29.509,0.0,0.0,1.0,1.0
2026-07-30T00:00:00Z,20.0,7.5,75.5,34.813,NaN,0.0,0.0,1.0,0.0,29.509,NaN,0.0,0.0,1.0,0.0
2026-07-30T00:00:00Z,20.0,7.5,76.5,34.813,NaN,0.0,0.0,1.0,0.0,29.509,NaN,0.0,0.0,1.0,0.0
2026-07-30T00:00:00Z,20.0,7.5,77.5,34.813,NaN,0.0,0.0,1.0,0.0,29.509,NaN,0.0,0.0,1.0,0.0
2026-07-30T00:00:00Z,20.0,7.5,78.5,NaN,NaN,NaN,NaN,NaN,NaN,NaN,NaN,NaN,NaN,NaN,NaN
2026-07-30T00:00:00Z,20.0,8.5,50.5,35.289,NaN,0.0,0.0,1.0,0.0,24.113,NaN,0.0,0.0,1.0,0.0
2026-07-30T00:00:00Z,20.0,8.5,51.5,35.289,NaN,0.0,0.0,1.0,0.0,24.113,NaN,0.0,0.0,1.0,0.0
2026-07-30T00:00:00Z,20.0,8.5,52.5,NaN,NaN,NaN,NaN,NaN,NaN,NaN,NaN,NaN,NaN,NaN,NaN
2026-07-30T00:00:00Z,20.0,8.5,53.5,35.421,NaN,0.0,0.0,1.0,0.0,26.596,NaN,0.0,0.0,1.0,0.0
2026-07-30T00:00:00Z,20.0,8.5,54.5,35.421,NaN,0.0,0.0,1.0,0.0,26.596,NaN,0.0,0.0,1.0,0.0
2026-07-30T00:00:00Z,20.0,8.5,55.5,35.421,35.421,0.208,0.294,2.0,1.0,26.596,26.596,0.312,0.442,2.0,1.0
2026-07-30T00:00:00Z,20.0,8.5,56.5,35.423,NaN,0.208,0.293,2.0,0.0,26.598,NaN,0.312,0.44,2.0,0.0
2026-07-30T00:00:00Z,20.0,8.5,57.5,35.545,NaN,0.295,0.39,3.0,0.0,26.852,NaN,0.809,1.006,3.0,0.0
2026-07-30T00:00:00Z,20.0,8.5,58.5,36.104,NaN,0.31,0.371,4.0,0.0,28.384,NaN,0.812,1.07,4.0,0.0
2026-07-30T00:00:00Z,20.0,8.5,59.5,36.15,36.141,0.173,0.177,6.0,1.0,28.519,28.536,0.441,0.55,6.0,1.0
2026-07-30T00:00:00Z,20.0,8.5,60.5,36.205,NaN,0.173,0.173,7.0,0.0,28.432,NaN,0.429,0.468,7.0,0.0
2026-07-30T00:00:00Z,20.0,8.5,61.5,36.264,36.204,0.083,0.084,6.0,1.0,28.371,28.399,0.106,0.114,6.0,1.0
2026-07-30T00:00:00Z,20.0,8.5,62.5,36.303,NaN,0.187,0.217,8.0,0.0,28.392,NaN,0.374,0.439,8.0,0.0
2026-07-30T00:00:00Z,20.0,8.5,63.5,36.208,NaN,0.199,0.199,7.0,0.0,28.893,NaN,0.398,0.475,7.0,0.0
2026-07-30T00:00:00Z,20.0,8.5,64.5,36.118,36.115,0.199,0.214,7.0,1.0,29.174,29.182,0.412,0.604,7.0,1.0
2026-07-30T00:00:00Z,20.0,8.5,65.5,36.114,NaN,0.439,0.511,7.0,0.0,29.182,NaN,0.327,0.328,7.0,0.0
2026-07-30T00:00:00Z,20.0,8.5,66.5,36.097,NaN,0.426,0.585,8.0,0.0,29.19,NaN,0.289,0.388,8.0,0.0
2026-07-30T00:00:00Z,20.0,8.5,67.5,35.825,NaN,0.426,0.445,8.0,0.0,29.509,NaN,0.289,0.295,8.0,0.0
2026-07-30T00:00:00Z,20.0,8.5,68.5,35.856,NaN,0.454,0.485,7.0,0.0,29.783,NaN,0.306,0.44,7.0,0.0
2026-07-30T00:00:00Z,20.0,8.5,69.5,35.87,NaN,0.454,0.49,7.0,0.0,29.818,NaN,0.306,0.467,7.0,0.0
2026-07-30T00:00:00Z,20.0,8.5,70.5,35.902,NaN,0.44,0.531,6.0,0.0,29.742,NaN,0.284,0.355,6.0,0.0
2026-07-30T00:00:00Z,20.0,8.5,71.5,36.018,NaN,0.433,0.54,3.0,0.0,29.423,NaN,0.317,0.371,3.0,0.0
2026-07-30T00:00:00Z,20.0,8.5,72.5,34.984,NaN,0.649,0.806,2.0,0.0,29.464,NaN,0.171,0.212,2.0,0.0
2026-07-30T00:00:00Z,20.0,8.5,73.5,34.813,NaN,0.649,0.918,2.0,0.0,29.509,NaN,0.171,0.241,2.0,0.0
2026-07-30T00:00:00Z,20.0,8.5,74.5,34.813,NaN,0.0,0.0,1.0,0.0,29.509,NaN,0.0,0.0,1.0,0.0
2026-07-30T00:00:00Z,20.0,8.5,75.5,34.813,NaN,0.0,0.0,1.0,0.0,29.509,NaN,0.0,0.0,1.0,0.0
2026-07-30T00:00:00Z,20.0,8.5,76.5,34.813,NaN,0.0,0.0,1.0,0.0,29.509,NaN,0.0,0.0,1.0,0.0
2026-07-30T00:00:00Z,20.0,8.5,77.5,NaN,NaN,NaN,NaN,NaN,NaN,NaN,NaN,NaN,NaN,NaN,NaN
2026-07-30T00:00:00Z,20.0,8.5,78.5,NaN,NaN,NaN,NaN,NaN,NaN,NaN,NaN,NaN,NaN,NaN,NaN
2026-07-30T00:00:00Z,20.0,9.5,50.5,NaN,NaN,NaN,NaN,NaN,NaN,NaN,NaN,NaN,NaN,NaN,NaN
2026-07-30T00:00:00Z,20.0,9.5,51.5,NaN,NaN,NaN,NaN,NaN,NaN,NaN,NaN,NaN,NaN,NaN,NaN
2026-07-30T00:00:00Z,20.0,9.5,52.5,NaN,NaN,NaN,NaN,NaN,NaN,NaN,NaN,NaN,NaN,NaN,NaN
2026-07-30T00:00:00Z,20.0,9.5,53.5,35.421,NaN,0.0,0.0,1.0,0.0,26.596,NaN,0.0,0.0,1.0,0.0
2026-07-30T00:00:00Z,20.0,9.5,54.5,35.421,NaN,0.0,0.0,1.0,0.0,26.596,NaN,0.0,0.0,1.0,0.0
2026-07-30T00:00:00Z,20.0,9.5,55.5,35.422,NaN,0.208,0.294,2.0,0.0,26.597,NaN,0.312,0.441,2.0,0.0
2026-07-30T00:00:00Z,20.0,9.5,56.5,35.454,NaN,0.27,0.42,3.0,0.0,26.646,NaN,0.28,0.443,3.0,0.0
2026-07-30T00:00:00Z,20.0,9.5,57.5,35.771,NaN,0.282,0.298,4.0,0.0,27.13,NaN,0.712,0.753,4.0,0.0
2026-07-30T00:00:00Z,20.0,9.5,58.5,35.891,NaN,0.286,0.289,5.0,0.0,27.452,NaN,0.757,0.768,5.0,0.0
2026-07-30T00:00:00Z,20.0,9.5,59.5,36.164,NaN,0.165,0.165,7.0,0.0,28.258,NaN,0.546,0.588,7.0,0.0
2026-07-30T00:00:00Z,20.0,9.5,60.5,36.26,NaN,0.168,0.179,8.0,0.0,28.367,NaN,0.539,0.599,8.0,0.0
2026-07-30T00:00:00Z,20.0,9.5,61.5,36.306,36.317,0.105,0.12,7.0,3.0,28.349,28.328,0.452,0.467,7.0,3.0
2026-07-30T00:00:00Z,20.0,9.5,62.5,36.336,36.375,0.096,0.126,7.0,1.0,28.408,28.562,0.286,0.309,7.0,1.0
2026-07-30T00:00:00Z,20.0,9.5,63.5,36.338,NaN,0.09,0.111,6.0,0.0,28.505,NaN,0.309,0.309,6.0,0.0
2026-07-30T00:00:00Z,20.0,9.5,64.5,36.164,NaN,0.094,0.142,6.0,0.0,29.063,NaN,0.364,0.562,6.0,0.0
2026-07-30T00:00:00Z,20.0,9.5,65.5,36.117,NaN,0.101,0.121,5.0,0.0,29.176,NaN,0.231,0.279,5.0,0.0
2026-07-30T00:00:00Z,20.0,9.5,66.5,36.12,NaN,0.109,0.114,5.0,0.0,29.136,NaN,0.281,0.313,5.0,0.0
2026-07-30T00:00:00Z,20.0,9.5,67.5,36.111,NaN,0.109,0.118,6.0,0.0,29.132,NaN,0.26,0.305,6.0,0.0
2026-07-30T00:00:00Z,20.0,9.5,68.5,36.101,NaN,0.108,0.115,6.0,0.0,29.14,NaN,0.261,0.301,6.0,0.0
2026-07-30T00:00:00Z,20.0,9.5,69.5,36.081,NaN,0.108,0.11,6.0,0.0,29.193,NaN,0.261,0.278,6.0,0.0
2026-07-30T00:00:00Z,20.0,9.5,70.5,36.099,NaN,0.104,0.119,5.0,0.0,29.188,NaN,0.268,0.303,5.0,0.0
2026-07-30T00:00:00Z,20.0,9.5,71.5,36.107,NaN,0.097,0.156,3.0,0.0,29.175,NaN,0.277,0.398,3.0,0.0
2026-07-30T00:00:00Z,20.0,9.5,72.5,36.097,NaN,0.58,0.745,3.0,0.0,29.174,NaN,0.141,0.229,3.0,0.0
2026-07-30T00:00:00Z,20.0,9.5,73.5,34.869,NaN,0.649,0.879,2.0,0.0,29.494,NaN,0.171,0.231,2.0,0.0
2026-07-30T00:00:00Z,20.0,9.5,74.5,34.813,NaN,0.0,0.0,1.0,0.0,29.509,NaN,0.0,0.0,1.0,0.0
2026-07-30T00:00:00Z,20.0,9.5,75.5,34.813,NaN,0.0,0.0,1.0,0.0,29.509,NaN,0.0,0.0,1.0,0.0
2026-07-30T00:00:00Z,20.0,9.5,76.5,NaN,NaN,NaN,NaN,NaN,NaN,NaN,NaN,NaN,NaN,NaN,NaN
2026-07-30T00:00:00Z,20.0,9.5,77.5,NaN,NaN,NaN,NaN,NaN,NaN,NaN,NaN,NaN,NaN,NaN,NaN
2026-07-30T00:00:00Z,20.0,9.5,78.5,NaN,NaN,NaN,NaN,NaN,NaN,NaN,NaN,NaN,NaN,NaN,NaN
2026-07-30T00:00:00Z,20.0,10.5,50.5,NaN,NaN,NaN,NaN,NaN,NaN,NaN,NaN,NaN,NaN,NaN,NaN
2026-07-30T00:00:00Z,20.0,10.5,51.5,NaN,NaN,NaN,NaN,NaN,NaN,NaN,NaN,NaN,NaN,NaN,NaN
2026-07-30T00:00:00Z,20.0,10.5,52.5,NaN,NaN,NaN,NaN,NaN,NaN,NaN,NaN,NaN,NaN,NaN,NaN
2026-07-30T00:00:00Z,20.0,10.5,53.5,35.421,NaN,0.0,0.0,1.0,0.0,26.596,NaN,0.0,0.0,1.0,0.0
2026-07-30T00:00:00Z,20.0,10.5,54.5,35.421,NaN,0.0,0.0,1.0,0.0,26.596,NaN,0.0,0.0,1.0,0.0
2026-07-30T00:00:00Z,20.0,10.5,55.5,35.436,NaN,0.208,0.284,2.0,0.0,26.618,NaN,0.312,0.427,2.0,0.0
2026-07-30T00:00:00Z,20.0,10.5,56.5,35.701,NaN,0.27,0.28,3.0,0.0,27.017,NaN,0.28,0.281,3.0,0.0
2026-07-30T00:00:00Z,20.0,10.5,57.5,35.836,NaN,0.322,0.349,5.0,0.0,27.215,NaN,0.643,0.676,5.0,0.0
2026-07-30T00:00:00Z,20.0,10.5,58.5,35.857,35.837,0.307,0.342,6.0,1.0,27.222,27.221,0.691,0.78,6.0,1.0
2026-07-30T00:00:00Z,20.0,10.5,59.5,36.105,NaN,0.168,0.191,8.0,0.0,27.312,NaN,0.531,0.859,8.0,0.0
2026-07-30T00:00:00Z,20.0,10.5,60.5,36.276,NaN,0.163,0.167,11.0,0.0,28.157,NaN,0.496,0.522,11.0,0.0
2026-07-30T00:00:00Z,20.0,10.5,61.5,36.326,NaN,0.106,0.115,10.0,0.0,28.344,NaN,0.453,0.528,10.0,0.0
2026-07-30T00:00:00Z,20.0,10.5,62.5,36.351,NaN,0.098,0.118,10.0,0.0,28.433,NaN,0.45,0.476,10.0,0.0
2026-07-30T00:00:00Z,20.0,10.5,63.5,36.366,NaN,0.092,0.117,8.0,0.0,28.516,NaN,0.43,0.47,8.0,0.0
2026-07-30T00:00:00Z,20.0,10.5,64.5,36.323,NaN,0.095,0.1,8.0,0.0,28.66,NaN,0.499,0.557,8.0,0.0
2026-07-30T00:00:00Z,20.0,10.5,65.5,36.155,NaN,0.119,0.142,7.0,0.0,29.101,NaN,0.608,0.754,7.0,0.0
2026-07-30T00:00:00Z,20.0,10.5,66.5,36.143,NaN,0.035,0.036,4.0,0.0,29.112,NaN,0.035,0.041,4.0,0.0
2026-07-30T00:00:00Z,20.0,10.5,67.5,36.13,36.091,0.076,0.081,5.0,1.0,29.122,29.142,0.105,0.122,5.0,1.0
2026-07-30T00:00:00Z,20.0,10.5,68.5,36.117,NaN,0.076,0.077,5.0,0.0,29.139,NaN,0.105,0.113,5.0,0.0
2026-07-30T00:00:00Z,20.0,10.5,69.5,36.059,NaN,0.076,0.087,5.0,0.0,29.24,NaN,0.105,0.121,5.0,0.0
2026-07-30T00:00:00Z,20.0,10.5,70.5,36.077,36.111,0.072,0.072,4.0,1.0,29.218,29.168,0.104,0.105,4.0,1.0
2026-07-30T00:00:00Z,20.0,10.5,71.5,36.097,NaN,0.073,0.094,2.0,0.0,29.189,NaN,0.108,0.139,2.0,0.0
2026-07-30T00:00:00Z,20.0,10.5,72.5,36.106,NaN,0.073,0.1,2.0,0.0,29.176,NaN,0.108,0.147,2.0,0.0
2026-07-30T00:00:00Z,20.0,10.5,73.5,36.111,NaN,0.0,0.0,1.0,0.0,29.168,NaN,0.0,0.0,1.0,0.0
2026-07-30T00:00:00Z,20.0,10.5,74.5,NaN,NaN,NaN,NaN,NaN,NaN,NaN,NaN,NaN,NaN,NaN,NaN
2026-07-30T00:00:00Z,20.0,10.5,75.5,NaN,NaN,NaN,NaN,NaN,NaN,NaN,NaN,NaN,NaN,NaN,NaN
2026-07-30T00:00:00Z,20.0,10.5,76.5,NaN,NaN,NaN,NaN,NaN,NaN,NaN,NaN,NaN,NaN,NaN,NaN
2026-07-30T00:00:00Z,20.0,10.5,77.5,NaN,NaN,NaN,NaN,NaN,NaN,NaN,NaN,NaN,NaN,NaN,NaN
2026-07-30T00:00:00Z,20.0,10.5,78.5,NaN,NaN,NaN,NaN,NaN,NaN,NaN,NaN,NaN,NaN,NaN,NaN
2026-07-30T00:00:00Z,20.0,11.5,50.5,NaN,NaN,NaN,NaN,NaN,NaN,NaN,NaN,NaN,NaN,NaN,NaN
2026-07-30T00:00:00Z,20.0,11.5,51.5,NaN,NaN,NaN,NaN,NaN,NaN,NaN,NaN,NaN,NaN,NaN,NaN
2026-07-30T00:00:00Z,20.0,11.5,52.5,NaN,NaN,NaN,NaN,NaN,NaN,NaN,NaN,NaN,NaN,NaN,NaN
2026-07-30T00:00:00Z,20.0,11.5,53.5,35.421,NaN,0.0,0.0,1.0,0.0,26.596,NaN,0.0,0.0,1.0,0.0
2026-07-30T00:00:00Z,20.0,11.5,54.5,35.421,NaN,0.0,0.0,1.0,0.0,26.596,NaN,0.0,0.0,1.0,0.0
2026-07-30T00:00:00Z,20.0,11.5,55.5,35.613,NaN,0.208,0.209,2.0,0.0,26.885,NaN,0.312,0.313,2.0,0.0
2026-07-30T00:00:00Z,20.0,11.5,56.5,35.832,NaN,0.27,0.275,3.0,0.0,27.208,NaN,0.28,0.355,3.0,0.0
2026-07-30T00:00:00Z,20.0,11.5,57.5,35.864,NaN,0.347,0.353,4.0,0.0,27.213,NaN,0.36,0.366,4.0,0.0
2026-07-30T00:00:00Z,20.0,11.5,58.5,35.966,NaN,0.373,0.378,5.0,0.0,27.187,NaN,0.36,0.362,5.0,0.0
2026-07-30T00:00:00Z,20.0,11.5,59.5,36.089,36.073,0.196,0.247,7.0,1.0,27.181,27.152,0.493,0.781,7.0,1.0
2026-07-30T00:00:00Z,20.0,11.5,60.5,36.149,NaN,0.176,0.216,10.0,0.0,27.324,NaN,0.475,0.713,10.0,0.0
2026-07-30T00:00:00Z,20.0,11.5,61.5,36.312,NaN,0.103,0.104,9.0,0.0,27.923,NaN,0.449,0.449,9.0,0.0
2026-07-30T00:00:00Z,20.0,11.5,62.5,36.311,NaN,0.056,0.071,8.0,0.0,27.924,NaN,0.377,0.39,8.0,0.0
2026-07-30T00:00:00Z,20.0,11.5,63.5,36.329,NaN,0.059,0.064,7.0,0.0,27.922,NaN,0.365,0.399,7.0,0.0
2026-07-30T00:00:00Z,20.0,11.5,64.5,36.362,NaN,0.072,0.086,7.0,0.0,27.914,NaN,0.433,0.582,7.0,0.0
2026-07-30T00:00:00Z,20.0,11.5,65.5,36.176,NaN,0.118,0.14,6.0,0.0,29.058,NaN,0.615,0.787,6.0,0.0
2026-07-30T00:00:00Z,20.0,11.5,66.5,36.16,NaN,0.146,0.177,5.0,0.0,29.102,NaN,0.188,0.233,5.0,0.0
2026-07-30T00:00:00Z,20.0,11.5,67.5,36.15,36.17,0.173,0.184,6.0,2.0,29.114,29.105,0.232,0.245,6.0,2.0
2026-07-30T00:00:00Z,20.0,11.5,68.5,36.13,NaN,0.164,0.177,7.0,0.0,29.141,NaN,0.22,0.237,7.0,0.0
2026-07-30T00:00:00Z,20.0,11.5,69.5,36.025,NaN,0.164,0.238,7.0,0.0,29.295,NaN,0.22,0.327,7.0,0.0
2026-07-30T00:00:00Z,20.0,11.5,70.5,36.035,35.964,0.177,0.242,6.0,1.0,29.279,29.384,0.237,0.331,6.0,1.0
2026-07-30T00:00:00Z,20.0,11.5,71.5,36.07,NaN,0.206,0.265,4.0,0.0,29.228,NaN,0.281,0.358,4.0,0.0
2026-07-30T00:00:00Z,20.0,11.5,72.5,36.093,NaN,0.073,0.092,2.0,0.0,29.194,NaN,0.108,0.136,2.0,0.0
2026-07-30T00:00:00Z,20.0,11.5,73.5,36.111,NaN,0.0,0.0,1.0,0.0,29.168,NaN,0.0,0.0,1.0,0.0
2026-07-30T00:00:00Z,20.0,11.5,74.5,NaN,NaN,NaN,NaN,NaN,NaN,NaN,NaN,NaN,NaN,NaN,NaN
2026-07-30T00:00:00Z,20.0,11.5,75.5,NaN,NaN,NaN,NaN,NaN,NaN,NaN,NaN,NaN,NaN,NaN,NaN
2026-07-30T00:00:00Z,20.0,11.5,76.5,NaN,NaN,NaN,NaN,NaN,NaN,NaN,NaN,NaN,NaN,NaN,NaN
2026-07-30T00:00:00Z,20.0,11.5,77.5,NaN,NaN,NaN,NaN,NaN,NaN,NaN,NaN,NaN,NaN,NaN,NaN
2026-07-30T00:00:00Z,20.0,11.5,78.5,NaN,NaN,NaN,NaN,NaN,NaN,NaN,NaN,NaN,NaN,NaN,NaN
2026-07-30T00:00:00Z,20.0,12.5,50.5,NaN,NaN,NaN,NaN,NaN,NaN,NaN,NaN,NaN,NaN,NaN,NaN
2026-07-30T00:00:00Z,20.0,12.5,51.5,35.81,NaN,0.0,0.0,1.0,0.0,NaN,NaN,NaN,NaN,NaN,NaN
2026-07-30T00:00:00Z,20.0,12.5,52.5,35.81,NaN,0.0,0.0,1.0,0.0,NaN,NaN,NaN,NaN,NaN,NaN
2026-07-30T00:00:00Z,20.0,12.5,53.5,35.81,NaN,0.0,0.0,1.0,0.0,NaN,NaN,NaN,NaN,NaN,NaN
2026-07-30T00:00:00Z,20.0,12.5,54.5,35.81,NaN,0.0,0.0,1.0,0.0,NaN,NaN,NaN,NaN,NaN,NaN
2026-07-30T00:00:00Z,20.0,12.5,55.5,35.82,NaN,0.014,0.014,2.0,0.0,27.221,NaN,0.0,0.0,1.0,0.0
2026-07-30T00:00:00Z,20.0,12.5,56.5,35.877,NaN,0.118,0.122,3.0,0.0,27.209,NaN,0.035,0.041,2.0,0.0
2026-07-30T00:00:00Z,20.0,12.5,57.5,35.995,NaN,0.218,0.24,3.0,0.0,27.184,NaN,0.198,0.244,3.0,0.0
2026-07-30T00:00:00Z,20.0,12.5,58.5,36.089,NaN,0.242,0.258,4.0,0.0,27.2,NaN,0.197,0.268,4.0,0.0
2026-07-30T00:00:00Z,20.0,12.5,59.5,36.175,NaN,0.211,0.218,6.0,0.0,27.308,NaN,0.468,0.605,6.0,0.0
2026-07-30T00:00:00Z,20.0,12.5,60.5,36.291,NaN,0.175,0.175,11.0,0.0,27.479,NaN,0.424,0.532,11.0,0.0
2026-07-30T00:00:00Z,20.0,12.5,61.5,36.326,NaN,0.101,0.103,10.0,0.0,27.665,NaN,0.401,0.445,10.0,0.0
2026-07-30T00:00:00Z,20.0,12.5,62.5,36.316,36.283,0.048,0.076,9.0,1.0,27.731,27.718,0.342,0.399,9.0,1.0
2026-07-30T00:00:00Z,20.0,12.5,63.5,36.359,NaN,0.051,0.053,8.0,0.0,27.749,NaN,0.341,0.411,8.0,0.0
2026-07-30T00:00:00Z,20.0,12.5,64.5,36.398,NaN,0.075,0.094,8.0,0.0,27.764,NaN,0.457,0.612,8.0,0.0
2026-07-30T00:00:00Z,20.0,12.5,65.5,36.267,NaN,0.122,0.128,9.0,0.0,28.581,NaN,0.603,0.625,9.0,0.0
2026-07-30T00:00:00Z,20.0,12.5,66.5,36.17,NaN,0.147,0.188,6.0,0.0,29.098,NaN,0.19,0.255,6.0,0.0
2026-07-30T00:00:00Z,20.0,12.5,67.5,36.166,NaN,0.177,0.192,7.0,0.0,29.103,NaN,0.237,0.262,7.0,0.0
2026-07-30T00:00:00Z,20.0,12.5,68.5,36.182,NaN,0.171,0.176,8.0,0.0,29.083,NaN,0.23,0.239,8.0,0.0
2026-07-30T00:00:00Z,20.0,12.5,69.5,36.102,NaN,0.171,0.211,8.0,0.0,29.194,NaN,0.23,0.291,8.0,0.0
2026-07-30T00:00:00Z,20.0,12.5,70.5,36.023,NaN,0.182,0.276,7.0,0.0,29.3,NaN,0.244,0.382,7.0,0.0
2026-07-30T00:00:00Z,20.0,12.5,71.5,36.03,NaN,0.206,0.291,4.0,0.0,29.287,NaN,0.281,0.397,4.0,0.0
2026-07-30T00:00:00Z,20.0,12.5,72.5,36.063,NaN,0.073,0.078,2.0,0.0,29.239,NaN,0.108,0.114,2.0,0.0
2026-07-30T00:00:00Z,20.0,12.5,73.5,36.111,NaN,0.0,0.0,1.0,0.0,29.168,NaN,0.0,0.0,1.0,0.0
2026-07-30T00:00:00Z,20.0,12.5,74.5,NaN,NaN,NaN,NaN,NaN,NaN,NaN,NaN,NaN,NaN,NaN,NaN
2026-07-30T00:00:00Z,20.0,12.5,75.5,NaN,NaN,NaN,NaN,NaN,NaN,NaN,NaN,NaN,NaN,NaN,NaN
2026-07-30T00:00:00Z,20.0,12.5,76.5,NaN,NaN,NaN,NaN,NaN,NaN,NaN,NaN,NaN,NaN,NaN,NaN
2026-07-30T00:00:00Z,20.0,12.5,77.5,NaN,NaN,NaN,NaN,NaN,NaN,NaN,NaN,NaN,NaN,NaN,NaN
2026-07-30T00:00:00Z,20.0,12.5,78.5,NaN,NaN,NaN,NaN,NaN,NaN,NaN,NaN,NaN,NaN,NaN,NaN
2026-07-30T00:00:00Z,20.0,13.5,50.5,NaN,NaN,NaN,NaN,NaN,NaN,NaN,NaN,NaN,NaN,NaN,NaN
2026-07-30T00:00:00Z,20.0,13.5,51.5,35.81,NaN,0.0,0.0,1.0,0.0,NaN,NaN,NaN,NaN,NaN,NaN
2026-07-30T00:00:00Z,20.0,13.5,52.5,35.81,NaN,0.0,0.0,1.0,0.0,NaN,NaN,NaN,NaN,NaN,NaN
2026-07-30T00:00:00Z,20.0,13.5,53.5,35.81,NaN,0.0,0.0,1.0,0.0,NaN,NaN,NaN,NaN,NaN,NaN
2026-07-30T00:00:00Z,20.0,13.5,54.5,35.81,NaN,0.0,0.0,1.0,0.0,NaN,NaN,NaN,NaN,NaN,NaN
2026-07-30T00:00:00Z,20.0,13.5,55.5,35.81,NaN,0.0,0.0,1.0,0.0,NaN,NaN,NaN,NaN,NaN,NaN
2026-07-30T00:00:00Z,20.0,13.5,56.5,35.858,NaN,0.132,0.156,2.0,0.0,27.152,NaN,0.0,0.0,1.0,0.0
2026-07-30T00:00:00Z,20.0,13.5,57.5,36.13,NaN,0.149,0.175,2.0,0.0,27.239,NaN,0.226,0.265,2.0,0.0
2026-07-30T00:00:00Z,20.0,13.5,58.5,36.232,NaN,0.16,0.171,3.0,0.0,27.389,NaN,0.201,0.206,3.0,0.0
2026-07-30T00:00:00Z,20.0,13.5,59.5,36.334,NaN,0.16,0.164,3.0,0.0,27.529,NaN,0.201,0.222,3.0,0.0
2026-07-30T00:00:00Z,20.0,13.5,60.5,36.396,36.371,0.12,0.131,7.0,1.0,27.585,27.603,0.215,0.219,7.0,1.0
2026-07-30T00:00:00Z,20.0,13.5,61.5,36.396,NaN,0.12,0.131,7.0,0.0,27.621,NaN,0.215,0.215,7.0,0.0
2026-07-30T00:00:00Z,20.0,13.5,62.5,36.415,NaN,0.053,0.056,7.0,0.0,27.748,NaN,0.317,0.328,7.0,0.0
2026-07-30T00:00:00Z,20.0,13.5,63.5,36.397,36.42,0.083,0.096,9.0,1.0,27.766,27.77,0.405,0.507,9.0,1.0
2026-07-30T00:00:00Z,20.0,13.5,64.5,36.415,NaN,0.117,0.117,9.0,0.0,27.78,NaN,0.467,0.658,9.0,0.0
2026-07-30T00:00:00Z,20.0,13.5,65.5,36.489,NaN,0.15,0.192,12.0,0.0,28.132,NaN,0.53,0.61,12.0,0.0
2026-07-30T00:00:00Z,20.0,13.5,66.5,36.383,NaN,0.163,0.163,10.0,0.0,28.724,NaN,0.274,0.276,10.0,0.0
2026-07-30T00:00:00Z,20.0,13.5,67.5,36.36,NaN,0.196,0.197,11.0,0.0,28.836,NaN,0.317,0.318,11.0,0.0
2026-07-30T00:00:00Z,20.0,13.5,68.5,36.422,NaN,0.202,0.232,11.0,0.0,28.754,NaN,0.322,0.342,11.0,0.0
2026-07-30T00:00:00Z,20.0,13.5,69.5,36.421,NaN,0.171,0.26,8.0,0.0,28.756,NaN,0.23,0.346,8.0,0.0
2026-07-30T00:00:00Z,20.0,13.5,70.5,36.379,NaN,0.182,0.234,7.0,0.0,28.814,NaN,0.244,0.31,7.0,0.0
2026-07-30T00:00:00Z,20.0,13.5,71.5,36.253,NaN,0.206,0.207,4.0,0.0,28.986,NaN,0.281,0.281,4.0,0.0
2026-07-30T00:00:00Z,20.0,13.5,72.5,36.017,NaN,0.073,0.076,2.0,0.0,29.306,NaN,0.108,0.112,2.0,0.0
2026-07-30T00:00:00Z,20.0,13.5,73.5,36.111,NaN,0.0,0.0,1.0,0.0,29.168,NaN,0.0,0.0,1.0,0.0
2026-07-30T00:00:00Z,20.0,13.5,74.5,NaN,NaN,NaN,NaN,NaN,NaN,NaN,NaN,NaN,NaN,NaN,NaN
2026-07-30T00:00:00Z,20.0,13.5,75.5,NaN,NaN,NaN,NaN,NaN,NaN,NaN,NaN,NaN,NaN,NaN,NaN
2026-07-30T00:00:00Z,20.0,13.5,76.5,NaN,NaN,NaN,NaN,NaN,NaN,NaN,NaN,NaN,NaN,NaN,NaN
2026-07-30T00:00:00Z,20.0,13.5,77.5,NaN,NaN,NaN,NaN,NaN,NaN,NaN,NaN,NaN,NaN,NaN,NaN
2026-07-30T00:00:00Z,20.0,13.5,78.5,NaN,NaN,NaN,NaN,NaN,NaN,NaN,NaN,NaN,NaN,NaN,NaN
2026-07-30T00:00:00Z,20.0,14.5,50.5,NaN,NaN,NaN,NaN,NaN,NaN,NaN,NaN,NaN,NaN,NaN,NaN
2026-07-30T00:00:00Z,20.0,14.5,51.5,35.81,NaN,0.0,0.0,1.0,0.0,NaN,NaN,NaN,NaN,NaN,NaN
2026-07-30T00:00:00Z,20.0,14.5,52.5,35.81,NaN,0.018,0.025,2.0,0.0,NaN,NaN,NaN,NaN,NaN,NaN
2026-07-30T00:00:00Z,20.0,14.5,53.5,35.81,NaN,0.018,0.025,2.0,0.0,NaN,NaN,NaN,NaN,NaN,NaN
2026-07-30T00:00:00Z,20.0,14.5,54.5,35.809,NaN,0.018,0.024,2.0,0.0,NaN,NaN,NaN,NaN,NaN,NaN
2026-07-30T00:00:00Z,20.0,14.5,55.5,35.804,NaN,0.018,0.022,2.0,0.0,NaN,NaN,NaN,NaN,NaN,NaN
2026-07-30T00:00:00Z,20.0,14.5,56.5,35.793,NaN,0.133,0.162,3.0,0.0,27.152,NaN,0.0,0.0,1.0,0.0
2026-07-30T00:00:00Z,20.0,14.5,57.5,36.154,NaN,0.244,0.257,3.0,0.0,27.463,NaN,0.226,0.241,2.0,0.0
2026-07-30T00:00:00Z,20.0,14.5,58.5,36.364,NaN,0.16,0.174,3.0,0.0,27.559,NaN,0.201,0.237,3.0,0.0
2026-07-30T00:00:00Z,20.0,14.5,59.5,36.403,NaN,0.139,0.17,4.0,0.0,27.571,NaN,0.18,0.211,4.0,0.0
2026-07-30T00:00:00Z,20.0,14.5,60.5,36.425,36.441,0.112,0.14,8.0,1.0,27.566,27.548,0.203,0.209,8.0,1.0
2026-07-30T00:00:00Z,20.0,14.5,61.5,36.422,NaN,0.112,0.138,8.0,0.0,27.646,NaN,0.203,0.205,8.0,0.0
2026-07-30T00:00:00Z,20.0,14.5,62.5,36.405,36.403,0.054,0.056,8.0,2.0,27.782,27.8,0.312,0.312,8.0,2.0
2026-07-30T00:00:00Z,20.0,14.5,63.5,36.406,NaN,0.085,0.09,10.0,0.0,27.799,NaN,0.416,0.471,10.0,0.0
2026-07-30T00:00:00Z,20.0,14.5,64.5,36.462,NaN,0.09,0.094,9.0,0.0,28.077,NaN,0.406,0.407,9.0,0.0
2026-07-30T00:00:00Z,20.0,14.5,65.5,36.546,NaN,0.116,0.175,10.0,0.0,28.403,NaN,0.476,0.487,10.0,0.0
2026-07-30T00:00:00Z,20.0,14.5,66.5,36.54,NaN,0.119,0.156,8.0,0.0,28.45,NaN,0.233,0.32,8.0,0.0
2026-07-30T00:00:00Z,20.0,14.5,67.5,36.444,NaN,0.187,0.196,9.0,0.0,28.7,NaN,0.314,0.318,9.0,0.0
2026-07-30T00:00:00Z,20.0,14.5,68.5,36.432,NaN,0.186,0.196,9.0,0.0,28.739,NaN,0.308,0.31,9.0,0.0
2026-07-30T00:00:00Z,20.0,14.5,69.5,36.435,36.436,0.175,0.228,6.0,2.0,28.737,28.736,0.247,0.31,6.0,2.0
2026-07-30T00:00:00Z,20.0,14.5,70.5,36.433,NaN,0.175,0.227,6.0,0.0,28.738,NaN,0.247,0.309,6.0,0.0
2026-07-30T00:00:00Z,20.0,14.5,71.5,36.402,NaN,0.193,0.225,4.0,0.0,28.759,NaN,0.271,0.314,4.0,0.0
2026-07-30T00:00:00Z,20.0,14.5,72.5,36.311,NaN,0.174,0.245,2.0,0.0,28.815,NaN,0.286,0.402,2.0,0.0
2026-07-30T00:00:00Z,20.0,14.5,73.5,36.312,NaN,0.0,0.0,1.0,0.0,28.813,NaN,0.0,0.0,1.0,0.0
2026-07-30T00:00:00Z,20.0,14.5,74.5,NaN,NaN,NaN,NaN,NaN,NaN,NaN,NaN,NaN,NaN,NaN,NaN
2026-07-30T00:00:00Z,20.0,14.5,75.5,NaN,NaN,NaN,NaN,NaN,NaN,NaN,NaN,NaN,NaN,NaN,NaN
2026-07-30T00:00:00Z,20.0,14.5,76.5,NaN,NaN,NaN,NaN,NaN,NaN,NaN,NaN,NaN,NaN,NaN,NaN
2026-07-30T00:00:00Z,20.0,14.5,77.5,NaN,NaN,NaN,NaN,NaN,NaN,NaN,NaN,NaN,NaN,NaN,NaN
2026-07-30T00:00:00Z,20.0,14.5,78.5,NaN,NaN,NaN,NaN,NaN,NaN,NaN,NaN,NaN,NaN,NaN,NaN
2026-07-30T00:00:00Z,20.0,15.5,50.5,NaN,NaN,NaN,NaN,NaN,NaN,NaN,NaN,NaN,NaN,NaN,NaN
2026-07-30T00:00:00Z,20.0,15.5,51.5,NaN,NaN,NaN,NaN,NaN,NaN,NaN,NaN,NaN,NaN,NaN,NaN
2026-07-30T00:00:00Z,20.0,15.5,52.5,35.81,NaN,0.018,0.025,2.0,0.0,NaN,NaN,NaN,NaN,NaN,NaN
2026-07-30T00:00:00Z,20.0,15.5,53.5,35.808,NaN,0.018,0.024,2.0,0.0,NaN,NaN,NaN,NaN,NaN,NaN
2026-07-30T00:00:00Z,20.0,15.5,54.5,35.802,35.81,0.018,0.021,2.0,1.0,NaN,NaN,NaN,NaN,NaN,NaN
2026-07-30T00:00:00Z,20.0,15.5,55.5,35.79,NaN,0.018,0.018,2.0,0.0,NaN,NaN,NaN,NaN,NaN,NaN
2026-07-30T00:00:00Z,20.0,15.5,56.5,35.779,NaN,0.018,0.022,2.0,0.0,NaN,NaN,NaN,NaN,NaN,NaN
2026-07-30T00:00:00Z,20.0,15.5,57.5,35.777,NaN,0.299,0.42,2.0,0.0,27.603,NaN,0.0,0.0,1.0,0.0
2026-07-30T00:00:00Z,20.0,15.5,58.5,36.416,NaN,0.035,0.036,2.0,0.0,27.567,NaN,0.028,0.029,2.0,0.0
2026-07-30T00:00:00Z,20.0,15.5,59.5,36.419,NaN,0.044,0.057,3.0,0.0,27.553,NaN,0.028,0.03,3.0,0.0
2026-07-30T00:00:00Z,20.0,15.5,60.5,36.404,NaN,0.051,0.056,7.0,0.0,27.561,NaN,0.109,0.163,7.0,0.0
2026-07-30T00:00:00Z,20.0,15.5,61.5,36.388,NaN,0.051,0.051,7.0,0.0,27.657,NaN,0.109,0.112,7.0,0.0
2026-07-30T00:00:00Z,20.0,15.5,62.5,36.398,NaN,0.07,0.071,9.0,0.0,27.772,NaN,0.336,0.345,9.0,0.0
2026-07-30T00:00:00Z,20.0,15.5,63.5,36.411,NaN,0.087,0.093,11.0,0.0,27.881,NaN,0.406,0.437,11.0,0.0
2026-07-30T00:00:00Z,20.0,15.5,64.5,36.489,NaN,0.091,0.102,10.0,0.0,28.425,NaN,0.392,0.513,10.0,0.0
2026-07-30T00:00:00Z,20.0,15.5,65.5,36.528,36.582,0.084,0.113,10.0,1.0,28.464,28.29,0.388,0.461,10.0,1.0
2026-07-30T00:00:00Z,20.0,15.5,66.5,36.53,36.555,0.072,0.077,9.0,1.0,28.485,28.433,0.193,0.223,9.0,1.0
2026-07-30T00:00:00Z,20.0,15.5,67.5,36.465,NaN,0.072,0.082,9.0,0.0,28.649,NaN,0.193,0.2,9.0,0.0
2026-07-30T00:00:00Z,20.0,15.5,68.5,36.428,36.423,0.097,0.11,8.0,1.0,28.742,28.745,0.182,0.198,8.0,1.0
2026-07-30T00:00:00Z,20.0,15.5,69.5,36.43,NaN,0.104,0.106,5.0,0.0,28.746,NaN,0.043,0.051,5.0,0.0
2026-07-30T00:00:00Z,20.0,15.5,70.5,36.365,NaN,0.104,0.134,5.0,0.0,28.785,NaN,0.043,0.045,5.0,0.0
2026-07-30T00:00:00Z,20.0,15.5,71.5,36.316,NaN,0.116,0.181,4.0,0.0,28.811,NaN,0.045,0.055,4.0,0.0
2026-07-30T00:00:00Z,20.0,15.5,72.5,36.312,NaN,0.0,0.0,1.0,0.0,28.813,NaN,0.0,0.0,1.0,0.0
2026-07-30T00:00:00Z,20.0,15.5,73.5,36.312,NaN,0.0,0.0,1.0,0.0,28.813,NaN,0.0,0.0,1.0,0.0
2026-07-30T00:00:00Z,20.0,15.5,74.5,NaN,NaN,NaN,NaN,NaN,NaN,NaN,NaN,NaN,NaN,NaN,NaN
2026-07-30T00:00:00Z,20.0,15.5,75.5,NaN,NaN,NaN,NaN,NaN,NaN,NaN,NaN,NaN,NaN,NaN,NaN
2026-07-30T00:00:00Z,20.0,15.5,76.5,NaN,NaN,NaN,NaN,NaN,NaN,NaN,NaN,NaN,NaN,NaN,NaN
2026-07-30T00:00:00Z,20.0,15.5,77.5,NaN,NaN,NaN,NaN,NaN,NaN,NaN,NaN,NaN,NaN,NaN,NaN
2026-07-30T00:00:00Z,20.0,15.5,78.5,NaN,NaN,NaN,NaN,NaN,NaN,NaN,NaN,NaN,NaN,NaN,NaN
2026-07-30T00:00:00Z,20.0,16.5,50.5,NaN,NaN,NaN,NaN,NaN,NaN,NaN,NaN,NaN,NaN,NaN,NaN
2026-07-30T00:00:00Z,20.0,16.5,51.5,NaN,NaN,NaN,NaN,NaN,NaN,NaN,NaN,NaN,NaN,NaN,NaN
2026-07-30T00:00:00Z,20.0,16.5,52.5,NaN,NaN,NaN,NaN,NaN,NaN,NaN,NaN,NaN,NaN,NaN,NaN
2026-07-30T00:00:00Z,20.0,16.5,53.5,35.799,NaN,0.018,0.019,2.0,0.0,NaN,NaN,NaN,NaN,NaN,NaN
2026-07-30T00:00:00Z,20.0,16.5,54.5,35.786,NaN,0.018,0.019,2.0,0.0,NaN,NaN,NaN,NaN,NaN,NaN
2026-07-30T00:00:00Z,20.0,16.5,55.5,35.778,35.774,0.018,0.023,2.0,1.0,NaN,NaN,NaN,NaN,NaN,NaN
2026-07-30T00:00:00Z,20.0,16.5,56.5,35.775,NaN,0.018,0.025,2.0,0.0,NaN,NaN,NaN,NaN,NaN,NaN
2026-07-30T00:00:00Z,20.0,16.5,57.5,35.774,NaN,0.0,0.0,1.0,0.0,NaN,NaN,NaN,NaN,NaN,NaN
2026-07-30T00:00:00Z,20.0,16.5,58.5,36.438,NaN,0.161,0.225,2.0,0.0,27.534,NaN,0.784,1.099,2.0,0.0
2026-07-30T00:00:00Z,20.0,16.5,59.5,36.334,NaN,0.115,0.17,8.0,0.0,27.529,NaN,0.774,1.511,8.0,0.0
2026-07-30T00:00:00Z,20.0,16.5,60.5,36.337,NaN,0.129,0.157,10.0,0.0,27.531,NaN,0.935,1.358,10.0,0.0
2026-07-30T00:00:00Z,20.0,16.5,61.5,36.338,36.335,0.129,0.158,10.0,1.0,27.543,27.539,0.935,1.367,10.0,1.0
2026-07-30T00:00:00Z,20.0,16.5,62.5,36.356,NaN,0.152,0.166,12.0,0.0,27.62,NaN,1.109,1.344,12.0,0.0
2026-07-30T00:00:00Z,20.0,16.5,63.5,36.434,NaN,0.169,0.194,15.0,0.0,28.162,NaN,1.187,1.538,15.0,0.0
2026-07-30T00:00:00Z,20.0,16.5,64.5,36.488,36.458,0.168,0.219,13.0,1.0,28.497,28.575,1.225,1.748,13.0,1.0
2026-07-30T00:00:00Z,20.0,16.5,65.5,36.511,NaN,0.067,0.074,8.0,0.0,28.496,NaN,0.345,0.382,8.0,0.0
2026-07-30T00:00:00Z,20.0,16.5,66.5,36.517,36.464,0.072,0.073,9.0,1.0,28.524,28.71,0.193,0.206,9.0,1.0
2026-07-30T00:00:00Z,20.0,16.5,67.5,36.488,NaN,0.072,0.074,9.0,0.0,28.618,NaN,0.193,0.194,9.0,0.0
2026-07-30T00:00:00Z,20.0,16.5,68.5,36.495,NaN,0.097,0.098,8.0,0.0,28.773,NaN,0.182,0.213,8.0,0.0
2026-07-30T00:00:00Z,20.0,16.5,69.5,36.514,NaN,0.104,0.123,5.0,0.0,28.814,NaN,0.043,0.059,5.0,0.0
2026-07-30T00:00:00Z,20.0,16.5,70.5,36.355,36.312,0.104,0.14,5.0,1.0,28.815,28.813,0.043,0.06,5.0,1.0
2026-07-30T00:00:00Z,20.0,16.5,71.5,36.315,NaN,0.116,0.181,4.0,0.0,28.813,NaN,0.045,0.056,4.0,0.0
2026-07-30T00:00:00Z,20.0,16.5,72.5,36.312,NaN,0.0,0.0,1.0,0.0,28.813,NaN,0.0,0.0,1.0,0.0
2026-07-30T00:00:00Z,20.0,16.5,73.5,NaN,NaN,NaN,NaN,NaN,NaN,NaN,NaN,NaN,NaN,NaN,NaN
2026-07-30T00:00:00Z,20.0,16.5,74.5,NaN,NaN,NaN,NaN,NaN,NaN,NaN,NaN,NaN,NaN,NaN,NaN
2026-07-30T00:00:00Z,20.0,16.5,75.5,NaN,NaN,NaN,NaN,NaN,NaN,NaN,NaN,NaN,NaN,NaN,NaN
2026-07-30T00:00:00Z,20.0,16.5,76.5,NaN,NaN,NaN,NaN,NaN,NaN,NaN,NaN,NaN,NaN,NaN,NaN
2026-07-30T00:00:00Z,20.0,16.5,77.5,NaN,NaN,NaN,NaN,NaN,NaN,NaN,NaN,NaN,NaN,NaN,NaN
2026-07-30T00:00:00Z,20.0,16.5,78.5,NaN,NaN,NaN,NaN,NaN,NaN,NaN,NaN,NaN,NaN,NaN,NaN
2026-07-30T00:00:00Z,20.0,17.5,50.5,NaN,NaN,NaN,NaN,NaN,NaN,NaN,NaN,NaN,NaN,NaN,NaN
2026-07-30T00:00:00Z,20.0,17.5,51.5,NaN,NaN,NaN,NaN,NaN,NaN,NaN,NaN,NaN,NaN,NaN,NaN
2026-07-30T00:00:00Z,20.0,17.5,52.5,NaN,NaN,NaN,NaN,NaN,NaN,NaN,NaN,NaN,NaN,NaN,NaN
2026-07-30T00:00:00Z,20.0,17.5,53.5,NaN,NaN,NaN,NaN,NaN,NaN,NaN,NaN,NaN,NaN,NaN,NaN
2026-07-30T00:00:00Z,20.0,17.5,54.5,NaN,NaN,NaN,NaN,NaN,NaN,NaN,NaN,NaN,NaN,NaN,NaN
2026-07-30T00:00:00Z,20.0,17.5,55.5,35.775,NaN,0.018,0.025,2.0,0.0,NaN,NaN,NaN,NaN,NaN,NaN
2026-07-30T00:00:00Z,20.0,17.5,56.5,35.774,NaN,0.018,0.025,2.0,0.0,NaN,NaN,NaN,NaN,NaN,NaN
2026-07-30T00:00:00Z,20.0,17.5,57.5,35.774,NaN,0.0,0.0,1.0,0.0,NaN,NaN,NaN,NaN,NaN,NaN
2026-07-30T00:00:00Z,20.0,17.5,58.5,36.12,NaN,0.0,0.0,1.0,0.0,25.98,NaN,0.0,0.0,1.0,0.0
2026-07-30T00:00:00Z,20.0,17.5,59.5,36.254,NaN,0.082,0.093,11.0,0.0,25.829,NaN,0.531,0.62,11.0,0.0
2026-07-30T00:00:00Z,20.0,17.5,60.5,36.256,NaN,0.103,0.104,13.0,0.0,26.831,NaN,0.771,0.881,13.0,0.0
2026-07-30T00:00:00Z,20.0,17.5,61.5,36.258,NaN,0.103,0.105,13.0,0.0,26.827,NaN,0.771,0.88,13.0,0.0
2026-07-30T00:00:00Z,20.0,17.5,62.5,36.261,NaN,0.132,0.132,15.0,0.0,26.836,NaN,0.999,1.011,15.0,0.0
2026-07-30T00:00:00Z,20.0,17.5,63.5,36.455,NaN,0.156,0.208,18.0,0.0,28.027,NaN,1.135,1.547,18.0,0.0
2026-07-30T00:00:00Z,20.0,17.5,64.5,36.523,NaN,0.153,0.247,17.0,0.0,28.378,NaN,1.141,1.763,17.0,0.0
2026-07-30T00:00:00Z,20.0,17.5,65.5,36.527,36.544,0.067,0.082,8.0,1.0,28.386,28.308,0.345,0.349,8.0,1.0
2026-07-30T00:00:00Z,20.0,17.5,66.5,36.52,NaN,0.071,0.071,7.0,0.0,28.457,NaN,0.202,0.226,7.0,0.0
2026-07-30T00:00:00Z,20.0,17.5,67.5,36.549,NaN,0.071,0.076,7.0,0.0,28.668,NaN,0.202,0.231,7.0,0.0
2026-07-30T00:00:00Z,20.0,17.5,68.5,36.626,NaN,0.108,0.17,6.0,0.0,28.833,NaN,0.204,0.283,6.0,0.0
2026-07-30T00:00:00Z,20.0,17.5,69.5,36.601,36.635,0.134,0.197,3.0,1.0,28.834,28.837,0.039,0.053,3.0,1.0
2026-07-30T00:00:00Z,20.0,17.5,70.5,36.433,NaN,0.134,0.136,3.0,0.0,28.822,NaN,0.039,0.046,3.0,0.0
2026-07-30T00:00:00Z,20.0,17.5,71.5,36.325,NaN,0.161,0.22,2.0,0.0,28.814,NaN,0.012,0.016,2.0,0.0
2026-07-30T00:00:00Z,20.0,17.5,72.5,36.312,NaN,0.0,0.0,1.0,0.0,28.813,NaN,0.0,0.0,1.0,0.0
2026-07-30T00:00:00Z,20.0,17.5,73.5,NaN,NaN,NaN,NaN,NaN,NaN,NaN,NaN,NaN,NaN,NaN,NaN
2026-07-30T00:00:00Z,20.0,17.5,74.5,NaN,NaN,NaN,NaN,NaN,NaN,NaN,NaN,NaN,NaN,NaN,NaN
2026-07-30T00:00:00Z,20.0,17.5,75.5,NaN,NaN,NaN,NaN,NaN,NaN,NaN,NaN,NaN,NaN,NaN,NaN
2026-07-30T00:00:00Z,20.0,17.5,76.5,NaN,NaN,NaN,NaN,NaN,NaN,NaN,NaN,NaN,NaN,NaN,NaN
2026-07-30T00:00:00Z,20.0,17.5,77.5,NaN,NaN,NaN,NaN,NaN,NaN,NaN,NaN,NaN,NaN,NaN,NaN
2026-07-30T00:00:00Z,20.0,17.5,78.5,NaN,NaN,NaN,NaN,NaN,NaN,NaN,NaN,NaN,NaN,NaN,NaN
2026-07-30T00:00:00Z,20.0,18.5,50.5,NaN,NaN,NaN,NaN,NaN,NaN,NaN,NaN,NaN,NaN,NaN,NaN
2026-07-30T00:00:00Z,20.0,18.5,51.5,NaN,NaN,NaN,NaN,NaN,NaN,NaN,NaN,NaN,NaN,NaN,NaN
2026-07-30T00:00:00Z,20.0,18.5,52.5,NaN,NaN,NaN,NaN,NaN,NaN,NaN,NaN,NaN,NaN,NaN,NaN
2026-07-30T00:00:00Z,20.0,18.5,53.5,NaN,NaN,NaN,NaN,NaN,NaN,NaN,NaN,NaN,NaN,NaN,NaN
2026-07-30T00:00:00Z,20.0,18.5,54.5,NaN,NaN,NaN,NaN,NaN,NaN,NaN,NaN,NaN,NaN,NaN,NaN
2026-07-30T00:00:00Z,20.0,18.5,55.5,NaN,NaN,NaN,NaN,NaN,NaN,NaN,NaN,NaN,NaN,NaN,NaN
2026-07-30T00:00:00Z,20.0,18.5,56.5,NaN,NaN,NaN,NaN,NaN,NaN,NaN,NaN,NaN,NaN,NaN,NaN
2026-07-30T00:00:00Z,20.0,18.5,57.5,35.774,NaN,0.0,0.0,1.0,0.0,24.597,NaN,0.0,0.0,1.0,0.0
2026-07-30T00:00:00Z,20.0,18.5,58.5,36.12,NaN,0.0,0.0,1.0,0.0,25.191,NaN,0.691,0.698,2.0,0.0
2026-07-30T00:00:00Z,20.0,18.5,59.5,36.149,NaN,0.082,0.102,11.0,0.0,25.839,NaN,0.665,0.689,12.0,0.0
2026-07-30T00:00:00Z,20.0,18.5,60.5,36.156,NaN,0.082,0.098,11.0,0.0,25.849,NaN,0.665,0.687,12.0,0.0
2026-07-30T00:00:00Z,20.0,18.5,61.5,36.166,NaN,0.082,0.093,11.0,0.0,25.872,NaN,0.665,0.681,12.0,0.0
2026-07-30T00:00:00Z,20.0,18.5,62.5,36.181,NaN,0.131,0.15,13.0,0.0,25.93,NaN,1.049,1.136,14.0,0.0
2026-07-30T00:00:00Z,20.0,18.5,63.5,36.256,NaN,0.162,0.17,16.0,0.0,26.369,NaN,1.163,1.267,16.0,0.0
2026-07-30T00:00:00Z,20.0,18.5,64.5,36.538,NaN,0.16,0.272,15.0,0.0,28.292,NaN,1.177,1.799,15.0,0.0
2026-07-30T00:00:00Z,20.0,18.5,65.5,36.542,NaN,0.05,0.055,5.0,0.0,28.316,NaN,0.16,0.218,5.0,0.0
2026-07-30T00:00:00Z,20.0,18.5,66.5,36.541,NaN,0.063,0.063,6.0,0.0,28.329,NaN,0.202,0.282,6.0,0.0
2026-07-30T00:00:00Z,20.0,18.5,67.5,36.611,NaN,0.063,0.095,6.0,0.0,28.73,NaN,0.202,0.287,6.0,0.0
2026-07-30T00:00:00Z,20.0,18.5,68.5,36.634,NaN,0.113,0.169,5.0,0.0,28.837,NaN,0.217,0.309,5.0,0.0
2026-07-30T00:00:00Z,20.0,18.5,69.5,36.626,NaN,0.161,0.222,2.0,0.0,28.836,NaN,0.012,0.017,2.0,0.0
2026-07-30T00:00:00Z,20.0,18.5,70.5,36.54,NaN,0.161,0.175,2.0,0.0,28.83,NaN,0.012,0.013,2.0,0.0
2026-07-30T00:00:00Z,20.0,18.5,71.5,36.357,NaN,0.161,0.199,2.0,0.0,28.816,NaN,0.012,0.015,2.0,0.0
2026-07-30T00:00:00Z,20.0,18.5,72.5,36.312,NaN,0.0,0.0,1.0,0.0,28.813,NaN,0.0,0.0,1.0,0.0
2026-07-30T00:00:00Z,20.0,18.5,73.5,NaN,NaN,NaN,NaN,NaN,NaN,NaN,NaN,NaN,NaN,NaN,NaN
2026-07-30T00:00:00Z,20.0,18.5,74.5,NaN,NaN,NaN,NaN,NaN,NaN,NaN,NaN,NaN,NaN,NaN,NaN
2026-07-30T00:00:00Z,20.0,18.5,75.5,NaN,NaN,NaN,NaN,NaN,NaN,NaN,NaN,NaN,NaN,NaN,NaN
2026-07-30T00:00:00Z,20.0,18.5,76.5,NaN,NaN,NaN,NaN,NaN,NaN,NaN,NaN,NaN,NaN,NaN,NaN
2026-07-30T00:00:00Z,20.0,18.5,77.5,NaN,NaN,NaN,NaN,NaN,NaN,NaN,NaN,NaN,NaN,NaN,NaN
2026-07-30T00:00:00Z,20.0,18.5,78.5,NaN,NaN,NaN,NaN,NaN,NaN,NaN,NaN,NaN,NaN,NaN,NaN
2026-07-30T00:00:00Z,20.0,19.5,50.5,NaN,NaN,NaN,NaN,NaN,NaN,NaN,NaN,NaN,NaN,NaN,NaN
2026-07-30T00:00:00Z,20.0,19.5,51.5,NaN,NaN,NaN,NaN,NaN,NaN,NaN,NaN,NaN,NaN,NaN,NaN
2026-07-30T00:00:00Z,20.0,19.5,52.5,NaN,NaN,NaN,NaN,NaN,NaN,NaN,NaN,NaN,NaN,NaN,NaN
2026-07-30T00:00:00Z,20.0,19.5,53.5,NaN,NaN,NaN,NaN,NaN,NaN,NaN,NaN,NaN,NaN,NaN,NaN
2026-07-30T00:00:00Z,20.0,19.5,54.5,NaN,NaN,NaN,NaN,NaN,NaN,NaN,NaN,NaN,NaN,NaN,NaN
2026-07-30T00:00:00Z,20.0,19.5,55.5,NaN,NaN,NaN,NaN,NaN,NaN,NaN,NaN,NaN,NaN,NaN,NaN
2026-07-30T00:00:00Z,20.0,19.5,56.5,NaN,NaN,NaN,NaN,NaN,NaN,NaN,NaN,NaN,NaN,NaN,NaN
2026-07-30T00:00:00Z,20.0,19.5,57.5,NaN,NaN,NaN,NaN,NaN,NaN,NaN,NaN,NaN,NaN,NaN,NaN
2026-07-30T00:00:00Z,20.0,19.5,58.5,36.12,NaN,0.0,0.0,1.0,0.0,24.635,NaN,0.691,0.952,2.0,0.0
2026-07-30T00:00:00Z,20.0,19.5,59.5,36.16,NaN,0.082,0.095,11.0,0.0,25.884,NaN,0.665,0.679,12.0,0.0
2026-07-30T00:00:00Z,20.0,19.5,60.5,36.173,NaN,0.094,0.107,12.0,0.0,25.921,NaN,0.756,0.786,13.0,0.0
2026-07-30T00:00:00Z,20.0,19.5,61.5,36.19,36.195,0.121,0.139,14.0,9.0,25.973,25.962,0.908,0.986,15.0,9.0
2026-07-30T00:00:00Z,20.0,19.5,62.5,36.211,NaN,0.152,0.175,16.0,0.0,26.05,NaN,1.061,1.19,17.0,0.0
2026-07-30T00:00:00Z,20.0,19.5,63.5,36.24,NaN,0.152,0.163,16.0,0.0,26.185,NaN,0.966,1.101,16.0,0.0
2026-07-30T00:00:00Z,20.0,19.5,64.5,36.466,NaN,0.234,0.239,20.0,0.0,27.761,NaN,1.188,1.297,20.0,0.0
2026-07-30T00:00:00Z,20.0,19.5,65.5,36.555,NaN,0.144,0.16,10.0,0.0,28.313,NaN,0.451,0.451,10.0,0.0
2026-07-30T00:00:00Z,20.0,19.5,66.5,36.667,NaN,0.122,0.124,10.0,0.0,28.511,NaN,0.39,0.395,10.0,0.0
2026-07-30T00:00:00Z,20.0,19.5,67.5,36.735,NaN,0.087,0.096,8.0,0.0,28.674,NaN,0.189,0.199,8.0,0.0
2026-07-30T00:00:00Z,20.0,19.5,68.5,36.642,NaN,0.156,0.16,7.0,0.0,28.826,NaN,0.093,0.139,7.0,0.0
2026-07-30T00:00:00Z,20.0,19.5,69.5,36.635,NaN,0.156,0.161,7.0,0.0,28.837,NaN,0.093,0.147,7.0,0.0
2026-07-30T00:00:00Z,20.0,19.5,70.5,36.604,NaN,0.161,0.208,2.0,0.0,28.835,NaN,0.012,0.015,2.0,0.0
2026-07-30T00:00:00Z,20.0,19.5,71.5,36.44,NaN,0.161,0.165,2.0,0.0,28.823,NaN,0.012,0.012,2.0,0.0
2026-07-30T00:00:00Z,20.0,19.5,72.5,NaN,NaN,NaN,NaN,NaN,NaN,NaN,NaN,NaN,NaN,NaN,NaN
2026-07-30T00:00:00Z,20.0,19.5,73.5,NaN,NaN,NaN,NaN,NaN,NaN,NaN,NaN,NaN,NaN,NaN,NaN
2026-07-30T00:00:00Z,20.0,19.5,74.5,NaN,NaN,NaN,NaN,NaN,NaN,NaN,NaN,NaN,NaN,NaN,NaN
2026-07-30T00:00:00Z,20.0,19.5,75.5,NaN,NaN,NaN,NaN,NaN,NaN,NaN,NaN,NaN,NaN,NaN,NaN
2026-07-30T00:00:00Z,20.0,19.5,76.5,NaN,NaN,NaN,NaN,NaN,NaN,NaN,NaN,NaN,NaN,NaN,NaN
2026-07-30T00:00:00Z,20.0,19.5,77.5,NaN,NaN,NaN,NaN,NaN,NaN,NaN,NaN,NaN,NaN,NaN,NaN
2026-07-30T00:00:00Z,20.0,19.5,78.5,NaN,NaN,NaN,NaN,NaN,NaN,NaN,NaN,NaN,NaN,NaN,NaN
2026-07-30T00:00:00Z,20.0,20.5,50.5,NaN,NaN,NaN,NaN,NaN,NaN,NaN,NaN,NaN,NaN,NaN,NaN
2026-07-30T00:00:00Z,20.0,20.5,51.5,NaN,NaN,NaN,NaN,NaN,NaN,NaN,NaN,NaN,NaN,NaN,NaN
2026-07-30T00:00:00Z,20.0,20.5,52.5,NaN,NaN,NaN,NaN,NaN,NaN,NaN,NaN,NaN,NaN,NaN,NaN
2026-07-30T00:00:00Z,20.0,20.5,53.5,NaN,NaN,NaN,NaN,NaN,NaN,NaN,NaN,NaN,NaN,NaN,NaN
2026-07-30T00:00:00Z,20.0,20.5,54.5,NaN,NaN,NaN,NaN,NaN,NaN,NaN,NaN,NaN,NaN,NaN,NaN
2026-07-30T00:00:00Z,20.0,20.5,55.5,NaN,NaN,NaN,NaN,NaN,NaN,NaN,NaN,NaN,NaN,NaN,NaN
2026-07-30T00:00:00Z,20.0,20.5,56.5,NaN,NaN,NaN,NaN,NaN,NaN,NaN,NaN,NaN,NaN,NaN,NaN
2026-07-30T00:00:00Z,20.0,20.5,57.5,NaN,NaN,NaN,NaN,NaN,NaN,NaN,NaN,NaN,NaN,NaN,NaN
2026-07-30T00:00:00Z,20.0,20.5,58.5,36.281,NaN,0.089,0.114,2.0,0.0,24.598,NaN,0.652,0.798,3.0,0.0
2026-07-30T00:00:00Z,20.0,20.5,59.5,36.187,NaN,0.077,0.079,11.0,0.0,24.722,NaN,0.599,1.211,12.0,0.0
2026-07-30T00:00:00Z,20.0,20.5,60.5,36.203,NaN,0.09,0.092,12.0,0.0,25.531,NaN,0.742,0.833,13.0,0.0
2026-07-30T00:00:00Z,20.0,20.5,61.5,36.225,36.206,0.12,0.124,14.0,1.0,26.123,26.438,0.949,0.95,15.0,1.0
2026-07-30T00:00:00Z,20.0,20.5,62.5,36.258,NaN,0.157,0.161,15.0,0.0,26.36,NaN,1.066,1.079,16.0,0.0
2026-07-30T00:00:00Z,20.0,20.5,63.5,36.351,NaN,0.157,0.167,15.0,0.0,27.04,NaN,0.973,1.046,15.0,0.0
2026-07-30T00:00:00Z,20.0,20.5,64.5,36.491,NaN,0.24,0.248,19.0,0.0,27.961,NaN,1.217,1.422,19.0,0.0
2026-07-30T00:00:00Z,20.0,20.5,65.5,36.641,NaN,0.144,0.145,10.0,0.0,28.407,NaN,0.451,0.46,10.0,0.0
2026-07-30T00:00:00Z,20.0,20.5,66.5,36.754,NaN,0.122,0.162,10.0,0.0,28.662,NaN,0.39,0.445,10.0,0.0
2026-07-30T00:00:00Z,20.0,20.5,67.5,36.759,NaN,0.087,0.108,8.0,0.0,28.669,NaN,0.189,0.197,8.0,0.0
2026-07-30T00:00:00Z,20.0,20.5,68.5,36.759,NaN,0.049,0.053,6.0,0.0,28.666,NaN,0.093,0.102,6.0,0.0
2026-07-30T00:00:00Z,20.0,20.5,69.5,36.759,NaN,0.049,0.053,6.0,0.0,28.728,NaN,0.093,0.095,6.0,0.0
2026-07-30T00:00:00Z,20.0,20.5,70.5,36.635,NaN,0.0,0.0,1.0,0.0,28.837,NaN,0.0,0.0,1.0,0.0
2026-07-30T00:00:00Z,20.0,20.5,71.5,NaN,NaN,NaN,NaN,NaN,NaN,NaN,NaN,NaN,NaN,NaN,NaN
2026-07-30T00:00:00Z,20.0,20.5,72.5,NaN,NaN,NaN,NaN,NaN,NaN,NaN,NaN,NaN,NaN,NaN,NaN
2026-07-30T00:00:00Z,20.0,20.5,73.5,NaN,NaN,NaN,NaN,NaN,NaN,NaN,NaN,NaN,NaN,NaN,NaN
2026-07-30T00:00:00Z,20.0,20.5,74.5,NaN,NaN,NaN,NaN,NaN,NaN,NaN,NaN,NaN,NaN,NaN,NaN
2026-07-30T00:00:00Z,20.0,20.5,75.5,NaN,NaN,NaN,NaN,NaN,NaN,NaN,NaN,NaN,NaN,NaN,NaN
2026-07-30T00:00:00Z,20.0,20.5,76.5,NaN,NaN,NaN,NaN,NaN,NaN,NaN,NaN,NaN,NaN,NaN,NaN
2026-07-30T00:00:00Z,20.0,20.5,77.5,NaN,NaN,NaN,NaN,NaN,NaN,NaN,NaN,NaN,NaN,NaN,NaN
2026-07-30T00:00:00Z,20.0,20.5,78.5,NaN,NaN,NaN,NaN,NaN,NaN,NaN,NaN,NaN,NaN,NaN,NaN
2026-07-30T00:00:00Z,20.0,21.5,50.5,NaN,NaN,NaN,NaN,NaN,NaN,NaN,NaN,NaN,NaN,NaN,NaN
2026-07-30T00:00:00Z,20.0,21.5,51.5,NaN,NaN,NaN,NaN,NaN,NaN,NaN,NaN,NaN,NaN,NaN,NaN
2026-07-30T00:00:00Z,20.0,21.5,52.5,NaN,NaN,NaN,NaN,NaN,NaN,NaN,NaN,NaN,NaN,NaN,NaN
2026-07-30T00:00:00Z,20.0,21.5,53.5,NaN,NaN,NaN,NaN,NaN,NaN,NaN,NaN,NaN,NaN,NaN,NaN
2026-07-30T00:00:00Z,20.0,21.5,54.5,NaN,NaN,NaN,NaN,NaN,NaN,NaN,NaN,NaN,NaN,NaN,NaN
2026-07-30T00:00:00Z,20.0,21.5,55.5,NaN,NaN,NaN,NaN,NaN,NaN,NaN,NaN,NaN,NaN,NaN,NaN
2026-07-30T00:00:00Z,20.0,21.5,56.5,NaN,NaN,NaN,NaN,NaN,NaN,NaN,NaN,NaN,NaN,NaN,NaN
2026-07-30T00:00:00Z,20.0,21.5,57.5,NaN,NaN,NaN,NaN,NaN,NaN,NaN,NaN,NaN,NaN,NaN,NaN
2026-07-30T00:00:00Z,20.0,21.5,58.5,NaN,NaN,NaN,NaN,NaN,NaN,NaN,NaN,NaN,NaN,NaN,NaN
2026-07-30T00:00:00Z,20.0,21.5,59.5,36.337,NaN,0.145,0.159,14.0,0.0,24.634,NaN,0.612,1.334,15.0,0.0
2026-07-30T00:00:00Z,20.0,21.5,60.5,36.284,NaN,0.144,0.144,15.0,0.0,24.833,24.597,0.723,1.311,16.0,1.0
2026-07-30T00:00:00Z,20.0,21.5,61.5,36.299,NaN,0.148,0.148,17.0,0.0,26.386,NaN,0.906,0.94,18.0,0.0
2026-07-30T00:00:00Z,20.0,21.5,62.5,36.368,36.394,0.162,0.169,17.0,1.0,27.254,27.533,0.955,1.321,18.0,1.0
2026-07-30T00:00:00Z,20.0,21.5,63.5,36.43,NaN,0.147,0.213,14.0,0.0,27.654,NaN,0.898,1.432,14.0,0.0
2026-07-30T00:00:00Z,20.0,21.5,64.5,36.503,36.506,0.244,0.259,18.0,1.0,28.004,28.093,1.223,1.482,18.0,1.0
2026-07-30T00:00:00Z,20.0,21.5,65.5,36.653,NaN,0.15,0.151,9.0,0.0,28.443,NaN,0.475,0.492,9.0,0.0
2026-07-30T00:00:00Z,20.0,21.5,66.5,36.752,36.76,0.131,0.158,8.0,1.0,28.666,28.568,0.409,0.48,8.0,1.0
2026-07-30T00:00:00Z,20.0,21.5,67.5,36.759,NaN,0.067,0.073,6.0,0.0,28.675,NaN,0.153,0.162,6.0,0.0
2026-07-30T00:00:00Z,20.0,21.5,68.5,36.759,NaN,0.018,0.018,5.0,0.0,28.672,NaN,0.08,0.081,5.0,0.0
2026-07-30T00:00:00Z,20.0,21.5,69.5,36.759,NaN,0.018,0.018,5.0,0.0,28.669,NaN,0.08,0.081,5.0,0.0
2026-07-30T00:00:00Z,20.0,21.5,70.5,NaN,NaN,NaN,NaN,NaN,NaN,NaN,NaN,NaN,NaN,NaN,NaN
2026-07-30T00:00:00Z,20.0,21.5,71.5,NaN,NaN,NaN,NaN,NaN,NaN,NaN,NaN,NaN,NaN,NaN,NaN
2026-07-30T00:00:00Z,20.0,21.5,72.5,NaN,NaN,NaN,NaN,NaN,NaN,NaN,NaN,NaN,NaN,NaN,NaN
2026-07-30T00:00:00Z,20.0,21.5,73.5,NaN,NaN,NaN,NaN,NaN,NaN,NaN,NaN,NaN,NaN,NaN,NaN
2026-07-30T00:00:00Z,20.0,21.5,74.5,NaN,NaN,NaN,NaN,NaN,NaN,NaN,NaN,NaN,NaN,NaN,NaN
2026-07-30T00:00:00Z,20.0,21.5,75.5,NaN,NaN,NaN,NaN,NaN,NaN,NaN,NaN,NaN,NaN,NaN,NaN
2026-07-30T00:00:00Z,20.0,21.5,76.5,NaN,NaN,NaN,NaN,NaN,NaN,NaN,NaN,NaN,NaN,NaN,NaN
2026-07-30T00:00:00Z,20.0,21.5,77.5,NaN,NaN,NaN,NaN,NaN,NaN,NaN,NaN,NaN,NaN,NaN,NaN
2026-07-30T00:00:00Z,20.0,21.5,78.5,NaN,NaN,NaN,NaN,NaN,NaN,NaN,NaN,NaN,NaN,NaN,NaN
2026-07-30T00:00:00Z,20.0,22.5,50.5,NaN,NaN,NaN,NaN,NaN,NaN,NaN,NaN,NaN,NaN,NaN,NaN
2026-07-30T00:00:00Z,20.0,22.5,51.5,NaN,NaN,NaN,NaN,NaN,NaN,NaN,NaN,NaN,NaN,NaN,NaN
2026-07-30T00:00:00Z,20.0,22.5,52.5,NaN,NaN,NaN,NaN,NaN,NaN,NaN,NaN,NaN,NaN,NaN,NaN
2026-07-30T00:00:00Z,20.0,22.5,53.5,NaN,NaN,NaN,NaN,NaN,NaN,NaN,NaN,NaN,NaN,NaN,NaN
2026-07-30T00:00:00Z,20.0,22.5,54.5,NaN,NaN,NaN,NaN,NaN,NaN,NaN,NaN,NaN,NaN,NaN,NaN
2026-07-30T00:00:00Z,20.0,22.5,55.5,NaN,NaN,NaN,NaN,NaN,NaN,NaN,NaN,NaN,NaN,NaN,NaN
2026-07-30T00:00:00Z,20.0,22.5,56.5,NaN,NaN,NaN,NaN,NaN,NaN,NaN,NaN,NaN,NaN,NaN,NaN
2026-07-30T00:00:00Z,20.0,22.5,57.5,NaN,NaN,NaN,NaN,NaN,NaN,NaN,NaN,NaN,NaN,NaN,NaN
2026-07-30T00:00:00Z,20.0,22.5,58.5,NaN,NaN,NaN,NaN,NaN,NaN,NaN,NaN,NaN,NaN,NaN,NaN
2026-07-30T00:00:00Z,20.0,22.5,59.5,36.384,NaN,0.275,0.323,15.0,0.0,25.072,NaN,3.078,4.121,16.0,0.0
2026-07-30T00:00:00Z,20.0,22.5,60.5,36.467,NaN,0.269,0.28,16.0,0.0,25.482,NaN,2.987,3.778,17.0,0.0
2026-07-30T00:00:00Z,20.0,22.5,61.5,36.436,NaN,0.104,0.116,13.0,0.0,26.558,NaN,1.026,1.09,14.0,0.0
2026-07-30T00:00:00Z,20.0,22.5,62.5,36.408,NaN,0.113,0.113,13.0,0.0,27.518,NaN,1.061,1.5,14.0,0.0
2026-07-30T00:00:00Z,20.0,22.5,63.5,36.441,36.419,0.121,0.14,8.0,1.0,27.668,27.5,0.81,0.99,8.0,1.0
2026-07-30T00:00:00Z,20.0,22.5,64.5,36.516,NaN,0.211,0.211,13.0,0.0,28.028,NaN,1.0,1.05,13.0,0.0
2026-07-30T00:00:00Z,20.0,22.5,65.5,36.65,36.585,0.15,0.151,9.0,1.0,28.446,28.322,0.475,0.492,9.0,1.0
2026-07-30T00:00:00Z,20.0,22.5,66.5,36.748,36.758,0.131,0.156,8.0,4.0,28.666,28.712,0.409,0.479,8.0,4.0
2026-07-30T00:00:00Z,20.0,22.5,67.5,36.759,NaN,0.067,0.073,6.0,0.0,28.682,NaN,0.153,0.164,6.0,0.0
2026-07-30T00:00:00Z,20.0,22.5,68.5,36.759,NaN,0.018,0.018,5.0,0.0,28.68,NaN,0.08,0.08,5.0,0.0
2026-07-30T00:00:00Z,20.0,22.5,69.5,NaN,NaN,NaN,NaN,NaN,NaN,NaN,NaN,NaN,NaN,NaN,NaN
2026-07-30T00:00:00Z,20.0,22.5,70.5,NaN,NaN,NaN,NaN,NaN,NaN,NaN,NaN,NaN,NaN,NaN,NaN
2026-07-30T00:00:00Z,20.0,22.5,71.5,NaN,NaN,NaN,NaN,NaN,NaN,NaN,NaN,NaN,NaN,NaN,NaN
2026-07-30T00:00:00Z,20.0,22.5,72.5,NaN,NaN,NaN,NaN,NaN,NaN,NaN,NaN,NaN,NaN,NaN,NaN
2026-07-30T00:00:00Z,20.0,22.5,73.5,NaN,NaN,NaN,NaN,NaN,NaN,NaN,NaN,NaN,NaN,NaN,NaN
2026-07-30T00:00:00Z,20.0,22.5,74.5,NaN,NaN,NaN,NaN,NaN,NaN,NaN,NaN,NaN,NaN,NaN,NaN
2026-07-30T00:00:00Z,20.0,22.5,75.5,NaN,NaN,NaN,NaN,NaN,NaN,NaN,NaN,NaN,NaN,NaN,NaN
2026-07-30T00:00:00Z,20.0,22.5,76.5,NaN,NaN,NaN,NaN,NaN,NaN,NaN,NaN,NaN,NaN,NaN,NaN
2026-07-30T00:00:00Z,20.0,22.5,77.5,NaN,NaN,NaN,NaN,NaN,NaN,NaN,NaN,NaN,NaN,NaN,NaN
2026-07-30T00:00:00Z,20.0,22.5,78.5,NaN,NaN,NaN,NaN,NaN,NaN,NaN,NaN,NaN,NaN,NaN,NaN
2026-07-30T00:00:00Z,20.0,23.5,50.5,NaN,NaN,NaN,NaN,NaN,NaN,NaN,NaN,NaN,NaN,NaN,NaN
2026-07-30T00:00:00Z,20.0,23.5,51.5,NaN,NaN,NaN,NaN,NaN,NaN,NaN,NaN,NaN,NaN,NaN,NaN
2026-07-30T00:00:00Z,20.0,23.5,52.5,NaN,NaN,NaN,NaN,NaN,NaN,NaN,NaN,NaN,NaN,NaN,NaN
2026-07-30T00:00:00Z,20.0,23.5,53.5,NaN,NaN,NaN,NaN,NaN,NaN,NaN,NaN,NaN,NaN,NaN,NaN
2026-07-30T00:00:00Z,20.0,23.5,54.5,NaN,NaN,NaN,NaN,NaN,NaN,NaN,NaN,NaN,NaN,NaN,NaN
2026-07-30T00:00:00Z,20.0,23.5,55.5,NaN,NaN,NaN,NaN,NaN,NaN,NaN,NaN,NaN,NaN,NaN,NaN
2026-07-30T00:00:00Z,20.0,23.5,56.5,NaN,NaN,NaN,NaN,NaN,NaN,NaN,NaN,NaN,NaN,NaN,NaN
2026-07-30T00:00:00Z,20.0,23.5,57.5,NaN,NaN,NaN,NaN,NaN,NaN,NaN,NaN,NaN,NaN,NaN,NaN
2026-07-30T00:00:00Z,20.0,23.5,58.5,36.451,NaN,0.25,0.323,11.0,0.0,26.27,NaN,3.414,3.974,12.0,0.0
2026-07-30T00:00:00Z,20.0,23.5,59.5,36.443,36.297,0.25,0.328,11.0,1.0,25.689,24.597,3.414,4.301,12.0,1.0
2026-07-30T00:00:00Z,20.0,23.5,60.5,36.481,36.512,0.25,0.293,12.0,2.0,25.879,26.233,3.286,4.049,13.0,2.0
2026-07-30T00:00:00Z,20.0,23.5,61.5,36.493,NaN,0.076,0.094,9.0,0.0,26.018,NaN,1.207,1.212,10.0,0.0
2026-07-30T00:00:00Z,20.0,23.5,62.5,36.429,NaN,0.071,0.081,9.0,0.0,27.286,NaN,1.249,1.473,10.0,0.0
2026-07-30T00:00:00Z,20.0,23.5,63.5,36.444,NaN,0.075,0.082,4.0,0.0,27.653,NaN,0.355,0.412,4.0,0.0
2026-07-30T00:00:00Z,20.0,23.5,64.5,36.532,NaN,0.15,0.18,9.0,0.0,28.08,NaN,0.475,0.532,9.0,0.0
2026-07-30T00:00:00Z,20.0,23.5,65.5,36.637,NaN,0.15,0.15,9.0,0.0,28.427,NaN,0.475,0.488,9.0,0.0
2026-07-30T00:00:00Z,20.0,23.5,66.5,36.741,NaN,0.131,0.153,8.0,0.0,28.659,NaN,0.409,0.476,8.0,0.0
2026-07-30T00:00:00Z,20.0,23.5,67.5,36.758,NaN,0.067,0.073,6.0,0.0,28.688,NaN,0.153,0.167,6.0,0.0
2026-07-30T00:00:00Z,20.0,23.5,68.5,NaN,NaN,NaN,NaN,NaN,NaN,NaN,NaN,NaN,NaN,NaN,NaN
2026-07-30T00:00:00Z,20.0,23.5,69.5,NaN,NaN,NaN,NaN,NaN,NaN,NaN,NaN,NaN,NaN,NaN,NaN
2026-07-30T00:00:00Z,20.0,23.5,70.5,NaN,NaN,NaN,NaN,NaN,NaN,NaN,NaN,NaN,NaN,NaN,NaN
2026-07-30T00:00:00Z,20.0,23.5,71.5,NaN,NaN,NaN,NaN,NaN,NaN,NaN,NaN,NaN,NaN,NaN,NaN
2026-07-30T00:00:00Z,20.0,23.5,72.5,NaN,NaN,NaN,NaN,NaN,NaN,NaN,NaN,NaN,NaN,NaN,NaN
2026-07-30T00:00:00Z,20.0,23.5,73.5,NaN,NaN,NaN,NaN,NaN,NaN,NaN,NaN,NaN,NaN,NaN,NaN
2026-07-30T00:00:00Z,20.0,23.5,74.5,NaN,NaN,NaN,NaN,NaN,NaN,NaN,NaN,NaN,NaN,NaN,NaN
2026-07-30T00:00:00Z,20.0,23.5,75.5,NaN,NaN,NaN,NaN,NaN,NaN,NaN,NaN,NaN,NaN,NaN,NaN
2026-07-30T00:00:00Z,20.0,23.5,76.5,NaN,NaN,NaN,NaN,NaN,NaN,NaN,NaN,NaN,NaN,NaN,NaN
2026-07-30T00:00:00Z,20.0,23.5,77.5,NaN,NaN,NaN,NaN,NaN,NaN,NaN,NaN,NaN,NaN,NaN,NaN
2026-07-30T00:00:00Z,20.0,23.5,78.5,NaN,NaN,NaN,NaN,NaN,NaN,NaN,NaN,NaN,NaN,NaN,NaN
2026-07-30T00:00:00Z,20.0,24.5,50.5,NaN,NaN,NaN,NaN,NaN,NaN,NaN,NaN,NaN,NaN,NaN,NaN
2026-07-30T00:00:00Z,20.0,24.5,51.5,NaN,NaN,NaN,NaN,NaN,NaN,NaN,NaN,NaN,NaN,NaN,NaN
2026-07-30T00:00:00Z,20.0,24.5,52.5,NaN,NaN,NaN,NaN,NaN,NaN,NaN,NaN,NaN,NaN,NaN,NaN
2026-07-30T00:00:00Z,20.0,24.5,53.5,NaN,NaN,NaN,NaN,NaN,NaN,NaN,NaN,NaN,NaN,NaN,NaN
2026-07-30T00:00:00Z,20.0,24.5,54.5,NaN,NaN,NaN,NaN,NaN,NaN,NaN,NaN,NaN,NaN,NaN,NaN
2026-07-30T00:00:00Z,20.0,24.5,55.5,NaN,NaN,NaN,NaN,NaN,NaN,NaN,NaN,NaN,NaN,NaN,NaN
2026-07-30T00:00:00Z,20.0,24.5,56.5,NaN,NaN,NaN,NaN,NaN,NaN,NaN,NaN,NaN,NaN,NaN,NaN
2026-07-30T00:00:00Z,20.0,24.5,57.5,36.901,NaN,0.25,0.351,11.0,0.0,32.069,NaN,3.369,4.806,11.0,0.0
2026-07-30T00:00:00Z,20.0,24.5,58.5,36.812,NaN,0.25,0.295,11.0,0.0,30.875,NaN,3.369,4.041,11.0,0.0
2026-07-30T00:00:00Z,20.0,24.5,59.5,36.539,36.372,0.25,0.276,11.0,1.0,27.026,25.24,3.369,3.736,11.0,1.0
2026-07-30T00:00:00Z,20.0,24.5,60.5,36.466,36.479,0.25,0.301,12.0,3.0,25.882,26.066,3.24,4.197,12.0,3.0
2026-07-30T00:00:00Z,20.0,24.5,61.5,36.47,NaN,0.076,0.083,9.0,0.0,25.865,NaN,1.152,1.232,9.0,0.0
2026-07-30T00:00:00Z,20.0,24.5,62.5,36.472,NaN,0.071,0.071,9.0,0.0,26.077,NaN,1.133,1.302,9.0,0.0
2026-07-30T00:00:00Z,20.0,24.5,63.5,36.45,NaN,0.075,0.08,4.0,0.0,27.666,NaN,0.355,0.406,4.0,0.0
2026-07-30T00:00:00Z,20.0,24.5,64.5,36.548,NaN,0.15,0.172,9.0,0.0,28.142,NaN,0.475,0.507,9.0,0.0
2026-07-30T00:00:00Z,20.0,24.5,65.5,36.623,NaN,0.15,0.15,9.0,0.0,28.399,NaN,0.475,0.482,9.0,0.0
2026-07-30T00:00:00Z,20.0,24.5,66.5,36.731,NaN,0.131,0.148,8.0,0.0,28.643,NaN,0.409,0.468,8.0,0.0
2026-07-30T00:00:00Z,20.0,24.5,67.5,NaN,NaN,NaN,NaN,NaN,NaN,NaN,NaN,NaN,NaN,NaN,NaN
2026-07-30T00:00:00Z,20.0,24.5,68.5,NaN,NaN,NaN,NaN,NaN,NaN,NaN,NaN,NaN,NaN,NaN,NaN
2026-07-30T00:00:00Z,20.0,24.5,69.5,NaN,NaN,NaN,NaN,NaN,NaN,NaN,NaN,NaN,NaN,NaN,NaN
2026-07-30T00:00:00Z,20.0,24.5,70.5,NaN,NaN,NaN,NaN,NaN,NaN,NaN,NaN,NaN,NaN,NaN,NaN
2026-07-30T00:00:00Z,20.0,24.5,71.5,NaN,NaN,NaN,NaN,NaN,NaN,NaN,NaN,NaN,NaN,NaN,NaN
2026-07-30T00:00:00Z,20.0,24.5,72.5,NaN,NaN,NaN,NaN,NaN,NaN,NaN,NaN,NaN,NaN,NaN,NaN
2026-07-30T00:00:00Z,20.0,24.5,73.5,NaN,NaN,NaN,NaN,NaN,NaN,NaN,NaN,NaN,NaN,NaN,NaN
2026-07-30T00:00:00Z,20.0,24.5,74.5,NaN,NaN,NaN,NaN,NaN,NaN,NaN,NaN,NaN,NaN,NaN,NaN
2026-07-30T00:00:00Z,20.0,24.5,75.5,NaN,NaN,NaN,NaN,NaN,NaN,NaN,NaN,NaN,NaN,NaN,NaN
2026-07-30T00:00:00Z,20.0,24.5,76.5,NaN,NaN,NaN,NaN,NaN,NaN,NaN,NaN,NaN,NaN,NaN,NaN
2026-07-30T00:00:00Z,20.0,24.5,77.5,NaN,NaN,NaN,NaN,NaN,NaN,NaN,NaN,NaN,NaN,NaN,NaN
2026-07-30T00:00:00Z,20.0,24.5,78.5,NaN,NaN,NaN,NaN,NaN,NaN,NaN,NaN,NaN,NaN,NaN,NaN
2026-07-30T00:00:00Z,20.0,25.5,50.5,NaN,NaN,NaN,NaN,NaN,NaN,NaN,NaN,NaN,NaN,NaN,NaN
2026-07-30T00:00:00Z,20.0,25.5,51.5,NaN,NaN,NaN,NaN,NaN,NaN,NaN,NaN,NaN,NaN,NaN,NaN
2026-07-30T00:00:00Z,20.0,25.5,52.5,NaN,NaN,NaN,NaN,NaN,NaN,NaN,NaN,NaN,NaN,NaN,NaN
2026-07-30T00:00:00Z,20.0,25.5,53.5,NaN,NaN,NaN,NaN,NaN,NaN,NaN,NaN,NaN,NaN,NaN,NaN
2026-07-30T00:00:00Z,20.0,25.5,54.5,NaN,NaN,NaN,NaN,NaN,NaN,NaN,NaN,NaN,NaN,NaN,NaN
2026-07-30T00:00:00Z,20.0,25.5,55.5,NaN,NaN,NaN,NaN,NaN,NaN,NaN,NaN,NaN,NaN,NaN,NaN
2026-07-30T00:00:00Z,20.0,25.5,56.5,NaN,NaN,NaN,NaN,NaN,NaN,NaN,NaN,NaN,NaN,NaN,NaN
2026-07-30T00:00:00Z,20.0,25.5,57.5,36.917,NaN,0.25,0.362,11.0,0.0,32.271,NaN,3.369,4.952,11.0,0.0
2026-07-30T00:00:00Z,20.0,25.5,58.5,36.897,36.919,0.25,0.348,11.0,5.0,32.009,32.29,3.369,4.763,11.0,5.0
2026-07-30T00:00:00Z,20.0,25.5,59.5,NaN,NaN,NaN,NaN,NaN,NaN,NaN,NaN,NaN,NaN,NaN,NaN
2026-07-30T00:00:00Z,20.0,25.5,60.5,NaN,NaN,NaN,NaN,NaN,NaN,NaN,NaN,NaN,NaN,NaN,NaN
2026-07-30T00:00:00Z,20.0,25.5,61.5,NaN,NaN,NaN,NaN,NaN,NaN,NaN,NaN,NaN,NaN,NaN,NaN
2026-07-30T00:00:00Z,20.0,25.5,62.5,NaN,NaN,NaN,NaN,NaN,NaN,NaN,NaN,NaN,NaN,NaN,NaN
2026-07-30T00:00:00Z,20.0,25.5,63.5,NaN,NaN,NaN,NaN,NaN,NaN,NaN,NaN,NaN,NaN,NaN,NaN
2026-07-30T00:00:00Z,20.0,25.5,64.5,NaN,NaN,NaN,NaN,NaN,NaN,NaN,NaN,NaN,NaN,NaN,NaN
2026-07-30T00:00:00Z,20.0,25.5,65.5,NaN,NaN,NaN,NaN,NaN,NaN,NaN,NaN,NaN,NaN,NaN,NaN
2026-07-30T00:00:00Z,20.0,25.5,66.5,NaN,NaN,NaN,NaN,NaN,NaN,NaN,NaN,NaN,NaN,NaN,NaN
2026-07-30T00:00:00Z,20.0,25.5,67.5,NaN,NaN,NaN,NaN,NaN,NaN,NaN,NaN,NaN,NaN,NaN,NaN
2026-07-30T00:00:00Z,20.0,25.5,68.5,NaN,NaN,NaN,NaN,NaN,NaN,NaN,NaN,NaN,NaN,NaN,NaN
2026-07-30T00:00:00Z,20.0,25.5,69.5,NaN,NaN,NaN,NaN,NaN,NaN,NaN,NaN,NaN,NaN,NaN,NaN
2026-07-30T00:00:00Z,20.0,25.5,70.5,NaN,NaN,NaN,NaN,NaN,NaN,NaN,NaN,NaN,NaN,NaN,NaN
2026-07-30T00:00:00Z,20.0,25.5,71.5,NaN,NaN,NaN,NaN,NaN,NaN,NaN,NaN,NaN,NaN,NaN,NaN
2026-07-30T00:00:00Z,20.0,25.5,72.5,NaN,NaN,NaN,NaN,NaN,NaN,NaN,NaN,NaN,NaN,NaN,NaN
2026-07-30T00:00:00Z,20.0,25.5,73.5,NaN,NaN,NaN,NaN,NaN,NaN,NaN,NaN,NaN,NaN,NaN,NaN
2026-07-30T00:00:00Z,20.0,25.5,74.5,NaN,NaN,NaN,NaN,NaN,NaN,NaN,NaN,NaN,NaN,NaN,NaN
2026-07-30T00:00:00Z,20.0,25.5,75.5,NaN,NaN,NaN,NaN,NaN,NaN,NaN,NaN,NaN,NaN,NaN,NaN
2026-07-30T00:00:00Z,20.0,25.5,76.5,NaN,NaN,NaN,NaN,NaN,NaN,NaN,NaN,NaN,NaN,NaN,NaN
2026-07-30T00:00:00Z,20.0,25.5,77.5,NaN,NaN,NaN,NaN,NaN,NaN,NaN,NaN,NaN,NaN,NaN,NaN
2026-07-30T00:00:00Z,20.0,25.5,78.5,NaN,NaN,NaN,NaN,NaN,NaN,NaN,NaN,NaN,NaN,NaN,NaN
2026-07-30T00:00:00Z,30.0,5.5,50.5,35.284,NaN,0.0,0.0,1.0,0.0,NaN,NaN,NaN,NaN,NaN,NaN
2026-07-30T00:00:00Z,30.0,5.5,51.5,35.284,NaN,0.0,0.0,1.0,0.0,NaN,NaN,NaN,NaN,NaN,NaN
2026-07-30T00:00:00Z,30.0,5.5,52.5,NaN,NaN,NaN,NaN,NaN,NaN,NaN,NaN,NaN,NaN,NaN,NaN
2026-07-30T00:00:00Z,30.0,5.5,53.5,NaN,NaN,NaN,NaN,NaN,NaN,NaN,NaN,NaN,NaN,NaN,NaN
2026-07-30T00:00:00Z,30.0,5.5,54.5,NaN,NaN,NaN,NaN,NaN,NaN,NaN,NaN,NaN,NaN,NaN,NaN
2026-07-30T00:00:00Z,30.0,5.5,55.5,NaN,NaN,NaN,NaN,NaN,NaN,NaN,NaN,NaN,NaN,NaN,NaN
2026-07-30T00:00:00Z,30.0,5.5,56.5,35.684,NaN,0.0,0.0,1.0,0.0,28.356,NaN,0.0,0.0,1.0,0.0
2026-07-30T00:00:00Z,30.0,5.5,57.5,35.684,NaN,0.229,0.323,2.0,0.0,28.356,NaN,0.089,0.127,2.0,0.0
2026-07-30T00:00:00Z,30.0,5.5,58.5,35.684,NaN,0.229,0.323,2.0,0.0,28.356,NaN,0.089,0.127,2.0,0.0
2026-07-30T00:00:00Z,30.0,5.5,59.5,35.685,NaN,0.229,0.323,2.0,0.0,28.356,NaN,0.089,0.126,2.0,0.0
2026-07-30T00:00:00Z,30.0,5.5,60.5,35.687,NaN,0.229,0.321,2.0,0.0,28.357,NaN,0.089,0.126,2.0,0.0
2026-07-30T00:00:00Z,30.0,5.5,61.5,35.706,NaN,0.229,0.308,2.0,0.0,28.364,NaN,0.089,0.121,2.0,0.0
2026-07-30T00:00:00Z,30.0,5.5,62.5,35.763,NaN,0.178,0.307,3.0,0.0,29.315,NaN,0.332,0.464,3.0,0.0
2026-07-30T00:00:00Z,30.0,5.5,63.5,35.762,NaN,0.188,0.265,2.0,0.0,29.316,NaN,0.097,0.138,2.0,0.0
2026-07-30T00:00:00Z,30.0,5.5,64.5,35.762,35.761,0.188,0.265,2.0,1.0,29.316,29.316,0.097,0.138,2.0,1.0
2026-07-30T00:00:00Z,30.0,5.5,65.5,35.752,35.761,0.32,0.333,4.0,1.0,29.321,29.316,0.158,0.16,4.0,1.0
2026-07-30T00:00:00Z,30.0,5.5,66.5,35.46,NaN,0.355,0.366,7.0,0.0,29.467,NaN,0.258,0.269,7.0,0.0
2026-07-30T00:00:00Z,30.0,5.5,67.5,35.346,35.368,0.355,0.409,7.0,2.0,29.518,29.474,0.258,0.259,7.0,2.0
2026-07-30T00:00:00Z,30.0,5.5,68.5,35.284,35.351,0.28,0.283,6.0,1.0,29.634,29.387,0.172,0.186,6.0,1.0
2026-07-30T00:00:00Z,30.0,5.5,69.5,35.266,35.285,0.28,0.287,6.0,1.0,29.764,29.79,0.172,0.182,6.0,1.0
2026-07-30T00:00:00Z,30.0,5.5,70.5,35.172,NaN,0.343,0.35,7.0,0.0,29.827,NaN,0.161,0.196,7.0,0.0
2026-07-30T00:00:00Z,30.0,5.5,71.5,35.046,NaN,0.394,0.419,5.0,0.0,29.854,NaN,0.031,0.054,5.0,0.0
2026-07-30T00:00:00Z,30.0,5.5,72.5,35.036,NaN,0.143,0.222,3.0,0.0,29.855,NaN,0.154,0.213,3.0,0.0
2026-07-30T00:00:00Z,30.0,5.5,73.5,34.924,NaN,0.143,0.154,3.0,0.0,29.612,NaN,0.154,0.181,3.0,0.0
2026-07-30T00:00:00Z,30.0,5.5,74.5,34.877,NaN,0.095,0.134,2.0,0.0,29.495,NaN,0.138,0.196,2.0,0.0
2026-07-30T00:00:00Z,30.0,5.5,75.5,34.877,NaN,0.095,0.134,2.0,0.0,29.495,NaN,0.138,0.196,2.0,0.0
2026-07-30T00:00:00Z,30.0,5.5,76.5,34.877,NaN,0.0,0.0,1.0,0.0,29.495,NaN,0.0,0.0,1.0,0.0
2026-07-30T00:00:00Z,30.0,5.5,77.5,34.877,NaN,0.0,0.0,1.0,0.0,29.495,NaN,0.0,0.0,1.0,0.0
2026-07-30T00:00:00Z,30.0,5.5,78.5,NaN,NaN,NaN,NaN,NaN,NaN,NaN,NaN,NaN,NaN,NaN,NaN
2026-07-30T00:00:00Z,30.0,6.5,50.5,35.284,NaN,0.0,0.0,1.0,0.0,NaN,NaN,NaN,NaN,NaN,NaN
2026-07-30T00:00:00Z,30.0,6.5,51.5,35.284,NaN,0.0,0.0,1.0,0.0,NaN,NaN,NaN,NaN,NaN,NaN
2026-07-30T00:00:00Z,30.0,6.5,52.5,NaN,NaN,NaN,NaN,NaN,NaN,NaN,NaN,NaN,NaN,NaN,NaN
2026-07-30T00:00:00Z,30.0,6.5,53.5,35.406,NaN,0.0,0.0,1.0,0.0,26.445,NaN,0.0,0.0,1.0,0.0
2026-07-30T00:00:00Z,30.0,6.5,54.5,35.406,NaN,0.0,0.0,1.0,0.0,26.445,NaN,0.0,0.0,1.0,0.0
2026-07-30T00:00:00Z,30.0,6.5,55.5,35.406,NaN,0.0,0.0,1.0,0.0,26.445,NaN,0.0,0.0,1.0,0.0
2026-07-30T00:00:00Z,30.0,6.5,56.5,35.446,NaN,0.139,0.17,2.0,0.0,26.723,NaN,0.956,1.172,2.0,0.0
2026-07-30T00:00:00Z,30.0,6.5,57.5,35.679,NaN,0.303,0.31,3.0,0.0,28.286,NaN,0.946,1.073,3.0,0.0
2026-07-30T00:00:00Z,30.0,6.5,58.5,35.718,NaN,0.331,0.361,4.0,0.0,28.369,NaN,0.853,0.966,4.0,0.0
2026-07-30T00:00:00Z,30.0,6.5,59.5,35.849,NaN,0.233,0.328,4.0,0.0,28.415,NaN,0.081,0.083,4.0,0.0
2026-07-30T00:00:00Z,30.0,6.5,60.5,36.105,NaN,0.233,0.235,4.0,0.0,28.429,NaN,0.081,0.088,4.0,0.0
2026-07-30T00:00:00Z,30.0,6.5,61.5,36.206,NaN,0.233,0.266,4.0,0.0,28.349,NaN,0.081,0.094,4.0,0.0
2026-07-30T00:00:00Z,30.0,6.5,62.5,36.082,NaN,0.18,0.182,5.0,0.0,28.679,NaN,0.407,0.411,5.0,0.0
2026-07-30T00:00:00Z,30.0,6.5,63.5,35.815,NaN,0.201,0.346,4.0,0.0,29.286,NaN,0.441,0.67,4.0,0.0
2026-07-30T00:00:00Z,30.0,6.5,64.5,35.793,NaN,0.219,0.345,3.0,0.0,29.299,NaN,0.41,0.549,3.0,0.0
2026-07-30T00:00:00Z,30.0,6.5,65.5,35.771,NaN,0.32,0.339,4.0,0.0,29.311,NaN,0.158,0.162,4.0,0.0
2026-07-30T00:00:00Z,30.0,6.5,66.5,35.472,NaN,0.355,0.364,7.0,0.0,29.462,NaN,0.258,0.271,7.0,0.0
2026-07-30T00:00:00Z,30.0,6.5,67.5,35.381,NaN,0.355,0.393,7.0,0.0,29.511,NaN,0.258,0.26,7.0,0.0
2026-07-30T00:00:00Z,30.0,6.5,68.5,35.462,NaN,0.28,0.309,6.0,0.0,29.637,NaN,0.172,0.184,6.0,0.0
2026-07-30T00:00:00Z,30.0,6.5,69.5,35.576,35.877,0.28,0.372,6.0,1.0,29.784,29.834,0.172,0.189,6.0,1.0
2026-07-30T00:00:00Z,30.0,6.5,70.5,35.582,NaN,0.28,0.376,6.0,0.0,29.816,NaN,0.172,0.205,6.0,0.0
2026-07-30T00:00:00Z,30.0,6.5,71.5,35.216,NaN,0.341,0.354,4.0,0.0,29.845,NaN,0.027,0.037,4.0,0.0
2026-07-30T00:00:00Z,30.0,6.5,72.5,35.0,NaN,0.08,0.091,2.0,0.0,29.772,NaN,0.181,0.205,2.0,0.0
2026-07-30T00:00:00Z,30.0,6.5,73.5,34.878,NaN,0.08,0.113,2.0,0.0,29.497,NaN,0.181,0.254,2.0,0.0
2026-07-30T00:00:00Z,30.0,6.5,74.5,34.877,NaN,0.0,0.0,1.0,0.0,29.495,NaN,0.0,0.0,1.0,0.0
2026-07-30T00:00:00Z,30.0,6.5,75.5,34.877,NaN,0.0,0.0,1.0,0.0,29.495,NaN,0.0,0.0,1.0,0.0
2026-07-30T00:00:00Z,30.0,6.5,76.5,34.877,NaN,0.0,0.0,1.0,0.0,29.495,NaN,0.0,0.0,1.0,0.0
2026-07-30T00:00:00Z,30.0,6.5,77.5,34.877,NaN,0.0,0.0,1.0,0.0,29.495,NaN,0.0,0.0,1.0,0.0
2026-07-30T00:00:00Z,30.0,6.5,78.5,NaN,NaN,NaN,NaN,NaN,NaN,NaN,NaN,NaN,NaN,NaN,NaN
2026-07-30T00:00:00Z,30.0,7.5,50.5,35.284,NaN,0.0,0.0,1.0,0.0,NaN,NaN,NaN,NaN,NaN,NaN
2026-07-30T00:00:00Z,30.0,7.5,51.5,35.284,NaN,0.0,0.0,1.0,0.0,NaN,NaN,NaN,NaN,NaN,NaN
2026-07-30T00:00:00Z,30.0,7.5,52.5,NaN,NaN,NaN,NaN,NaN,NaN,NaN,NaN,NaN,NaN,NaN,NaN
2026-07-30T00:00:00Z,30.0,7.5,53.5,35.406,NaN,0.0,0.0,1.0,0.0,26.445,NaN,0.0,0.0,1.0,0.0
2026-07-30T00:00:00Z,30.0,7.5,54.5,35.406,NaN,0.0,0.0,1.0,0.0,26.445,NaN,0.0,0.0,1.0,0.0
2026-07-30T00:00:00Z,30.0,7.5,55.5,35.406,NaN,0.216,0.305,2.0,0.0,26.445,NaN,0.38,0.537,2.0,0.0
2026-07-30T00:00:00Z,30.0,7.5,56.5,35.406,NaN,0.178,0.296,3.0,0.0,26.446,NaN,0.786,1.187,3.0,0.0
2026-07-30T00:00:00Z,30.0,7.5,57.5,35.526,NaN,0.266,0.359,4.0,0.0,26.814,NaN,0.856,1.186,4.0,0.0
2026-07-30T00:00:00Z,30.0,7.5,58.5,36.124,NaN,0.297,0.4,5.0,0.0,28.513,NaN,0.814,1.1,5.0,0.0
2026-07-30T00:00:00Z,30.0,7.5,59.5,36.145,NaN,0.239,0.24,7.0,0.0,28.517,NaN,0.414,0.521,7.0,0.0
2026-07-30T00:00:00Z,30.0,7.5,60.5,36.183,NaN,0.239,0.241,8.0,0.0,28.428,NaN,0.405,0.444,8.0,0.0
2026-07-30T00:00:00Z,30.0,7.5,61.5,36.228,NaN,0.222,0.224,7.0,0.0,28.347,NaN,0.104,0.115,7.0,0.0
2026-07-30T00:00:00Z,30.0,7.5,62.5,36.253,NaN,0.186,0.194,8.0,0.0,28.389,NaN,0.37,0.429,8.0,0.0
2026-07-30T00:00:00Z,30.0,7.5,63.5,36.149,NaN,0.197,0.205,7.0,0.0,29.087,NaN,0.395,0.615,7.0,0.0
2026-07-30T00:00:00Z,30.0,7.5,64.5,36.136,NaN,0.213,0.223,6.0,0.0,29.147,NaN,0.407,0.632,6.0,0.0
2026-07-30T00:00:00Z,30.0,7.5,65.5,36.053,NaN,0.405,0.477,5.0,0.0,29.164,NaN,0.343,0.344,5.0,0.0
2026-07-30T00:00:00Z,30.0,7.5,66.5,35.701,NaN,0.355,0.387,7.0,0.0,29.35,NaN,0.258,0.323,7.0,0.0
2026-07-30T00:00:00Z,30.0,7.5,67.5,35.472,NaN,0.355,0.364,7.0,0.0,29.564,NaN,0.258,0.258,7.0,0.0
2026-07-30T00:00:00Z,30.0,7.5,68.5,35.725,NaN,0.28,0.483,6.0,0.0,29.754,NaN,0.172,0.179,6.0,0.0
2026-07-30T00:00:00Z,30.0,7.5,69.5,35.815,NaN,0.28,0.56,6.0,0.0,29.822,NaN,0.172,0.208,6.0,0.0
2026-07-30T00:00:00Z,30.0,7.5,70.5,35.829,NaN,0.28,0.571,6.0,0.0,29.83,NaN,0.172,0.213,6.0,0.0
2026-07-30T00:00:00Z,30.0,7.5,71.5,35.792,NaN,0.341,0.588,4.0,0.0,29.832,NaN,0.027,0.03,4.0,0.0
2026-07-30T00:00:00Z,30.0,7.5,72.5,34.882,NaN,0.08,0.111,2.0,0.0,29.506,NaN,0.181,0.248,2.0,0.0
2026-07-30T00:00:00Z,30.0,7.5,73.5,34.877,NaN,0.08,0.114,2.0,0.0,29.495,NaN,0.181,0.255,2.0,0.0
2026-07-30T00:00:00Z,30.0,7.5,74.5,34.877,34.877,0.0,0.0,1.0,1.0,29.495,29.495,0.0,0.0,1.0,1.0
2026-07-30T00:00:00Z,30.0,7.5,75.5,34.877,NaN,0.0,0.0,1.0,0.0,29.495,NaN,0.0,0.0,1.0,0.0
2026-07-30T00:00:00Z,30.0,7.5,76.5,34.877,NaN,0.0,0.0,1.0,0.0,29.495,NaN,0.0,0.0,1.0,0.0
2026-07-30T00:00:00Z,30.0,7.5,77.5,34.877,NaN,0.0,0.0,1.0,0.0,29.495,NaN,0.0,0.0,1.0,0.0
2026-07-30T00:00:00Z,30.0,7.5,78.5,NaN,NaN,NaN,NaN,NaN,NaN,NaN,NaN,NaN,NaN,NaN,NaN
2026-07-30T00:00:00Z,30.0,8.5,50.5,35.284,NaN,0.0,0.0,1.0,0.0,NaN,NaN,NaN,NaN,NaN,NaN
2026-07-30T00:00:00Z,30.0,8.5,51.5,35.284,NaN,0.0,0.0,1.0,0.0,NaN,NaN,NaN,NaN,NaN,NaN
2026-07-30T00:00:00Z,30.0,8.5,52.5,NaN,NaN,NaN,NaN,NaN,NaN,NaN,NaN,NaN,NaN,NaN,NaN
2026-07-30T00:00:00Z,30.0,8.5,53.5,35.406,NaN,0.0,0.0,1.0,0.0,26.445,NaN,0.0,0.0,1.0,0.0
2026-07-30T00:00:00Z,30.0,8.5,54.5,35.406,NaN,0.0,0.0,1.0,0.0,26.445,NaN,0.0,0.0,1.0,0.0
2026-07-30T00:00:00Z,30.0,8.5,55.5,35.406,35.406,0.216,0.305,2.0,1.0,26.445,26.445,0.38,0.537,2.0,1.0
2026-07-30T00:00:00Z,30.0,8.5,56.5,35.408,NaN,0.216,0.304,2.0,0.0,26.448,NaN,0.38,0.535,2.0,0.0
2026-07-30T00:00:00Z,30.0,8.5,57.5,35.534,NaN,0.302,0.399,3.0,0.0,26.735,NaN,0.864,1.087,3.0,0.0
2026-07-30T00:00:00Z,30.0,8.5,58.5,36.104,NaN,0.317,0.378,4.0,0.0,28.38,NaN,0.85,1.135,4.0,0.0
2026-07-30T00:00:00Z,30.0,8.5,59.5,36.151,36.141,0.173,0.177,6.0,1.0,28.512,28.535,0.441,0.556,6.0,1.0
2026-07-30T00:00:00Z,30.0,8.5,60.5,36.208,NaN,0.173,0.173,7.0,0.0,28.403,NaN,0.431,0.464,7.0,0.0
2026-07-30T00:00:00Z,30.0,8.5,61.5,36.267,36.211,0.082,0.083,6.0,1.0,28.343,28.328,0.111,0.125,6.0,1.0
2026-07-30T00:00:00Z,30.0,8.5,62.5,36.304,NaN,0.186,0.214,8.0,0.0,28.378,NaN,0.37,0.434,8.0,0.0
2026-07-30T00:00:00Z,30.0,8.5,63.5,36.221,NaN,0.197,0.198,7.0,0.0,28.855,NaN,0.395,0.462,7.0,0.0
2026-07-30T00:00:00Z,30.0,8.5,64.5,36.139,36.136,0.197,0.209,7.0,1.0,29.114,29.121,0.403,0.562,7.0,1.0
2026-07-30T00:00:00Z,30.0,8.5,65.5,36.135,NaN,0.382,0.445,7.0,0.0,29.122,NaN,0.293,0.296,7.0,0.0
2026-07-30T00:00:00Z,30.0,8.5,66.5,36.118,NaN,0.359,0.503,8.0,0.0,29.132,NaN,0.279,0.39,8.0,0.0
2026-07-30T00:00:00Z,30.0,8.5,67.5,35.856,NaN,0.359,0.37,8.0,0.0,29.488,NaN,0.279,0.291,8.0,0.0
2026-07-30T00:00:00Z,30.0,8.5,68.5,35.864,NaN,0.38,0.393,7.0,0.0,29.779,NaN,0.29,0.459,7.0,0.0
2026-07-30T00:00:00Z,30.0,8.5,69.5,35.873,NaN,0.38,0.396,7.0,0.0,29.819,NaN,0.29,0.491,7.0,0.0
2026-07-30T00:00:00Z,30.0,8.5,70.5,35.903,NaN,0.354,0.416,6.0,0.0,29.744,NaN,0.271,0.377,6.0,0.0
2026-07-30T00:00:00Z,30.0,8.5,71.5,36.019,NaN,0.348,0.435,3.0,0.0,29.425,NaN,0.303,0.349,3.0,0.0
2026-07-30T00:00:00Z,30.0,8.5,72.5,35.04,NaN,0.617,0.766,2.0,0.0,29.452,NaN,0.163,0.202,2.0,0.0
2026-07-30T00:00:00Z,30.0,8.5,73.5,34.877,NaN,0.617,0.873,2.0,0.0,29.495,NaN,0.163,0.23,2.0,0.0
2026-07-30T00:00:00Z,30.0,8.5,74.5,34.877,NaN,0.0,0.0,1.0,0.0,29.495,NaN,0.0,0.0,1.0,0.0
2026-07-30T00:00:00Z,30.0,8.5,75.5,34.877,NaN,0.0,0.0,1.0,0.0,29.495,NaN,0.0,0.0,1.0,0.0
2026-07-30T00:00:00Z,30.0,8.5,76.5,34.877,NaN,0.0,0.0,1.0,0.0,29.495,NaN,0.0,0.0,1.0,0.0
2026-07-30T00:00:00Z,30.0,8.5,77.5,NaN,NaN,NaN,NaN,NaN,NaN,NaN,NaN,NaN,NaN,NaN,NaN
2026-07-30T00:00:00Z,30.0,8.5,78.5,NaN,NaN,NaN,NaN,NaN,NaN,NaN,NaN,NaN,NaN,NaN,NaN
2026-07-30T00:00:00Z,30.0,9.5,50.5,NaN,NaN,NaN,NaN,NaN,NaN,NaN,NaN,NaN,NaN,NaN,NaN
2026-07-30T00:00:00Z,30.0,9.5,51.5,NaN,NaN,NaN,NaN,NaN,NaN,NaN,NaN,NaN,NaN,NaN,NaN
2026-07-30T00:00:00Z,30.0,9.5,52.5,NaN,NaN,NaN,NaN,NaN,NaN,NaN,NaN,NaN,NaN,NaN,NaN
2026-07-30T00:00:00Z,30.0,9.5,53.5,35.406,NaN,0.0,0.0,1.0,0.0,26.445,NaN,0.0,0.0,1.0,0.0
2026-07-30T00:00:00Z,30.0,9.5,54.5,35.406,NaN,0.0,0.0,1.0,0.0,26.445,NaN,0.0,0.0,1.0,0.0
2026-07-30T00:00:00Z,30.0,9.5,55.5,35.407,NaN,0.216,0.304,2.0,0.0,26.446,NaN,0.38,0.537,2.0,0.0
2026-07-30T00:00:00Z,30.0,9.5,56.5,35.44,NaN,0.276,0.431,3.0,0.0,26.506,NaN,0.347,0.551,3.0,0.0
2026-07-30T00:00:00Z,30.0,9.5,57.5,35.768,NaN,0.288,0.303,4.0,0.0,27.092,NaN,0.755,0.793,4.0,0.0
2026-07-30T00:00:00Z,30.0,9.5,58.5,35.891,NaN,0.292,0.295,5.0,0.0,27.438,NaN,0.784,0.79,5.0,0.0
2026-07-30T00:00:00Z,30.0,9.5,59.5,36.165,NaN,0.165,0.165,7.0,0.0,28.249,NaN,0.543,0.586,7.0,0.0
2026-07-30T00:00:00Z,30.0,9.5,60.5,36.262,NaN,0.168,0.18,8.0,0.0,28.351,NaN,0.538,0.596,8.0,0.0
2026-07-30T00:00:00Z,30.0,9.5,61.5,36.307,36.317,0.105,0.119,7.0,3.0,28.34,28.326,0.449,0.464,7.0,3.0
2026-07-30T00:00:00Z,30.0,9.5,62.5,36.337,36.376,0.091,0.12,7.0,1.0,28.404,28.565,0.272,0.29,7.0,1.0
2026-07-30T00:00:00Z,30.0,9.5,63.5,36.341,NaN,0.084,0.104,6.0,0.0,28.505,NaN,0.294,0.294,6.0,0.0
2026-07-30T00:00:00Z,30.0,9.5,64.5,36.181,NaN,0.081,0.13,6.0,0.0,29.014,NaN,0.347,0.524,6.0,0.0
2026-07-30T00:00:00Z,30.0,9.5,65.5,36.138,NaN,0.098,0.117,5.0,0.0,29.117,NaN,0.222,0.248,5.0,0.0
2026-07-30T00:00:00Z,30.0,9.5,66.5,36.141,NaN,0.121,0.127,5.0,0.0,29.124,NaN,0.288,0.319,5.0,0.0
2026-07-30T00:00:00Z,30.0,9.5,67.5,36.124,NaN,0.117,0.124,6.0,0.0,29.136,NaN,0.267,0.303,6.0,0.0
2026-07-30T00:00:00Z,30.0,9.5,68.5,36.111,NaN,0.115,0.12,6.0,0.0,29.145,NaN,0.263,0.299,6.0,0.0
2026-07-30T00:00:00Z,30.0,9.5,69.5,36.087,NaN,0.115,0.116,6.0,0.0,29.195,NaN,0.263,0.279,6.0,0.0
2026-07-30T00:00:00Z,30.0,9.5,70.5,36.101,NaN,0.101,0.114,5.0,0.0,29.189,NaN,0.267,0.303,5.0,0.0
2026-07-30T00:00:00Z,30.0,9.5,71.5,36.108,NaN,0.096,0.148,3.0,0.0,29.176,NaN,0.277,0.398,3.0,0.0
2026-07-30T00:00:00Z,30.0,9.5,72.5,36.098,NaN,0.557,0.707,3.0,0.0,29.175,NaN,0.135,0.219,3.0,0.0
2026-07-30T00:00:00Z,30.0,9.5,73.5,34.931,NaN,0.617,0.836,2.0,0.0,29.481,NaN,0.163,0.22,2.0,0.0
2026-07-30T00:00:00Z,30.0,9.5,74.5,34.877,NaN,0.0,0.0,1.0,0.0,29.495,NaN,0.0,0.0,1.0,0.0
2026-07-30T00:00:00Z,30.0,9.5,75.5,34.877,NaN,0.0,0.0,1.0,0.0,29.495,NaN,0.0,0.0,1.0,0.0
2026-07-30T00:00:00Z,30.0,9.5,76.5,NaN,NaN,NaN,NaN,NaN,NaN,NaN,NaN,NaN,NaN,NaN,NaN
2026-07-30T00:00:00Z,30.0,9.5,77.5,NaN,NaN,NaN,NaN,NaN,NaN,NaN,NaN,NaN,NaN,NaN,NaN
2026-07-30T00:00:00Z,30.0,9.5,78.5,NaN,NaN,NaN,NaN,NaN,NaN,NaN,NaN,NaN,NaN,NaN,NaN
2026-07-30T00:00:00Z,30.0,10.5,50.5,NaN,NaN,NaN,NaN,NaN,NaN,NaN,NaN,NaN,NaN,NaN,NaN
2026-07-30T00:00:00Z,30.0,10.5,51.5,NaN,NaN,NaN,NaN,NaN,NaN,NaN,NaN,NaN,NaN,NaN,NaN
2026-07-30T00:00:00Z,30.0,10.5,52.5,NaN,NaN,NaN,NaN,NaN,NaN,NaN,NaN,NaN,NaN,NaN,NaN
2026-07-30T00:00:00Z,30.0,10.5,53.5,35.406,NaN,0.0,0.0,1.0,0.0,26.445,NaN,0.0,0.0,1.0,0.0
2026-07-30T00:00:00Z,30.0,10.5,54.5,35.406,NaN,0.0,0.0,1.0,0.0,26.445,NaN,0.0,0.0,1.0,0.0
2026-07-30T00:00:00Z,30.0,10.5,55.5,35.421,NaN,0.216,0.294,2.0,0.0,26.472,NaN,0.38,0.519,2.0,0.0
2026-07-30T00:00:00Z,30.0,10.5,56.5,35.696,NaN,0.276,0.286,3.0,0.0,26.956,NaN,0.347,0.347,3.0,0.0
2026-07-30T00:00:00Z,30.0,10.5,57.5,35.836,NaN,0.288,0.289,4.0,0.0,27.198,NaN,0.755,0.767,4.0,0.0
2026-07-30T00:00:00Z,30.0,10.5,58.5,35.857,35.837,0.292,0.302,5.0,1.0,27.207,27.205,0.784,0.849,5.0,1.0
2026-07-30T00:00:00Z,30.0,10.5,59.5,36.104,NaN,0.165,0.179,7.0,0.0,27.303,NaN,0.543,0.906,7.0,0.0
2026-07-30T00:00:00Z,30.0,10.5,60.5,36.277,NaN,0.165,0.172,10.0,0.0,28.154,NaN,0.502,0.518,10.0,0.0
2026-07-30T00:00:00Z,30.0,10.5,61.5,36.326,NaN,0.107,0.119,9.0,0.0,28.341,NaN,0.444,0.498,9.0,0.0
2026-07-30T00:00:00Z,30.0,10.5,62.5,36.351,NaN,0.095,0.119,9.0,0.0,28.432,NaN,0.399,0.41,9.0,0.0
2026-07-30T00:00:00Z,30.0,10.5,63.5,36.367,NaN,0.086,0.111,8.0,0.0,28.517,NaN,0.416,0.465,8.0,0.0
2026-07-30T00:00:00Z,30.0,10.5,64.5,36.328,NaN,0.083,0.088,8.0,0.0,28.651,NaN,0.487,0.547,8.0,0.0
2026-07-30T00:00:00Z,30.0,10.5,65.5,36.19,NaN,0.114,0.126,7.0,0.0,29.083,NaN,0.603,0.745,7.0,0.0
2026-07-30T00:00:00Z,30.0,10.5,66.5,36.172,NaN,0.05,0.052,4.0,0.0,29.108,NaN,0.029,0.03,4.0,0.0
2026-07-30T00:00:00Z,30.0,10.5,67.5,36.149,36.098,0.078,0.082,5.0,1.0,29.123,29.15,0.109,0.119,5.0,1.0
2026-07-30T00:00:00Z,30.0,10.5,68.5,36.129,NaN,0.078,0.079,5.0,0.0,29.142,NaN,0.106,0.113,5.0,0.0
2026-07-30T00:00:00Z,30.0,10.5,69.5,36.072,NaN,0.078,0.092,5.0,0.0,29.241,NaN,0.106,0.123,5.0,0.0
2026-07-30T00:00:00Z,30.0,10.5,70.5,36.085,36.111,0.059,0.06,4.0,1.0,29.218,29.17,0.102,0.102,4.0,1.0
2026-07-30T00:00:00Z,30.0,10.5,71.5,36.1,NaN,0.058,0.074,2.0,0.0,29.19,NaN,0.106,0.136,2.0,0.0
2026-07-30T00:00:00Z,30.0,10.5,72.5,36.107,NaN,0.058,0.078,2.0,0.0,29.178,NaN,0.106,0.144,2.0,0.0
2026-07-30T00:00:00Z,30.0,10.5,73.5,36.111,NaN,0.0,0.0,1.0,0.0,29.17,NaN,0.0,0.0,1.0,0.0
2026-07-30T00:00:00Z,30.0,10.5,74.5,NaN,NaN,NaN,NaN,NaN,NaN,NaN,NaN,NaN,NaN,NaN,NaN
2026-07-30T00:00:00Z,30.0,10.5,75.5,NaN,NaN,NaN,NaN,NaN,NaN,NaN,NaN,NaN,NaN,NaN,NaN
2026-07-30T00:00:00Z,30.0,10.5,76.5,NaN,NaN,NaN,NaN,NaN,NaN,NaN,NaN,NaN,NaN,NaN,NaN
2026-07-30T00:00:00Z,30.0,10.5,77.5,NaN,NaN,NaN,NaN,NaN,NaN,NaN,NaN,NaN,NaN,NaN,NaN
2026-07-30T00:00:00Z,30.0,10.5,78.5,NaN,NaN,NaN,NaN,NaN,NaN,NaN,NaN,NaN,NaN,NaN,NaN
2026-07-30T00:00:00Z,30.0,11.5,50.5,NaN,NaN,NaN,NaN,NaN,NaN,NaN,NaN,NaN,NaN,NaN,NaN
2026-07-30T00:00:00Z,30.0,11.5,51.5,NaN,NaN,NaN,NaN,NaN,NaN,NaN,NaN,NaN,NaN,NaN,NaN
2026-07-30T00:00:00Z,30.0,11.5,52.5,NaN,NaN,NaN,NaN,NaN,NaN,NaN,NaN,NaN,NaN,NaN,NaN
2026-07-30T00:00:00Z,30.0,11.5,53.5,35.406,NaN,0.0,0.0,1.0,0.0,26.445,NaN,0.0,0.0,1.0,0.0
2026-07-30T00:00:00Z,30.0,11.5,54.5,35.406,NaN,0.0,0.0,1.0,0.0,26.445,NaN,0.0,0.0,1.0,0.0
2026-07-30T00:00:00Z,30.0,11.5,55.5,35.605,NaN,0.216,0.216,2.0,0.0,26.796,NaN,0.38,0.381,2.0,0.0
2026-07-30T00:00:00Z,30.0,11.5,56.5,35.832,NaN,0.276,0.283,3.0,0.0,27.189,NaN,0.347,0.43,3.0,0.0
2026-07-30T00:00:00Z,30.0,11.5,57.5,35.864,NaN,0.276,0.291,3.0,0.0,27.199,NaN,0.347,0.436,3.0,0.0
2026-07-30T00:00:00Z,30.0,11.5,58.5,35.963,NaN,0.376,0.376,4.0,0.0,27.177,NaN,0.4,0.41,4.0,0.0
2026-07-30T00:00:00Z,30.0,11.5,59.5,36.052,36.073,0.203,0.262,6.0,1.0,27.159,27.153,0.528,0.841,6.0,1.0
2026-07-30T00:00:00Z,30.0,11.5,60.5,36.1,NaN,0.182,0.245,9.0,0.0,27.263,NaN,0.496,0.792,9.0,0.0
2026-07-30T00:00:00Z,30.0,11.5,61.5,36.308,NaN,0.108,0.108,8.0,0.0,27.937,NaN,0.46,0.461,8.0,0.0
2026-07-30T00:00:00Z,30.0,11.5,62.5,36.311,NaN,0.059,0.073,7.0,0.0,27.917,NaN,0.367,0.402,7.0,0.0
2026-07-30T00:00:00Z,30.0,11.5,63.5,36.33,NaN,0.059,0.064,7.0,0.0,27.916,NaN,0.367,0.402,7.0,0.0
2026-07-30T00:00:00Z,30.0,11.5,64.5,36.363,NaN,0.059,0.071,7.0,0.0,27.912,NaN,0.431,0.579,7.0,0.0
2026-07-30T00:00:00Z,30.0,11.5,65.5,36.22,NaN,0.113,0.121,6.0,0.0,29.048,NaN,0.616,0.783,6.0,0.0
2026-07-30T00:00:00Z,30.0,11.5,66.5,36.196,NaN,0.14,0.159,5.0,0.0,29.095,NaN,0.19,0.232,5.0,0.0
2026-07-30T00:00:00Z,30.0,11.5,67.5,36.173,36.197,0.164,0.172,6.0,2.0,29.11,29.098,0.234,0.246,6.0,2.0
2026-07-30T00:00:00Z,30.0,11.5,68.5,36.144,NaN,0.157,0.17,7.0,0.0,29.141,NaN,0.222,0.239,7.0,0.0
2026-07-30T00:00:00Z,30.0,11.5,69.5,36.046,NaN,0.157,0.227,7.0,0.0,29.294,NaN,0.222,0.329,7.0,0.0
2026-07-30T00:00:00Z,30.0,11.5,70.5,36.052,35.996,0.169,0.229,6.0,1.0,29.279,29.381,0.239,0.332,6.0,1.0
2026-07-30T00:00:00Z,30.0,11.5,71.5,36.079,NaN,0.195,0.256,4.0,0.0,29.228,NaN,0.282,0.361,4.0,0.0
2026-07-30T00:00:00Z,30.0,11.5,72.5,36.097,NaN,0.058,0.072,2.0,0.0,29.195,NaN,0.106,0.132,2.0,0.0
2026-07-30T00:00:00Z,30.0,11.5,73.5,36.111,NaN,0.0,0.0,1.0,0.0,29.17,NaN,0.0,0.0,1.0,0.0
2026-07-30T00:00:00Z,30.0,11.5,74.5,NaN,NaN,NaN,NaN,NaN,NaN,NaN,NaN,NaN,NaN,NaN,NaN
2026-07-30T00:00:00Z,30.0,11.5,75.5,NaN,NaN,NaN,NaN,NaN,NaN,NaN,NaN,NaN,NaN,NaN,NaN
2026-07-30T00:00:00Z,30.0,11.5,76.5,NaN,NaN,NaN,NaN,NaN,NaN,NaN,NaN,NaN,NaN,NaN,NaN
2026-07-30T00:00:00Z,30.0,11.5,77.5,NaN,NaN,NaN,NaN,NaN,NaN,NaN,NaN,NaN,NaN,NaN,NaN
2026-07-30T00:00:00Z,30.0,11.5,78.5,NaN,NaN,NaN,NaN,NaN,NaN,NaN,NaN,NaN,NaN,NaN,NaN
2026-07-30T00:00:00Z,30.0,12.5,50.5,NaN,NaN,NaN,NaN,NaN,NaN,NaN,NaN,NaN,NaN,NaN,NaN
2026-07-30T00:00:00Z,30.0,12.5,51.5,35.863,NaN,0.0,0.0,1.0,0.0,20.129,NaN,0.0,0.0,1.0,0.0
2026-07-30T00:00:00Z,30.0,12.5,52.5,35.863,NaN,0.0,0.0,1.0,0.0,20.129,NaN,0.0,0.0,1.0,0.0
2026-07-30T00:00:00Z,30.0,12.5,53.5,35.863,NaN,0.0,0.0,1.0,0.0,20.129,NaN,0.0,0.0,1.0,0.0
2026-07-30T00:00:00Z,30.0,12.5,54.5,35.863,NaN,0.0,0.0,1.0,0.0,20.129,NaN,0.0,0.0,1.0,0.0
2026-07-30T00:00:00Z,30.0,12.5,55.5,35.854,NaN,0.013,0.014,2.0,0.0,22.627,NaN,3.538,3.688,2.0,0.0
2026-07-30T00:00:00Z,30.0,12.5,56.5,35.877,NaN,0.106,0.116,3.0,0.0,27.186,NaN,3.323,4.075,3.0,0.0
2026-07-30T00:00:00Z,30.0,12.5,57.5,35.988,NaN,0.118,0.123,2.0,0.0,27.172,NaN,0.026,0.027,2.0,0.0
2026-07-30T00:00:00Z,30.0,12.5,58.5,36.059,NaN,0.249,0.255,3.0,0.0,27.156,NaN,0.174,0.227,3.0,0.0
2026-07-30T00:00:00Z,30.0,12.5,59.5,36.076,NaN,0.221,0.255,5.0,0.0,27.158,NaN,0.511,0.747,5.0,0.0
2026-07-30T00:00:00Z,30.0,12.5,60.5,36.146,NaN,0.182,0.232,10.0,0.0,27.254,NaN,0.441,0.713,10.0,0.0
2026-07-30T00:00:00Z,30.0,12.5,61.5,36.31,NaN,0.106,0.111,9.0,0.0,27.677,NaN,0.413,0.461,9.0,0.0
2026-07-30T00:00:00Z,30.0,12.5,62.5,36.315,36.283,0.051,0.078,8.0,1.0,27.723,27.706,0.343,0.424,8.0,1.0
2026-07-30T00:00:00Z,30.0,12.5,63.5,36.359,NaN,0.051,0.053,8.0,0.0,27.745,NaN,0.343,0.412,8.0,0.0
2026-07-30T00:00:00Z,30.0,12.5,64.5,36.398,NaN,0.062,0.079,8.0,0.0,27.765,NaN,0.457,0.606,8.0,0.0
2026-07-30T00:00:00Z,30.0,12.5,65.5,36.296,NaN,0.116,0.117,9.0,0.0,28.575,NaN,0.606,0.627,9.0,0.0
2026-07-30T00:00:00Z,30.0,12.5,66.5,36.207,NaN,0.139,0.166,6.0,0.0,29.089,NaN,0.191,0.251,6.0,0.0
2026-07-30T00:00:00Z,30.0,12.5,67.5,36.19,NaN,0.167,0.179,7.0,0.0,29.098,NaN,0.238,0.261,7.0,0.0
2026-07-30T00:00:00Z,30.0,12.5,68.5,36.195,NaN,0.163,0.168,8.0,0.0,29.08,NaN,0.23,0.24,8.0,0.0
2026-07-30T00:00:00Z,30.0,12.5,69.5,36.122,NaN,0.163,0.199,8.0,0.0,29.191,NaN,0.23,0.291,8.0,0.0
2026-07-30T00:00:00Z,30.0,12.5,70.5,36.047,NaN,0.174,0.258,7.0,0.0,29.298,NaN,0.245,0.381,7.0,0.0
2026-07-30T00:00:00Z,30.0,12.5,71.5,36.049,NaN,0.195,0.276,4.0,0.0,29.286,NaN,0.282,0.399,4.0,0.0
2026-07-30T00:00:00Z,30.0,12.5,72.5,36.073,NaN,0.058,0.061,2.0,0.0,29.24,NaN,0.106,0.111,2.0,0.0
2026-07-30T00:00:00Z,30.0,12.5,73.5,36.111,NaN,0.0,0.0,1.0,0.0,29.17,NaN,0.0,0.0,1.0,0.0
2026-07-30T00:00:00Z,30.0,12.5,74.5,NaN,NaN,NaN,NaN,NaN,NaN,NaN,NaN,NaN,NaN,NaN,NaN
2026-07-30T00:00:00Z,30.0,12.5,75.5,NaN,NaN,NaN,NaN,NaN,NaN,NaN,NaN,NaN,NaN,NaN,NaN
2026-07-30T00:00:00Z,30.0,12.5,76.5,NaN,NaN,NaN,NaN,NaN,NaN,NaN,NaN,NaN,NaN,NaN,NaN
2026-07-30T00:00:00Z,30.0,12.5,77.5,NaN,NaN,NaN,NaN,NaN,NaN,NaN,NaN,NaN,NaN,NaN,NaN
2026-07-30T00:00:00Z,30.0,12.5,78.5,NaN,NaN,NaN,NaN,NaN,NaN,NaN,NaN,NaN,NaN,NaN,NaN
2026-07-30T00:00:00Z,30.0,13.5,50.5,NaN,NaN,NaN,NaN,NaN,NaN,NaN,NaN,NaN,NaN,NaN,NaN
2026-07-30T00:00:00Z,30.0,13.5,51.5,35.863,NaN,0.0,0.0,1.0,0.0,20.129,NaN,0.0,0.0,1.0,0.0
2026-07-30T00:00:00Z,30.0,13.5,52.5,35.863,NaN,0.0,0.0,1.0,0.0,20.129,NaN,0.0,0.0,1.0,0.0
2026-07-30T00:00:00Z,30.0,13.5,53.5,35.863,NaN,0.0,0.0,1.0,0.0,20.129,NaN,0.0,0.0,1.0,0.0
2026-07-30T00:00:00Z,30.0,13.5,54.5,35.863,NaN,0.0,0.0,1.0,0.0,20.129,NaN,0.0,0.0,1.0,0.0
2026-07-30T00:00:00Z,30.0,13.5,55.5,35.863,NaN,0.0,0.0,1.0,0.0,20.129,NaN,0.0,0.0,1.0,0.0
2026-07-30T00:00:00Z,30.0,13.5,56.5,35.901,NaN,0.105,0.124,2.0,0.0,21.411,NaN,3.512,4.16,2.0,0.0
2026-07-30T00:00:00Z,30.0,13.5,57.5,36.073,NaN,0.0,0.0,1.0,0.0,27.153,NaN,0.0,0.0,1.0,0.0
2026-07-30T00:00:00Z,30.0,13.5,58.5,36.09,NaN,0.184,0.249,2.0,0.0,27.171,NaN,0.196,0.266,2.0,0.0
2026-07-30T00:00:00Z,30.0,13.5,59.5,36.233,NaN,0.184,0.186,2.0,0.0,27.324,NaN,0.196,0.198,2.0,0.0
2026-07-30T00:00:00Z,30.0,13.5,60.5,36.438,NaN,0.129,0.163,6.0,0.0,27.552,NaN,0.229,0.241,6.0,0.0
2026-07-30T00:00:00Z,30.0,13.5,61.5,36.404,NaN,0.129,0.145,6.0,0.0,27.622,NaN,0.229,0.229,6.0,0.0
2026-07-30T00:00:00Z,30.0,13.5,62.5,36.416,NaN,0.057,0.058,6.0,0.0,27.744,NaN,0.331,0.352,6.0,0.0
2026-07-30T00:00:00Z,30.0,13.5,63.5,36.397,36.42,0.083,0.096,9.0,1.0,27.765,27.773,0.409,0.51,9.0,1.0
2026-07-30T00:00:00Z,30.0,13.5,64.5,36.415,NaN,0.106,0.106,9.0,0.0,27.781,NaN,0.468,0.655,9.0,0.0
2026-07-30T00:00:00Z,30.0,13.5,65.5,36.491,NaN,0.144,0.185,12.0,0.0,28.133,NaN,0.533,0.61,12.0,0.0
2026-07-30T00:00:00Z,30.0,13.5,66.5,36.398,NaN,0.155,0.156,10.0,0.0,28.721,NaN,0.273,0.275,10.0,0.0
2026-07-30T00:00:00Z,30.0,13.5,67.5,36.367,NaN,0.186,0.186,11.0,0.0,28.832,NaN,0.316,0.317,11.0,0.0
2026-07-30T00:00:00Z,30.0,13.5,68.5,36.422,NaN,0.194,0.22,11.0,0.0,28.75,NaN,0.322,0.343,11.0,0.0
2026-07-30T00:00:00Z,30.0,13.5,69.5,36.421,NaN,0.163,0.246,8.0,0.0,28.752,NaN,0.23,0.349,8.0,0.0
2026-07-30T00:00:00Z,30.0,13.5,70.5,36.382,NaN,0.174,0.227,7.0,0.0,28.81,NaN,0.245,0.314,7.0,0.0
2026-07-30T00:00:00Z,30.0,13.5,71.5,36.263,NaN,0.195,0.196,4.0,0.0,28.982,NaN,0.282,0.283,4.0,0.0
2026-07-30T00:00:00Z,30.0,13.5,72.5,36.038,NaN,0.058,0.06,2.0,0.0,29.305,NaN,0.106,0.109,2.0,0.0
2026-07-30T00:00:00Z,30.0,13.5,73.5,36.111,NaN,0.0,0.0,1.0,0.0,29.17,NaN,0.0,0.0,1.0,0.0
2026-07-30T00:00:00Z,30.0,13.5,74.5,NaN,NaN,NaN,NaN,NaN,NaN,NaN,NaN,NaN,NaN,NaN,NaN
2026-07-30T00:00:00Z,30.0,13.5,75.5,NaN,NaN,NaN,NaN,NaN,NaN,NaN,NaN,NaN,NaN,NaN,NaN
2026-07-30T00:00:00Z,30.0,13.5,76.5,NaN,NaN,NaN,NaN,NaN,NaN,NaN,NaN,NaN,NaN,NaN,NaN
2026-07-30T00:00:00Z,30.0,13.5,77.5,NaN,NaN,NaN,NaN,NaN,NaN,NaN,NaN,NaN,NaN,NaN,NaN
2026-07-30T00:00:00Z,30.0,13.5,78.5,NaN,NaN,NaN,NaN,NaN,NaN,NaN,NaN,NaN,NaN,NaN,NaN
2026-07-30T00:00:00Z,30.0,14.5,50.5,NaN,NaN,NaN,NaN,NaN,NaN,NaN,NaN,NaN,NaN,NaN,NaN
2026-07-30T00:00:00Z,30.0,14.5,51.5,35.863,NaN,0.0,0.0,1.0,0.0,20.129,NaN,0.0,0.0,1.0,0.0
2026-07-30T00:00:00Z,30.0,14.5,52.5,35.863,NaN,0.042,0.059,2.0,0.0,20.128,NaN,0.233,0.329,2.0,0.0
2026-07-30T00:00:00Z,30.0,14.5,53.5,35.862,NaN,0.042,0.059,2.0,0.0,20.125,NaN,0.233,0.327,2.0,0.0
2026-07-30T00:00:00Z,30.0,14.5,54.5,35.86,NaN,0.042,0.057,2.0,0.0,20.11,NaN,0.233,0.316,2.0,0.0
2026-07-30T00:00:00Z,30.0,14.5,55.5,35.849,NaN,0.042,0.051,2.0,0.0,20.053,NaN,0.233,0.281,2.0,0.0
2026-07-30T00:00:00Z,30.0,14.5,56.5,35.823,NaN,0.124,0.148,3.0,0.0,19.91,NaN,3.426,4.186,3.0,0.0
2026-07-30T00:00:00Z,30.0,14.5,57.5,35.921,NaN,0.147,0.147,2.0,0.0,23.29,NaN,3.745,3.747,2.0,0.0
2026-07-30T00:00:00Z,30.0,14.5,58.5,36.346,NaN,0.184,0.204,2.0,0.0,27.444,NaN,0.196,0.218,2.0,0.0
2026-07-30T00:00:00Z,30.0,14.5,59.5,36.433,NaN,0.155,0.215,3.0,0.0,27.538,NaN,0.184,0.222,3.0,0.0
2026-07-30T00:00:00Z,30.0,14.5,60.5,36.439,36.441,0.119,0.157,7.0,1.0,27.554,27.546,0.214,0.223,7.0,1.0
2026-07-30T00:00:00Z,30.0,14.5,61.5,36.424,NaN,0.119,0.148,7.0,0.0,27.645,NaN,0.214,0.216,7.0,0.0
2026-07-30T00:00:00Z,30.0,14.5,62.5,36.405,36.403,0.057,0.059,7.0,2.0,27.775,27.791,0.326,0.329,7.0,2.0
2026-07-30T00:00:00Z,30.0,14.5,63.5,36.407,NaN,0.085,0.09,10.0,0.0,27.79,NaN,0.419,0.476,10.0,0.0
2026-07-30T00:00:00Z,30.0,14.5,64.5,36.462,NaN,0.09,0.094,9.0,0.0,28.075,NaN,0.409,0.409,9.0,0.0
2026-07-30T00:00:00Z,30.0,14.5,65.5,36.545,NaN,0.116,0.175,10.0,0.0,28.405,NaN,0.479,0.492,10.0,0.0
2026-07-30T00:00:00Z,30.0,14.5,66.5,36.539,NaN,0.119,0.156,8.0,0.0,28.451,NaN,0.232,0.318,8.0,0.0
2026-07-30T00:00:00Z,30.0,14.5,67.5,36.444,NaN,0.179,0.187,9.0,0.0,28.7,NaN,0.313,0.317,9.0,0.0
2026-07-30T00:00:00Z,30.0,14.5,68.5,36.432,NaN,0.178,0.184,9.0,0.0,28.736,NaN,0.307,0.309,9.0,0.0
2026-07-30T00:00:00Z,30.0,14.5,69.5,36.434,36.435,0.172,0.211,6.0,2.0,28.733,28.731,0.255,0.31,6.0,2.0
2026-07-30T00:00:00Z,30.0,14.5,70.5,36.434,NaN,0.172,0.211,6.0,0.0,28.732,NaN,0.255,0.31,6.0,0.0
2026-07-30T00:00:00Z,30.0,14.5,71.5,36.428,NaN,0.188,0.216,4.0,0.0,28.736,NaN,0.281,0.323,4.0,0.0
2026-07-30T00:00:00Z,30.0,14.5,72.5,36.415,NaN,0.211,0.297,2.0,0.0,28.739,NaN,0.322,0.454,2.0,0.0
2026-07-30T00:00:00Z,30.0,14.5,73.5,36.417,NaN,0.0,0.0,1.0,0.0,28.737,NaN,0.0,0.0,1.0,0.0
2026-07-30T00:00:00Z,30.0,14.5,74.5,NaN,NaN,NaN,NaN,NaN,NaN,NaN,NaN,NaN,NaN,NaN,NaN
2026-07-30T00:00:00Z,30.0,14.5,75.5,NaN,NaN,NaN,NaN,NaN,NaN,NaN,NaN,NaN,NaN,NaN,NaN
2026-07-30T00:00:00Z,30.0,14.5,76.5,NaN,NaN,NaN,NaN,NaN,NaN,NaN,NaN,NaN,NaN,NaN,NaN
2026-07-30T00:00:00Z,30.0,14.5,77.5,NaN,NaN,NaN,NaN,NaN,NaN,NaN,NaN,NaN,NaN,NaN,NaN
2026-07-30T00:00:00Z,30.0,14.5,78.5,NaN,NaN,NaN,NaN,NaN,NaN,NaN,NaN,NaN,NaN,NaN,NaN
2026-07-30T00:00:00Z,30.0,15.5,50.5,NaN,NaN,NaN,NaN,NaN,NaN,NaN,NaN,NaN,NaN,NaN,NaN
2026-07-30T00:00:00Z,30.0,15.5,51.5,NaN,NaN,NaN,NaN,NaN,NaN,NaN,NaN,NaN,NaN,NaN,NaN
2026-07-30T00:00:00Z,30.0,15.5,52.5,35.862,NaN,0.042,0.059,2.0,0.0,20.123,NaN,0.233,0.325,2.0,0.0
2026-07-30T00:00:00Z,30.0,15.5,53.5,35.858,NaN,0.042,0.056,2.0,0.0,20.102,NaN,0.233,0.311,2.0,0.0
2026-07-30T00:00:00Z,30.0,15.5,54.5,35.844,35.863,0.042,0.048,2.0,1.0,20.026,20.129,0.233,0.267,2.0,1.0
2026-07-30T00:00:00Z,30.0,15.5,55.5,35.815,NaN,0.042,0.042,2.0,0.0,19.865,NaN,0.233,0.235,2.0,0.0
2026-07-30T00:00:00Z,30.0,15.5,56.5,35.791,NaN,0.042,0.052,2.0,0.0,19.729,NaN,0.233,0.287,2.0,0.0
2026-07-30T00:00:00Z,30.0,15.5,57.5,35.779,NaN,0.0,0.0,1.0,0.0,19.663,NaN,0.0,0.0,1.0,0.0
2026-07-30T00:00:00Z,30.0,15.5,58.5,36.441,NaN,0.0,0.0,1.0,0.0,27.546,NaN,0.0,0.0,1.0,0.0
2026-07-30T00:00:00Z,30.0,15.5,59.5,36.425,NaN,0.053,0.065,2.0,0.0,27.545,NaN,0.002,0.002,2.0,0.0
2026-07-30T00:00:00Z,30.0,15.5,60.5,36.404,NaN,0.055,0.059,6.0,0.0,27.56,NaN,0.11,0.172,6.0,0.0
2026-07-30T00:00:00Z,30.0,15.5,61.5,36.388,NaN,0.055,0.055,6.0,0.0,27.655,NaN,0.11,0.116,6.0,0.0
2026-07-30T00:00:00Z,30.0,15.5,62.5,36.398,NaN,0.072,0.072,8.0,0.0,27.764,NaN,0.337,0.354,8.0,0.0
2026-07-30T00:00:00Z,30.0,15.5,63.5,36.411,NaN,0.086,0.092,11.0,0.0,27.871,NaN,0.405,0.438,11.0,0.0
2026-07-30T00:00:00Z,30.0,15.5,64.5,36.49,NaN,0.09,0.101,10.0,0.0,28.424,NaN,0.392,0.518,10.0,0.0
2026-07-30T00:00:00Z,30.0,15.5,65.5,36.528,36.582,0.083,0.112,10.0,1.0,28.466,28.293,0.392,0.469,10.0,1.0
2026-07-30T00:00:00Z,30.0,15.5,66.5,36.53,36.555,0.072,0.077,9.0,1.0,28.487,28.432,0.203,0.228,9.0,1.0
2026-07-30T00:00:00Z,30.0,15.5,67.5,36.466,NaN,0.072,0.081,9.0,0.0,28.651,NaN,0.203,0.212,9.0,0.0
2026-07-30T00:00:00Z,30.0,15.5,68.5,36.429,36.424,0.079,0.102,8.0,1.0,28.743,28.748,0.175,0.197,8.0,1.0
2026-07-30T00:00:00Z,30.0,15.5,69.5,36.435,NaN,0.083,0.09,5.0,0.0,28.741,NaN,0.042,0.045,5.0,0.0
2026-07-30T00:00:00Z,30.0,15.5,70.5,36.428,NaN,0.083,0.093,5.0,0.0,28.738,NaN,0.042,0.046,5.0,0.0
2026-07-30T00:00:00Z,30.0,15.5,71.5,36.418,NaN,0.09,0.109,4.0,0.0,28.737,NaN,0.046,0.052,4.0,0.0
2026-07-30T00:00:00Z,30.0,15.5,72.5,36.417,NaN,0.0,0.0,1.0,0.0,28.737,NaN,0.0,0.0,1.0,0.0
2026-07-30T00:00:00Z,30.0,15.5,73.5,36.417,NaN,0.0,0.0,1.0,0.0,28.737,NaN,0.0,0.0,1.0,0.0
2026-07-30T00:00:00Z,30.0,15.5,74.5,NaN,NaN,NaN,NaN,NaN,NaN,NaN,NaN,NaN,NaN,NaN,NaN
2026-07-30T00:00:00Z,30.0,15.5,75.5,NaN,NaN,NaN,NaN,NaN,NaN,NaN,NaN,NaN,NaN,NaN,NaN
2026-07-30T00:00:00Z,30.0,15.5,76.5,NaN,NaN,NaN,NaN,NaN,NaN,NaN,NaN,NaN,NaN,NaN,NaN
2026-07-30T00:00:00Z,30.0,15.5,77.5,NaN,NaN,NaN,NaN,NaN,NaN,NaN,NaN,NaN,NaN,NaN,NaN
2026-07-30T00:00:00Z,30.0,15.5,78.5,NaN,NaN,NaN,NaN,NaN,NaN,NaN,NaN,NaN,NaN,NaN,NaN
2026-07-30T00:00:00Z,30.0,16.5,50.5,NaN,NaN,NaN,NaN,NaN,NaN,NaN,NaN,NaN,NaN,NaN,NaN
2026-07-30T00:00:00Z,30.0,16.5,51.5,NaN,NaN,NaN,NaN,NaN,NaN,NaN,NaN,NaN,NaN,NaN,NaN
2026-07-30T00:00:00Z,30.0,16.5,52.5,NaN,NaN,NaN,NaN,NaN,NaN,NaN,NaN,NaN,NaN,NaN,NaN
2026-07-30T00:00:00Z,30.0,16.5,53.5,35.838,NaN,0.042,0.045,2.0,0.0,19.993,NaN,0.233,0.252,2.0,0.0
2026-07-30T00:00:00Z,30.0,16.5,54.5,35.808,NaN,0.042,0.044,2.0,0.0,19.824,NaN,0.233,0.244,2.0,0.0
2026-07-30T00:00:00Z,30.0,16.5,55.5,35.788,35.779,0.042,0.054,2.0,1.0,19.711,19.663,0.233,0.298,2.0,1.0
2026-07-30T00:00:00Z,30.0,16.5,56.5,35.781,NaN,0.042,0.058,2.0,0.0,19.674,NaN,0.233,0.322,2.0,0.0
2026-07-30T00:00:00Z,30.0,16.5,57.5,35.779,NaN,0.0,0.0,1.0,0.0,19.663,NaN,0.0,0.0,1.0,0.0
2026-07-30T00:00:00Z,30.0,16.5,58.5,36.438,NaN,0.152,0.212,2.0,0.0,27.529,NaN,0.988,1.384,2.0,0.0
2026-07-30T00:00:00Z,30.0,16.5,59.5,36.334,NaN,0.114,0.168,8.0,0.0,27.531,NaN,0.81,1.588,8.0,0.0
2026-07-30T00:00:00Z,30.0,16.5,60.5,36.337,NaN,0.128,0.155,10.0,0.0,27.533,NaN,0.974,1.426,10.0,0.0
2026-07-30T00:00:00Z,30.0,16.5,61.5,36.338,36.335,0.128,0.156,10.0,1.0,27.545,27.542,0.974,1.435,10.0,1.0
2026-07-30T00:00:00Z,30.0,16.5,62.5,36.356,NaN,0.15,0.164,12.0,0.0,27.619,NaN,1.144,1.4,12.0,0.0
2026-07-30T00:00:00Z,30.0,16.5,63.5,36.434,NaN,0.167,0.192,15.0,0.0,28.154,NaN,1.224,1.587,15.0,0.0
2026-07-30T00:00:00Z,30.0,16.5,64.5,36.487,36.459,0.168,0.219,13.0,1.0,28.489,28.577,1.232,1.758,13.0,1.0
2026-07-30T00:00:00Z,30.0,16.5,65.5,36.51,NaN,0.066,0.073,8.0,0.0,28.491,NaN,0.351,0.388,8.0,0.0
2026-07-30T00:00:00Z,30.0,16.5,66.5,36.516,36.463,0.072,0.073,9.0,1.0,28.523,28.713,0.203,0.214,9.0,1.0
2026-07-30T00:00:00Z,30.0,16.5,67.5,36.488,NaN,0.072,0.073,9.0,0.0,28.62,NaN,0.203,0.205,9.0,0.0
2026-07-30T00:00:00Z,30.0,16.5,68.5,36.496,NaN,0.079,0.079,8.0,0.0,28.775,NaN,0.175,0.213,8.0,0.0
2026-07-30T00:00:00Z,30.0,16.5,69.5,36.541,NaN,0.083,0.11,5.0,0.0,28.797,NaN,0.042,0.057,5.0,0.0
2026-07-30T00:00:00Z,30.0,16.5,70.5,36.445,36.417,0.083,0.087,5.0,1.0,28.75,28.737,0.042,0.042,5.0,1.0
2026-07-30T00:00:00Z,30.0,16.5,71.5,36.419,NaN,0.09,0.108,4.0,0.0,28.738,NaN,0.046,0.051,4.0,0.0
2026-07-30T00:00:00Z,30.0,16.5,72.5,36.417,NaN,0.0,0.0,1.0,0.0,28.737,NaN,0.0,0.0,1.0,0.0
2026-07-30T00:00:00Z,30.0,16.5,73.5,NaN,NaN,NaN,NaN,NaN,NaN,NaN,NaN,NaN,NaN,NaN,NaN
2026-07-30T00:00:00Z,30.0,16.5,74.5,NaN,NaN,NaN,NaN,NaN,NaN,NaN,NaN,NaN,NaN,NaN,NaN
2026-07-30T00:00:00Z,30.0,16.5,75.5,NaN,NaN,NaN,NaN,NaN,NaN,NaN,NaN,NaN,NaN,NaN,NaN
2026-07-30T00:00:00Z,30.0,16.5,76.5,NaN,NaN,NaN,NaN,NaN,NaN,NaN,NaN,NaN,NaN,NaN,NaN
2026-07-30T00:00:00Z,30.0,16.5,77.5,NaN,NaN,NaN,NaN,NaN,NaN,NaN,NaN,NaN,NaN,NaN,NaN
2026-07-30T00:00:00Z,30.0,16.5,78.5,NaN,NaN,NaN,NaN,NaN,NaN,NaN,NaN,NaN,NaN,NaN,NaN
2026-07-30T00:00:00Z,30.0,17.5,50.5,NaN,NaN,NaN,NaN,NaN,NaN,NaN,NaN,NaN,NaN,NaN,NaN
2026-07-30T00:00:00Z,30.0,17.5,51.5,NaN,NaN,NaN,NaN,NaN,NaN,NaN,NaN,NaN,NaN,NaN,NaN
2026-07-30T00:00:00Z,30.0,17.5,52.5,NaN,NaN,NaN,NaN,NaN,NaN,NaN,NaN,NaN,NaN,NaN,NaN
2026-07-30T00:00:00Z,30.0,17.5,53.5,NaN,NaN,NaN,NaN,NaN,NaN,NaN,NaN,NaN,NaN,NaN,NaN
2026-07-30T00:00:00Z,30.0,17.5,54.5,NaN,NaN,NaN,NaN,NaN,NaN,NaN,NaN,NaN,NaN,NaN,NaN
2026-07-30T00:00:00Z,30.0,17.5,55.5,35.78,NaN,0.042,0.058,2.0,0.0,19.671,NaN,0.233,0.324,2.0,0.0
2026-07-30T00:00:00Z,30.0,17.5,56.5,35.779,NaN,0.042,0.059,2.0,0.0,19.665,NaN,0.233,0.328,2.0,0.0
2026-07-30T00:00:00Z,30.0,17.5,57.5,35.779,NaN,0.0,0.0,1.0,0.0,19.663,NaN,0.0,0.0,1.0,0.0
2026-07-30T00:00:00Z,30.0,17.5,58.5,36.138,NaN,0.0,0.0,1.0,0.0,25.571,NaN,0.0,0.0,1.0,0.0
2026-07-30T00:00:00Z,30.0,17.5,59.5,36.255,NaN,0.081,0.093,11.0,0.0,25.706,NaN,0.564,0.683,11.0,0.0
2026-07-30T00:00:00Z,30.0,17.5,60.5,36.257,NaN,0.102,0.103,13.0,0.0,26.787,NaN,0.804,0.914,13.0,0.0
2026-07-30T00:00:00Z,30.0,17.5,61.5,36.259,NaN,0.102,0.104,13.0,0.0,26.788,NaN,0.804,0.915,13.0,0.0
2026-07-30T00:00:00Z,30.0,17.5,62.5,36.262,NaN,0.13,0.13,15.0,0.0,26.801,NaN,1.027,1.041,15.0,0.0
2026-07-30T00:00:00Z,30.0,17.5,63.5,36.451,NaN,0.154,0.204,18.0,0.0,27.992,NaN,1.166,1.574,18.0,0.0
2026-07-30T00:00:00Z,30.0,17.5,64.5,36.517,NaN,0.152,0.242,17.0,0.0,28.335,NaN,1.151,1.751,17.0,0.0
2026-07-30T00:00:00Z,30.0,17.5,65.5,36.521,36.535,0.066,0.078,8.0,1.0,28.345,28.249,0.351,0.351,8.0,1.0
2026-07-30T00:00:00Z,30.0,17.5,66.5,36.516,NaN,0.07,0.071,7.0,0.0,28.431,NaN,0.214,0.245,7.0,0.0
2026-07-30T00:00:00Z,30.0,17.5,67.5,36.548,NaN,0.07,0.075,7.0,0.0,28.665,NaN,0.214,0.243,7.0,0.0
2026-07-30T00:00:00Z,30.0,17.5,68.5,36.627,NaN,0.083,0.141,6.0,0.0,28.836,NaN,0.195,0.286,6.0,0.0
2026-07-30T00:00:00Z,30.0,17.5,69.5,36.612,36.635,0.101,0.157,3.0,1.0,28.829,28.84,0.046,0.071,3.0,1.0
2026-07-30T00:00:00Z,30.0,17.5,70.5,36.499,NaN,0.101,0.101,3.0,0.0,28.776,NaN,0.046,0.046,3.0,0.0
2026-07-30T00:00:00Z,30.0,17.5,71.5,36.426,NaN,0.109,0.148,2.0,0.0,28.741,NaN,0.052,0.07,2.0,0.0
2026-07-30T00:00:00Z,30.0,17.5,72.5,36.417,NaN,0.0,0.0,1.0,0.0,28.737,NaN,0.0,0.0,1.0,0.0
2026-07-30T00:00:00Z,30.0,17.5,73.5,NaN,NaN,NaN,NaN,NaN,NaN,NaN,NaN,NaN,NaN,NaN,NaN
2026-07-30T00:00:00Z,30.0,17.5,74.5,NaN,NaN,NaN,NaN,NaN,NaN,NaN,NaN,NaN,NaN,NaN,NaN
2026-07-30T00:00:00Z,30.0,17.5,75.5,NaN,NaN,NaN,NaN,NaN,NaN,NaN,NaN,NaN,NaN,NaN,NaN
2026-07-30T00:00:00Z,30.0,17.5,76.5,NaN,NaN,NaN,NaN,NaN,NaN,NaN,NaN,NaN,NaN,NaN,NaN
2026-07-30T00:00:00Z,30.0,17.5,77.5,NaN,NaN,NaN,NaN,NaN,NaN,NaN,NaN,NaN,NaN,NaN,NaN
2026-07-30T00:00:00Z,30.0,17.5,78.5,NaN,NaN,NaN,NaN,NaN,NaN,NaN,NaN,NaN,NaN,NaN,NaN
2026-07-30T00:00:00Z,30.0,18.5,50.5,NaN,NaN,NaN,NaN,NaN,NaN,NaN,NaN,NaN,NaN,NaN,NaN
2026-07-30T00:00:00Z,30.0,18.5,51.5,NaN,NaN,NaN,NaN,NaN,NaN,NaN,NaN,NaN,NaN,NaN,NaN
2026-07-30T00:00:00Z,30.0,18.5,52.5,NaN,NaN,NaN,NaN,NaN,NaN,NaN,NaN,NaN,NaN,NaN,NaN
2026-07-30T00:00:00Z,30.0,18.5,53.5,NaN,NaN,NaN,NaN,NaN,NaN,NaN,NaN,NaN,NaN,NaN,NaN
2026-07-30T00:00:00Z,30.0,18.5,54.5,NaN,NaN,NaN,NaN,NaN,NaN,NaN,NaN,NaN,NaN,NaN,NaN
2026-07-30T00:00:00Z,30.0,18.5,55.5,NaN,NaN,NaN,NaN,NaN,NaN,NaN,NaN,NaN,NaN,NaN,NaN
2026-07-30T00:00:00Z,30.0,18.5,56.5,NaN,NaN,NaN,NaN,NaN,NaN,NaN,NaN,NaN,NaN,NaN,NaN
2026-07-30T00:00:00Z,30.0,18.5,57.5,35.779,NaN,0.0,0.0,1.0,0.0,19.825,NaN,2.425,3.317,2.0,0.0
2026-07-30T00:00:00Z,30.0,18.5,58.5,36.138,NaN,0.0,0.0,1.0,0.0,24.967,NaN,0.529,0.534,2.0,0.0
2026-07-30T00:00:00Z,30.0,18.5,59.5,36.152,NaN,0.081,0.1,11.0,0.0,25.728,NaN,0.694,0.732,12.0,0.0
2026-07-30T00:00:00Z,30.0,18.5,60.5,36.158,NaN,0.081,0.096,11.0,0.0,25.751,NaN,0.694,0.725,12.0,0.0
2026-07-30T00:00:00Z,30.0,18.5,61.5,36.168,NaN,0.081,0.092,11.0,0.0,25.787,NaN,0.694,0.715,12.0,0.0
2026-07-30T00:00:00Z,30.0,18.5,62.5,36.182,NaN,0.128,0.147,13.0,0.0,25.859,NaN,1.074,1.165,14.0,0.0
2026-07-30T00:00:00Z,30.0,18.5,63.5,36.256,NaN,0.16,0.168,16.0,0.0,26.31,NaN,1.195,1.302,16.0,0.0
2026-07-30T00:00:00Z,30.0,18.5,64.5,36.53,NaN,0.159,0.265,15.0,0.0,28.235,NaN,1.187,1.778,15.0,0.0
2026-07-30T00:00:00Z,30.0,18.5,65.5,36.533,NaN,0.05,0.052,5.0,0.0,28.258,NaN,0.174,0.261,5.0,0.0
2026-07-30T00:00:00Z,30.0,18.5,66.5,36.532,NaN,0.063,0.063,6.0,0.0,28.274,NaN,0.214,0.324,6.0,0.0
2026-07-30T00:00:00Z,30.0,18.5,67.5,36.609,NaN,0.063,0.095,6.0,0.0,28.722,NaN,0.214,0.296,6.0,0.0
2026-07-30T00:00:00Z,30.0,18.5,68.5,36.635,NaN,0.08,0.131,5.0,0.0,28.84,NaN,0.206,0.314,5.0,0.0
2026-07-30T00:00:00Z,30.0,18.5,69.5,36.629,NaN,0.109,0.15,2.0,0.0,28.837,NaN,0.052,0.071,2.0,0.0
2026-07-30T00:00:00Z,30.0,18.5,70.5,36.571,NaN,0.109,0.118,2.0,0.0,28.81,NaN,0.052,0.056,2.0,0.0
2026-07-30T00:00:00Z,30.0,18.5,71.5,36.448,NaN,0.109,0.134,2.0,0.0,28.751,NaN,0.052,0.063,2.0,0.0
2026-07-30T00:00:00Z,30.0,18.5,72.5,36.417,NaN,0.0,0.0,1.0,0.0,28.737,NaN,0.0,0.0,1.0,0.0
2026-07-30T00:00:00Z,30.0,18.5,73.5,NaN,NaN,NaN,NaN,NaN,NaN,NaN,NaN,NaN,NaN,NaN,NaN
2026-07-30T00:00:00Z,30.0,18.5,74.5,NaN,NaN,NaN,NaN,NaN,NaN,NaN,NaN,NaN,NaN,NaN,NaN
2026-07-30T00:00:00Z,30.0,18.5,75.5,NaN,NaN,NaN,NaN,NaN,NaN,NaN,NaN,NaN,NaN,NaN,NaN
2026-07-30T00:00:00Z,30.0,18.5,76.5,NaN,NaN,NaN,NaN,NaN,NaN,NaN,NaN,NaN,NaN,NaN,NaN
2026-07-30T00:00:00Z,30.0,18.5,77.5,NaN,NaN,NaN,NaN,NaN,NaN,NaN,NaN,NaN,NaN,NaN,NaN
2026-07-30T00:00:00Z,30.0,18.5,78.5,NaN,NaN,NaN,NaN,NaN,NaN,NaN,NaN,NaN,NaN,NaN,NaN
2026-07-30T00:00:00Z,30.0,19.5,50.5,NaN,NaN,NaN,NaN,NaN,NaN,NaN,NaN,NaN,NaN,NaN,NaN
2026-07-30T00:00:00Z,30.0,19.5,51.5,NaN,NaN,NaN,NaN,NaN,NaN,NaN,NaN,NaN,NaN,NaN,NaN
2026-07-30T00:00:00Z,30.0,19.5,52.5,NaN,NaN,NaN,NaN,NaN,NaN,NaN,NaN,NaN,NaN,NaN,NaN
2026-07-30T00:00:00Z,30.0,19.5,53.5,NaN,NaN,NaN,NaN,NaN,NaN,NaN,NaN,NaN,NaN,NaN,NaN
2026-07-30T00:00:00Z,30.0,19.5,54.5,NaN,NaN,NaN,NaN,NaN,NaN,NaN,NaN,NaN,NaN,NaN,NaN
2026-07-30T00:00:00Z,30.0,19.5,55.5,NaN,NaN,NaN,NaN,NaN,NaN,NaN,NaN,NaN,NaN,NaN,NaN
2026-07-30T00:00:00Z,30.0,19.5,56.5,NaN,NaN,NaN,NaN,NaN,NaN,NaN,NaN,NaN,NaN,NaN,NaN
2026-07-30T00:00:00Z,30.0,19.5,57.5,NaN,NaN,NaN,NaN,NaN,NaN,NaN,NaN,NaN,NaN,NaN,NaN
2026-07-30T00:00:00Z,30.0,19.5,58.5,36.138,NaN,0.0,0.0,1.0,0.0,24.542,NaN,0.529,0.728,2.0,0.0
2026-07-30T00:00:00Z,30.0,19.5,59.5,36.163,NaN,0.081,0.094,11.0,0.0,25.788,NaN,0.694,0.715,12.0,0.0
2026-07-30T00:00:00Z,30.0,19.5,60.5,36.175,NaN,0.093,0.106,12.0,0.0,25.795,NaN,0.788,0.838,13.0,0.0
2026-07-30T00:00:00Z,30.0,19.5,61.5,36.192,36.197,0.12,0.138,14.0,9.0,25.906,25.891,0.934,1.015,15.0,9.0
2026-07-30T00:00:00Z,30.0,19.5,62.5,36.212,NaN,0.15,0.173,16.0,0.0,25.995,NaN,1.085,1.213,17.0,0.0
2026-07-30T00:00:00Z,30.0,19.5,63.5,36.241,NaN,0.15,0.16,16.0,0.0,26.138,NaN,0.99,1.12,16.0,0.0
2026-07-30T00:00:00Z,30.0,19.5,64.5,36.462,NaN,0.234,0.237,20.0,0.0,27.709,NaN,1.193,1.289,20.0,0.0
2026-07-30T00:00:00Z,30.0,19.5,65.5,36.547,NaN,0.144,0.163,10.0,0.0,28.258,NaN,0.452,0.454,10.0,0.0
2026-07-30T00:00:00Z,30.0,19.5,66.5,36.662,NaN,0.123,0.124,10.0,0.0,28.478,NaN,0.398,0.401,10.0,0.0
2026-07-30T00:00:00Z,30.0,19.5,67.5,36.733,NaN,0.088,0.096,8.0,0.0,28.66,NaN,0.198,0.208,8.0,0.0
2026-07-30T00:00:00Z,30.0,19.5,68.5,36.642,NaN,0.12,0.13,7.0,0.0,28.828,NaN,0.089,0.153,7.0,0.0
2026-07-30T00:00:00Z,30.0,19.5,69.5,36.635,NaN,0.12,0.133,7.0,0.0,28.839,NaN,0.089,0.162,7.0,0.0
2026-07-30T00:00:00Z,30.0,19.5,70.5,36.614,NaN,0.109,0.14,2.0,0.0,28.83,NaN,0.052,0.066,2.0,0.0
2026-07-30T00:00:00Z,30.0,19.5,71.5,36.503,NaN,0.109,0.111,2.0,0.0,28.778,NaN,0.052,0.053,2.0,0.0
2026-07-30T00:00:00Z,30.0,19.5,72.5,NaN,NaN,NaN,NaN,NaN,NaN,NaN,NaN,NaN,NaN,NaN,NaN
2026-07-30T00:00:00Z,30.0,19.5,73.5,NaN,NaN,NaN,NaN,NaN,NaN,NaN,NaN,NaN,NaN,NaN,NaN
2026-07-30T00:00:00Z,30.0,19.5,74.5,NaN,NaN,NaN,NaN,NaN,NaN,NaN,NaN,NaN,NaN,NaN,NaN
2026-07-30T00:00:00Z,30.0,19.5,75.5,NaN,NaN,NaN,NaN,NaN,NaN,NaN,NaN,NaN,NaN,NaN,NaN
2026-07-30T00:00:00Z,30.0,19.5,76.5,NaN,NaN,NaN,NaN,NaN,NaN,NaN,NaN,NaN,NaN,NaN,NaN
2026-07-30T00:00:00Z,30.0,19.5,77.5,NaN,NaN,NaN,NaN,NaN,NaN,NaN,NaN,NaN,NaN,NaN,NaN
2026-07-30T00:00:00Z,30.0,19.5,78.5,NaN,NaN,NaN,NaN,NaN,NaN,NaN,NaN,NaN,NaN,NaN,NaN
2026-07-30T00:00:00Z,30.0,20.5,50.5,NaN,NaN,NaN,NaN,NaN,NaN,NaN,NaN,NaN,NaN,NaN,NaN
2026-07-30T00:00:00Z,30.0,20.5,51.5,NaN,NaN,NaN,NaN,NaN,NaN,NaN,NaN,NaN,NaN,NaN,NaN
2026-07-30T00:00:00Z,30.0,20.5,52.5,NaN,NaN,NaN,NaN,NaN,NaN,NaN,NaN,NaN,NaN,NaN,NaN
2026-07-30T00:00:00Z,30.0,20.5,53.5,NaN,NaN,NaN,NaN,NaN,NaN,NaN,NaN,NaN,NaN,NaN,NaN
2026-07-30T00:00:00Z,30.0,20.5,54.5,NaN,NaN,NaN,NaN,NaN,NaN,NaN,NaN,NaN,NaN,NaN,NaN
2026-07-30T00:00:00Z,30.0,20.5,55.5,NaN,NaN,NaN,NaN,NaN,NaN,NaN,NaN,NaN,NaN,NaN,NaN
2026-07-30T00:00:00Z,30.0,20.5,56.5,NaN,NaN,NaN,NaN,NaN,NaN,NaN,NaN,NaN,NaN,NaN,NaN
2026-07-30T00:00:00Z,30.0,20.5,57.5,NaN,NaN,NaN,NaN,NaN,NaN,NaN,NaN,NaN,NaN,NaN,NaN
2026-07-30T00:00:00Z,30.0,20.5,58.5,36.138,NaN,0.0,0.0,1.0,0.0,24.502,NaN,0.933,0.934,3.0,0.0
2026-07-30T00:00:00Z,30.0,20.5,59.5,36.187,NaN,0.074,0.075,10.0,0.0,24.64,NaN,0.862,1.294,12.0,0.0
2026-07-30T00:00:00Z,30.0,20.5,60.5,36.205,NaN,0.09,0.091,11.0,0.0,25.469,NaN,0.974,1.015,13.0,0.0
2026-07-30T00:00:00Z,30.0,20.5,61.5,36.226,36.207,0.123,0.126,13.0,1.0,26.076,26.44,1.138,1.14,15.0,1.0
2026-07-30T00:00:00Z,30.0,20.5,62.5,36.259,NaN,0.155,0.159,15.0,0.0,26.323,NaN,1.088,1.099,16.0,0.0
2026-07-30T00:00:00Z,30.0,20.5,63.5,36.352,NaN,0.155,0.165,15.0,0.0,27.01,NaN,0.995,1.074,15.0,0.0
2026-07-30T00:00:00Z,30.0,20.5,64.5,36.49,NaN,0.239,0.248,19.0,0.0,27.912,NaN,1.221,1.413,19.0,0.0
2026-07-30T00:00:00Z,30.0,20.5,65.5,36.64,NaN,0.144,0.145,10.0,0.0,28.378,NaN,0.452,0.459,10.0,0.0
2026-07-30T00:00:00Z,30.0,20.5,66.5,36.752,NaN,0.123,0.162,10.0,0.0,28.648,NaN,0.398,0.455,10.0,0.0
2026-07-30T00:00:00Z,30.0,20.5,67.5,36.757,NaN,0.088,0.109,8.0,0.0,28.654,NaN,0.198,0.206,8.0,0.0
2026-07-30T00:00:00Z,30.0,20.5,68.5,36.757,NaN,0.047,0.051,6.0,0.0,28.651,NaN,0.096,0.106,6.0,0.0
2026-07-30T00:00:00Z,30.0,20.5,69.5,36.757,NaN,0.047,0.051,6.0,0.0,28.72,NaN,0.096,0.098,6.0,0.0
2026-07-30T00:00:00Z,30.0,20.5,70.5,36.635,NaN,0.0,0.0,1.0,0.0,28.84,NaN,0.0,0.0,1.0,0.0
2026-07-30T00:00:00Z,30.0,20.5,71.5,NaN,NaN,NaN,NaN,NaN,NaN,NaN,NaN,NaN,NaN,NaN,NaN
2026-07-30T00:00:00Z,30.0,20.5,72.5,NaN,NaN,NaN,NaN,NaN,NaN,NaN,NaN,NaN,NaN,NaN,NaN
2026-07-30T00:00:00Z,30.0,20.5,73.5,NaN,NaN,NaN,NaN,NaN,NaN,NaN,NaN,NaN,NaN,NaN,NaN
2026-07-30T00:00:00Z,30.0,20.5,74.5,NaN,NaN,NaN,NaN,NaN,NaN,NaN,NaN,NaN,NaN,NaN,NaN
2026-07-30T00:00:00Z,30.0,20.5,75.5,NaN,NaN,NaN,NaN,NaN,NaN,NaN,NaN,NaN,NaN,NaN,NaN
2026-07-30T00:00:00Z,30.0,20.5,76.5,NaN,NaN,NaN,NaN,NaN,NaN,NaN,NaN,NaN,NaN,NaN,NaN
2026-07-30T00:00:00Z,30.0,20.5,77.5,NaN,NaN,NaN,NaN,NaN,NaN,NaN,NaN,NaN,NaN,NaN,NaN
2026-07-30T00:00:00Z,30.0,20.5,78.5,NaN,NaN,NaN,NaN,NaN,NaN,NaN,NaN,NaN,NaN,NaN,NaN
2026-07-30T00:00:00Z,30.0,21.5,50.5,NaN,NaN,NaN,NaN,NaN,NaN,NaN,NaN,NaN,NaN,NaN,NaN
2026-07-30T00:00:00Z,30.0,21.5,51.5,NaN,NaN,NaN,NaN,NaN,NaN,NaN,NaN,NaN,NaN,NaN,NaN
2026-07-30T00:00:00Z,30.0,21.5,52.5,NaN,NaN,NaN,NaN,NaN,NaN,NaN,NaN,NaN,NaN,NaN,NaN
2026-07-30T00:00:00Z,30.0,21.5,53.5,NaN,NaN,NaN,NaN,NaN,NaN,NaN,NaN,NaN,NaN,NaN,NaN
2026-07-30T00:00:00Z,30.0,21.5,54.5,NaN,NaN,NaN,NaN,NaN,NaN,NaN,NaN,NaN,NaN,NaN,NaN
2026-07-30T00:00:00Z,30.0,21.5,55.5,NaN,NaN,NaN,NaN,NaN,NaN,NaN,NaN,NaN,NaN,NaN,NaN
2026-07-30T00:00:00Z,30.0,21.5,56.5,NaN,NaN,NaN,NaN,NaN,NaN,NaN,NaN,NaN,NaN,NaN,NaN
2026-07-30T00:00:00Z,30.0,21.5,57.5,NaN,NaN,NaN,NaN,NaN,NaN,NaN,NaN,NaN,NaN,NaN,NaN
2026-07-30T00:00:00Z,30.0,21.5,58.5,NaN,NaN,NaN,NaN,NaN,NaN,NaN,NaN,NaN,NaN,NaN,NaN
2026-07-30T00:00:00Z,30.0,21.5,59.5,36.426,NaN,0.152,0.216,13.0,0.0,24.522,NaN,0.887,1.244,15.0,0.0
2026-07-30T00:00:00Z,30.0,21.5,60.5,36.281,NaN,0.15,0.15,14.0,0.0,24.766,24.513,1.003,1.26,16.0,1.0
2026-07-30T00:00:00Z,30.0,21.5,61.5,36.3,NaN,0.153,0.153,16.0,0.0,26.35,NaN,1.18,1.313,18.0,0.0
2026-07-30T00:00:00Z,30.0,21.5,62.5,36.369,36.394,0.163,0.17,17.0,1.0,27.242,27.532,1.154,1.655,18.0,1.0
2026-07-30T00:00:00Z,30.0,21.5,63.5,36.43,NaN,0.146,0.211,14.0,0.0,27.63,NaN,0.924,1.47,14.0,0.0
2026-07-30T00:00:00Z,30.0,21.5,64.5,36.503,36.505,0.244,0.258,18.0,1.0,27.964,28.027,1.229,1.477,18.0,1.0
2026-07-30T00:00:00Z,30.0,21.5,65.5,36.652,NaN,0.149,0.15,9.0,0.0,28.425,NaN,0.476,0.492,9.0,0.0
2026-07-30T00:00:00Z,30.0,21.5,66.5,36.75,36.754,0.13,0.158,8.0,1.0,28.653,28.545,0.415,0.487,8.0,1.0
2026-07-30T00:00:00Z,30.0,21.5,67.5,36.757,NaN,0.065,0.071,6.0,0.0,28.661,NaN,0.148,0.156,6.0,0.0
2026-07-30T00:00:00Z,30.0,21.5,68.5,36.757,NaN,0.014,0.014,5.0,0.0,28.658,NaN,0.078,0.079,5.0,0.0
2026-07-30T00:00:00Z,30.0,21.5,69.5,NaN,NaN,NaN,NaN,NaN,NaN,NaN,NaN,NaN,NaN,NaN,NaN
2026-07-30T00:00:00Z,30.0,21.5,70.5,NaN,NaN,NaN,NaN,NaN,NaN,NaN,NaN,NaN,NaN,NaN,NaN
2026-07-30T00:00:00Z,30.0,21.5,71.5,NaN,NaN,NaN,NaN,NaN,NaN,NaN,NaN,NaN,NaN,NaN,NaN
2026-07-30T00:00:00Z,30.0,21.5,72.5,NaN,NaN,NaN,NaN,NaN,NaN,NaN,NaN,NaN,NaN,NaN,NaN
2026-07-30T00:00:00Z,30.0,21.5,73.5,NaN,NaN,NaN,NaN,NaN,NaN,NaN,NaN,NaN,NaN,NaN,NaN
2026-07-30T00:00:00Z,30.0,21.5,74.5,NaN,NaN,NaN,NaN,NaN,NaN,NaN,NaN,NaN,NaN,NaN,NaN
2026-07-30T00:00:00Z,30.0,21.5,75.5,NaN,NaN,NaN,NaN,NaN,NaN,NaN,NaN,NaN,NaN,NaN,NaN
2026-07-30T00:00:00Z,30.0,21.5,76.5,NaN,NaN,NaN,NaN,NaN,NaN,NaN,NaN,NaN,NaN,NaN,NaN
2026-07-30T00:00:00Z,30.0,21.5,77.5,NaN,NaN,NaN,NaN,NaN,NaN,NaN,NaN,NaN,NaN,NaN,NaN
2026-07-30T00:00:00Z,30.0,21.5,78.5,NaN,NaN,NaN,NaN,NaN,NaN,NaN,NaN,NaN,NaN,NaN,NaN
2026-07-30T00:00:00Z,30.0,22.5,50.5,NaN,NaN,NaN,NaN,NaN,NaN,NaN,NaN,NaN,NaN,NaN,NaN
2026-07-30T00:00:00Z,30.0,22.5,51.5,NaN,NaN,NaN,NaN,NaN,NaN,NaN,NaN,NaN,NaN,NaN,NaN
2026-07-30T00:00:00Z,30.0,22.5,52.5,NaN,NaN,NaN,NaN,NaN,NaN,NaN,NaN,NaN,NaN,NaN,NaN
2026-07-30T00:00:00Z,30.0,22.5,53.5,NaN,NaN,NaN,NaN,NaN,NaN,NaN,NaN,NaN,NaN,NaN,NaN
2026-07-30T00:00:00Z,30.0,22.5,54.5,NaN,NaN,NaN,NaN,NaN,NaN,NaN,NaN,NaN,NaN,NaN,NaN
2026-07-30T00:00:00Z,30.0,22.5,55.5,NaN,NaN,NaN,NaN,NaN,NaN,NaN,NaN,NaN,NaN,NaN,NaN
2026-07-30T00:00:00Z,30.0,22.5,56.5,NaN,NaN,NaN,NaN,NaN,NaN,NaN,NaN,NaN,NaN,NaN,NaN
2026-07-30T00:00:00Z,30.0,22.5,57.5,NaN,NaN,NaN,NaN,NaN,NaN,NaN,NaN,NaN,NaN,NaN,NaN
2026-07-30T00:00:00Z,30.0,22.5,58.5,NaN,NaN,NaN,NaN,NaN,NaN,NaN,NaN,NaN,NaN,NaN,NaN
2026-07-30T00:00:00Z,30.0,22.5,59.5,36.493,NaN,0.131,0.139,14.0,0.0,23.871,NaN,1.609,2.616,16.0,0.0
2026-07-30T00:00:00Z,30.0,22.5,60.5,36.493,NaN,0.127,0.137,15.0,0.0,24.347,NaN,1.606,2.325,17.0,0.0
2026-07-30T00:00:00Z,30.0,22.5,61.5,36.434,NaN,0.107,0.113,12.0,0.0,25.987,NaN,1.425,1.475,14.0,0.0
2026-07-30T00:00:00Z,30.0,22.5,62.5,36.408,NaN,0.114,0.115,13.0,0.0,27.502,NaN,1.43,2.1,14.0,0.0
2026-07-30T00:00:00Z,30.0,22.5,63.5,36.441,36.419,0.12,0.138,8.0,1.0,27.646,27.486,0.818,0.998,8.0,1.0
2026-07-30T00:00:00Z,30.0,22.5,64.5,36.516,NaN,0.21,0.21,13.0,0.0,28.002,NaN,1.009,1.057,13.0,0.0
2026-07-30T00:00:00Z,30.0,22.5,65.5,36.65,36.585,0.149,0.15,9.0,1.0,28.435,28.323,0.476,0.495,9.0,1.0
2026-07-30T00:00:00Z,30.0,22.5,66.5,36.747,36.758,0.13,0.156,8.0,4.0,28.654,28.701,0.415,0.487,8.0,4.0
2026-07-30T00:00:00Z,30.0,22.5,67.5,36.757,NaN,0.065,0.072,6.0,0.0,28.669,NaN,0.148,0.158,6.0,0.0
2026-07-30T00:00:00Z,30.0,22.5,68.5,36.757,NaN,0.014,0.014,5.0,0.0,28.666,NaN,0.078,0.078,5.0,0.0
2026-07-30T00:00:00Z,30.0,22.5,69.5,NaN,NaN,NaN,NaN,NaN,NaN,NaN,NaN,NaN,NaN,NaN,NaN
2026-07-30T00:00:00Z,30.0,22.5,70.5,NaN,NaN,NaN,NaN,NaN,NaN,NaN,NaN,NaN,NaN,NaN,NaN
2026-07-30T00:00:00Z,30.0,22.5,71.5,NaN,NaN,NaN,NaN,NaN,NaN,NaN,NaN,NaN,NaN,NaN,NaN
2026-07-30T00:00:00Z,30.0,22.5,72.5,NaN,NaN,NaN,NaN,NaN,NaN,NaN,NaN,NaN,NaN,NaN,NaN
2026-07-30T00:00:00Z,30.0,22.5,73.5,NaN,NaN,NaN,NaN,NaN,NaN,NaN,NaN,NaN,NaN,NaN,NaN
2026-07-30T00:00:00Z,30.0,22.5,74.5,NaN,NaN,NaN,NaN,NaN,NaN,NaN,NaN,NaN,NaN,NaN,NaN
2026-07-30T00:00:00Z,30.0,22.5,75.5,NaN,NaN,NaN,NaN,NaN,NaN,NaN,NaN,NaN,NaN,NaN,NaN
2026-07-30T00:00:00Z,30.0,22.5,76.5,NaN,NaN,NaN,NaN,NaN,NaN,NaN,NaN,NaN,NaN,NaN,NaN
2026-07-30T00:00:00Z,30.0,22.5,77.5,NaN,NaN,NaN,NaN,NaN,NaN,NaN,NaN,NaN,NaN,NaN,NaN
2026-07-30T00:00:00Z,30.0,22.5,78.5,NaN,NaN,NaN,NaN,NaN,NaN,NaN,NaN,NaN,NaN,NaN,NaN
2026-07-30T00:00:00Z,30.0,23.5,50.5,NaN,NaN,NaN,NaN,NaN,NaN,NaN,NaN,NaN,NaN,NaN,NaN
2026-07-30T00:00:00Z,30.0,23.5,51.5,NaN,NaN,NaN,NaN,NaN,NaN,NaN,NaN,NaN,NaN,NaN,NaN
2026-07-30T00:00:00Z,30.0,23.5,52.5,NaN,NaN,NaN,NaN,NaN,NaN,NaN,NaN,NaN,NaN,NaN,NaN
2026-07-30T00:00:00Z,30.0,23.5,53.5,NaN,NaN,NaN,NaN,NaN,NaN,NaN,NaN,NaN,NaN,NaN,NaN
2026-07-30T00:00:00Z,30.0,23.5,54.5,NaN,NaN,NaN,NaN,NaN,NaN,NaN,NaN,NaN,NaN,NaN,NaN
2026-07-30T00:00:00Z,30.0,23.5,55.5,NaN,NaN,NaN,NaN,NaN,NaN,NaN,NaN,NaN,NaN,NaN,NaN
2026-07-30T00:00:00Z,30.0,23.5,56.5,NaN,NaN,NaN,NaN,NaN,NaN,NaN,NaN,NaN,NaN,NaN,NaN
2026-07-30T00:00:00Z,30.0,23.5,57.5,NaN,NaN,NaN,NaN,NaN,NaN,NaN,NaN,NaN,NaN,NaN,NaN
2026-07-30T00:00:00Z,30.0,23.5,58.5,36.517,NaN,0.075,0.075,10.0,0.0,24.394,NaN,1.838,2.321,12.0,0.0
2026-07-30T00:00:00Z,30.0,23.5,59.5,36.493,NaN,0.075,0.079,10.0,0.0,24.241,23.288,1.838,2.417,12.0,1.0
2026-07-30T00:00:00Z,30.0,23.5,60.5,36.496,36.508,0.08,0.08,11.0,2.0,24.456,24.633,1.825,2.354,13.0,2.0
2026-07-30T00:00:00Z,30.0,23.5,61.5,36.499,NaN,0.062,0.073,8.0,0.0,24.599,NaN,1.598,1.755,10.0,0.0
2026-07-30T00:00:00Z,30.0,23.5,62.5,36.43,NaN,0.07,0.084,9.0,0.0,27.033,NaN,1.669,2.059,10.0,0.0
2026-07-30T00:00:00Z,30.0,23.5,63.5,36.444,NaN,0.075,0.082,4.0,0.0,27.635,NaN,0.349,0.406,4.0,0.0
2026-07-30T00:00:00Z,30.0,23.5,64.5,36.532,NaN,0.149,0.179,9.0,0.0,28.066,NaN,0.476,0.531,9.0,0.0
2026-07-30T00:00:00Z,30.0,23.5,65.5,36.637,NaN,0.149,0.149,9.0,0.0,28.421,NaN,0.476,0.491,9.0,0.0
2026-07-30T00:00:00Z,30.0,23.5,66.5,36.741,NaN,0.13,0.152,8.0,0.0,28.648,NaN,0.415,0.484,8.0,0.0
2026-07-30T00:00:00Z,30.0,23.5,67.5,36.757,NaN,0.065,0.072,6.0,0.0,28.676,NaN,0.148,0.161,6.0,0.0
2026-07-30T00:00:00Z,30.0,23.5,68.5,NaN,NaN,NaN,NaN,NaN,NaN,NaN,NaN,NaN,NaN,NaN,NaN
2026-07-30T00:00:00Z,30.0,23.5,69.5,NaN,NaN,NaN,NaN,NaN,NaN,NaN,NaN,NaN,NaN,NaN,NaN
2026-07-30T00:00:00Z,30.0,23.5,70.5,NaN,NaN,NaN,NaN,NaN,NaN,NaN,NaN,NaN,NaN,NaN,NaN
2026-07-30T00:00:00Z,30.0,23.5,71.5,NaN,NaN,NaN,NaN,NaN,NaN,NaN,NaN,NaN,NaN,NaN,NaN
2026-07-30T00:00:00Z,30.0,23.5,72.5,NaN,NaN,NaN,NaN,NaN,NaN,NaN,NaN,NaN,NaN,NaN,NaN
2026-07-30T00:00:00Z,30.0,23.5,73.5,NaN,NaN,NaN,NaN,NaN,NaN,NaN,NaN,NaN,NaN,NaN,NaN
2026-07-30T00:00:00Z,30.0,23.5,74.5,NaN,NaN,NaN,NaN,NaN,NaN,NaN,NaN,NaN,NaN,NaN,NaN
2026-07-30T00:00:00Z,30.0,23.5,75.5,NaN,NaN,NaN,NaN,NaN,NaN,NaN,NaN,NaN,NaN,NaN,NaN
2026-07-30T00:00:00Z,30.0,23.5,76.5,NaN,NaN,NaN,NaN,NaN,NaN,NaN,NaN,NaN,NaN,NaN,NaN
2026-07-30T00:00:00Z,30.0,23.5,77.5,NaN,NaN,NaN,NaN,NaN,NaN,NaN,NaN,NaN,NaN,NaN,NaN
2026-07-30T00:00:00Z,30.0,23.5,78.5,NaN,NaN,NaN,NaN,NaN,NaN,NaN,NaN,NaN,NaN,NaN,NaN
2026-07-30T00:00:00Z,30.0,24.5,50.5,NaN,NaN,NaN,NaN,NaN,NaN,NaN,NaN,NaN,NaN,NaN,NaN
2026-07-30T00:00:00Z,30.0,24.5,51.5,NaN,NaN,NaN,NaN,NaN,NaN,NaN,NaN,NaN,NaN,NaN,NaN
2026-07-30T00:00:00Z,30.0,24.5,52.5,NaN,NaN,NaN,NaN,NaN,NaN,NaN,NaN,NaN,NaN,NaN,NaN
2026-07-30T00:00:00Z,30.0,24.5,53.5,NaN,NaN,NaN,NaN,NaN,NaN,NaN,NaN,NaN,NaN,NaN,NaN
2026-07-30T00:00:00Z,30.0,24.5,54.5,NaN,NaN,NaN,NaN,NaN,NaN,NaN,NaN,NaN,NaN,NaN,NaN
2026-07-30T00:00:00Z,30.0,24.5,55.5,NaN,NaN,NaN,NaN,NaN,NaN,NaN,NaN,NaN,NaN,NaN,NaN
2026-07-30T00:00:00Z,30.0,24.5,56.5,NaN,NaN,NaN,NaN,NaN,NaN,NaN,NaN,NaN,NaN,NaN,NaN
2026-07-30T00:00:00Z,30.0,24.5,57.5,36.558,NaN,0.075,0.085,10.0,0.0,27.775,NaN,1.876,2.633,11.0,0.0
2026-07-30T00:00:00Z,30.0,24.5,58.5,36.543,NaN,0.075,0.08,10.0,0.0,27.129,NaN,1.876,2.228,11.0,0.0
2026-07-30T00:00:00Z,30.0,24.5,59.5,36.487,36.376,0.075,0.081,10.0,1.0,25.107,24.306,1.876,2.048,11.0,1.0
2026-07-30T00:00:00Z,30.0,24.5,60.5,36.479,36.508,0.08,0.084,11.0,3.0,24.519,24.595,1.85,2.409,12.0,3.0
2026-07-30T00:00:00Z,30.0,24.5,61.5,36.487,NaN,0.062,0.067,8.0,0.0,24.509,NaN,1.66,1.891,9.0,0.0
2026-07-30T00:00:00Z,30.0,24.5,62.5,36.488,NaN,0.07,0.072,9.0,0.0,24.827,NaN,1.697,2.048,9.0,0.0
2026-07-30T00:00:00Z,30.0,24.5,63.5,36.45,NaN,0.075,0.08,4.0,0.0,27.651,NaN,0.349,0.398,4.0,0.0
2026-07-30T00:00:00Z,30.0,24.5,64.5,36.548,NaN,0.149,0.171,9.0,0.0,28.135,NaN,0.476,0.505,9.0,0.0
2026-07-30T00:00:00Z,30.0,24.5,65.5,36.623,NaN,0.149,0.149,9.0,0.0,28.397,NaN,0.476,0.486,9.0,0.0
2026-07-30T00:00:00Z,30.0,24.5,66.5,36.731,NaN,0.13,0.148,8.0,0.0,28.634,NaN,0.415,0.477,8.0,0.0
2026-07-30T00:00:00Z,30.0,24.5,67.5,NaN,NaN,NaN,NaN,NaN,NaN,NaN,NaN,NaN,NaN,NaN,NaN
2026-07-30T00:00:00Z,30.0,24.5,68.5,NaN,NaN,NaN,NaN,NaN,NaN,NaN,NaN,NaN,NaN,NaN,NaN
2026-07-30T00:00:00Z,30.0,24.5,69.5,NaN,NaN,NaN,NaN,NaN,NaN,NaN,NaN,NaN,NaN,NaN,NaN
2026-07-30T00:00:00Z,30.0,24.5,70.5,NaN,NaN,NaN,NaN,NaN,NaN,NaN,NaN,NaN,NaN,NaN,NaN
2026-07-30T00:00:00Z,30.0,24.5,71.5,NaN,NaN,NaN,NaN,NaN,NaN,NaN,NaN,NaN,NaN,NaN,NaN
2026-07-30T00:00:00Z,30.0,24.5,72.5,NaN,NaN,NaN,NaN,NaN,NaN,NaN,NaN,NaN,NaN,NaN,NaN
2026-07-30T00:00:00Z,30.0,24.5,73.5,NaN,NaN,NaN,NaN,NaN,NaN,NaN,NaN,NaN,NaN,NaN,NaN
2026-07-30T00:00:00Z,30.0,24.5,74.5,NaN,NaN,NaN,NaN,NaN,NaN,NaN,NaN,NaN,NaN,NaN,NaN
2026-07-30T00:00:00Z,30.0,24.5,75.5,NaN,NaN,NaN,NaN,NaN,NaN,NaN,NaN,NaN,NaN,NaN,NaN
2026-07-30T00:00:00Z,30.0,24.5,76.5,NaN,NaN,NaN,NaN,NaN,NaN,NaN,NaN,NaN,NaN,NaN,NaN
2026-07-30T00:00:00Z,30.0,24.5,77.5,NaN,NaN,NaN,NaN,NaN,NaN,NaN,NaN,NaN,NaN,NaN,NaN
2026-07-30T00:00:00Z,30.0,24.5,78.5,NaN,NaN,NaN,NaN,NaN,NaN,NaN,NaN,NaN,NaN,NaN,NaN
2026-07-30T00:00:00Z,30.0,25.5,50.5,NaN,NaN,NaN,NaN,NaN,NaN,NaN,NaN,NaN,NaN,NaN,NaN
2026-07-30T00:00:00Z,30.0,25.5,51.5,NaN,NaN,NaN,NaN,NaN,NaN,NaN,NaN,NaN,NaN,NaN,NaN
2026-07-30T00:00:00Z,30.0,25.5,52.5,NaN,NaN,NaN,NaN,NaN,NaN,NaN,NaN,NaN,NaN,NaN,NaN
2026-07-30T00:00:00Z,30.0,25.5,53.5,NaN,NaN,NaN,NaN,NaN,NaN,NaN,NaN,NaN,NaN,NaN,NaN
2026-07-30T00:00:00Z,30.0,25.5,54.5,NaN,NaN,NaN,NaN,NaN,NaN,NaN,NaN,NaN,NaN,NaN,NaN
2026-07-30T00:00:00Z,30.0,25.5,55.5,NaN,NaN,NaN,NaN,NaN,NaN,NaN,NaN,NaN,NaN,NaN,NaN
2026-07-30T00:00:00Z,30.0,25.5,56.5,NaN,NaN,NaN,NaN,NaN,NaN,NaN,NaN,NaN,NaN,NaN,NaN
2026-07-30T00:00:00Z,30.0,25.5,57.5,36.558,NaN,0.075,0.086,10.0,0.0,27.891,NaN,1.876,2.716,11.0,0.0
2026-07-30T00:00:00Z,30.0,25.5,58.5,36.554,36.559,0.075,0.084,10.0,5.0,27.758,27.905,1.876,2.621,11.0,5.0
2026-07-30T00:00:00Z,30.0,25.5,59.5,NaN,NaN,NaN,NaN,NaN,NaN,NaN,NaN,NaN,NaN,NaN,NaN
2026-07-30T00:00:00Z,30.0,25.5,60.5,NaN,NaN,NaN,NaN,NaN,NaN,NaN,NaN,NaN,NaN,NaN,NaN
2026-07-30T00:00:00Z,30.0,25.5,61.5,NaN,NaN,NaN,NaN,NaN,NaN,NaN,NaN,NaN,NaN,NaN,NaN
2026-07-30T00:00:00Z,30.0,25.5,62.5,NaN,NaN,NaN,NaN,NaN,NaN,NaN,NaN,NaN,NaN,NaN,NaN
2026-07-30T00:00:00Z,30.0,25.5,63.5,NaN,NaN,NaN,NaN,NaN,NaN,NaN,NaN,NaN,NaN,NaN,NaN
2026-07-30T00:00:00Z,30.0,25.5,64.5,NaN,NaN,NaN,NaN,NaN,NaN,NaN,NaN,NaN,NaN,NaN,NaN
2026-07-30T00:00:00Z,30.0,25.5,65.5,NaN,NaN,NaN,NaN,NaN,NaN,NaN,NaN,NaN,NaN,NaN,NaN
2026-07-30T00:00:00Z,30.0,25.5,66.5,NaN,NaN,NaN,NaN,NaN,NaN,NaN,NaN,NaN,NaN,NaN,NaN
2026-07-30T00:00:00Z,30.0,25.5,67.5,NaN,NaN,NaN,NaN,NaN,NaN,NaN,NaN,NaN,NaN,NaN,NaN
2026-07-30T00:00:00Z,30.0,25.5,68.5,NaN,NaN,NaN,NaN,NaN,NaN,NaN,NaN,NaN,NaN,NaN,NaN
2026-07-30T00:00:00Z,30.0,25.5,69.5,NaN,NaN,NaN,NaN,NaN,NaN,NaN,NaN,NaN,NaN,NaN,NaN
2026-07-30T00:00:00Z,30.0,25.5,70.5,NaN,NaN,NaN,NaN,NaN,NaN,NaN,NaN,NaN,NaN,NaN,NaN
2026-07-30T00:00:00Z,30.0,25.5,71.5,NaN,NaN,NaN,NaN,NaN,NaN,NaN,NaN,NaN,NaN,NaN,NaN
2026-07-30T00:00:00Z,30.0,25.5,72.5,NaN,NaN,NaN,NaN,NaN,NaN,NaN,NaN,NaN,NaN,NaN,NaN
2026-07-30T00:00:00Z,30.0,25.5,73.5,NaN,NaN,NaN,NaN,NaN,NaN,NaN,NaN,NaN,NaN,NaN,NaN
2026-07-30T00:00:00Z,30.0,25.5,74.5,NaN,NaN,NaN,NaN,NaN,NaN,NaN,NaN,NaN,NaN,NaN,NaN
2026-07-30T00:00:00Z,30.0,25.5,75.5,NaN,NaN,NaN,NaN,NaN,NaN,NaN,NaN,NaN,NaN,NaN,NaN
2026-07-30T00:00:00Z,30.0,25.5,76.5,NaN,NaN,NaN,NaN,NaN,NaN,NaN,NaN,NaN,NaN,NaN,NaN
2026-07-30T00:00:00Z,30.0,25.5,77.5,NaN,NaN,NaN,NaN,NaN,NaN,NaN,NaN,NaN,NaN,NaN,NaN
2026-07-30T00:00:00Z,30.0,25.5,78.5,NaN,NaN,NaN,NaN,NaN,NaN,NaN,NaN,NaN,NaN,NaN,NaN
2026-07-30T00:00:00Z,50.0,5.5,50.5,35.285,NaN,0.0,0.0,1.0,0.0,NaN,NaN,NaN,NaN,NaN,NaN
2026-07-30T00:00:00Z,50.0,5.5,51.5,35.285,NaN,0.0,0.0,1.0,0.0,NaN,NaN,NaN,NaN,NaN,NaN
2026-07-30T00:00:00Z,50.0,5.5,52.5,NaN,NaN,NaN,NaN,NaN,NaN,NaN,NaN,NaN,NaN,NaN,NaN
2026-07-30T00:00:00Z,50.0,5.5,53.5,NaN,NaN,NaN,NaN,NaN,NaN,NaN,NaN,NaN,NaN,NaN,NaN
2026-07-30T00:00:00Z,50.0,5.5,54.5,NaN,NaN,NaN,NaN,NaN,NaN,NaN,NaN,NaN,NaN,NaN,NaN
2026-07-30T00:00:00Z,50.0,5.5,55.5,NaN,NaN,NaN,NaN,NaN,NaN,NaN,NaN,NaN,NaN,NaN,NaN
2026-07-30T00:00:00Z,50.0,5.5,56.5,35.686,NaN,0.0,0.0,1.0,0.0,28.352,NaN,0.0,0.0,1.0,0.0
2026-07-30T00:00:00Z,50.0,5.5,57.5,35.686,NaN,0.227,0.322,2.0,0.0,28.352,NaN,0.094,0.133,2.0,0.0
2026-07-30T00:00:00Z,50.0,5.5,58.5,35.686,NaN,0.227,0.322,2.0,0.0,28.352,NaN,0.094,0.133,2.0,0.0
2026-07-30T00:00:00Z,50.0,5.5,59.5,35.687,NaN,0.227,0.321,2.0,0.0,28.352,NaN,0.094,0.133,2.0,0.0
2026-07-30T00:00:00Z,50.0,5.5,60.5,35.689,NaN,0.227,0.319,2.0,0.0,28.353,NaN,0.094,0.132,2.0,0.0
2026-07-30T00:00:00Z,50.0,5.5,61.5,35.707,NaN,0.227,0.307,2.0,0.0,28.361,NaN,0.094,0.127,2.0,0.0
2026-07-30T00:00:00Z,50.0,5.5,62.5,35.76,NaN,0.192,0.331,3.0,0.0,29.315,NaN,0.323,0.47,3.0,0.0
2026-07-30T00:00:00Z,50.0,5.5,63.5,35.759,NaN,0.215,0.303,2.0,0.0,29.315,NaN,0.125,0.177,2.0,0.0
2026-07-30T00:00:00Z,50.0,5.5,64.5,35.759,35.758,0.215,0.303,2.0,1.0,29.316,29.316,0.125,0.177,2.0,1.0
2026-07-30T00:00:00Z,50.0,5.5,65.5,35.752,35.758,0.258,0.26,4.0,1.0,29.318,29.316,0.134,0.137,4.0,1.0
2026-07-30T00:00:00Z,50.0,5.5,66.5,35.593,NaN,0.26,0.278,7.0,0.0,29.375,NaN,0.128,0.136,6.0,0.0
2026-07-30T00:00:00Z,50.0,5.5,67.5,35.562,35.59,0.26,0.29,7.0,2.0,29.396,29.392,0.128,0.144,6.0,2.0
2026-07-30T00:00:00Z,50.0,5.5,68.5,35.54,35.707,0.193,0.193,6.0,1.0,29.401,29.391,0.055,0.057,5.0,1.0
2026-07-30T00:00:00Z,50.0,5.5,69.5,35.528,35.601,0.193,0.193,6.0,1.0,29.394,29.344,0.055,0.06,5.0,1.0
2026-07-30T00:00:00Z,50.0,5.5,70.5,35.431,NaN,0.193,0.218,6.0,0.0,29.437,NaN,0.118,0.122,6.0,0.0
2026-07-30T00:00:00Z,50.0,5.5,71.5,35.309,NaN,0.216,0.291,4.0,0.0,29.486,NaN,0.13,0.131,4.0,0.0
2026-07-30T00:00:00Z,50.0,5.5,72.5,35.301,NaN,0.005,0.006,2.0,0.0,29.488,NaN,0.43,0.469,3.0,0.0
2026-07-30T00:00:00Z,50.0,5.5,73.5,35.307,NaN,0.005,0.005,2.0,0.0,28.966,NaN,0.43,0.544,3.0,0.0
2026-07-30T00:00:00Z,50.0,5.5,74.5,35.31,NaN,0.0,0.0,1.0,0.0,28.705,NaN,0.5,0.707,2.0,0.0
2026-07-30T00:00:00Z,50.0,5.5,75.5,35.31,NaN,0.0,0.0,1.0,0.0,28.705,NaN,0.5,0.707,2.0,0.0
2026-07-30T00:00:00Z,50.0,5.5,76.5,35.31,NaN,0.0,0.0,1.0,0.0,28.705,NaN,0.0,0.0,1.0,0.0
2026-07-30T00:00:00Z,50.0,5.5,77.5,35.31,NaN,0.0,0.0,1.0,0.0,28.705,NaN,0.0,0.0,1.0,0.0
2026-07-30T00:00:00Z,50.0,5.5,78.5,NaN,NaN,NaN,NaN,NaN,NaN,NaN,NaN,NaN,NaN,NaN,NaN
2026-07-30T00:00:00Z,50.0,6.5,50.5,35.285,NaN,0.0,0.0,1.0,0.0,NaN,NaN,NaN,NaN,NaN,NaN
2026-07-30T00:00:00Z,50.0,6.5,51.5,35.285,NaN,0.0,0.0,1.0,0.0,NaN,NaN,NaN,NaN,NaN,NaN
2026-07-30T00:00:00Z,50.0,6.5,52.5,NaN,NaN,NaN,NaN,NaN,NaN,NaN,NaN,NaN,NaN,NaN,NaN
2026-07-30T00:00:00Z,50.0,6.5,53.5,35.375,NaN,0.0,0.0,1.0,0.0,25.809,NaN,0.0,0.0,1.0,0.0
2026-07-30T00:00:00Z,50.0,6.5,54.5,35.375,NaN,0.0,0.0,1.0,0.0,25.809,NaN,0.0,0.0,1.0,0.0
2026-07-30T00:00:00Z,50.0,6.5,55.5,35.375,NaN,0.0,0.0,1.0,0.0,25.809,NaN,0.0,0.0,1.0,0.0
2026-07-30T00:00:00Z,50.0,6.5,56.5,35.42,NaN,0.156,0.191,2.0,0.0,26.178,NaN,1.271,1.559,2.0,0.0
2026-07-30T00:00:00Z,50.0,6.5,57.5,35.68,NaN,0.315,0.319,3.0,0.0,28.258,NaN,1.245,1.424,3.0,0.0
2026-07-30T00:00:00Z,50.0,6.5,58.5,35.72,NaN,0.34,0.364,4.0,0.0,28.365,NaN,1.113,1.284,4.0,0.0
2026-07-30T00:00:00Z,50.0,6.5,59.5,35.85,NaN,0.233,0.327,4.0,0.0,28.411,NaN,0.121,0.131,4.0,0.0
2026-07-30T00:00:00Z,50.0,6.5,60.5,36.102,NaN,0.233,0.234,4.0,0.0,28.382,NaN,0.121,0.123,4.0,0.0
2026-07-30T00:00:00Z,50.0,6.5,61.5,36.199,NaN,0.233,0.262,4.0,0.0,28.24,NaN,0.121,0.17,4.0,0.0
2026-07-30T00:00:00Z,50.0,6.5,62.5,36.081,NaN,0.185,0.188,5.0,0.0,28.604,NaN,0.427,0.436,5.0,0.0
2026-07-30T00:00:00Z,50.0,6.5,63.5,35.819,NaN,0.206,0.355,4.0,0.0,29.278,NaN,0.47,0.72,4.0,0.0
2026-07-30T00:00:00Z,50.0,6.5,64.5,35.794,NaN,0.229,0.364,3.0,0.0,29.295,NaN,0.41,0.563,3.0,0.0
2026-07-30T00:00:00Z,50.0,6.5,65.5,35.774,NaN,0.258,0.258,4.0,0.0,29.305,NaN,0.134,0.135,4.0,0.0
2026-07-30T00:00:00Z,50.0,6.5,66.5,35.599,NaN,0.26,0.276,7.0,0.0,29.374,NaN,0.128,0.136,6.0,0.0
2026-07-30T00:00:00Z,50.0,6.5,67.5,35.582,NaN,0.26,0.282,7.0,0.0,29.391,NaN,0.128,0.142,6.0,0.0
2026-07-30T00:00:00Z,50.0,6.5,68.5,35.646,NaN,0.193,0.224,6.0,0.0,29.383,NaN,0.055,0.065,5.0,0.0
2026-07-30T00:00:00Z,50.0,6.5,69.5,35.697,35.812,0.193,0.253,6.0,1.0,29.363,NaN,0.055,0.077,5.0,0.0
2026-07-30T00:00:00Z,50.0,6.5,70.5,35.687,NaN,0.193,0.247,6.0,0.0,29.374,NaN,0.055,0.07,5.0,0.0
2026-07-30T00:00:00Z,50.0,6.5,71.5,35.425,NaN,0.216,0.23,4.0,0.0,29.47,NaN,0.065,0.074,3.0,0.0
2026-07-30T00:00:00Z,50.0,6.5,72.5,35.303,NaN,0.005,0.005,2.0,0.0,29.306,NaN,0.392,0.444,2.0,0.0
2026-07-30T00:00:00Z,50.0,6.5,73.5,35.31,NaN,0.005,0.006,2.0,0.0,28.708,NaN,0.392,0.552,2.0,0.0
2026-07-30T00:00:00Z,50.0,6.5,74.5,35.31,NaN,0.0,0.0,1.0,0.0,28.705,NaN,0.0,0.0,1.0,0.0
2026-07-30T00:00:00Z,50.0,6.5,75.5,35.31,NaN,0.0,0.0,1.0,0.0,28.705,NaN,0.0,0.0,1.0,0.0
2026-07-30T00:00:00Z,50.0,6.5,76.5,35.31,NaN,0.0,0.0,1.0,0.0,28.705,NaN,0.0,0.0,1.0,0.0
2026-07-30T00:00:00Z,50.0,6.5,77.5,35.31,NaN,0.0,0.0,1.0,0.0,28.705,NaN,0.0,0.0,1.0,0.0
2026-07-30T00:00:00Z,50.0,6.5,78.5,NaN,NaN,NaN,NaN,NaN,NaN,NaN,NaN,NaN,NaN,NaN,NaN
2026-07-30T00:00:00Z,50.0,7.5,50.5,35.285,NaN,0.0,0.0,1.0,0.0,NaN,NaN,NaN,NaN,NaN,NaN
2026-07-30T00:00:00Z,50.0,7.5,51.5,35.285,NaN,0.0,0.0,1.0,0.0,NaN,NaN,NaN,NaN,NaN,NaN
2026-07-30T00:00:00Z,50.0,7.5,52.5,NaN,NaN,NaN,NaN,NaN,NaN,NaN,NaN,NaN,NaN,NaN,NaN
2026-07-30T00:00:00Z,50.0,7.5,53.5,35.375,NaN,0.0,0.0,1.0,0.0,25.809,NaN,0.0,0.0,1.0,0.0
2026-07-30T00:00:00Z,50.0,7.5,54.5,35.375,NaN,0.0,0.0,1.0,0.0,25.809,NaN,0.0,0.0,1.0,0.0
2026-07-30T00:00:00Z,50.0,7.5,55.5,35.375,NaN,0.232,0.328,2.0,0.0,25.809,NaN,0.621,0.878,2.0,0.0
2026-07-30T00:00:00Z,50.0,7.5,56.5,35.375,NaN,0.193,0.322,3.0,0.0,25.81,NaN,1.038,1.633,3.0,0.0
2026-07-30T00:00:00Z,50.0,7.5,57.5,35.501,NaN,0.276,0.379,4.0,0.0,26.294,NaN,1.102,1.588,4.0,0.0
2026-07-30T00:00:00Z,50.0,7.5,58.5,36.124,NaN,0.304,0.41,5.0,0.0,28.513,NaN,1.031,1.384,5.0,0.0
2026-07-30T00:00:00Z,50.0,7.5,59.5,36.144,NaN,0.238,0.239,7.0,0.0,28.512,NaN,0.46,0.584,7.0,0.0
2026-07-30T00:00:00Z,50.0,7.5,60.5,36.179,NaN,0.237,0.237,9.0,0.0,28.37,NaN,0.431,0.454,9.0,0.0
2026-07-30T00:00:00Z,50.0,7.5,61.5,36.223,NaN,0.217,0.217,8.0,0.0,28.253,NaN,0.121,0.17,8.0,0.0
2026-07-30T00:00:00Z,50.0,7.5,62.5,36.254,NaN,0.184,0.187,9.0,0.0,28.314,NaN,0.362,0.436,9.0,0.0
2026-07-30T00:00:00Z,50.0,7.5,63.5,36.197,NaN,0.193,0.196,8.0,0.0,29.034,NaN,0.384,0.61,8.0,0.0
2026-07-30T00:00:00Z,50.0,7.5,64.5,36.187,NaN,0.206,0.212,7.0,0.0,29.098,NaN,0.384,0.62,7.0,0.0
2026-07-30T00:00:00Z,50.0,7.5,65.5,36.092,NaN,0.353,0.37,6.0,0.0,29.12,NaN,0.398,0.41,6.0,0.0
2026-07-30T00:00:00Z,50.0,7.5,66.5,35.798,NaN,0.26,0.281,7.0,0.0,29.373,NaN,0.128,0.135,6.0,0.0
2026-07-30T00:00:00Z,50.0,7.5,67.5,35.623,NaN,0.26,0.269,7.0,0.0,29.391,NaN,0.128,0.142,6.0,0.0
2026-07-30T00:00:00Z,50.0,7.5,68.5,35.753,NaN,0.193,0.293,6.0,0.0,29.38,NaN,0.055,0.067,5.0,0.0
2026-07-30T00:00:00Z,50.0,7.5,69.5,35.79,NaN,0.193,0.321,6.0,0.0,29.356,NaN,0.055,0.083,5.0,0.0
2026-07-30T00:00:00Z,50.0,7.5,70.5,35.794,NaN,0.193,0.325,6.0,0.0,29.35,NaN,0.055,0.087,5.0,0.0
2026-07-30T00:00:00Z,50.0,7.5,71.5,35.77,NaN,0.216,0.342,4.0,0.0,29.412,NaN,0.065,0.069,3.0,0.0
2026-07-30T00:00:00Z,50.0,7.5,72.5,35.31,NaN,0.005,0.006,2.0,0.0,28.728,NaN,0.392,0.538,2.0,0.0
2026-07-30T00:00:00Z,50.0,7.5,73.5,35.31,NaN,0.005,0.006,2.0,0.0,28.705,NaN,0.392,0.554,2.0,0.0
2026-07-30T00:00:00Z,50.0,7.5,74.5,35.31,35.31,0.0,0.0,1.0,1.0,28.705,28.705,0.0,0.0,1.0,1.0
2026-07-30T00:00:00Z,50.0,7.5,75.5,35.31,NaN,0.0,0.0,1.0,0.0,28.705,NaN,0.0,0.0,1.0,0.0
2026-07-30T00:00:00Z,50.0,7.5,76.5,35.31,NaN,0.0,0.0,1.0,0.0,28.705,NaN,0.0,0.0,1.0,0.0
2026-07-30T00:00:00Z,50.0,7.5,77.5,35.31,NaN,0.0,0.0,1.0,0.0,28.705,NaN,0.0,0.0,1.0,0.0
2026-07-30T00:00:00Z,50.0,7.5,78.5,NaN,NaN,NaN,NaN,NaN,NaN,NaN,NaN,NaN,NaN,NaN,NaN
2026-07-30T00:00:00Z,50.0,8.5,50.5,35.285,NaN,0.0,0.0,1.0,0.0,NaN,NaN,NaN,NaN,NaN,NaN
2026-07-30T00:00:00Z,50.0,8.5,51.5,35.285,NaN,0.0,0.0,1.0,0.0,NaN,NaN,NaN,NaN,NaN,NaN
2026-07-30T00:00:00Z,50.0,8.5,52.5,NaN,NaN,NaN,NaN,NaN,NaN,NaN,NaN,NaN,NaN,NaN,NaN
2026-07-30T00:00:00Z,50.0,8.5,53.5,35.375,NaN,0.0,0.0,1.0,0.0,25.809,NaN,0.0,0.0,1.0,0.0
2026-07-30T00:00:00Z,50.0,8.5,54.5,35.375,NaN,0.0,0.0,1.0,0.0,25.809,NaN,0.0,0.0,1.0,0.0
2026-07-30T00:00:00Z,50.0,8.5,55.5,35.375,35.375,0.232,0.328,2.0,1.0,25.809,25.809,0.621,0.878,2.0,1.0
2026-07-30T00:00:00Z,50.0,8.5,56.5,35.377,NaN,0.232,0.327,2.0,0.0,25.814,NaN,0.621,0.875,2.0,0.0
2026-07-30T00:00:00Z,50.0,8.5,57.5,35.51,NaN,0.315,0.418,3.0,0.0,26.227,NaN,1.116,1.438,3.0,0.0
2026-07-30T00:00:00Z,50.0,8.5,58.5,36.104,NaN,0.327,0.391,4.0,0.0,28.362,NaN,1.072,1.44,4.0,0.0
2026-07-30T00:00:00Z,50.0,8.5,59.5,36.15,36.141,0.172,0.177,6.0,1.0,28.505,28.54,0.489,0.623,6.0,1.0
2026-07-30T00:00:00Z,50.0,8.5,60.5,36.205,NaN,0.171,0.174,8.0,0.0,28.348,NaN,0.454,0.475,8.0,0.0
2026-07-30T00:00:00Z,50.0,8.5,61.5,36.266,36.202,0.086,0.091,7.0,1.0,28.284,28.2,0.129,0.158,7.0,1.0
2026-07-30T00:00:00Z,50.0,8.5,62.5,36.308,NaN,0.184,0.203,9.0,0.0,28.345,NaN,0.362,0.419,9.0,0.0
2026-07-30T00:00:00Z,50.0,8.5,63.5,36.263,NaN,0.193,0.195,8.0,0.0,28.785,NaN,0.384,0.445,8.0,0.0
2026-07-30T00:00:00Z,50.0,8.5,64.5,36.191,36.187,0.193,0.2,8.0,1.0,29.054,29.065,0.383,0.549,8.0,1.0
2026-07-30T00:00:00Z,50.0,8.5,65.5,36.185,NaN,0.322,0.356,8.0,0.0,29.066,NaN,0.347,0.349,8.0,0.0
2026-07-30T00:00:00Z,50.0,8.5,66.5,36.17,NaN,0.273,0.409,8.0,0.0,29.075,NaN,0.148,0.221,7.0,0.0
2026-07-30T00:00:00Z,50.0,8.5,67.5,35.881,NaN,0.273,0.274,8.0,0.0,29.227,NaN,0.148,0.149,7.0,0.0
2026-07-30T00:00:00Z,50.0,8.5,68.5,35.819,NaN,0.28,0.285,7.0,0.0,29.254,NaN,0.143,0.143,6.0,0.0
2026-07-30T00:00:00Z,50.0,8.5,69.5,35.815,NaN,0.28,0.285,7.0,0.0,29.244,NaN,0.143,0.143,6.0,0.0
2026-07-30T00:00:00Z,50.0,8.5,70.5,35.852,NaN,0.242,0.247,6.0,0.0,29.175,NaN,0.108,0.157,5.0,0.0
2026-07-30T00:00:00Z,50.0,8.5,71.5,36.001,NaN,0.213,0.264,3.0,0.0,29.165,NaN,0.09,0.127,2.0,0.0
2026-07-30T00:00:00Z,50.0,8.5,72.5,35.417,NaN,0.405,0.503,2.0,0.0,28.765,NaN,0.229,0.285,2.0,0.0
2026-07-30T00:00:00Z,50.0,8.5,73.5,35.31,NaN,0.405,0.573,2.0,0.0,28.705,NaN,0.229,0.325,2.0,0.0
2026-07-30T00:00:00Z,50.0,8.5,74.5,35.31,NaN,0.0,0.0,1.0,0.0,28.705,NaN,0.0,0.0,1.0,0.0
2026-07-30T00:00:00Z,50.0,8.5,75.5,35.31,NaN,0.0,0.0,1.0,0.0,28.705,NaN,0.0,0.0,1.0,0.0
2026-07-30T00:00:00Z,50.0,8.5,76.5,35.31,NaN,0.0,0.0,1.0,0.0,28.705,NaN,0.0,0.0,1.0,0.0
2026-07-30T00:00:00Z,50.0,8.5,77.5,NaN,NaN,NaN,NaN,NaN,NaN,NaN,NaN,NaN,NaN,NaN,NaN
2026-07-30T00:00:00Z,50.0,8.5,78.5,NaN,NaN,NaN,NaN,NaN,NaN,NaN,NaN,NaN,NaN,NaN,NaN
2026-07-30T00:00:00Z,50.0,9.5,50.5,NaN,NaN,NaN,NaN,NaN,NaN,NaN,NaN,NaN,NaN,NaN,NaN
2026-07-30T00:00:00Z,50.0,9.5,51.5,NaN,NaN,NaN,NaN,NaN,NaN,NaN,NaN,NaN,NaN,NaN,NaN
2026-07-30T00:00:00Z,50.0,9.5,52.5,NaN,NaN,NaN,NaN,NaN,NaN,NaN,NaN,NaN,NaN,NaN,NaN
2026-07-30T00:00:00Z,50.0,9.5,53.5,35.375,NaN,0.0,0.0,1.0,0.0,25.809,NaN,0.0,0.0,1.0,0.0
2026-07-30T00:00:00Z,50.0,9.5,54.5,35.375,NaN,0.0,0.0,1.0,0.0,25.809,NaN,0.0,0.0,1.0,0.0
2026-07-30T00:00:00Z,50.0,9.5,55.5,35.376,NaN,0.232,0.328,2.0,0.0,25.811,NaN,0.621,0.877,2.0,0.0
2026-07-30T00:00:00Z,50.0,9.5,56.5,35.412,NaN,0.29,0.455,3.0,0.0,25.908,NaN,0.612,0.979,3.0,0.0
2026-07-30T00:00:00Z,50.0,9.5,57.5,35.765,NaN,0.3,0.314,4.0,0.0,26.859,NaN,0.967,1.007,4.0,0.0
2026-07-30T00:00:00Z,50.0,9.5,58.5,35.892,NaN,0.302,0.304,5.0,0.0,27.311,NaN,0.963,0.964,5.0,0.0
2026-07-30T00:00:00Z,50.0,9.5,59.5,36.164,NaN,0.165,0.165,7.0,0.0,28.214,NaN,0.564,0.61,7.0,0.0
2026-07-30T00:00:00Z,50.0,9.5,60.5,36.262,NaN,0.169,0.174,9.0,0.0,28.314,NaN,0.541,0.584,9.0,0.0
2026-07-30T00:00:00Z,50.0,9.5,61.5,36.31,36.319,0.109,0.117,8.0,3.0,28.313,28.307,0.42,0.43,8.0,3.0
2026-07-30T00:00:00Z,50.0,9.5,62.5,36.345,36.377,0.088,0.109,8.0,1.0,28.39,28.568,0.258,0.267,8.0,1.0
2026-07-30T00:00:00Z,50.0,9.5,63.5,36.361,NaN,0.075,0.096,7.0,0.0,28.465,NaN,0.274,0.274,7.0,0.0
2026-07-30T00:00:00Z,50.0,9.5,64.5,36.25,NaN,0.064,0.09,7.0,0.0,28.873,NaN,0.312,0.437,7.0,0.0
2026-07-30T00:00:00Z,50.0,9.5,65.5,36.191,NaN,0.108,0.123,6.0,0.0,29.054,NaN,0.291,0.336,6.0,0.0
2026-07-30T00:00:00Z,50.0,9.5,66.5,36.165,NaN,0.159,0.169,5.0,0.0,29.101,NaN,0.054,0.056,4.0,0.0
2026-07-30T00:00:00Z,50.0,9.5,67.5,36.135,NaN,0.145,0.148,6.0,0.0,29.129,NaN,0.069,0.071,5.0,0.0
2026-07-30T00:00:00Z,50.0,9.5,68.5,36.122,NaN,0.141,0.144,6.0,0.0,29.141,NaN,0.067,0.067,5.0,0.0
2026-07-30T00:00:00Z,50.0,9.5,69.5,36.117,NaN,0.141,0.143,6.0,0.0,29.166,NaN,0.067,0.075,5.0,0.0
2026-07-30T00:00:00Z,50.0,9.5,70.5,36.117,NaN,0.125,0.138,5.0,0.0,29.167,NaN,0.031,0.032,4.0,0.0
2026-07-30T00:00:00Z,50.0,9.5,71.5,36.119,NaN,0.141,0.178,3.0,0.0,29.165,NaN,0.023,0.031,2.0,0.0
2026-07-30T00:00:00Z,50.0,9.5,72.5,36.112,NaN,0.377,0.463,3.0,0.0,29.16,NaN,0.228,0.264,3.0,0.0
2026-07-30T00:00:00Z,50.0,9.5,73.5,35.345,NaN,0.405,0.548,2.0,0.0,28.725,NaN,0.229,0.311,2.0,0.0
2026-07-30T00:00:00Z,50.0,9.5,74.5,35.31,NaN,0.0,0.0,1.0,0.0,28.705,NaN,0.0,0.0,1.0,0.0
2026-07-30T00:00:00Z,50.0,9.5,75.5,35.31,NaN,0.0,0.0,1.0,0.0,28.705,NaN,0.0,0.0,1.0,0.0
2026-07-30T00:00:00Z,50.0,9.5,76.5,NaN,NaN,NaN,NaN,NaN,NaN,NaN,NaN,NaN,NaN,NaN,NaN
2026-07-30T00:00:00Z,50.0,9.5,77.5,NaN,NaN,NaN,NaN,NaN,NaN,NaN,NaN,NaN,NaN,NaN,NaN
2026-07-30T00:00:00Z,50.0,9.5,78.5,NaN,NaN,NaN,NaN,NaN,NaN,NaN,NaN,NaN,NaN,NaN,NaN
2026-07-30T00:00:00Z,50.0,10.5,50.5,NaN,NaN,NaN,NaN,NaN,NaN,NaN,NaN,NaN,NaN,NaN,NaN
2026-07-30T00:00:00Z,50.0,10.5,51.5,NaN,NaN,NaN,NaN,NaN,NaN,NaN,NaN,NaN,NaN,NaN,NaN
2026-07-30T00:00:00Z,50.0,10.5,52.5,NaN,NaN,NaN,NaN,NaN,NaN,NaN,NaN,NaN,NaN,NaN,NaN
2026-07-30T00:00:00Z,50.0,10.5,53.5,35.375,NaN,0.0,0.0,1.0,0.0,25.809,NaN,0.0,0.0,1.0,0.0
2026-07-30T00:00:00Z,50.0,10.5,54.5,35.375,NaN,0.0,0.0,1.0,0.0,25.809,NaN,0.0,0.0,1.0,0.0
2026-07-30T00:00:00Z,50.0,10.5,55.5,35.391,NaN,0.232,0.317,2.0,0.0,25.853,NaN,0.621,0.848,2.0,0.0
2026-07-30T00:00:00Z,50.0,10.5,56.5,35.687,NaN,0.29,0.3,3.0,0.0,26.645,NaN,0.612,0.613,3.0,0.0
2026-07-30T00:00:00Z,50.0,10.5,57.5,35.837,NaN,0.3,0.301,4.0,0.0,27.042,NaN,0.967,0.972,4.0,0.0
2026-07-30T00:00:00Z,50.0,10.5,58.5,35.859,35.839,0.302,0.309,5.0,1.0,27.066,27.051,0.963,1.005,5.0,1.0
2026-07-30T00:00:00Z,50.0,10.5,59.5,36.104,NaN,0.165,0.179,7.0,0.0,27.224,NaN,0.564,0.945,7.0,0.0
2026-07-30T00:00:00Z,50.0,10.5,60.5,36.278,NaN,0.164,0.168,11.0,0.0,28.136,NaN,0.508,0.519,11.0,0.0
2026-07-30T00:00:00Z,50.0,10.5,61.5,36.333,NaN,0.108,0.118,10.0,0.0,28.332,NaN,0.423,0.47,10.0,0.0
2026-07-30T00:00:00Z,50.0,10.5,62.5,36.365,36.386,0.089,0.113,10.0,1.0,28.416,28.404,0.369,0.382,10.0,1.0
2026-07-30T00:00:00Z,50.0,10.5,63.5,36.378,NaN,0.076,0.101,9.0,0.0,28.45,NaN,0.381,0.412,9.0,0.0
2026-07-30T00:00:00Z,50.0,10.5,64.5,36.382,NaN,0.067,0.091,9.0,0.0,28.49,NaN,0.44,0.452,9.0,0.0
2026-07-30T00:00:00Z,50.0,10.5,65.5,36.24,NaN,0.109,0.114,8.0,0.0,28.989,NaN,0.556,0.678,8.0,0.0
2026-07-30T00:00:00Z,50.0,10.5,66.5,36.198,NaN,0.065,0.067,4.0,0.0,29.08,NaN,0.054,0.055,4.0,0.0
2026-07-30T00:00:00Z,50.0,10.5,67.5,36.165,36.103,0.067,0.067,5.0,1.0,29.106,29.153,0.069,0.069,5.0,1.0
2026-07-30T00:00:00Z,50.0,10.5,68.5,36.142,NaN,0.068,0.069,5.0,0.0,29.128,NaN,0.067,0.067,5.0,0.0
2026-07-30T00:00:00Z,50.0,10.5,69.5,36.116,NaN,0.068,0.078,5.0,0.0,29.174,NaN,0.067,0.079,5.0,0.0
2026-07-30T00:00:00Z,50.0,10.5,70.5,36.116,36.12,0.022,0.023,4.0,1.0,29.174,29.164,0.031,0.034,4.0,1.0
2026-07-30T00:00:00Z,50.0,10.5,71.5,36.118,NaN,0.009,0.012,2.0,0.0,29.168,NaN,0.023,0.029,2.0,0.0
2026-07-30T00:00:00Z,50.0,10.5,72.5,36.119,NaN,0.009,0.013,2.0,0.0,29.166,NaN,0.023,0.031,2.0,0.0
2026-07-30T00:00:00Z,50.0,10.5,73.5,36.12,NaN,0.0,0.0,1.0,0.0,29.164,NaN,0.0,0.0,1.0,0.0
2026-07-30T00:00:00Z,50.0,10.5,74.5,NaN,NaN,NaN,NaN,NaN,NaN,NaN,NaN,NaN,NaN,NaN,NaN
2026-07-30T00:00:00Z,50.0,10.5,75.5,NaN,NaN,NaN,NaN,NaN,NaN,NaN,NaN,NaN,NaN,NaN,NaN
2026-07-30T00:00:00Z,50.0,10.5,76.5,NaN,NaN,NaN,NaN,NaN,NaN,NaN,NaN,NaN,NaN,NaN,NaN
2026-07-30T00:00:00Z,50.0,10.5,77.5,NaN,NaN,NaN,NaN,NaN,NaN,NaN,NaN,NaN,NaN,NaN,NaN
2026-07-30T00:00:00Z,50.0,10.5,78.5,NaN,NaN,NaN,NaN,NaN,NaN,NaN,NaN,NaN,NaN,NaN,NaN
2026-07-30T00:00:00Z,50.0,11.5,50.5,NaN,NaN,NaN,NaN,NaN,NaN,NaN,NaN,NaN,NaN,NaN,NaN
2026-07-30T00:00:00Z,50.0,11.5,51.5,NaN,NaN,NaN,NaN,NaN,NaN,NaN,NaN,NaN,NaN,NaN,NaN
2026-07-30T00:00:00Z,50.0,11.5,52.5,NaN,NaN,NaN,NaN,NaN,NaN,NaN,NaN,NaN,NaN,NaN,NaN
2026-07-30T00:00:00Z,50.0,11.5,53.5,35.375,NaN,0.0,0.0,1.0,0.0,25.809,NaN,0.0,0.0,1.0,0.0
2026-07-30T00:00:00Z,50.0,11.5,54.5,35.375,NaN,0.0,0.0,1.0,0.0,25.809,NaN,0.0,0.0,1.0,0.0
2026-07-30T00:00:00Z,50.0,11.5,55.5,35.59,NaN,0.232,0.233,2.0,0.0,26.383,NaN,0.621,0.623,2.0,0.0
2026-07-30T00:00:00Z,50.0,11.5,56.5,35.833,NaN,0.29,0.299,3.0,0.0,27.028,NaN,0.612,0.708,3.0,0.0
2026-07-30T00:00:00Z,50.0,11.5,57.5,35.866,NaN,0.29,0.308,3.0,0.0,27.063,NaN,0.612,0.726,3.0,0.0
2026-07-30T00:00:00Z,50.0,11.5,58.5,35.964,NaN,0.386,0.387,4.0,0.0,27.108,NaN,0.651,0.686,4.0,0.0
2026-07-30T00:00:00Z,50.0,11.5,59.5,36.052,36.073,0.203,0.262,6.0,1.0,27.15,27.158,0.55,0.835,6.0,1.0
2026-07-30T00:00:00Z,50.0,11.5,60.5,36.101,NaN,0.176,0.249,10.0,0.0,27.269,NaN,0.515,0.824,10.0,0.0
2026-07-30T00:00:00Z,50.0,11.5,61.5,36.32,NaN,0.103,0.104,9.0,0.0,28.001,NaN,0.45,0.451,9.0,0.0
2026-07-30T00:00:00Z,50.0,11.5,62.5,36.333,NaN,0.055,0.06,8.0,0.0,28.062,NaN,0.356,0.36,8.0,0.0
2026-07-30T00:00:00Z,50.0,11.5,63.5,36.353,NaN,0.055,0.055,8.0,0.0,28.12,NaN,0.356,0.356,8.0,0.0
2026-07-30T00:00:00Z,50.0,11.5,64.5,36.374,NaN,0.05,0.062,8.0,0.0,28.135,NaN,0.39,0.423,8.0,0.0
2026-07-30T00:00:00Z,50.0,11.5,65.5,36.26,NaN,0.111,0.114,7.0,0.0,28.991,NaN,0.564,0.725,7.0,0.0
2026-07-30T00:00:00Z,50.0,11.5,66.5,36.227,NaN,0.138,0.149,5.0,0.0,29.057,NaN,0.204,0.239,5.0,0.0
2026-07-30T00:00:00Z,50.0,11.5,67.5,36.193,36.22,0.143,0.155,6.0,2.0,29.086,29.066,0.213,0.238,6.0,2.0
2026-07-30T00:00:00Z,50.0,11.5,68.5,36.162,NaN,0.141,0.158,7.0,0.0,29.116,NaN,0.207,0.235,7.0,0.0
2026-07-30T00:00:00Z,50.0,11.5,69.5,36.114,NaN,0.141,0.185,7.0,0.0,29.184,NaN,0.207,0.273,7.0,0.0
2026-07-30T00:00:00Z,50.0,11.5,70.5,36.11,36.101,0.15,0.19,6.0,1.0,29.187,29.209,0.224,0.289,6.0,1.0
2026-07-30T00:00:00Z,50.0,11.5,71.5,36.115,NaN,0.163,0.228,4.0,0.0,29.176,NaN,0.249,0.344,4.0,0.0
2026-07-30T00:00:00Z,50.0,11.5,72.5,36.118,NaN,0.009,0.012,2.0,0.0,29.169,NaN,0.023,0.028,2.0,0.0
2026-07-30T00:00:00Z,50.0,11.5,73.5,36.12,NaN,0.0,0.0,1.0,0.0,29.164,NaN,0.0,0.0,1.0,0.0
2026-07-30T00:00:00Z,50.0,11.5,74.5,NaN,NaN,NaN,NaN,NaN,NaN,NaN,NaN,NaN,NaN,NaN,NaN
2026-07-30T00:00:00Z,50.0,11.5,75.5,NaN,NaN,NaN,NaN,NaN,NaN,NaN,NaN,NaN,NaN,NaN,NaN
2026-07-30T00:00:00Z,50.0,11.5,76.5,NaN,NaN,NaN,NaN,NaN,NaN,NaN,NaN,NaN,NaN,NaN,NaN
2026-07-30T00:00:00Z,50.0,11.5,77.5,NaN,NaN,NaN,NaN,NaN,NaN,NaN,NaN,NaN,NaN,NaN,NaN
2026-07-30T00:00:00Z,50.0,11.5,78.5,NaN,NaN,NaN,NaN,NaN,NaN,NaN,NaN,NaN,NaN,NaN,NaN
2026-07-30T00:00:00Z,50.0,12.5,50.5,NaN,NaN,NaN,NaN,NaN,NaN,NaN,NaN,NaN,NaN,NaN,NaN
2026-07-30T00:00:00Z,50.0,12.5,51.5,35.905,NaN,0.0,0.0,1.0,0.0,19.26,NaN,0.0,0.0,1.0,0.0
2026-07-30T00:00:00Z,50.0,12.5,52.5,35.905,NaN,0.0,0.0,1.0,0.0,19.26,NaN,0.0,0.0,1.0,0.0
2026-07-30T00:00:00Z,50.0,12.5,53.5,35.905,NaN,0.0,0.0,1.0,0.0,19.26,NaN,0.0,0.0,1.0,0.0
2026-07-30T00:00:00Z,50.0,12.5,54.5,35.905,NaN,0.0,0.0,1.0,0.0,19.26,NaN,0.0,0.0,1.0,0.0
2026-07-30T00:00:00Z,50.0,12.5,55.5,35.882,NaN,0.033,0.034,2.0,0.0,22.011,NaN,3.896,4.06,2.0,0.0
2026-07-30T00:00:00Z,50.0,12.5,56.5,35.879,NaN,0.099,0.115,3.0,0.0,27.058,NaN,3.698,4.503,3.0,0.0
2026-07-30T00:00:00Z,50.0,12.5,57.5,35.989,NaN,0.117,0.122,2.0,0.0,27.12,NaN,0.054,0.056,2.0,0.0
2026-07-30T00:00:00Z,50.0,12.5,58.5,36.059,NaN,0.247,0.254,3.0,0.0,27.152,NaN,0.211,0.233,3.0,0.0
2026-07-30T00:00:00Z,50.0,12.5,59.5,36.076,NaN,0.22,0.254,5.0,0.0,27.162,NaN,0.534,0.734,5.0,0.0
2026-07-30T00:00:00Z,50.0,12.5,60.5,36.146,NaN,0.175,0.234,11.0,0.0,27.258,NaN,0.473,0.757,11.0,0.0
2026-07-30T00:00:00Z,50.0,12.5,61.5,36.31,NaN,0.102,0.108,10.0,0.0,27.685,NaN,0.42,0.485,10.0,0.0
2026-07-30T00:00:00Z,50.0,12.5,62.5,36.316,36.283,0.048,0.078,9.0,1.0,27.734,27.712,0.35,0.448,9.0,1.0
2026-07-30T00:00:00Z,50.0,12.5,63.5,36.36,NaN,0.048,0.051,9.0,0.0,27.755,NaN,0.35,0.435,9.0,0.0
2026-07-30T00:00:00Z,50.0,12.5,64.5,36.398,NaN,0.051,0.064,9.0,0.0,27.771,NaN,0.426,0.588,9.0,0.0
2026-07-30T00:00:00Z,50.0,12.5,65.5,36.327,NaN,0.109,0.109,10.0,0.0,28.544,NaN,0.571,0.587,10.0,0.0
2026-07-30T00:00:00Z,50.0,12.5,66.5,36.24,NaN,0.137,0.152,6.0,0.0,29.047,NaN,0.2,0.247,6.0,0.0
2026-07-30T00:00:00Z,50.0,12.5,67.5,36.211,NaN,0.146,0.16,7.0,0.0,29.069,NaN,0.214,0.247,7.0,0.0
2026-07-30T00:00:00Z,50.0,12.5,68.5,36.212,NaN,0.146,0.153,8.0,0.0,29.046,NaN,0.213,0.225,8.0,0.0
2026-07-30T00:00:00Z,50.0,12.5,69.5,36.187,NaN,0.146,0.162,8.0,0.0,29.076,NaN,0.213,0.237,8.0,0.0
2026-07-30T00:00:00Z,50.0,12.5,70.5,36.127,NaN,0.155,0.201,7.0,0.0,29.166,NaN,0.227,0.302,7.0,0.0
2026-07-30T00:00:00Z,50.0,12.5,71.5,36.113,NaN,0.163,0.229,4.0,0.0,29.184,NaN,0.249,0.35,4.0,0.0
2026-07-30T00:00:00Z,50.0,12.5,72.5,36.114,NaN,0.009,0.01,2.0,0.0,29.179,NaN,0.023,0.024,2.0,0.0
2026-07-30T00:00:00Z,50.0,12.5,73.5,36.12,NaN,0.0,0.0,1.0,0.0,29.164,NaN,0.0,0.0,1.0,0.0
2026-07-30T00:00:00Z,50.0,12.5,74.5,NaN,NaN,NaN,NaN,NaN,NaN,NaN,NaN,NaN,NaN,NaN,NaN
2026-07-30T00:00:00Z,50.0,12.5,75.5,NaN,NaN,NaN,NaN,NaN,NaN,NaN,NaN,NaN,NaN,NaN,NaN
2026-07-30T00:00:00Z,50.0,12.5,76.5,NaN,NaN,NaN,NaN,NaN,NaN,NaN,NaN,NaN,NaN,NaN,NaN
2026-07-30T00:00:00Z,50.0,12.5,77.5,NaN,NaN,NaN,NaN,NaN,NaN,NaN,NaN,NaN,NaN,NaN,NaN
2026-07-30T00:00:00Z,50.0,12.5,78.5,NaN,NaN,NaN,NaN,NaN,NaN,NaN,NaN,NaN,NaN,NaN,NaN
2026-07-30T00:00:00Z,50.0,13.5,50.5,NaN,NaN,NaN,NaN,NaN,NaN,NaN,NaN,NaN,NaN,NaN,NaN
2026-07-30T00:00:00Z,50.0,13.5,51.5,35.905,NaN,0.0,0.0,1.0,0.0,19.26,NaN,0.0,0.0,1.0,0.0
2026-07-30T00:00:00Z,50.0,13.5,52.5,35.905,NaN,0.0,0.0,1.0,0.0,19.26,NaN,0.0,0.0,1.0,0.0
2026-07-30T00:00:00Z,50.0,13.5,53.5,35.905,NaN,0.0,0.0,1.0,0.0,19.26,NaN,0.0,0.0,1.0,0.0
2026-07-30T00:00:00Z,50.0,13.5,54.5,35.905,NaN,0.0,0.0,1.0,0.0,19.26,NaN,0.0,0.0,1.0,0.0
2026-07-30T00:00:00Z,50.0,13.5,55.5,35.905,NaN,0.0,0.0,1.0,0.0,19.26,NaN,0.0,0.0,1.0,0.0
2026-07-30T00:00:00Z,50.0,13.5,56.5,35.936,NaN,0.084,0.099,2.0,0.0,20.702,NaN,3.949,4.678,2.0,0.0
2026-07-30T00:00:00Z,50.0,13.5,57.5,36.073,NaN,0.0,0.0,1.0,0.0,27.158,NaN,0.0,0.0,1.0,0.0
2026-07-30T00:00:00Z,50.0,13.5,58.5,36.09,NaN,0.183,0.247,2.0,0.0,27.175,NaN,0.192,0.26,2.0,0.0
2026-07-30T00:00:00Z,50.0,13.5,59.5,36.232,NaN,0.183,0.185,2.0,0.0,27.325,NaN,0.192,0.194,2.0,0.0
2026-07-30T00:00:00Z,50.0,13.5,60.5,36.436,NaN,0.129,0.162,6.0,0.0,27.549,NaN,0.225,0.237,6.0,0.0
2026-07-30T00:00:00Z,50.0,13.5,61.5,36.403,NaN,0.129,0.144,6.0,0.0,27.62,NaN,0.225,0.225,6.0,0.0
2026-07-30T00:00:00Z,50.0,13.5,62.5,36.417,NaN,0.06,0.061,6.0,0.0,27.743,NaN,0.095,0.099,5.0,0.0
2026-07-30T00:00:00Z,50.0,13.5,63.5,36.398,36.42,0.083,0.097,9.0,1.0,27.764,27.774,0.393,0.459,8.0,1.0
2026-07-30T00:00:00Z,50.0,13.5,64.5,36.416,NaN,0.098,0.099,9.0,0.0,27.778,NaN,0.47,0.622,8.0,0.0
2026-07-30T00:00:00Z,50.0,13.5,65.5,36.492,NaN,0.141,0.18,12.0,0.0,28.123,NaN,0.551,0.621,11.0,0.0
2026-07-30T00:00:00Z,50.0,13.5,66.5,36.412,NaN,0.152,0.153,10.0,0.0,28.702,NaN,0.277,0.283,9.0,0.0
2026-07-30T00:00:00Z,50.0,13.5,67.5,36.373,NaN,0.167,0.168,11.0,0.0,28.801,NaN,0.295,0.295,10.0,0.0
2026-07-30T00:00:00Z,50.0,13.5,68.5,36.425,NaN,0.177,0.199,11.0,0.0,28.711,NaN,0.299,0.325,11.0,0.0
2026-07-30T00:00:00Z,50.0,13.5,69.5,36.426,NaN,0.146,0.223,8.0,0.0,28.708,NaN,0.213,0.34,8.0,0.0
2026-07-30T00:00:00Z,50.0,13.5,70.5,36.396,NaN,0.155,0.21,7.0,0.0,28.754,NaN,0.227,0.311,7.0,0.0
2026-07-30T00:00:00Z,50.0,13.5,71.5,36.301,NaN,0.163,0.166,4.0,0.0,28.899,NaN,0.249,0.252,4.0,0.0
2026-07-30T00:00:00Z,50.0,13.5,72.5,36.108,NaN,0.009,0.01,2.0,0.0,29.193,NaN,0.023,0.023,2.0,0.0
2026-07-30T00:00:00Z,50.0,13.5,73.5,36.12,NaN,0.0,0.0,1.0,0.0,29.164,NaN,0.0,0.0,1.0,0.0
2026-07-30T00:00:00Z,50.0,13.5,74.5,NaN,NaN,NaN,NaN,NaN,NaN,NaN,NaN,NaN,NaN,NaN,NaN
2026-07-30T00:00:00Z,50.0,13.5,75.5,NaN,NaN,NaN,NaN,NaN,NaN,NaN,NaN,NaN,NaN,NaN,NaN
2026-07-30T00:00:00Z,50.0,13.5,76.5,NaN,NaN,NaN,NaN,NaN,NaN,NaN,NaN,NaN,NaN,NaN,NaN
2026-07-30T00:00:00Z,50.0,13.5,77.5,NaN,NaN,NaN,NaN,NaN,NaN,NaN,NaN,NaN,NaN,NaN,NaN
2026-07-30T00:00:00Z,50.0,13.5,78.5,NaN,NaN,NaN,NaN,NaN,NaN,NaN,NaN,NaN,NaN,NaN,NaN
2026-07-30T00:00:00Z,50.0,14.5,50.5,NaN,NaN,NaN,NaN,NaN,NaN,NaN,NaN,NaN,NaN,NaN,NaN
2026-07-30T00:00:00Z,50.0,14.5,51.5,35.905,NaN,0.0,0.0,1.0,0.0,19.26,NaN,0.0,0.0,1.0,0.0
2026-07-30T00:00:00Z,50.0,14.5,52.5,35.905,NaN,0.077,0.109,2.0,0.0,19.259,NaN,0.26,0.368,2.0,0.0
2026-07-30T00:00:00Z,50.0,14.5,53.5,35.904,NaN,0.077,0.108,2.0,0.0,19.255,NaN,0.26,0.365,2.0,0.0
2026-07-30T00:00:00Z,50.0,14.5,54.5,35.899,NaN,0.077,0.105,2.0,0.0,19.239,NaN,0.26,0.354,2.0,0.0
2026-07-30T00:00:00Z,50.0,14.5,55.5,35.88,NaN,0.077,0.093,2.0,0.0,19.175,NaN,0.26,0.314,2.0,0.0
2026-07-30T00:00:00Z,50.0,14.5,56.5,35.832,NaN,0.131,0.153,3.0,0.0,19.015,NaN,3.852,4.706,3.0,0.0
2026-07-30T00:00:00Z,50.0,14.5,57.5,35.907,NaN,0.161,0.161,2.0,0.0,22.816,NaN,4.21,4.212,2.0,0.0
2026-07-30T00:00:00Z,50.0,14.5,58.5,36.344,NaN,0.183,0.203,2.0,0.0,27.443,NaN,0.192,0.214,2.0,0.0
2026-07-30T00:00:00Z,50.0,14.5,59.5,36.431,NaN,0.154,0.214,3.0,0.0,27.535,NaN,0.18,0.218,3.0,0.0
2026-07-30T00:00:00Z,50.0,14.5,60.5,36.437,36.439,0.119,0.155,7.0,1.0,27.551,27.543,0.211,0.219,7.0,1.0
2026-07-30T00:00:00Z,50.0,14.5,61.5,36.424,NaN,0.119,0.147,7.0,0.0,27.639,NaN,0.211,0.213,7.0,0.0
2026-07-30T00:00:00Z,50.0,14.5,62.5,36.408,36.408,0.061,0.062,7.0,2.0,27.764,27.776,0.11,0.135,6.0,2.0
2026-07-30T00:00:00Z,50.0,14.5,63.5,36.41,NaN,0.086,0.09,10.0,0.0,27.769,NaN,0.398,0.438,9.0,0.0
2026-07-30T00:00:00Z,50.0,14.5,64.5,36.467,NaN,0.09,0.095,9.0,0.0,27.969,NaN,0.394,0.395,8.0,0.0
2026-07-30T00:00:00Z,50.0,14.5,65.5,36.547,NaN,0.118,0.175,10.0,0.0,28.389,NaN,0.497,0.513,9.0,0.0
2026-07-30T00:00:00Z,50.0,14.5,66.5,36.54,NaN,0.12,0.155,8.0,0.0,28.448,NaN,0.243,0.328,7.0,0.0
2026-07-30T00:00:00Z,50.0,14.5,67.5,36.444,NaN,0.156,0.161,9.0,0.0,28.685,NaN,0.289,0.294,8.0,0.0
2026-07-30T00:00:00Z,50.0,14.5,68.5,36.433,NaN,0.154,0.158,9.0,0.0,28.706,NaN,0.422,0.431,9.0,0.0
2026-07-30T00:00:00Z,50.0,14.5,69.5,36.436,36.437,0.141,0.178,6.0,2.0,28.695,28.69,0.487,0.487,6.0,2.0
2026-07-30T00:00:00Z,50.0,14.5,70.5,36.436,NaN,0.141,0.178,6.0,0.0,28.692,NaN,0.487,0.487,6.0,0.0
2026-07-30T00:00:00Z,50.0,14.5,71.5,36.427,NaN,0.141,0.163,4.0,0.0,28.439,NaN,0.543,0.56,4.0,0.0
2026-07-30T00:00:00Z,50.0,14.5,72.5,36.402,NaN,0.151,0.213,2.0,0.0,27.715,NaN,0.75,1.057,2.0,0.0
2026-07-30T00:00:00Z,50.0,14.5,73.5,36.403,NaN,0.0,0.0,1.0,0.0,27.709,NaN,0.0,0.0,1.0,0.0
2026-07-30T00:00:00Z,50.0,14.5,74.5,NaN,NaN,NaN,NaN,NaN,NaN,NaN,NaN,NaN,NaN,NaN,NaN
2026-07-30T00:00:00Z,50.0,14.5,75.5,NaN,NaN,NaN,NaN,NaN,NaN,NaN,NaN,NaN,NaN,NaN,NaN
2026-07-30T00:00:00Z,50.0,14.5,76.5,NaN,NaN,NaN,NaN,NaN,NaN,NaN,NaN,NaN,NaN,NaN,NaN
2026-07-30T00:00:00Z,50.0,14.5,77.5,NaN,NaN,NaN,NaN,NaN,NaN,NaN,NaN,NaN,NaN,NaN,NaN
2026-07-30T00:00:00Z,50.0,14.5,78.5,NaN,NaN,NaN,NaN,NaN,NaN,NaN,NaN,NaN,NaN,NaN,NaN
2026-07-30T00:00:00Z,50.0,15.5,50.5,NaN,NaN,NaN,NaN,NaN,NaN,NaN,NaN,NaN,NaN,NaN,NaN
2026-07-30T00:00:00Z,50.0,15.5,51.5,NaN,NaN,NaN,NaN,NaN,NaN,NaN,NaN,NaN,NaN,NaN,NaN
2026-07-30T00:00:00Z,50.0,15.5,52.5,35.903,NaN,0.077,0.107,2.0,0.0,19.253,NaN,0.26,0.364,2.0,0.0
2026-07-30T00:00:00Z,50.0,15.5,53.5,35.896,NaN,0.077,0.103,2.0,0.0,19.23,NaN,0.26,0.348,2.0,0.0
2026-07-30T00:00:00Z,50.0,15.5,54.5,35.871,35.905,0.077,0.088,2.0,1.0,19.145,19.26,0.26,0.298,2.0,1.0
2026-07-30T00:00:00Z,50.0,15.5,55.5,35.818,NaN,0.077,0.078,2.0,0.0,18.965,NaN,0.26,0.263,2.0,0.0
2026-07-30T00:00:00Z,50.0,15.5,56.5,35.773,NaN,0.077,0.095,2.0,0.0,18.813,NaN,0.26,0.32,2.0,0.0
2026-07-30T00:00:00Z,50.0,15.5,57.5,35.751,NaN,0.0,0.0,1.0,0.0,18.739,NaN,0.0,0.0,1.0,0.0
2026-07-30T00:00:00Z,50.0,15.5,58.5,36.439,NaN,0.0,0.0,1.0,0.0,27.543,NaN,0.0,0.0,1.0,0.0
2026-07-30T00:00:00Z,50.0,15.5,59.5,36.423,NaN,0.052,0.063,2.0,0.0,27.542,NaN,0.004,0.005,2.0,0.0
2026-07-30T00:00:00Z,50.0,15.5,60.5,36.403,NaN,0.055,0.059,6.0,0.0,27.555,NaN,0.11,0.171,6.0,0.0
2026-07-30T00:00:00Z,50.0,15.5,61.5,36.389,NaN,0.055,0.055,6.0,0.0,27.648,NaN,0.11,0.117,6.0,0.0
2026-07-30T00:00:00Z,50.0,15.5,62.5,36.402,NaN,0.07,0.07,8.0,0.0,27.75,NaN,0.178,0.178,7.0,0.0
2026-07-30T00:00:00Z,50.0,15.5,63.5,36.417,NaN,0.085,0.089,11.0,0.0,27.77,NaN,0.381,0.428,10.0,0.0
2026-07-30T00:00:00Z,50.0,15.5,64.5,36.5,NaN,0.089,0.105,10.0,0.0,28.262,NaN,0.373,0.448,9.0,0.0
2026-07-30T00:00:00Z,50.0,15.5,65.5,36.532,36.582,0.082,0.113,10.0,1.0,28.441,28.297,0.393,0.491,9.0,1.0
2026-07-30T00:00:00Z,50.0,15.5,66.5,36.53,36.555,0.07,0.075,9.0,1.0,28.483,28.423,0.24,0.253,8.0,1.0
2026-07-30T00:00:00Z,50.0,15.5,67.5,36.465,NaN,0.07,0.079,9.0,0.0,28.645,NaN,0.24,0.255,8.0,0.0
2026-07-30T00:00:00Z,50.0,15.5,68.5,36.428,36.423,0.08,0.103,8.0,1.0,28.729,28.741,0.346,0.408,8.0,1.0
2026-07-30T00:00:00Z,50.0,15.5,69.5,36.434,NaN,0.085,0.09,5.0,0.0,28.671,NaN,0.415,0.437,5.0,0.0
2026-07-30T00:00:00Z,50.0,15.5,70.5,36.42,NaN,0.085,0.097,5.0,0.0,28.104,NaN,0.415,0.595,5.0,0.0
2026-07-30T00:00:00Z,50.0,15.5,71.5,36.404,NaN,0.091,0.117,4.0,0.0,27.735,NaN,0.448,0.869,4.0,0.0
2026-07-30T00:00:00Z,50.0,15.5,72.5,36.403,NaN,0.0,0.0,1.0,0.0,27.709,NaN,0.0,0.0,1.0,0.0
2026-07-30T00:00:00Z,50.0,15.5,73.5,NaN,NaN,NaN,NaN,NaN,NaN,NaN,NaN,NaN,NaN,NaN,NaN
2026-07-30T00:00:00Z,50.0,15.5,74.5,NaN,NaN,NaN,NaN,NaN,NaN,NaN,NaN,NaN,NaN,NaN,NaN
2026-07-30T00:00:00Z,50.0,15.5,75.5,NaN,NaN,NaN,NaN,NaN,NaN,NaN,NaN,NaN,NaN,NaN,NaN
2026-07-30T00:00:00Z,50.0,15.5,76.5,NaN,NaN,NaN,NaN,NaN,NaN,NaN,NaN,NaN,NaN,NaN,NaN
2026-07-30T00:00:00Z,50.0,15.5,77.5,NaN,NaN,NaN,NaN,NaN,NaN,NaN,NaN,NaN,NaN,NaN,NaN
2026-07-30T00:00:00Z,50.0,15.5,78.5,NaN,NaN,NaN,NaN,NaN,NaN,NaN,NaN,NaN,NaN,NaN,NaN
2026-07-30T00:00:00Z,50.0,16.5,50.5,NaN,NaN,NaN,NaN,NaN,NaN,NaN,NaN,NaN,NaN,NaN,NaN
2026-07-30T00:00:00Z,50.0,16.5,51.5,NaN,NaN,NaN,NaN,NaN,NaN,NaN,NaN,NaN,NaN,NaN,NaN
2026-07-30T00:00:00Z,50.0,16.5,52.5,NaN,NaN,NaN,NaN,NaN,NaN,NaN,NaN,NaN,NaN,NaN,NaN
2026-07-30T00:00:00Z,50.0,16.5,53.5,35.86,NaN,0.077,0.083,2.0,0.0,19.108,NaN,0.26,0.282,2.0,0.0
2026-07-30T00:00:00Z,50.0,16.5,54.5,35.804,NaN,0.077,0.081,2.0,0.0,18.918,NaN,0.26,0.273,2.0,0.0
2026-07-30T00:00:00Z,50.0,16.5,55.5,35.767,35.751,0.077,0.098,2.0,1.0,18.792,18.739,0.26,0.333,2.0,1.0
2026-07-30T00:00:00Z,50.0,16.5,56.5,35.755,NaN,0.077,0.106,2.0,0.0,18.752,NaN,0.26,0.36,2.0,0.0
2026-07-30T00:00:00Z,50.0,16.5,57.5,35.751,NaN,0.0,0.0,1.0,0.0,18.739,NaN,0.0,0.0,1.0,0.0
2026-07-30T00:00:00Z,50.0,16.5,58.5,36.439,NaN,0.004,0.006,2.0,0.0,27.509,NaN,1.925,2.699,2.0,0.0
2026-07-30T00:00:00Z,50.0,16.5,59.5,36.343,NaN,0.17,0.179,8.0,0.0,27.513,NaN,1.649,3.26,8.0,0.0
2026-07-30T00:00:00Z,50.0,16.5,60.5,36.338,NaN,0.16,0.162,10.0,0.0,27.514,NaN,1.921,2.919,10.0,0.0
2026-07-30T00:00:00Z,50.0,16.5,61.5,36.34,36.335,0.16,0.162,10.0,1.0,27.526,27.535,1.921,2.929,10.0,1.0
2026-07-30T00:00:00Z,50.0,16.5,62.5,36.359,NaN,0.162,0.163,12.0,0.0,27.593,NaN,1.999,2.845,11.0,0.0
2026-07-30T00:00:00Z,50.0,16.5,63.5,36.443,NaN,0.165,0.177,15.0,0.0,27.788,NaN,2.139,2.668,14.0,0.0
2026-07-30T00:00:00Z,50.0,16.5,64.5,36.497,36.479,0.176,0.216,13.0,1.0,28.291,NaN,2.157,2.943,12.0,0.0
2026-07-30T00:00:00Z,50.0,16.5,65.5,36.513,NaN,0.063,0.071,8.0,0.0,28.438,NaN,0.372,0.412,7.0,0.0
2026-07-30T00:00:00Z,50.0,16.5,66.5,36.517,36.464,0.07,0.071,9.0,1.0,28.515,28.72,0.24,0.245,8.0,1.0
2026-07-30T00:00:00Z,50.0,16.5,67.5,36.488,NaN,0.07,0.071,9.0,0.0,28.616,NaN,0.24,0.247,8.0,0.0
2026-07-30T00:00:00Z,50.0,16.5,68.5,36.495,NaN,0.08,0.081,8.0,0.0,28.766,NaN,0.346,0.429,8.0,0.0
2026-07-30T00:00:00Z,50.0,16.5,69.5,36.537,NaN,0.085,0.11,5.0,0.0,28.524,NaN,0.415,0.415,5.0,0.0
2026-07-30T00:00:00Z,50.0,16.5,70.5,36.433,36.403,0.085,0.091,5.0,1.0,27.863,27.709,0.415,0.787,5.0,1.0
2026-07-30T00:00:00Z,50.0,16.5,71.5,36.405,NaN,0.091,0.117,4.0,0.0,27.721,NaN,0.448,0.882,4.0,0.0
2026-07-30T00:00:00Z,50.0,16.5,72.5,36.403,NaN,0.0,0.0,1.0,0.0,27.709,NaN,0.0,0.0,1.0,0.0
2026-07-30T00:00:00Z,50.0,16.5,73.5,NaN,NaN,NaN,NaN,NaN,NaN,NaN,NaN,NaN,NaN,NaN,NaN
2026-07-30T00:00:00Z,50.0,16.5,74.5,NaN,NaN,NaN,NaN,NaN,NaN,NaN,NaN,NaN,NaN,NaN,NaN
2026-07-30T00:00:00Z,50.0,16.5,75.5,NaN,NaN,NaN,NaN,NaN,NaN,NaN,NaN,NaN,NaN,NaN,NaN
2026-07-30T00:00:00Z,50.0,16.5,76.5,NaN,NaN,NaN,NaN,NaN,NaN,NaN,NaN,NaN,NaN,NaN,NaN
2026-07-30T00:00:00Z,50.0,16.5,77.5,NaN,NaN,NaN,NaN,NaN,NaN,NaN,NaN,NaN,NaN,NaN,NaN
2026-07-30T00:00:00Z,50.0,16.5,78.5,NaN,NaN,NaN,NaN,NaN,NaN,NaN,NaN,NaN,NaN,NaN,NaN
2026-07-30T00:00:00Z,50.0,17.5,50.5,NaN,NaN,NaN,NaN,NaN,NaN,NaN,NaN,NaN,NaN,NaN,NaN
2026-07-30T00:00:00Z,50.0,17.5,51.5,NaN,NaN,NaN,NaN,NaN,NaN,NaN,NaN,NaN,NaN,NaN,NaN
2026-07-30T00:00:00Z,50.0,17.5,52.5,NaN,NaN,NaN,NaN,NaN,NaN,NaN,NaN,NaN,NaN,NaN,NaN
2026-07-30T00:00:00Z,50.0,17.5,53.5,NaN,NaN,NaN,NaN,NaN,NaN,NaN,NaN,NaN,NaN,NaN,NaN
2026-07-30T00:00:00Z,50.0,17.5,54.5,NaN,NaN,NaN,NaN,NaN,NaN,NaN,NaN,NaN,NaN,NaN,NaN
2026-07-30T00:00:00Z,50.0,17.5,55.5,35.754,NaN,0.077,0.107,2.0,0.0,18.748,NaN,0.26,0.362,2.0,0.0
2026-07-30T00:00:00Z,50.0,17.5,56.5,35.752,NaN,0.077,0.108,2.0,0.0,18.741,NaN,0.26,0.367,2.0,0.0
2026-07-30T00:00:00Z,50.0,17.5,57.5,35.751,NaN,0.0,0.0,1.0,0.0,18.739,NaN,0.0,0.0,1.0,0.0
2026-07-30T00:00:00Z,50.0,17.5,58.5,36.447,NaN,0.0,0.0,1.0,0.0,23.692,NaN,0.0,0.0,1.0,0.0
2026-07-30T00:00:00Z,50.0,17.5,59.5,36.324,NaN,0.141,0.163,11.0,0.0,23.798,NaN,1.092,1.244,11.0,0.0
2026-07-30T00:00:00Z,50.0,17.5,60.5,36.334,NaN,0.143,0.157,13.0,0.0,25.993,NaN,1.581,1.914,13.0,0.0
2026-07-30T00:00:00Z,50.0,17.5,61.5,36.329,NaN,0.143,0.155,13.0,0.0,25.986,NaN,1.581,1.91,13.0,0.0
2026-07-30T00:00:00Z,50.0,17.5,62.5,36.326,NaN,0.154,0.156,15.0,0.0,25.982,NaN,1.73,1.923,14.0,0.0
2026-07-30T00:00:00Z,50.0,17.5,63.5,36.461,NaN,0.167,0.207,18.0,0.0,27.424,NaN,2.023,2.638,17.0,0.0
2026-07-30T00:00:00Z,50.0,17.5,64.5,36.507,NaN,0.17,0.244,17.0,0.0,28.124,NaN,2.018,3.034,16.0,0.0
2026-07-30T00:00:00Z,50.0,17.5,65.5,36.51,36.516,0.063,0.07,8.0,1.0,28.194,28.102,0.372,0.378,7.0,1.0
2026-07-30T00:00:00Z,50.0,17.5,66.5,36.509,NaN,0.068,0.069,7.0,0.0,28.355,NaN,0.264,0.31,6.0,0.0
2026-07-30T00:00:00Z,50.0,17.5,67.5,36.546,NaN,0.068,0.072,7.0,0.0,28.648,NaN,0.264,0.294,6.0,0.0
2026-07-30T00:00:00Z,50.0,17.5,68.5,36.626,NaN,0.085,0.144,6.0,0.0,28.817,NaN,0.382,0.528,6.0,0.0
2026-07-30T00:00:00Z,50.0,17.5,69.5,36.61,36.634,0.104,0.161,3.0,1.0,28.715,28.829,0.509,0.584,3.0,1.0
2026-07-30T00:00:00Z,50.0,17.5,70.5,36.49,NaN,0.104,0.105,3.0,0.0,28.129,NaN,0.509,0.589,3.0,0.0
2026-07-30T00:00:00Z,50.0,17.5,71.5,36.412,NaN,0.115,0.157,2.0,0.0,27.753,NaN,0.56,0.761,2.0,0.0
2026-07-30T00:00:00Z,50.0,17.5,72.5,36.403,NaN,0.0,0.0,1.0,0.0,27.709,NaN,0.0,0.0,1.0,0.0
2026-07-30T00:00:00Z,50.0,17.5,73.5,NaN,NaN,NaN,NaN,NaN,NaN,NaN,NaN,NaN,NaN,NaN,NaN
2026-07-30T00:00:00Z,50.0,17.5,74.5,NaN,NaN,NaN,NaN,NaN,NaN,NaN,NaN,NaN,NaN,NaN,NaN
2026-07-30T00:00:00Z,50.0,17.5,75.5,NaN,NaN,NaN,NaN,NaN,NaN,NaN,NaN,NaN,NaN,NaN,NaN
2026-07-30T00:00:00Z,50.0,17.5,76.5,NaN,NaN,NaN,NaN,NaN,NaN,NaN,NaN,NaN,NaN,NaN,NaN
2026-07-30T00:00:00Z,50.0,17.5,77.5,NaN,NaN,NaN,NaN,NaN,NaN,NaN,NaN,NaN,NaN,NaN,NaN
2026-07-30T00:00:00Z,50.0,17.5,78.5,NaN,NaN,NaN,NaN,NaN,NaN,NaN,NaN,NaN,NaN,NaN,NaN
2026-07-30T00:00:00Z,50.0,18.5,50.5,NaN,NaN,NaN,NaN,NaN,NaN,NaN,NaN,NaN,NaN,NaN,NaN
2026-07-30T00:00:00Z,50.0,18.5,51.5,NaN,NaN,NaN,NaN,NaN,NaN,NaN,NaN,NaN,NaN,NaN,NaN
2026-07-30T00:00:00Z,50.0,18.5,52.5,NaN,NaN,NaN,NaN,NaN,NaN,NaN,NaN,NaN,NaN,NaN,NaN
2026-07-30T00:00:00Z,50.0,18.5,53.5,NaN,NaN,NaN,NaN,NaN,NaN,NaN,NaN,NaN,NaN,NaN,NaN
2026-07-30T00:00:00Z,50.0,18.5,54.5,NaN,NaN,NaN,NaN,NaN,NaN,NaN,NaN,NaN,NaN,NaN,NaN
2026-07-30T00:00:00Z,50.0,18.5,55.5,NaN,NaN,NaN,NaN,NaN,NaN,NaN,NaN,NaN,NaN,NaN,NaN
2026-07-30T00:00:00Z,50.0,18.5,56.5,NaN,NaN,NaN,NaN,NaN,NaN,NaN,NaN,NaN,NaN,NaN,NaN
2026-07-30T00:00:00Z,50.0,18.5,57.5,35.763,NaN,0.18,0.246,2.0,0.0,18.906,NaN,2.502,3.423,2.0,0.0
2026-07-30T00:00:00Z,50.0,18.5,58.5,36.255,NaN,0.168,0.17,2.0,0.0,23.722,NaN,0.026,0.026,2.0,0.0
2026-07-30T00:00:00Z,50.0,18.5,59.5,36.286,NaN,0.14,0.15,12.0,0.0,23.812,NaN,1.061,1.185,12.0,0.0
2026-07-30T00:00:00Z,50.0,18.5,60.5,36.275,NaN,0.14,0.146,12.0,0.0,23.835,NaN,1.061,1.175,12.0,0.0
2026-07-30T00:00:00Z,50.0,18.5,61.5,36.26,NaN,0.14,0.143,12.0,0.0,23.872,NaN,1.061,1.16,12.0,0.0
2026-07-30T00:00:00Z,50.0,18.5,62.5,36.245,NaN,0.159,0.161,14.0,0.0,23.928,NaN,1.43,1.592,13.0,0.0
2026-07-30T00:00:00Z,50.0,18.5,63.5,36.309,NaN,0.175,0.176,16.0,0.0,24.679,NaN,2.001,2.148,15.0,0.0
2026-07-30T00:00:00Z,50.0,18.5,64.5,36.512,NaN,0.178,0.261,15.0,0.0,28.062,NaN,2.013,3.192,14.0,0.0
2026-07-30T00:00:00Z,50.0,18.5,65.5,36.515,NaN,0.044,0.045,5.0,0.0,28.109,NaN,0.224,0.357,4.0,0.0
2026-07-30T00:00:00Z,50.0,18.5,66.5,36.515,NaN,0.059,0.064,6.0,0.0,28.133,NaN,0.268,0.434,5.0,0.0
2026-07-30T00:00:00Z,50.0,18.5,67.5,36.605,NaN,0.059,0.089,6.0,0.0,28.687,NaN,0.268,0.342,5.0,0.0
2026-07-30T00:00:00Z,50.0,18.5,68.5,36.634,NaN,0.083,0.135,5.0,0.0,28.827,NaN,0.394,0.584,5.0,0.0
2026-07-30T00:00:00Z,50.0,18.5,69.5,36.628,NaN,0.115,0.159,2.0,0.0,28.798,NaN,0.56,0.77,2.0,0.0
2026-07-30T00:00:00Z,50.0,18.5,70.5,36.566,NaN,0.115,0.125,2.0,0.0,28.499,NaN,0.56,0.606,2.0,0.0
2026-07-30T00:00:00Z,50.0,18.5,71.5,36.436,NaN,0.115,0.142,2.0,0.0,27.867,NaN,0.56,0.69,2.0,0.0
2026-07-30T00:00:00Z,50.0,18.5,72.5,NaN,NaN,NaN,NaN,NaN,NaN,NaN,NaN,NaN,NaN,NaN,NaN
2026-07-30T00:00:00Z,50.0,18.5,73.5,NaN,NaN,NaN,NaN,NaN,NaN,NaN,NaN,NaN,NaN,NaN,NaN
2026-07-30T00:00:00Z,50.0,18.5,74.5,NaN,NaN,NaN,NaN,NaN,NaN,NaN,NaN,NaN,NaN,NaN,NaN
2026-07-30T00:00:00Z,50.0,18.5,75.5,NaN,NaN,NaN,NaN,NaN,NaN,NaN,NaN,NaN,NaN,NaN,NaN
2026-07-30T00:00:00Z,50.0,18.5,76.5,NaN,NaN,NaN,NaN,NaN,NaN,NaN,NaN,NaN,NaN,NaN,NaN
2026-07-30T00:00:00Z,50.0,18.5,77.5,NaN,NaN,NaN,NaN,NaN,NaN,NaN,NaN,NaN,NaN,NaN,NaN
2026-07-30T00:00:00Z,50.0,18.5,78.5,NaN,NaN,NaN,NaN,NaN,NaN,NaN,NaN,NaN,NaN,NaN,NaN
2026-07-30T00:00:00Z,50.0,19.5,50.5,NaN,NaN,NaN,NaN,NaN,NaN,NaN,NaN,NaN,NaN,NaN,NaN
2026-07-30T00:00:00Z,50.0,19.5,51.5,NaN,NaN,NaN,NaN,NaN,NaN,NaN,NaN,NaN,NaN,NaN,NaN
2026-07-30T00:00:00Z,50.0,19.5,52.5,NaN,NaN,NaN,NaN,NaN,NaN,NaN,NaN,NaN,NaN,NaN,NaN
2026-07-30T00:00:00Z,50.0,19.5,53.5,NaN,NaN,NaN,NaN,NaN,NaN,NaN,NaN,NaN,NaN,NaN,NaN
2026-07-30T00:00:00Z,50.0,19.5,54.5,NaN,NaN,NaN,NaN,NaN,NaN,NaN,NaN,NaN,NaN,NaN,NaN
2026-07-30T00:00:00Z,50.0,19.5,55.5,NaN,NaN,NaN,NaN,NaN,NaN,NaN,NaN,NaN,NaN,NaN,NaN
2026-07-30T00:00:00Z,50.0,19.5,56.5,NaN,NaN,NaN,NaN,NaN,NaN,NaN,NaN,NaN,NaN,NaN,NaN
2026-07-30T00:00:00Z,50.0,19.5,57.5,NaN,NaN,NaN,NaN,NaN,NaN,NaN,NaN,NaN,NaN,NaN,NaN
2026-07-30T00:00:00Z,50.0,19.5,58.5,36.119,NaN,0.168,0.232,2.0,0.0,23.743,NaN,0.026,0.036,2.0,0.0
2026-07-30T00:00:00Z,50.0,19.5,59.5,36.212,NaN,0.14,0.141,12.0,0.0,23.834,NaN,1.061,1.176,12.0,0.0
2026-07-30T00:00:00Z,50.0,19.5,60.5,36.245,NaN,0.141,0.141,13.0,0.0,23.936,NaN,1.061,1.135,12.0,0.0
2026-07-30T00:00:00Z,50.0,19.5,61.5,36.269,36.239,0.131,0.134,15.0,9.0,24.023,23.978,0.986,1.042,14.0,9.0
2026-07-30T00:00:00Z,50.0,19.5,62.5,36.251,NaN,0.139,0.14,17.0,0.0,24.118,NaN,1.291,1.382,16.0,0.0
2026-07-30T00:00:00Z,50.0,19.5,63.5,36.242,NaN,0.138,0.141,16.0,0.0,24.214,NaN,1.313,1.39,15.0,0.0
2026-07-30T00:00:00Z,50.0,19.5,64.5,36.39,NaN,0.122,0.164,20.0,0.0,24.465,NaN,1.151,1.171,19.0,0.0
2026-07-30T00:00:00Z,50.0,19.5,65.5,36.295,NaN,0.076,0.088,10.0,0.0,24.579,NaN,1.134,1.185,9.0,0.0
2026-07-30T00:00:00Z,50.0,19.5,66.5,36.412,NaN,0.116,0.126,10.0,0.0,25.98,NaN,1.592,1.726,10.0,0.0
2026-07-30T00:00:00Z,50.0,19.5,67.5,36.348,NaN,0.112,0.121,8.0,0.0,25.189,NaN,1.715,1.747,8.0,0.0
2026-07-30T00:00:00Z,50.0,19.5,68.5,36.342,NaN,0.104,0.115,7.0,0.0,28.572,NaN,1.726,3.446,7.0,0.0
2026-07-30T00:00:00Z,50.0,19.5,69.5,36.398,NaN,0.104,0.104,7.0,0.0,28.818,NaN,1.726,3.662,7.0,0.0
2026-07-30T00:00:00Z,50.0,19.5,70.5,NaN,NaN,NaN,NaN,NaN,NaN,NaN,NaN,NaN,NaN,NaN,NaN
2026-07-30T00:00:00Z,50.0,19.5,71.5,36.494,NaN,0.115,0.118,2.0,0.0,28.152,NaN,0.56,0.572,2.0,0.0
2026-07-30T00:00:00Z,50.0,19.5,72.5,NaN,NaN,NaN,NaN,NaN,NaN,NaN,NaN,NaN,NaN,NaN,NaN
2026-07-30T00:00:00Z,50.0,19.5,73.5,NaN,NaN,NaN,NaN,NaN,NaN,NaN,NaN,NaN,NaN,NaN,NaN
2026-07-30T00:00:00Z,50.0,19.5,74.5,NaN,NaN,NaN,NaN,NaN,NaN,NaN,NaN,NaN,NaN,NaN,NaN
2026-07-30T00:00:00Z,50.0,19.5,75.5,NaN,NaN,NaN,NaN,NaN,NaN,NaN,NaN,NaN,NaN,NaN,NaN
2026-07-30T00:00:00Z,50.0,19.5,76.5,NaN,NaN,NaN,NaN,NaN,NaN,NaN,NaN,NaN,NaN,NaN,NaN
2026-07-30T00:00:00Z,50.0,19.5,77.5,NaN,NaN,NaN,NaN,NaN,NaN,NaN,NaN,NaN,NaN,NaN,NaN
2026-07-30T00:00:00Z,50.0,19.5,78.5,NaN,NaN,NaN,NaN,NaN,NaN,NaN,NaN,NaN,NaN,NaN,NaN
2026-07-30T00:00:00Z,50.0,20.5,50.5,NaN,NaN,NaN,NaN,NaN,NaN,NaN,NaN,NaN,NaN,NaN,NaN
2026-07-30T00:00:00Z,50.0,20.5,51.5,NaN,NaN,NaN,NaN,NaN,NaN,NaN,NaN,NaN,NaN,NaN,NaN
2026-07-30T00:00:00Z,50.0,20.5,52.5,NaN,NaN,NaN,NaN,NaN,NaN,NaN,NaN,NaN,NaN,NaN,NaN
2026-07-30T00:00:00Z,50.0,20.5,53.5,NaN,NaN,NaN,NaN,NaN,NaN,NaN,NaN,NaN,NaN,NaN,NaN
2026-07-30T00:00:00Z,50.0,20.5,54.5,NaN,NaN,NaN,NaN,NaN,NaN,NaN,NaN,NaN,NaN,NaN,NaN
2026-07-30T00:00:00Z,50.0,20.5,55.5,NaN,NaN,NaN,NaN,NaN,NaN,NaN,NaN,NaN,NaN,NaN,NaN
2026-07-30T00:00:00Z,50.0,20.5,56.5,NaN,NaN,NaN,NaN,NaN,NaN,NaN,NaN,NaN,NaN,NaN,NaN
2026-07-30T00:00:00Z,50.0,20.5,57.5,NaN,NaN,NaN,NaN,NaN,NaN,NaN,NaN,NaN,NaN,NaN,NaN
2026-07-30T00:00:00Z,50.0,20.5,58.5,36.113,NaN,0.143,0.242,3.0,0.0,23.737,NaN,0.293,0.37,3.0,0.0
2026-07-30T00:00:00Z,50.0,20.5,59.5,36.122,NaN,0.142,0.181,12.0,0.0,23.772,NaN,0.517,0.553,12.0,0.0
2026-07-30T00:00:00Z,50.0,20.5,60.5,36.183,NaN,0.143,0.156,13.0,0.0,24.019,NaN,0.517,0.519,12.0,0.0
2026-07-30T00:00:00Z,50.0,20.5,61.5,36.235,36.18,0.133,0.134,15.0,1.0,24.262,24.998,0.515,0.559,14.0,1.0
2026-07-30T00:00:00Z,50.0,20.5,62.5,36.244,NaN,0.142,0.143,16.0,0.0,24.357,NaN,1.082,1.084,15.0,0.0
2026-07-30T00:00:00Z,50.0,20.5,63.5,36.278,NaN,0.141,0.142,15.0,0.0,24.449,NaN,1.104,1.105,14.0,0.0
2026-07-30T00:00:00Z,50.0,20.5,64.5,36.267,NaN,0.125,0.125,19.0,0.0,24.599,NaN,0.959,0.962,18.0,0.0
2026-07-30T00:00:00Z,50.0,20.5,65.5,36.304,NaN,0.076,0.084,10.0,0.0,24.573,NaN,1.134,1.187,9.0,0.0
2026-07-30T00:00:00Z,50.0,20.5,66.5,36.34,NaN,0.116,0.119,10.0,0.0,24.5,NaN,1.592,1.787,10.0,0.0
2026-07-30T00:00:00Z,50.0,20.5,67.5,36.342,NaN,0.112,0.123,8.0,0.0,24.487,NaN,1.715,2.002,8.0,0.0
2026-07-30T00:00:00Z,50.0,20.5,68.5,36.342,NaN,0.112,0.122,6.0,0.0,24.478,NaN,1.613,1.782,6.0,0.0
2026-07-30T00:00:00Z,50.0,20.5,69.5,36.342,NaN,0.112,0.122,6.0,0.0,24.471,NaN,1.613,1.785,6.0,0.0
2026-07-30T00:00:00Z,50.0,20.5,70.5,NaN,NaN,NaN,NaN,NaN,NaN,NaN,NaN,NaN,NaN,NaN,NaN
2026-07-30T00:00:00Z,50.0,20.5,71.5,NaN,NaN,NaN,NaN,NaN,NaN,NaN,NaN,NaN,NaN,NaN,NaN
2026-07-30T00:00:00Z,50.0,20.5,72.5,NaN,NaN,NaN,NaN,NaN,NaN,NaN,NaN,NaN,NaN,NaN,NaN
2026-07-30T00:00:00Z,50.0,20.5,73.5,NaN,NaN,NaN,NaN,NaN,NaN,NaN,NaN,NaN,NaN,NaN,NaN
2026-07-30T00:00:00Z,50.0,20.5,74.5,NaN,NaN,NaN,NaN,NaN,NaN,NaN,NaN,NaN,NaN,NaN,NaN
2026-07-30T00:00:00Z,50.0,20.5,75.5,NaN,NaN,NaN,NaN,NaN,NaN,NaN,NaN,NaN,NaN,NaN,NaN
2026-07-30T00:00:00Z,50.0,20.5,76.5,NaN,NaN,NaN,NaN,NaN,NaN,NaN,NaN,NaN,NaN,NaN,NaN
2026-07-30T00:00:00Z,50.0,20.5,77.5,NaN,NaN,NaN,NaN,NaN,NaN,NaN,NaN,NaN,NaN,NaN,NaN
2026-07-30T00:00:00Z,50.0,20.5,78.5,NaN,NaN,NaN,NaN,NaN,NaN,NaN,NaN,NaN,NaN,NaN,NaN
2026-07-30T00:00:00Z,50.0,21.5,50.5,NaN,NaN,NaN,NaN,NaN,NaN,NaN,NaN,NaN,NaN,NaN,NaN
2026-07-30T00:00:00Z,50.0,21.5,51.5,NaN,NaN,NaN,NaN,NaN,NaN,NaN,NaN,NaN,NaN,NaN,NaN
2026-07-30T00:00:00Z,50.0,21.5,52.5,NaN,NaN,NaN,NaN,NaN,NaN,NaN,NaN,NaN,NaN,NaN,NaN
2026-07-30T00:00:00Z,50.0,21.5,53.5,NaN,NaN,NaN,NaN,NaN,NaN,NaN,NaN,NaN,NaN,NaN,NaN
2026-07-30T00:00:00Z,50.0,21.5,54.5,NaN,NaN,NaN,NaN,NaN,NaN,NaN,NaN,NaN,NaN,NaN,NaN
2026-07-30T00:00:00Z,50.0,21.5,55.5,NaN,NaN,NaN,NaN,NaN,NaN,NaN,NaN,NaN,NaN,NaN,NaN
2026-07-30T00:00:00Z,50.0,21.5,56.5,NaN,NaN,NaN,NaN,NaN,NaN,NaN,NaN,NaN,NaN,NaN,NaN
2026-07-30T00:00:00Z,50.0,21.5,57.5,NaN,NaN,NaN,NaN,NaN,NaN,NaN,NaN,NaN,NaN,NaN,NaN
2026-07-30T00:00:00Z,50.0,21.5,58.5,NaN,NaN,NaN,NaN,NaN,NaN,NaN,NaN,NaN,NaN,NaN,NaN
2026-07-30T00:00:00Z,50.0,21.5,59.5,36.141,NaN,0.203,0.266,15.0,0.0,23.699,NaN,0.463,0.531,15.0,0.0
2026-07-30T00:00:00Z,50.0,21.5,60.5,36.139,36.11,0.198,0.266,16.0,1.0,23.783,23.744,0.463,0.495,15.0,1.0
2026-07-30T00:00:00Z,50.0,21.5,61.5,36.245,NaN,0.188,0.198,18.0,0.0,24.142,NaN,0.47,0.485,17.0,0.0
2026-07-30T00:00:00Z,50.0,21.5,62.5,36.323,36.395,0.187,0.188,18.0,1.0,24.36,NaN,0.43,0.497,17.0,0.0
2026-07-30T00:00:00Z,50.0,21.5,63.5,36.293,NaN,0.129,0.136,14.0,0.0,24.46,NaN,0.466,0.542,13.0,0.0
2026-07-30T00:00:00Z,50.0,21.5,64.5,36.266,36.257,0.115,0.115,18.0,1.0,24.575,24.655,0.418,0.495,17.0,1.0
2026-07-30T00:00:00Z,50.0,21.5,65.5,36.308,NaN,0.051,0.052,9.0,0.0,24.577,NaN,0.156,0.165,8.0,0.0
2026-07-30T00:00:00Z,50.0,21.5,66.5,36.339,36.324,0.046,0.054,8.0,1.0,24.515,24.409,0.156,0.156,8.0,1.0
2026-07-30T00:00:00Z,50.0,21.5,67.5,36.342,NaN,0.03,0.032,6.0,0.0,24.501,NaN,0.145,0.15,6.0,0.0
2026-07-30T00:00:00Z,50.0,21.5,68.5,36.342,NaN,0.026,0.026,5.0,0.0,24.492,NaN,0.151,0.153,5.0,0.0
2026-07-30T00:00:00Z,50.0,21.5,69.5,NaN,NaN,NaN,NaN,NaN,NaN,NaN,NaN,NaN,NaN,NaN,NaN
2026-07-30T00:00:00Z,50.0,21.5,70.5,NaN,NaN,NaN,NaN,NaN,NaN,NaN,NaN,NaN,NaN,NaN,NaN
2026-07-30T00:00:00Z,50.0,21.5,71.5,NaN,NaN,NaN,NaN,NaN,NaN,NaN,NaN,NaN,NaN,NaN,NaN
2026-07-30T00:00:00Z,50.0,21.5,72.5,NaN,NaN,NaN,NaN,NaN,NaN,NaN,NaN,NaN,NaN,NaN,NaN
2026-07-30T00:00:00Z,50.0,21.5,73.5,NaN,NaN,NaN,NaN,NaN,NaN,NaN,NaN,NaN,NaN,NaN,NaN
2026-07-30T00:00:00Z,50.0,21.5,74.5,NaN,NaN,NaN,NaN,NaN,NaN,NaN,NaN,NaN,NaN,NaN,NaN
2026-07-30T00:00:00Z,50.0,21.5,75.5,NaN,NaN,NaN,NaN,NaN,NaN,NaN,NaN,NaN,NaN,NaN,NaN
2026-07-30T00:00:00Z,50.0,21.5,76.5,NaN,NaN,NaN,NaN,NaN,NaN,NaN,NaN,NaN,NaN,NaN,NaN
2026-07-30T00:00:00Z,50.0,21.5,77.5,NaN,NaN,NaN,NaN,NaN,NaN,NaN,NaN,NaN,NaN,NaN,NaN
2026-07-30T00:00:00Z,50.0,21.5,78.5,NaN,NaN,NaN,NaN,NaN,NaN,NaN,NaN,NaN,NaN,NaN,NaN
2026-07-30T00:00:00Z,50.0,22.5,50.5,NaN,NaN,NaN,NaN,NaN,NaN,NaN,NaN,NaN,NaN,NaN,NaN
2026-07-30T00:00:00Z,50.0,22.5,51.5,NaN,NaN,NaN,NaN,NaN,NaN,NaN,NaN,NaN,NaN,NaN,NaN
2026-07-30T00:00:00Z,50.0,22.5,52.5,NaN,NaN,NaN,NaN,NaN,NaN,NaN,NaN,NaN,NaN,NaN,NaN
2026-07-30T00:00:00Z,50.0,22.5,53.5,NaN,NaN,NaN,NaN,NaN,NaN,NaN,NaN,NaN,NaN,NaN,NaN
2026-07-30T00:00:00Z,50.0,22.5,54.5,NaN,NaN,NaN,NaN,NaN,NaN,NaN,NaN,NaN,NaN,NaN,NaN
2026-07-30T00:00:00Z,50.0,22.5,55.5,NaN,NaN,NaN,NaN,NaN,NaN,NaN,NaN,NaN,NaN,NaN,NaN
2026-07-30T00:00:00Z,50.0,22.5,56.5,NaN,NaN,NaN,NaN,NaN,NaN,NaN,NaN,NaN,NaN,NaN,NaN
2026-07-30T00:00:00Z,50.0,22.5,57.5,NaN,NaN,NaN,NaN,NaN,NaN,NaN,NaN,NaN,NaN,NaN,NaN
2026-07-30T00:00:00Z,50.0,22.5,58.5,NaN,NaN,NaN,NaN,NaN,NaN,NaN,NaN,NaN,NaN,NaN,NaN
2026-07-30T00:00:00Z,50.0,22.5,59.5,36.411,NaN,0.188,0.191,16.0,0.0,23.864,NaN,0.457,0.529,16.0,0.0
2026-07-30T00:00:00Z,50.0,22.5,60.5,36.454,NaN,0.183,0.183,17.0,0.0,23.869,NaN,0.457,0.526,16.0,0.0
2026-07-30T00:00:00Z,50.0,22.5,61.5,36.418,NaN,0.184,0.191,14.0,0.0,23.976,NaN,0.487,0.506,13.0,0.0
2026-07-30T00:00:00Z,50.0,22.5,62.5,36.325,NaN,0.185,0.189,14.0,0.0,24.337,NaN,0.407,0.421,13.0,0.0
2026-07-30T00:00:00Z,50.0,22.5,63.5,36.245,36.237,0.067,0.068,8.0,1.0,24.41,24.302,0.264,0.3,7.0,1.0
2026-07-30T00:00:00Z,50.0,22.5,64.5,36.268,NaN,0.071,0.073,13.0,0.0,24.555,NaN,0.225,0.225,12.0,0.0
2026-07-30T00:00:00Z,50.0,22.5,65.5,36.308,36.291,0.051,0.052,9.0,1.0,24.591,24.64,0.156,0.17,8.0,1.0
2026-07-30T00:00:00Z,50.0,22.5,66.5,36.338,36.346,0.046,0.053,8.0,4.0,24.533,24.543,0.156,0.156,8.0,4.0
2026-07-30T00:00:00Z,50.0,22.5,67.5,36.342,NaN,0.03,0.032,6.0,0.0,24.517,NaN,0.145,0.147,6.0,0.0
2026-07-30T00:00:00Z,50.0,22.5,68.5,NaN,NaN,NaN,NaN,NaN,NaN,NaN,NaN,NaN,NaN,NaN,NaN
2026-07-30T00:00:00Z,50.0,22.5,69.5,NaN,NaN,NaN,NaN,NaN,NaN,NaN,NaN,NaN,NaN,NaN,NaN
2026-07-30T00:00:00Z,50.0,22.5,70.5,NaN,NaN,NaN,NaN,NaN,NaN,NaN,NaN,NaN,NaN,NaN,NaN
2026-07-30T00:00:00Z,50.0,22.5,71.5,NaN,NaN,NaN,NaN,NaN,NaN,NaN,NaN,NaN,NaN,NaN,NaN
2026-07-30T00:00:00Z,50.0,22.5,72.5,NaN,NaN,NaN,NaN,NaN,NaN,NaN,NaN,NaN,NaN,NaN,NaN
2026-07-30T00:00:00Z,50.0,22.5,73.5,NaN,NaN,NaN,NaN,NaN,NaN,NaN,NaN,NaN,NaN,NaN,NaN
2026-07-30T00:00:00Z,50.0,22.5,74.5,NaN,NaN,NaN,NaN,NaN,NaN,NaN,NaN,NaN,NaN,NaN,NaN
2026-07-30T00:00:00Z,50.0,22.5,75.5,NaN,NaN,NaN,NaN,NaN,NaN,NaN,NaN,NaN,NaN,NaN,NaN
2026-07-30T00:00:00Z,50.0,22.5,76.5,NaN,NaN,NaN,NaN,NaN,NaN,NaN,NaN,NaN,NaN,NaN,NaN
2026-07-30T00:00:00Z,50.0,22.5,77.5,NaN,NaN,NaN,NaN,NaN,NaN,NaN,NaN,NaN,NaN,NaN,NaN
2026-07-30T00:00:00Z,50.0,22.5,78.5,NaN,NaN,NaN,NaN,NaN,NaN,NaN,NaN,NaN,NaN,NaN,NaN
2026-07-30T00:00:00Z,50.0,23.5,50.5,NaN,NaN,NaN,NaN,NaN,NaN,NaN,NaN,NaN,NaN,NaN,NaN
2026-07-30T00:00:00Z,50.0,23.5,51.5,NaN,NaN,NaN,NaN,NaN,NaN,NaN,NaN,NaN,NaN,NaN,NaN
2026-07-30T00:00:00Z,50.0,23.5,52.5,NaN,NaN,NaN,NaN,NaN,NaN,NaN,NaN,NaN,NaN,NaN,NaN
2026-07-30T00:00:00Z,50.0,23.5,53.5,NaN,NaN,NaN,NaN,NaN,NaN,NaN,NaN,NaN,NaN,NaN,NaN
2026-07-30T00:00:00Z,50.0,23.5,54.5,NaN,NaN,NaN,NaN,NaN,NaN,NaN,NaN,NaN,NaN,NaN,NaN
2026-07-30T00:00:00Z,50.0,23.5,55.5,NaN,NaN,NaN,NaN,NaN,NaN,NaN,NaN,NaN,NaN,NaN,NaN
2026-07-30T00:00:00Z,50.0,23.5,56.5,NaN,NaN,NaN,NaN,NaN,NaN,NaN,NaN,NaN,NaN,NaN,NaN
2026-07-30T00:00:00Z,50.0,23.5,57.5,NaN,NaN,NaN,NaN,NaN,NaN,NaN,NaN,NaN,NaN,NaN,NaN
2026-07-30T00:00:00Z,50.0,23.5,58.5,36.453,NaN,0.146,0.163,12.0,0.0,24.009,NaN,0.399,0.4,12.0,0.0
2026-07-30T00:00:00Z,50.0,23.5,59.5,36.525,36.365,0.146,0.146,12.0,1.0,23.899,23.098,0.399,0.408,12.0,1.0
2026-07-30T00:00:00Z,50.0,23.5,60.5,36.579,36.583,0.145,0.158,13.0,2.0,23.89,23.902,0.399,0.41,12.0,2.0
2026-07-30T00:00:00Z,50.0,23.5,61.5,36.587,NaN,0.18,0.238,10.0,0.0,23.892,NaN,0.405,0.405,9.0,0.0
2026-07-30T00:00:00Z,50.0,23.5,62.5,36.336,NaN,0.184,0.204,10.0,0.0,24.226,NaN,0.348,0.377,9.0,0.0
2026-07-30T00:00:00Z,50.0,23.5,63.5,36.255,NaN,0.061,0.073,4.0,0.0,24.383,NaN,0.163,0.221,3.0,0.0
2026-07-30T00:00:00Z,50.0,23.5,64.5,36.273,NaN,0.051,0.069,9.0,0.0,24.556,NaN,0.156,0.159,8.0,0.0
2026-07-30T00:00:00Z,50.0,23.5,65.5,36.305,NaN,0.051,0.053,9.0,0.0,24.607,NaN,0.156,0.177,8.0,0.0
2026-07-30T00:00:00Z,50.0,23.5,66.5,36.335,NaN,0.046,0.052,8.0,0.0,24.553,NaN,0.156,0.159,8.0,0.0
2026-07-30T00:00:00Z,50.0,23.5,67.5,36.341,NaN,0.03,0.031,6.0,0.0,24.533,NaN,0.145,0.145,6.0,0.0
2026-07-30T00:00:00Z,50.0,23.5,68.5,NaN,NaN,NaN,NaN,NaN,NaN,NaN,NaN,NaN,NaN,NaN,NaN
2026-07-30T00:00:00Z,50.0,23.5,69.5,NaN,NaN,NaN,NaN,NaN,NaN,NaN,NaN,NaN,NaN,NaN,NaN
2026-07-30T00:00:00Z,50.0,23.5,70.5,NaN,NaN,NaN,NaN,NaN,NaN,NaN,NaN,NaN,NaN,NaN,NaN
2026-07-30T00:00:00Z,50.0,23.5,71.5,NaN,NaN,NaN,NaN,NaN,NaN,NaN,NaN,NaN,NaN,NaN,NaN
2026-07-30T00:00:00Z,50.0,23.5,72.5,NaN,NaN,NaN,NaN,NaN,NaN,NaN,NaN,NaN,NaN,NaN,NaN
2026-07-30T00:00:00Z,50.0,23.5,73.5,NaN,NaN,NaN,NaN,NaN,NaN,NaN,NaN,NaN,NaN,NaN,NaN
2026-07-30T00:00:00Z,50.0,23.5,74.5,NaN,NaN,NaN,NaN,NaN,NaN,NaN,NaN,NaN,NaN,NaN,NaN
2026-07-30T00:00:00Z,50.0,23.5,75.5,NaN,NaN,NaN,NaN,NaN,NaN,NaN,NaN,NaN,NaN,NaN,NaN
2026-07-30T00:00:00Z,50.0,23.5,76.5,NaN,NaN,NaN,NaN,NaN,NaN,NaN,NaN,NaN,NaN,NaN,NaN
2026-07-30T00:00:00Z,50.0,23.5,77.5,NaN,NaN,NaN,NaN,NaN,NaN,NaN,NaN,NaN,NaN,NaN,NaN
2026-07-30T00:00:00Z,50.0,23.5,78.5,NaN,NaN,NaN,NaN,NaN,NaN,NaN,NaN,NaN,NaN,NaN,NaN
2026-07-30T00:00:00Z,50.0,24.5,50.5,NaN,NaN,NaN,NaN,NaN,NaN,NaN,NaN,NaN,NaN,NaN,NaN
2026-07-30T00:00:00Z,50.0,24.5,51.5,NaN,NaN,NaN,NaN,NaN,NaN,NaN,NaN,NaN,NaN,NaN,NaN
2026-07-30T00:00:00Z,50.0,24.5,52.5,NaN,NaN,NaN,NaN,NaN,NaN,NaN,NaN,NaN,NaN,NaN,NaN
2026-07-30T00:00:00Z,50.0,24.5,53.5,NaN,NaN,NaN,NaN,NaN,NaN,NaN,NaN,NaN,NaN,NaN,NaN
2026-07-30T00:00:00Z,50.0,24.5,54.5,NaN,NaN,NaN,NaN,NaN,NaN,NaN,NaN,NaN,NaN,NaN,NaN
2026-07-30T00:00:00Z,50.0,24.5,55.5,NaN,NaN,NaN,NaN,NaN,NaN,NaN,NaN,NaN,NaN,NaN,NaN
2026-07-30T00:00:00Z,50.0,24.5,56.5,NaN,NaN,NaN,NaN,NaN,NaN,NaN,NaN,NaN,NaN,NaN,NaN
2026-07-30T00:00:00Z,50.0,24.5,57.5,36.575,NaN,0.079,0.08,11.0,0.0,24.311,NaN,0.41,0.512,11.0,0.0
2026-07-30T00:00:00Z,50.0,24.5,58.5,36.576,NaN,0.079,0.081,11.0,0.0,24.248,NaN,0.41,0.476,11.0,0.0
2026-07-30T00:00:00Z,50.0,24.5,59.5,36.586,36.568,0.079,0.083,11.0,1.0,23.968,23.996,0.41,0.412,11.0,1.0
2026-07-30T00:00:00Z,50.0,24.5,60.5,36.594,36.605,0.089,0.1,12.0,3.0,23.875,23.824,0.41,0.43,11.0,3.0
2026-07-30T00:00:00Z,50.0,24.5,61.5,36.598,NaN,0.153,0.202,9.0,0.0,23.865,NaN,0.425,0.43,8.0,0.0
2026-07-30T00:00:00Z,50.0,24.5,62.5,36.569,NaN,0.16,0.194,9.0,0.0,23.906,NaN,0.347,0.409,8.0,0.0
2026-07-30T00:00:00Z,50.0,24.5,63.5,36.25,NaN,0.061,0.076,4.0,0.0,24.379,NaN,0.163,0.224,3.0,0.0
2026-07-30T00:00:00Z,50.0,24.5,64.5,36.278,NaN,0.051,0.066,9.0,0.0,24.571,NaN,0.156,0.163,8.0,0.0
2026-07-30T00:00:00Z,50.0,24.5,65.5,36.301,NaN,0.051,0.054,9.0,0.0,24.62,NaN,0.156,0.184,8.0,0.0
2026-07-30T00:00:00Z,50.0,24.5,66.5,36.332,NaN,0.046,0.05,8.0,0.0,24.572,NaN,0.156,0.163,8.0,0.0
2026-07-30T00:00:00Z,50.0,24.5,67.5,NaN,NaN,NaN,NaN,NaN,NaN,NaN,NaN,NaN,NaN,NaN,NaN
2026-07-30T00:00:00Z,50.0,24.5,68.5,NaN,NaN,NaN,NaN,NaN,NaN,NaN,NaN,NaN,NaN,NaN,NaN
2026-07-30T00:00:00Z,50.0,24.5,69.5,NaN,NaN,NaN,NaN,NaN,NaN,NaN,NaN,NaN,NaN,NaN,NaN
2026-07-30T00:00:00Z,50.0,24.5,70.5,NaN,NaN,NaN,NaN,NaN,NaN,NaN,NaN,NaN,NaN,NaN,NaN
2026-07-30T00:00:00Z,50.0,24.5,71.5,NaN,NaN,NaN,NaN,NaN,NaN,NaN,NaN,NaN,NaN,NaN,NaN
2026-07-30T00:00:00Z,50.0,24.5,72.5,NaN,NaN,NaN,NaN,NaN,NaN,NaN,NaN,NaN,NaN,NaN,NaN
2026-07-30T00:00:00Z,50.0,24.5,73.5,NaN,NaN,NaN,NaN,NaN,NaN,NaN,NaN,NaN,NaN,NaN,NaN
2026-07-30T00:00:00Z,50.0,24.5,74.5,NaN,NaN,NaN,NaN,NaN,NaN,NaN,NaN,NaN,NaN,NaN,NaN
2026-07-30T00:00:00Z,50.0,24.5,75.5,NaN,NaN,NaN,NaN,NaN,NaN,NaN,NaN,NaN,NaN,NaN,NaN
2026-07-30T00:00:00Z,50.0,24.5,76.5,NaN,NaN,NaN,NaN,NaN,NaN,NaN,NaN,NaN,NaN,NaN,NaN
2026-07-30T00:00:00Z,50.0,24.5,77.5,NaN,NaN,NaN,NaN,NaN,NaN,NaN,NaN,NaN,NaN,NaN,NaN
2026-07-30T00:00:00Z,50.0,24.5,78.5,NaN,NaN,NaN,NaN,NaN,NaN,NaN,NaN,NaN,NaN,NaN,NaN
2026-07-30T00:00:00Z,50.0,25.5,50.5,NaN,NaN,NaN,NaN,NaN,NaN,NaN,NaN,NaN,NaN,NaN,NaN
2026-07-30T00:00:00Z,50.0,25.5,51.5,NaN,NaN,NaN,NaN,NaN,NaN,NaN,NaN,NaN,NaN,NaN,NaN
2026-07-30T00:00:00Z,50.0,25.5,52.5,NaN,NaN,NaN,NaN,NaN,NaN,NaN,NaN,NaN,NaN,NaN,NaN
2026-07-30T00:00:00Z,50.0,25.5,53.5,NaN,NaN,NaN,NaN,NaN,NaN,NaN,NaN,NaN,NaN,NaN,NaN
2026-07-30T00:00:00Z,50.0,25.5,54.5,NaN,NaN,NaN,NaN,NaN,NaN,NaN,NaN,NaN,NaN,NaN,NaN
2026-07-30T00:00:00Z,50.0,25.5,55.5,NaN,NaN,NaN,NaN,NaN,NaN,NaN,NaN,NaN,NaN,NaN,NaN
2026-07-30T00:00:00Z,50.0,25.5,56.5,NaN,NaN,NaN,NaN,NaN,NaN,NaN,NaN,NaN,NaN,NaN,NaN
2026-07-30T00:00:00Z,50.0,25.5,57.5,36.575,NaN,0.079,0.08,11.0,0.0,24.316,NaN,0.41,0.514,11.0,0.0
2026-07-30T00:00:00Z,50.0,25.5,58.5,36.575,36.575,0.079,0.08,11.0,5.0,24.298,24.316,0.41,0.504,11.0,5.0
2026-07-30T00:00:00Z,50.0,25.5,59.5,NaN,NaN,NaN,NaN,NaN,NaN,NaN,NaN,NaN,NaN,NaN,NaN
2026-07-30T00:00:00Z,50.0,25.5,60.5,NaN,NaN,NaN,NaN,NaN,NaN,NaN,NaN,NaN,NaN,NaN,NaN
2026-07-30T00:00:00Z,50.0,25.5,61.5,NaN,NaN,NaN,NaN,NaN,NaN,NaN,NaN,NaN,NaN,NaN,NaN
2026-07-30T00:00:00Z,50.0,25.5,62.5,NaN,NaN,NaN,NaN,NaN,NaN,NaN,NaN,NaN,NaN,NaN,NaN
2026-07-30T00:00:00Z,50.0,25.5,63.5,NaN,NaN,NaN,NaN,NaN,NaN,NaN,NaN,NaN,NaN,NaN,NaN
2026-07-30T00:00:00Z,50.0,25.5,64.5,NaN,NaN,NaN,NaN,NaN,NaN,NaN,NaN,NaN,NaN,NaN,NaN
2026-07-30T00:00:00Z,50.0,25.5,65.5,NaN,NaN,NaN,NaN,NaN,NaN,NaN,NaN,NaN,NaN,NaN,NaN
2026-07-30T00:00:00Z,50.0,25.5,66.5,NaN,NaN,NaN,NaN,NaN,NaN,NaN,NaN,NaN,NaN,NaN,NaN
2026-07-30T00:00:00Z,50.0,25.5,67.5,NaN,NaN,NaN,NaN,NaN,NaN,NaN,NaN,NaN,NaN,NaN,NaN
2026-07-30T00:00:00Z,50.0,25.5,68.5,NaN,NaN,NaN,NaN,NaN,NaN,NaN,NaN,NaN,NaN,NaN,NaN
2026-07-30T00:00:00Z,50.0,25.5,69.5,NaN,NaN,NaN,NaN,NaN,NaN,NaN,NaN,NaN,NaN,NaN,NaN
2026-07-30T00:00:00Z,50.0,25.5,70.5,NaN,NaN,NaN,NaN,NaN,NaN,NaN,NaN,NaN,NaN,NaN,NaN
2026-07-30T00:00:00Z,50.0,25.5,71.5,NaN,NaN,NaN,NaN,NaN,NaN,NaN,NaN,NaN,NaN,NaN,NaN
2026-07-30T00:00:00Z,50.0,25.5,72.5,NaN,NaN,NaN,NaN,NaN,NaN,NaN,NaN,NaN,NaN,NaN,NaN
2026-07-30T00:00:00Z,50.0,25.5,73.5,NaN,NaN,NaN,NaN,NaN,NaN,NaN,NaN,NaN,NaN,NaN,NaN
2026-07-30T00:00:00Z,50.0,25.5,74.5,NaN,NaN,NaN,NaN,NaN,NaN,NaN,NaN,NaN,NaN,NaN,NaN
2026-07-30T00:00:00Z,50.0,25.5,75.5,NaN,NaN,NaN,NaN,NaN,NaN,NaN,NaN,NaN,NaN,NaN,NaN
2026-07-30T00:00:00Z,50.0,25.5,76.5,NaN,NaN,NaN,NaN,NaN,NaN,NaN,NaN,NaN,NaN,NaN,NaN
2026-07-30T00:00:00Z,50.0,25.5,77.5,NaN,NaN,NaN,NaN,NaN,NaN,NaN,NaN,NaN,NaN,NaN,NaN
2026-07-30T00:00:00Z,50.0,25.5,78.5,NaN,NaN,NaN,NaN,NaN,NaN,NaN,NaN,NaN,NaN,NaN,NaN
2026-07-30T00:00:00Z,75.0,5.5,50.5,35.278,NaN,0.0,0.0,1.0,0.0,NaN,NaN,NaN,NaN,NaN,NaN
2026-07-30T00:00:00Z,75.0,5.5,51.5,35.278,NaN,0.0,0.0,1.0,0.0,NaN,NaN,NaN,NaN,NaN,NaN
2026-07-30T00:00:00Z,75.0,5.5,52.5,NaN,NaN,NaN,NaN,NaN,NaN,NaN,NaN,NaN,NaN,NaN,NaN
2026-07-30T00:00:00Z,75.0,5.5,53.5,NaN,NaN,NaN,NaN,NaN,NaN,NaN,NaN,NaN,NaN,NaN,NaN
2026-07-30T00:00:00Z,75.0,5.5,54.5,NaN,NaN,NaN,NaN,NaN,NaN,NaN,NaN,NaN,NaN,NaN,NaN
2026-07-30T00:00:00Z,75.0,5.5,55.5,NaN,NaN,NaN,NaN,NaN,NaN,NaN,NaN,NaN,NaN,NaN,NaN
2026-07-30T00:00:00Z,75.0,5.5,56.5,35.624,NaN,0.0,0.0,1.0,0.0,27.772,NaN,0.0,0.0,1.0,0.0
2026-07-30T00:00:00Z,75.0,5.5,57.5,35.624,NaN,0.233,0.33,2.0,0.0,27.772,NaN,0.173,0.245,2.0,0.0
2026-07-30T00:00:00Z,75.0,5.5,58.5,35.624,NaN,0.233,0.329,2.0,0.0,27.772,NaN,0.173,0.245,2.0,0.0
2026-07-30T00:00:00Z,75.0,5.5,59.5,35.625,NaN,0.233,0.329,2.0,0.0,27.772,NaN,0.173,0.244,2.0,0.0
2026-07-30T00:00:00Z,75.0,5.5,60.5,35.628,NaN,0.233,0.327,2.0,0.0,27.775,NaN,0.173,0.243,2.0,0.0
2026-07-30T00:00:00Z,75.0,5.5,61.5,35.646,NaN,0.233,0.314,2.0,0.0,27.788,NaN,0.173,0.233,2.0,0.0
2026-07-30T00:00:00Z,75.0,5.5,62.5,35.5,NaN,0.279,0.481,3.0,0.0,27.087,NaN,0.534,0.915,3.0,0.0
2026-07-30T00:00:00Z,75.0,5.5,63.5,35.498,NaN,0.295,0.416,2.0,0.0,27.085,NaN,0.604,0.853,2.0,0.0
2026-07-30T00:00:00Z,75.0,5.5,64.5,35.498,35.497,0.295,0.417,2.0,1.0,27.084,27.082,0.604,0.854,2.0,1.0
2026-07-30T00:00:00Z,75.0,5.5,65.5,35.509,35.497,0.225,0.409,4.0,1.0,27.077,27.082,0.878,1.016,4.0,1.0
2026-07-30T00:00:00Z,75.0,5.5,66.5,35.832,NaN,0.235,0.251,7.0,0.0,27.082,NaN,0.928,0.935,7.0,0.0
2026-07-30T00:00:00Z,75.0,5.5,67.5,35.868,35.908,0.235,0.266,7.0,2.0,27.308,27.493,0.928,0.935,7.0,2.0
2026-07-30T00:00:00Z,75.0,5.5,68.5,35.719,35.823,0.191,0.191,6.0,1.0,27.252,28.568,0.929,0.936,6.0,1.0
2026-07-30T00:00:00Z,75.0,5.5,69.5,35.636,35.736,0.191,0.202,6.0,1.0,27.126,27.677,0.929,0.929,6.0,1.0
2026-07-30T00:00:00Z,75.0,5.5,70.5,35.627,NaN,0.191,0.205,6.0,0.0,27.495,NaN,1.142,1.143,7.0,0.0
2026-07-30T00:00:00Z,75.0,5.5,71.5,35.601,NaN,0.14,0.14,4.0,0.0,27.795,NaN,1.167,1.224,5.0,0.0
2026-07-30T00:00:00Z,75.0,5.5,72.5,35.599,NaN,0.013,0.018,2.0,0.0,27.804,NaN,2.168,2.288,3.0,0.0
2026-07-30T00:00:00Z,75.0,5.5,73.5,35.581,NaN,0.013,0.014,2.0,0.0,25.359,NaN,2.168,2.764,3.0,0.0
2026-07-30T00:00:00Z,75.0,5.5,74.5,35.573,NaN,0.0,0.0,1.0,0.0,24.13,NaN,2.578,3.644,2.0,0.0
2026-07-30T00:00:00Z,75.0,5.5,75.5,35.573,NaN,0.0,0.0,1.0,0.0,24.128,NaN,2.578,3.646,2.0,0.0
2026-07-30T00:00:00Z,75.0,5.5,76.5,35.573,NaN,0.0,0.0,1.0,0.0,24.128,NaN,0.0,0.0,1.0,0.0
2026-07-30T00:00:00Z,75.0,5.5,77.5,35.573,NaN,0.0,0.0,1.0,0.0,24.128,NaN,0.0,0.0,1.0,0.0
2026-07-30T00:00:00Z,75.0,5.5,78.5,NaN,NaN,NaN,NaN,NaN,NaN,NaN,NaN,NaN,NaN,NaN,NaN
2026-07-30T00:00:00Z,75.0,6.5,50.5,35.278,NaN,0.0,0.0,1.0,0.0,NaN,NaN,NaN,NaN,NaN,NaN
2026-07-30T00:00:00Z,75.0,6.5,51.5,35.278,NaN,0.0,0.0,1.0,0.0,NaN,NaN,NaN,NaN,NaN,NaN
2026-07-30T00:00:00Z,75.0,6.5,52.5,NaN,NaN,NaN,NaN,NaN,NaN,NaN,NaN,NaN,NaN,NaN,NaN
2026-07-30T00:00:00Z,75.0,6.5,53.5,35.377,NaN,0.0,0.0,1.0,0.0,23.86,NaN,0.0,0.0,1.0,0.0
2026-07-30T00:00:00Z,75.0,6.5,54.5,35.377,NaN,0.0,0.0,1.0,0.0,23.86,NaN,0.0,0.0,1.0,0.0
2026-07-30T00:00:00Z,75.0,6.5,55.5,35.377,NaN,0.0,0.0,1.0,0.0,23.86,NaN,0.0,0.0,1.0,0.0
2026-07-30T00:00:00Z,75.0,6.5,56.5,35.413,NaN,0.124,0.151,2.0,0.0,24.428,NaN,1.956,2.398,2.0,0.0
2026-07-30T00:00:00Z,75.0,6.5,57.5,35.62,NaN,0.296,0.305,3.0,0.0,27.628,NaN,1.931,2.195,3.0,0.0
2026-07-30T00:00:00Z,75.0,6.5,58.5,35.659,NaN,0.34,0.379,4.0,0.0,27.797,NaN,1.777,1.977,4.0,0.0
2026-07-30T00:00:00Z,75.0,6.5,59.5,35.793,NaN,0.258,0.367,4.0,0.0,27.892,NaN,0.194,0.244,4.0,0.0
2026-07-30T00:00:00Z,75.0,6.5,60.5,36.074,NaN,0.258,0.259,4.0,0.0,28.015,NaN,0.194,0.196,4.0,0.0
2026-07-30T00:00:00Z,75.0,6.5,61.5,36.205,NaN,0.258,0.299,4.0,0.0,28.001,NaN,0.194,0.198,4.0,0.0
2026-07-30T00:00:00Z,75.0,6.5,62.5,36.005,NaN,0.28,0.281,5.0,0.0,27.772,NaN,0.452,0.486,5.0,0.0
2026-07-30T00:00:00Z,75.0,6.5,63.5,35.582,NaN,0.311,0.539,4.0,0.0,27.254,NaN,0.497,0.823,4.0,0.0
2026-07-30T00:00:00Z,75.0,6.5,64.5,35.547,NaN,0.335,0.53,3.0,0.0,27.185,NaN,0.572,0.909,3.0,0.0
2026-07-30T00:00:00Z,75.0,6.5,65.5,35.536,NaN,0.225,0.386,4.0,0.0,27.135,NaN,0.878,0.988,4.0,0.0
2026-07-30T00:00:00Z,75.0,6.5,66.5,35.835,NaN,0.235,0.252,7.0,0.0,27.078,NaN,0.928,0.936,7.0,0.0
2026-07-30T00:00:00Z,75.0,6.5,67.5,35.896,NaN,0.235,0.28,7.0,0.0,27.323,NaN,0.928,0.937,7.0,0.0
2026-07-30T00:00:00Z,75.0,6.5,68.5,35.788,NaN,0.191,0.208,6.0,0.0,27.26,NaN,0.929,0.937,6.0,0.0
2026-07-30T00:00:00Z,75.0,6.5,69.5,35.712,35.697,0.191,0.191,6.0,1.0,26.925,26.258,0.929,0.952,6.0,1.0
2026-07-30T00:00:00Z,75.0,6.5,70.5,35.698,NaN,0.191,0.191,6.0,0.0,26.888,NaN,0.929,0.961,6.0,0.0
2026-07-30T00:00:00Z,75.0,6.5,71.5,35.63,NaN,0.14,0.143,4.0,0.0,27.508,NaN,0.788,0.96,4.0,0.0
2026-07-30T00:00:00Z,75.0,6.5,72.5,35.593,NaN,0.013,0.015,2.0,0.0,26.949,NaN,1.84,2.086,2.0,0.0
2026-07-30T00:00:00Z,75.0,6.5,73.5,35.573,NaN,0.013,0.018,2.0,0.0,24.144,NaN,1.84,2.592,2.0,0.0
2026-07-30T00:00:00Z,75.0,6.5,74.5,35.573,NaN,0.0,0.0,1.0,0.0,24.128,NaN,0.0,0.0,1.0,0.0
2026-07-30T00:00:00Z,75.0,6.5,75.5,35.573,NaN,0.0,0.0,1.0,0.0,24.128,NaN,0.0,0.0,1.0,0.0
2026-07-30T00:00:00Z,75.0,6.5,76.5,35.573,NaN,0.0,0.0,1.0,0.0,24.128,NaN,0.0,0.0,1.0,0.0
2026-07-30T00:00:00Z,75.0,6.5,77.5,35.573,NaN,0.0,0.0,1.0,0.0,24.128,NaN,0.0,0.0,1.0,0.0
2026-07-30T00:00:00Z,75.0,6.5,78.5,NaN,NaN,NaN,NaN,NaN,NaN,NaN,NaN,NaN,NaN,NaN,NaN
2026-07-30T00:00:00Z,75.0,7.5,50.5,35.278,NaN,0.0,0.0,1.0,0.0,NaN,NaN,NaN,NaN,NaN,NaN
2026-07-30T00:00:00Z,75.0,7.5,51.5,35.278,NaN,0.0,0.0,1.0,0.0,NaN,NaN,NaN,NaN,NaN,NaN
2026-07-30T00:00:00Z,75.0,7.5,52.5,NaN,NaN,NaN,NaN,NaN,NaN,NaN,NaN,NaN,NaN,NaN,NaN
2026-07-30T00:00:00Z,75.0,7.5,53.5,35.377,NaN,0.0,0.0,1.0,0.0,23.86,NaN,0.0,0.0,1.0,0.0
2026-07-30T00:00:00Z,75.0,7.5,54.5,35.377,NaN,0.0,0.0,1.0,0.0,23.86,NaN,0.0,0.0,1.0,0.0
2026-07-30T00:00:00Z,75.0,7.5,55.5,35.377,NaN,0.222,0.313,2.0,0.0,23.86,NaN,1.399,1.979,2.0,0.0
2026-07-30T00:00:00Z,75.0,7.5,56.5,35.377,NaN,0.181,0.293,3.0,0.0,23.861,NaN,1.646,2.776,3.0,0.0
2026-07-30T00:00:00Z,75.0,7.5,57.5,35.493,NaN,0.261,0.351,4.0,0.0,24.621,NaN,1.672,2.593,4.0,0.0
2026-07-30T00:00:00Z,75.0,7.5,58.5,36.073,NaN,0.304,0.393,5.0,0.0,28.08,NaN,1.593,1.997,5.0,0.0
2026-07-30T00:00:00Z,75.0,7.5,59.5,36.099,NaN,0.253,0.253,7.0,0.0,28.105,NaN,0.528,0.59,7.0,0.0
2026-07-30T00:00:00Z,75.0,7.5,60.5,36.16,NaN,0.254,0.254,9.0,0.0,28.056,NaN,0.512,0.522,9.0,0.0
2026-07-30T00:00:00Z,75.0,7.5,61.5,36.227,NaN,0.237,0.239,8.0,0.0,28.042,NaN,0.243,0.254,8.0,0.0
2026-07-30T00:00:00Z,75.0,7.5,62.5,36.253,NaN,0.262,0.274,9.0,0.0,28.12,NaN,0.398,0.402,9.0,0.0
2026-07-30T00:00:00Z,75.0,7.5,63.5,36.104,NaN,0.277,0.288,8.0,0.0,28.287,NaN,0.421,0.483,8.0,0.0
2026-07-30T00:00:00Z,75.0,7.5,64.5,36.087,NaN,0.295,0.31,7.0,0.0,28.291,NaN,0.449,0.504,7.0,0.0
2026-07-30T00:00:00Z,75.0,7.5,65.5,35.961,NaN,0.312,0.319,6.0,0.0,28.027,NaN,0.802,0.823,6.0,0.0
2026-07-30T00:00:00Z,75.0,7.5,66.5,35.917,NaN,0.235,0.291,7.0,0.0,27.468,NaN,0.928,0.967,7.0,0.0
2026-07-30T00:00:00Z,75.0,7.5,67.5,35.869,NaN,0.235,0.266,7.0,0.0,27.13,NaN,0.928,0.931,7.0,0.0
2026-07-30T00:00:00Z,75.0,7.5,68.5,35.739,NaN,0.191,0.194,6.0,0.0,26.653,NaN,0.929,1.047,6.0,0.0
2026-07-30T00:00:00Z,75.0,7.5,69.5,35.703,NaN,0.191,0.191,6.0,0.0,26.412,NaN,0.929,1.178,6.0,0.0
2026-07-30T00:00:00Z,75.0,7.5,70.5,35.7,NaN,0.191,0.191,6.0,0.0,26.372,NaN,0.929,1.203,6.0,0.0
2026-07-30T00:00:00Z,75.0,7.5,71.5,35.694,NaN,0.14,0.168,4.0,0.0,26.436,NaN,0.788,0.946,4.0,0.0
2026-07-30T00:00:00Z,75.0,7.5,72.5,35.574,NaN,0.013,0.018,2.0,0.0,24.236,NaN,1.84,2.528,2.0,0.0
2026-07-30T00:00:00Z,75.0,7.5,73.5,35.573,NaN,0.013,0.018,2.0,0.0,24.128,NaN,1.84,2.603,2.0,0.0
2026-07-30T00:00:00Z,75.0,7.5,74.5,35.573,35.573,0.0,0.0,1.0,1.0,24.128,24.128,0.0,0.0,1.0,1.0
2026-07-30T00:00:00Z,75.0,7.5,75.5,35.573,NaN,0.0,0.0,1.0,0.0,24.128,NaN,0.0,0.0,1.0,0.0
2026-07-30T00:00:00Z,75.0,7.5,76.5,35.573,NaN,0.0,0.0,1.0,0.0,24.128,NaN,0.0,0.0,1.0,0.0
2026-07-30T00:00:00Z,75.0,7.5,77.5,35.573,NaN,0.0,0.0,1.0,0.0,24.128,NaN,0.0,0.0,1.0,0.0
2026-07-30T00:00:00Z,75.0,7.5,78.5,NaN,NaN,NaN,NaN,NaN,NaN,NaN,NaN,NaN,NaN,NaN,NaN
2026-07-30T00:00:00Z,75.0,8.5,50.5,35.278,NaN,0.0,0.0,1.0,0.0,NaN,NaN,NaN,NaN,NaN,NaN
2026-07-30T00:00:00Z,75.0,8.5,51.5,35.278,NaN,0.0,0.0,1.0,0.0,NaN,NaN,NaN,NaN,NaN,NaN
2026-07-30T00:00:00Z,75.0,8.5,52.5,NaN,NaN,NaN,NaN,NaN,NaN,NaN,NaN,NaN,NaN,NaN,NaN
2026-07-30T00:00:00Z,75.0,8.5,53.5,35.377,NaN,0.0,0.0,1.0,0.0,23.86,NaN,0.0,0.0,1.0,0.0
2026-07-30T00:00:00Z,75.0,8.5,54.5,35.377,NaN,0.0,0.0,1.0,0.0,23.86,NaN,0.0,0.0,1.0,0.0
2026-07-30T00:00:00Z,75.0,8.5,55.5,35.377,35.377,0.222,0.313,2.0,1.0,23.86,23.86,1.399,1.979,2.0,1.0
2026-07-30T00:00:00Z,75.0,8.5,56.5,35.379,NaN,0.222,0.312,2.0,0.0,23.87,NaN,1.399,1.972,2.0,0.0
2026-07-30T00:00:00Z,75.0,8.5,57.5,35.505,NaN,0.294,0.391,3.0,0.0,24.648,NaN,1.767,2.36,3.0,0.0
2026-07-30T00:00:00Z,75.0,8.5,58.5,36.057,NaN,0.321,0.369,4.0,0.0,27.932,NaN,1.709,2.135,4.0,0.0
2026-07-30T00:00:00Z,75.0,8.5,59.5,36.104,36.09,0.178,0.191,6.0,1.0,28.105,28.118,0.569,0.622,6.0,1.0
2026-07-30T00:00:00Z,75.0,8.5,60.5,36.19,NaN,0.179,0.183,8.0,0.0,28.066,NaN,0.539,0.546,8.0,0.0
2026-07-30T00:00:00Z,75.0,8.5,61.5,36.264,36.215,0.099,0.101,7.0,1.0,28.101,27.969,0.219,0.228,7.0,1.0
2026-07-30T00:00:00Z,75.0,8.5,62.5,36.305,NaN,0.262,0.293,9.0,0.0,28.199,NaN,0.398,0.422,9.0,0.0
2026-07-30T00:00:00Z,75.0,8.5,63.5,36.209,NaN,0.277,0.278,8.0,0.0,28.302,NaN,0.421,0.49,8.0,0.0
2026-07-30T00:00:00Z,75.0,8.5,64.5,36.093,36.087,0.279,0.298,8.0,1.0,28.292,28.291,0.42,0.477,8.0,1.0
2026-07-30T00:00:00Z,75.0,8.5,65.5,36.087,NaN,0.286,0.286,8.0,0.0,28.286,NaN,0.806,0.846,8.0,0.0
2026-07-30T00:00:00Z,75.0,8.5,66.5,36.082,NaN,0.25,0.304,8.0,0.0,28.274,NaN,0.954,1.123,8.0,0.0
2026-07-30T00:00:00Z,75.0,8.5,67.5,35.923,NaN,0.25,0.251,8.0,0.0,27.545,NaN,0.954,0.964,8.0,0.0
2026-07-30T00:00:00Z,75.0,8.5,68.5,35.732,NaN,0.225,0.341,7.0,0.0,26.489,NaN,0.968,1.547,7.0,0.0
2026-07-30T00:00:00Z,75.0,8.5,69.5,35.708,NaN,0.225,0.359,7.0,0.0,26.315,NaN,0.968,1.686,7.0,0.0
2026-07-30T00:00:00Z,75.0,8.5,70.5,35.768,NaN,0.2,0.261,6.0,0.0,26.477,NaN,1.032,1.548,6.0,0.0
2026-07-30T00:00:00Z,75.0,8.5,71.5,36.02,NaN,0.238,0.274,3.0,0.0,27.2,NaN,0.694,0.696,3.0,0.0
2026-07-30T00:00:00Z,75.0,8.5,72.5,35.658,NaN,0.324,0.402,2.0,0.0,24.609,NaN,1.826,2.268,2.0,0.0
2026-07-30T00:00:00Z,75.0,8.5,73.5,35.573,NaN,0.324,0.458,2.0,0.0,24.128,NaN,1.826,2.582,2.0,0.0
2026-07-30T00:00:00Z,75.0,8.5,74.5,35.573,NaN,0.0,0.0,1.0,0.0,24.128,NaN,0.0,0.0,1.0,0.0
2026-07-30T00:00:00Z,75.0,8.5,75.5,35.573,NaN,0.0,0.0,1.0,0.0,24.128,NaN,0.0,0.0,1.0,0.0
2026-07-30T00:00:00Z,75.0,8.5,76.5,35.573,NaN,0.0,0.0,1.0,0.0,24.128,NaN,0.0,0.0,1.0,0.0
2026-07-30T00:00:00Z,75.0,8.5,77.5,NaN,NaN,NaN,NaN,NaN,NaN,NaN,NaN,NaN,NaN,NaN,NaN
2026-07-30T00:00:00Z,75.0,8.5,78.5,NaN,NaN,NaN,NaN,NaN,NaN,NaN,NaN,NaN,NaN,NaN,NaN
2026-07-30T00:00:00Z,75.0,9.5,50.5,NaN,NaN,NaN,NaN,NaN,NaN,NaN,NaN,NaN,NaN,NaN,NaN
2026-07-30T00:00:00Z,75.0,9.5,51.5,NaN,NaN,NaN,NaN,NaN,NaN,NaN,NaN,NaN,NaN,NaN,NaN
2026-07-30T00:00:00Z,75.0,9.5,52.5,NaN,NaN,NaN,NaN,NaN,NaN,NaN,NaN,NaN,NaN,NaN,NaN
2026-07-30T00:00:00Z,75.0,9.5,53.5,35.377,NaN,0.0,0.0,1.0,0.0,23.86,NaN,0.0,0.0,1.0,0.0
2026-07-30T00:00:00Z,75.0,9.5,54.5,35.377,NaN,0.0,0.0,1.0,0.0,23.86,NaN,0.0,0.0,1.0,0.0
2026-07-30T00:00:00Z,75.0,9.5,55.5,35.378,NaN,0.222,0.313,2.0,0.0,23.864,NaN,1.399,1.976,2.0,0.0
2026-07-30T00:00:00Z,75.0,9.5,56.5,35.412,NaN,0.288,0.449,3.0,0.0,24.084,NaN,1.45,2.316,3.0,0.0
2026-07-30T00:00:00Z,75.0,9.5,57.5,35.749,NaN,0.288,0.302,4.0,0.0,26.206,NaN,1.583,1.601,4.0,0.0
2026-07-30T00:00:00Z,75.0,9.5,58.5,35.868,NaN,0.298,0.302,5.0,0.0,26.912,NaN,1.541,1.55,5.0,0.0
2026-07-30T00:00:00Z,75.0,9.5,59.5,36.123,NaN,0.168,0.172,7.0,0.0,27.831,NaN,0.581,0.587,7.0,0.0
2026-07-30T00:00:00Z,75.0,9.5,60.5,36.246,NaN,0.176,0.18,9.0,0.0,28.059,NaN,0.57,0.596,9.0,0.0
2026-07-30T00:00:00Z,75.0,9.5,61.5,36.299,36.305,0.116,0.123,8.0,3.0,28.119,28.126,0.393,0.401,8.0,3.0
2026-07-30T00:00:00Z,75.0,9.5,62.5,36.341,36.387,0.113,0.14,8.0,1.0,28.331,28.426,0.209,0.258,8.0,1.0
2026-07-30T00:00:00Z,75.0,9.5,63.5,36.356,NaN,0.1,0.123,7.0,0.0,28.327,NaN,0.222,0.261,7.0,0.0
2026-07-30T00:00:00Z,75.0,9.5,64.5,36.384,NaN,0.096,0.13,7.0,0.0,28.307,NaN,0.209,0.232,7.0,0.0
2026-07-30T00:00:00Z,75.0,9.5,65.5,36.095,NaN,0.116,0.192,6.0,0.0,28.297,NaN,0.389,0.391,6.0,0.0
2026-07-30T00:00:00Z,75.0,9.5,66.5,36.173,NaN,0.205,0.224,5.0,0.0,28.633,NaN,0.928,1.177,5.0,0.0
2026-07-30T00:00:00Z,75.0,9.5,67.5,36.174,NaN,0.205,0.212,6.0,0.0,28.82,NaN,0.864,1.313,6.0,0.0
2026-07-30T00:00:00Z,75.0,9.5,68.5,36.166,NaN,0.207,0.209,6.0,0.0,28.792,NaN,0.84,1.342,6.0,0.0
2026-07-30T00:00:00Z,75.0,9.5,69.5,36.22,NaN,0.207,0.222,6.0,0.0,27.906,NaN,0.84,0.855,6.0,0.0
2026-07-30T00:00:00Z,75.0,9.5,70.5,36.225,NaN,0.214,0.242,5.0,0.0,27.749,NaN,0.905,0.908,5.0,0.0
2026-07-30T00:00:00Z,75.0,9.5,71.5,36.223,NaN,0.27,0.308,3.0,0.0,27.77,NaN,0.653,0.893,3.0,0.0
2026-07-30T00:00:00Z,75.0,9.5,72.5,36.216,NaN,0.328,0.375,3.0,0.0,27.741,NaN,1.648,2.093,3.0,0.0
2026-07-30T00:00:00Z,75.0,9.5,73.5,35.601,NaN,0.324,0.439,2.0,0.0,24.286,NaN,1.826,2.473,2.0,0.0
2026-07-30T00:00:00Z,75.0,9.5,74.5,35.573,NaN,0.0,0.0,1.0,0.0,24.128,NaN,0.0,0.0,1.0,0.0
2026-07-30T00:00:00Z,75.0,9.5,75.5,35.573,NaN,0.0,0.0,1.0,0.0,24.128,NaN,0.0,0.0,1.0,0.0
2026-07-30T00:00:00Z,75.0,9.5,76.5,NaN,NaN,NaN,NaN,NaN,NaN,NaN,NaN,NaN,NaN,NaN,NaN
2026-07-30T00:00:00Z,75.0,9.5,77.5,NaN,NaN,NaN,NaN,NaN,NaN,NaN,NaN,NaN,NaN,NaN,NaN
2026-07-30T00:00:00Z,75.0,9.5,78.5,NaN,NaN,NaN,NaN,NaN,NaN,NaN,NaN,NaN,NaN,NaN,NaN
2026-07-30T00:00:00Z,75.0,10.5,50.5,NaN,NaN,NaN,NaN,NaN,NaN,NaN,NaN,NaN,NaN,NaN,NaN
2026-07-30T00:00:00Z,75.0,10.5,51.5,NaN,NaN,NaN,NaN,NaN,NaN,NaN,NaN,NaN,NaN,NaN,NaN
2026-07-30T00:00:00Z,75.0,10.5,52.5,NaN,NaN,NaN,NaN,NaN,NaN,NaN,NaN,NaN,NaN,NaN,NaN
2026-07-30T00:00:00Z,75.0,10.5,53.5,35.377,NaN,0.0,0.0,1.0,0.0,23.86,NaN,0.0,0.0,1.0,0.0
2026-07-30T00:00:00Z,75.0,10.5,54.5,35.377,NaN,0.0,0.0,1.0,0.0,23.86,NaN,0.0,0.0,1.0,0.0
2026-07-30T00:00:00Z,75.0,10.5,55.5,35.393,NaN,0.222,0.302,2.0,0.0,23.958,NaN,1.399,1.911,2.0,0.0
2026-07-30T00:00:00Z,75.0,10.5,56.5,35.675,NaN,0.288,0.299,3.0,0.0,25.744,NaN,1.45,1.457,3.0,0.0
2026-07-30T00:00:00Z,75.0,10.5,57.5,35.819,NaN,0.288,0.289,4.0,0.0,26.64,NaN,1.583,1.595,4.0,0.0
2026-07-30T00:00:00Z,75.0,10.5,58.5,35.841,35.82,0.298,0.307,5.0,1.0,26.704,26.659,1.541,1.542,5.0,1.0
2026-07-30T00:00:00Z,75.0,10.5,59.5,36.096,NaN,0.168,0.18,7.0,0.0,26.982,NaN,0.581,0.966,7.0,0.0
2026-07-30T00:00:00Z,75.0,10.5,60.5,36.259,NaN,0.171,0.173,11.0,0.0,27.903,NaN,0.519,0.521,11.0,0.0
2026-07-30T00:00:00Z,75.0,10.5,61.5,36.319,NaN,0.115,0.122,10.0,0.0,28.11,NaN,0.372,0.395,10.0,0.0
2026-07-30T00:00:00Z,75.0,10.5,62.5,36.362,36.384,0.112,0.14,10.0,1.0,28.261,28.265,0.259,0.309,10.0,1.0
2026-07-30T00:00:00Z,75.0,10.5,63.5,36.381,NaN,0.098,0.128,9.0,0.0,28.311,NaN,0.273,0.352,9.0,0.0
2026-07-30T00:00:00Z,75.0,10.5,64.5,36.384,NaN,0.093,0.12,9.0,0.0,28.307,NaN,0.269,0.339,9.0,0.0
2026-07-30T00:00:00Z,75.0,10.5,65.5,36.239,NaN,0.116,0.121,8.0,0.0,28.144,NaN,0.424,0.426,8.0,0.0
2026-07-30T00:00:00Z,75.0,10.5,66.5,36.227,NaN,0.078,0.091,4.0,0.0,28.446,NaN,0.473,0.489,4.0,0.0
2026-07-30T00:00:00Z,75.0,10.5,67.5,36.198,36.148,0.087,0.087,5.0,1.0,28.549,29.089,0.55,0.682,5.0,1.0
2026-07-30T00:00:00Z,75.0,10.5,68.5,36.184,NaN,0.064,0.079,5.0,0.0,28.533,NaN,0.561,0.744,5.0,0.0
2026-07-30T00:00:00Z,75.0,10.5,69.5,36.243,NaN,0.064,0.065,5.0,0.0,27.809,NaN,0.561,0.608,5.0,0.0
2026-07-30T00:00:00Z,75.0,10.5,70.5,36.241,36.221,0.06,0.065,4.0,1.0,27.705,27.78,0.627,0.708,4.0,1.0
2026-07-30T00:00:00Z,75.0,10.5,71.5,36.229,NaN,0.043,0.055,2.0,0.0,27.748,NaN,0.168,0.217,2.0,0.0
2026-07-30T00:00:00Z,75.0,10.5,72.5,36.224,NaN,0.043,0.059,2.0,0.0,27.768,NaN,0.168,0.23,2.0,0.0
2026-07-30T00:00:00Z,75.0,10.5,73.5,36.221,NaN,0.0,0.0,1.0,0.0,27.78,NaN,0.0,0.0,1.0,0.0
2026-07-30T00:00:00Z,75.0,10.5,74.5,NaN,NaN,NaN,NaN,NaN,NaN,NaN,NaN,NaN,NaN,NaN,NaN
2026-07-30T00:00:00Z,75.0,10.5,75.5,NaN,NaN,NaN,NaN,NaN,NaN,NaN,NaN,NaN,NaN,NaN,NaN
2026-07-30T00:00:00Z,75.0,10.5,76.5,NaN,NaN,NaN,NaN,NaN,NaN,NaN,NaN,NaN,NaN,NaN,NaN
2026-07-30T00:00:00Z,75.0,10.5,77.5,NaN,NaN,NaN,NaN,NaN,NaN,NaN,NaN,NaN,NaN,NaN,NaN
2026-07-30T00:00:00Z,75.0,10.5,78.5,NaN,NaN,NaN,NaN,NaN,NaN,NaN,NaN,NaN,NaN,NaN,NaN
2026-07-30T00:00:00Z,75.0,11.5,50.5,NaN,NaN,NaN,NaN,NaN,NaN,NaN,NaN,NaN,NaN,NaN,NaN
2026-07-30T00:00:00Z,75.0,11.5,51.5,NaN,NaN,NaN,NaN,NaN,NaN,NaN,NaN,NaN,NaN,NaN,NaN
2026-07-30T00:00:00Z,75.0,11.5,52.5,NaN,NaN,NaN,NaN,NaN,NaN,NaN,NaN,NaN,NaN,NaN,NaN
2026-07-30T00:00:00Z,75.0,11.5,53.5,35.377,NaN,0.0,0.0,1.0,0.0,23.86,NaN,0.0,0.0,1.0,0.0
2026-07-30T00:00:00Z,75.0,11.5,54.5,35.377,NaN,0.0,0.0,1.0,0.0,23.86,NaN,0.0,0.0,1.0,0.0
2026-07-30T00:00:00Z,75.0,11.5,55.5,35.582,NaN,0.222,0.222,2.0,0.0,25.154,NaN,1.399,1.403,2.0,0.0
2026-07-30T00:00:00Z,75.0,11.5,56.5,35.815,NaN,0.288,0.293,3.0,0.0,26.611,NaN,1.45,1.619,3.0,0.0
2026-07-30T00:00:00Z,75.0,11.5,57.5,35.849,NaN,0.288,0.302,3.0,0.0,26.715,NaN,1.45,1.668,3.0,0.0
2026-07-30T00:00:00Z,75.0,11.5,58.5,35.955,NaN,0.385,0.387,4.0,0.0,26.922,NaN,1.442,1.571,4.0,0.0
2026-07-30T00:00:00Z,75.0,11.5,59.5,36.05,36.073,0.206,0.259,6.0,1.0,27.109,27.152,0.596,0.785,6.0,1.0
2026-07-30T00:00:00Z,75.0,11.5,60.5,36.099,NaN,0.181,0.25,10.0,0.0,27.238,NaN,0.543,0.773,10.0,0.0
2026-07-30T00:00:00Z,75.0,11.5,61.5,36.313,NaN,0.105,0.106,9.0,0.0,27.886,NaN,0.412,0.413,9.0,0.0
2026-07-30T00:00:00Z,75.0,11.5,62.5,36.333,NaN,0.061,0.064,8.0,0.0,27.982,NaN,0.331,0.332,8.0,0.0
2026-07-30T00:00:00Z,75.0,11.5,63.5,36.353,NaN,0.061,0.061,8.0,0.0,28.038,NaN,0.331,0.332,8.0,0.0
2026-07-30T00:00:00Z,75.0,11.5,64.5,36.374,NaN,0.054,0.066,8.0,0.0,28.048,NaN,0.277,0.278,8.0,0.0
2026-07-30T00:00:00Z,75.0,11.5,65.5,36.281,NaN,0.098,0.1,7.0,0.0,28.056,NaN,0.451,0.465,7.0,0.0
2026-07-30T00:00:00Z,75.0,11.5,66.5,36.251,NaN,0.141,0.156,5.0,0.0,28.22,NaN,0.482,0.488,5.0,0.0
2026-07-30T00:00:00Z,75.0,11.5,67.5,36.22,36.241,0.129,0.16,6.0,2.0,27.964,27.953,0.511,0.515,6.0,2.0
2026-07-30T00:00:00Z,75.0,11.5,68.5,36.204,NaN,0.124,0.158,7.0,0.0,27.852,NaN,0.481,0.501,7.0,0.0
2026-07-30T00:00:00Z,75.0,11.5,69.5,36.269,NaN,0.124,0.128,7.0,0.0,27.568,NaN,0.481,0.641,7.0,0.0
2026-07-30T00:00:00Z,75.0,11.5,70.5,36.265,36.307,0.134,0.139,6.0,1.0,27.606,27.443,0.518,0.637,6.0,1.0
2026-07-30T00:00:00Z,75.0,11.5,71.5,36.245,NaN,0.111,0.168,4.0,0.0,27.687,NaN,0.172,0.179,4.0,0.0
2026-07-30T00:00:00Z,75.0,11.5,72.5,36.231,NaN,0.043,0.054,2.0,0.0,27.739,NaN,0.168,0.212,2.0,0.0
2026-07-30T00:00:00Z,75.0,11.5,73.5,36.221,NaN,0.0,0.0,1.0,0.0,27.78,NaN,0.0,0.0,1.0,0.0
2026-07-30T00:00:00Z,75.0,11.5,74.5,NaN,NaN,NaN,NaN,NaN,NaN,NaN,NaN,NaN,NaN,NaN,NaN
2026-07-30T00:00:00Z,75.0,11.5,75.5,NaN,NaN,NaN,NaN,NaN,NaN,NaN,NaN,NaN,NaN,NaN,NaN
2026-07-30T00:00:00Z,75.0,11.5,76.5,NaN,NaN,NaN,NaN,NaN,NaN,NaN,NaN,NaN,NaN,NaN,NaN
2026-07-30T00:00:00Z,75.0,11.5,77.5,NaN,NaN,NaN,NaN,NaN,NaN,NaN,NaN,NaN,NaN,NaN,NaN
2026-07-30T00:00:00Z,75.0,11.5,78.5,NaN,NaN,NaN,NaN,NaN,NaN,NaN,NaN,NaN,NaN,NaN,NaN
2026-07-30T00:00:00Z,75.0,12.5,50.5,NaN,NaN,NaN,NaN,NaN,NaN,NaN,NaN,NaN,NaN,NaN,NaN
2026-07-30T00:00:00Z,75.0,12.5,51.5,35.79,NaN,0.0,0.0,1.0,0.0,17.279,NaN,0.0,0.0,1.0,0.0
2026-07-30T00:00:00Z,75.0,12.5,52.5,35.79,NaN,0.0,0.0,1.0,0.0,17.279,NaN,0.0,0.0,1.0,0.0
2026-07-30T00:00:00Z,75.0,12.5,53.5,35.79,NaN,0.0,0.0,1.0,0.0,17.279,NaN,0.0,0.0,1.0,0.0
2026-07-30T00:00:00Z,75.0,12.5,54.5,35.79,NaN,0.0,0.0,1.0,0.0,17.279,NaN,0.0,0.0,1.0,0.0
2026-07-30T00:00:00Z,75.0,12.5,55.5,35.801,NaN,0.015,0.016,2.0,0.0,20.591,NaN,4.69,4.888,2.0,0.0
2026-07-30T00:00:00Z,75.0,12.5,56.5,35.863,NaN,0.127,0.131,3.0,0.0,26.729,NaN,4.542,5.462,3.0,0.0
2026-07-30T00:00:00Z,75.0,12.5,57.5,35.982,NaN,0.127,0.131,2.0,0.0,26.975,NaN,0.247,0.256,2.0,0.0
2026-07-30T00:00:00Z,75.0,12.5,58.5,36.058,NaN,0.253,0.258,3.0,0.0,27.123,NaN,0.356,0.356,3.0,0.0
2026-07-30T00:00:00Z,75.0,12.5,59.5,36.076,NaN,0.222,0.25,5.0,0.0,27.153,NaN,0.561,0.651,5.0,0.0
2026-07-30T00:00:00Z,75.0,12.5,60.5,36.145,NaN,0.18,0.234,11.0,0.0,27.249,NaN,0.543,0.726,9.0,0.0
2026-07-30T00:00:00Z,75.0,12.5,61.5,36.309,NaN,0.104,0.109,10.0,0.0,27.671,NaN,0.412,0.456,8.0,0.0
2026-07-30T00:00:00Z,75.0,12.5,62.5,36.316,36.283,0.055,0.079,9.0,1.0,27.721,27.699,0.334,0.414,7.0,1.0
2026-07-30T00:00:00Z,75.0,12.5,63.5,36.36,NaN,0.055,0.057,9.0,0.0,27.746,NaN,0.334,0.4,7.0,0.0
2026-07-30T00:00:00Z,75.0,12.5,64.5,36.399,NaN,0.054,0.068,9.0,0.0,27.765,NaN,0.282,0.398,7.0,0.0
2026-07-30T00:00:00Z,75.0,12.5,65.5,36.334,NaN,0.097,0.097,10.0,0.0,27.943,NaN,0.451,0.503,7.0,0.0
2026-07-30T00:00:00Z,75.0,12.5,66.5,36.261,NaN,0.135,0.153,6.0,0.0,28.094,NaN,0.482,0.484,5.0,0.0
2026-07-30T00:00:00Z,75.0,12.5,67.5,36.235,NaN,0.125,0.158,7.0,0.0,27.95,NaN,0.511,0.517,6.0,0.0
2026-07-30T00:00:00Z,75.0,12.5,68.5,36.257,NaN,0.123,0.137,8.0,0.0,27.838,NaN,0.481,0.505,7.0,0.0
2026-07-30T00:00:00Z,75.0,12.5,69.5,36.33,NaN,0.123,0.123,8.0,0.0,27.598,NaN,0.481,0.621,7.0,0.0
2026-07-30T00:00:00Z,75.0,12.5,70.5,36.301,NaN,0.131,0.132,7.0,0.0,27.536,NaN,0.518,0.68,6.0,0.0
2026-07-30T00:00:00Z,75.0,12.5,71.5,36.273,NaN,0.111,0.148,4.0,0.0,27.588,NaN,0.172,0.227,4.0,0.0
2026-07-30T00:00:00Z,75.0,12.5,72.5,36.249,NaN,0.043,0.045,2.0,0.0,27.669,NaN,0.168,0.178,2.0,0.0
2026-07-30T00:00:00Z,75.0,12.5,73.5,36.221,NaN,0.0,0.0,1.0,0.0,27.78,NaN,0.0,0.0,1.0,0.0
2026-07-30T00:00:00Z,75.0,12.5,74.5,NaN,NaN,NaN,NaN,NaN,NaN,NaN,NaN,NaN,NaN,NaN,NaN
2026-07-30T00:00:00Z,75.0,12.5,75.5,NaN,NaN,NaN,NaN,NaN,NaN,NaN,NaN,NaN,NaN,NaN,NaN
2026-07-30T00:00:00Z,75.0,12.5,76.5,NaN,NaN,NaN,NaN,NaN,NaN,NaN,NaN,NaN,NaN,NaN,NaN
2026-07-30T00:00:00Z,75.0,12.5,77.5,NaN,NaN,NaN,NaN,NaN,NaN,NaN,NaN,NaN,NaN,NaN,NaN
2026-07-30T00:00:00Z,75.0,12.5,78.5,NaN,NaN,NaN,NaN,NaN,NaN,NaN,NaN,NaN,NaN,NaN,NaN
2026-07-30T00:00:00Z,75.0,13.5,50.5,NaN,NaN,NaN,NaN,NaN,NaN,NaN,NaN,NaN,NaN,NaN,NaN
2026-07-30T00:00:00Z,75.0,13.5,51.5,35.79,NaN,0.0,0.0,1.0,0.0,17.279,NaN,0.0,0.0,1.0,0.0
2026-07-30T00:00:00Z,75.0,13.5,52.5,35.79,NaN,0.0,0.0,1.0,0.0,17.279,NaN,0.0,0.0,1.0,0.0
2026-07-30T00:00:00Z,75.0,13.5,53.5,35.79,NaN,0.0,0.0,1.0,0.0,17.279,NaN,0.0,0.0,1.0,0.0
2026-07-30T00:00:00Z,75.0,13.5,54.5,35.79,NaN,0.0,0.0,1.0,0.0,17.279,NaN,0.0,0.0,1.0,0.0
2026-07-30T00:00:00Z,75.0,13.5,55.5,35.79,NaN,0.0,0.0,1.0,0.0,17.279,NaN,0.0,0.0,1.0,0.0
2026-07-30T00:00:00Z,75.0,13.5,56.5,35.842,NaN,0.142,0.168,2.0,0.0,19.082,NaN,4.937,5.847,2.0,0.0
2026-07-30T00:00:00Z,75.0,13.5,57.5,36.073,NaN,0.0,0.0,1.0,0.0,27.152,NaN,0.0,0.0,1.0,0.0
2026-07-30T00:00:00Z,75.0,13.5,58.5,36.089,NaN,0.181,0.245,2.0,0.0,27.169,NaN,0.188,0.254,2.0,0.0
2026-07-30T00:00:00Z,75.0,13.5,59.5,36.231,NaN,0.181,0.183,2.0,0.0,27.316,NaN,0.188,0.19,2.0,0.0
2026-07-30T00:00:00Z,75.0,13.5,60.5,36.433,NaN,0.129,0.16,6.0,0.0,27.504,NaN,0.24,0.242,4.0,0.0
2026-07-30T00:00:00Z,75.0,13.5,61.5,36.401,NaN,0.129,0.143,6.0,0.0,27.58,NaN,0.24,0.243,4.0,0.0
2026-07-30T00:00:00Z,75.0,13.5,62.5,36.373,NaN,0.081,0.094,6.0,0.0,27.722,NaN,0.102,0.116,3.0,0.0
2026-07-30T00:00:00Z,75.0,13.5,63.5,36.399,36.421,0.11,0.113,9.0,1.0,27.759,27.772,0.998,1.2,4.0,1.0
2026-07-30T00:00:00Z,75.0,13.5,64.5,36.416,NaN,0.116,0.117,9.0,0.0,27.767,NaN,1.083,1.209,4.0,0.0
2026-07-30T00:00:00Z,75.0,13.5,65.5,36.459,NaN,0.136,0.164,12.0,0.0,27.789,NaN,1.118,1.128,6.0,0.0
2026-07-30T00:00:00Z,75.0,13.5,66.5,36.392,NaN,0.152,0.152,10.0,0.0,28.016,NaN,1.123,1.172,6.0,0.0
2026-07-30T00:00:00Z,75.0,13.5,67.5,36.402,NaN,0.146,0.148,11.0,0.0,27.901,NaN,1.043,1.073,7.0,0.0
2026-07-30T00:00:00Z,75.0,13.5,68.5,36.464,NaN,0.14,0.183,11.0,0.0,27.86,NaN,0.976,0.996,8.0,0.0
2026-07-30T00:00:00Z,75.0,13.5,69.5,36.471,NaN,0.123,0.197,8.0,0.0,27.848,NaN,0.481,0.502,7.0,0.0
2026-07-30T00:00:00Z,75.0,13.5,70.5,36.456,NaN,0.131,0.189,7.0,0.0,27.811,NaN,0.518,0.544,6.0,0.0
2026-07-30T00:00:00Z,75.0,13.5,71.5,36.402,NaN,0.111,0.116,4.0,0.0,27.713,NaN,0.172,0.174,4.0,0.0
2026-07-30T00:00:00Z,75.0,13.5,72.5,36.276,NaN,0.043,0.045,2.0,0.0,27.565,NaN,0.168,0.175,2.0,0.0
2026-07-30T00:00:00Z,75.0,13.5,73.5,36.221,NaN,0.0,0.0,1.0,0.0,27.78,NaN,0.0,0.0,1.0,0.0
2026-07-30T00:00:00Z,75.0,13.5,74.5,NaN,NaN,NaN,NaN,NaN,NaN,NaN,NaN,NaN,NaN,NaN,NaN
2026-07-30T00:00:00Z,75.0,13.5,75.5,NaN,NaN,NaN,NaN,NaN,NaN,NaN,NaN,NaN,NaN,NaN,NaN
2026-07-30T00:00:00Z,75.0,13.5,76.5,NaN,NaN,NaN,NaN,NaN,NaN,NaN,NaN,NaN,NaN,NaN,NaN
2026-07-30T00:00:00Z,75.0,13.5,77.5,NaN,NaN,NaN,NaN,NaN,NaN,NaN,NaN,NaN,NaN,NaN,NaN
2026-07-30T00:00:00Z,75.0,13.5,78.5,NaN,NaN,NaN,NaN,NaN,NaN,NaN,NaN,NaN,NaN,NaN,NaN
2026-07-30T00:00:00Z,75.0,14.5,50.5,NaN,NaN,NaN,NaN,NaN,NaN,NaN,NaN,NaN,NaN,NaN,NaN
2026-07-30T00:00:00Z,75.0,14.5,51.5,35.79,NaN,0.0,0.0,1.0,0.0,17.279,NaN,0.0,0.0,1.0,0.0
2026-07-30T00:00:00Z,75.0,14.5,52.5,35.79,NaN,0.031,0.044,2.0,0.0,17.28,NaN,0.333,0.47,2.0,0.0
2026-07-30T00:00:00Z,75.0,14.5,53.5,35.789,NaN,0.031,0.043,2.0,0.0,17.285,NaN,0.333,0.467,2.0,0.0
2026-07-30T00:00:00Z,75.0,14.5,54.5,35.787,NaN,0.031,0.042,2.0,0.0,17.306,NaN,0.333,0.452,2.0,0.0
2026-07-30T00:00:00Z,75.0,14.5,55.5,35.78,NaN,0.031,0.037,2.0,0.0,17.388,NaN,0.333,0.401,2.0,0.0
2026-07-30T00:00:00Z,75.0,14.5,56.5,35.761,NaN,0.15,0.182,3.0,0.0,17.597,NaN,4.505,5.523,3.0,0.0
2026-07-30T00:00:00Z,75.0,14.5,57.5,35.895,NaN,0.173,0.173,2.0,0.0,22.403,NaN,4.604,4.606,2.0,0.0
2026-07-30T00:00:00Z,75.0,14.5,58.5,36.342,NaN,0.181,0.202,2.0,0.0,27.431,NaN,0.188,0.209,2.0,0.0
2026-07-30T00:00:00Z,75.0,14.5,59.5,36.428,NaN,0.153,0.212,3.0,0.0,27.52,NaN,0.188,0.26,2.0,0.0
2026-07-30T00:00:00Z,75.0,14.5,60.5,36.434,36.436,0.119,0.154,7.0,1.0,27.528,27.528,0.24,0.24,4.0,1.0
2026-07-30T00:00:00Z,75.0,14.5,61.5,36.422,NaN,0.119,0.146,7.0,0.0,27.534,NaN,0.24,0.24,4.0,0.0
2026-07-30T00:00:00Z,75.0,14.5,62.5,36.407,36.407,0.081,0.081,7.0,2.0,27.66,NaN,0.102,0.102,3.0,0.0
2026-07-30T00:00:00Z,75.0,14.5,63.5,36.41,NaN,0.108,0.108,10.0,0.0,27.763,NaN,0.998,1.202,4.0,0.0
2026-07-30T00:00:00Z,75.0,14.5,64.5,36.458,NaN,0.113,0.123,9.0,0.0,27.492,NaN,1.115,1.241,3.0,0.0
2026-07-30T00:00:00Z,75.0,14.5,65.5,36.484,NaN,0.127,0.155,10.0,0.0,25.516,NaN,1.038,1.949,4.0,0.0
2026-07-30T00:00:00Z,75.0,14.5,66.5,36.468,NaN,0.139,0.145,8.0,0.0,25.448,NaN,1.073,2.079,4.0,0.0
2026-07-30T00:00:00Z,75.0,14.5,67.5,36.445,NaN,0.136,0.14,9.0,0.0,27.58,NaN,0.963,1.011,5.0,0.0
2026-07-30T00:00:00Z,75.0,14.5,68.5,36.461,NaN,0.128,0.149,9.0,0.0,27.859,NaN,1.154,1.477,6.0,0.0
2026-07-30T00:00:00Z,75.0,14.5,69.5,36.473,36.478,0.107,0.153,6.0,2.0,27.858,27.86,1.005,1.174,5.0,2.0
2026-07-30T00:00:00Z,75.0,14.5,70.5,36.474,NaN,0.107,0.154,6.0,0.0,27.819,NaN,1.005,1.154,5.0,0.0
2026-07-30T00:00:00Z,75.0,14.5,71.5,36.435,NaN,0.084,0.093,4.0,0.0,27.186,NaN,1.077,1.079,4.0,0.0
2026-07-30T00:00:00Z,75.0,14.5,72.5,36.314,NaN,0.003,0.005,2.0,0.0,25.274,NaN,1.089,1.534,2.0,0.0
2026-07-30T00:00:00Z,75.0,14.5,73.5,36.314,NaN,0.0,0.0,1.0,0.0,25.266,NaN,0.0,0.0,1.0,0.0
2026-07-30T00:00:00Z,75.0,14.5,74.5,NaN,NaN,NaN,NaN,NaN,NaN,NaN,NaN,NaN,NaN,NaN,NaN
2026-07-30T00:00:00Z,75.0,14.5,75.5,NaN,NaN,NaN,NaN,NaN,NaN,NaN,NaN,NaN,NaN,NaN,NaN
2026-07-30T00:00:00Z,75.0,14.5,76.5,NaN,NaN,NaN,NaN,NaN,NaN,NaN,NaN,NaN,NaN,NaN,NaN
2026-07-30T00:00:00Z,75.0,14.5,77.5,NaN,NaN,NaN,NaN,NaN,NaN,NaN,NaN,NaN,NaN,NaN,NaN
2026-07-30T00:00:00Z,75.0,14.5,78.5,NaN,NaN,NaN,NaN,NaN,NaN,NaN,NaN,NaN,NaN,NaN,NaN
2026-07-30T00:00:00Z,75.0,15.5,50.5,NaN,NaN,NaN,NaN,NaN,NaN,NaN,NaN,NaN,NaN,NaN,NaN
2026-07-30T00:00:00Z,75.0,15.5,51.5,NaN,NaN,NaN,NaN,NaN,NaN,NaN,NaN,NaN,NaN,NaN,NaN
2026-07-30T00:00:00Z,75.0,15.5,52.5,35.789,NaN,0.031,0.043,2.0,0.0,17.288,NaN,0.333,0.465,2.0,0.0
2026-07-30T00:00:00Z,75.0,15.5,53.5,35.786,NaN,0.031,0.041,2.0,0.0,17.318,NaN,0.333,0.444,2.0,0.0
2026-07-30T00:00:00Z,75.0,15.5,54.5,35.776,35.79,0.031,0.035,2.0,1.0,17.426,17.279,0.333,0.381,2.0,1.0
2026-07-30T00:00:00Z,75.0,15.5,55.5,35.755,NaN,0.031,0.031,2.0,0.0,17.657,NaN,0.333,0.336,2.0,0.0
2026-07-30T00:00:00Z,75.0,15.5,56.5,35.737,NaN,0.031,0.038,2.0,0.0,17.85,NaN,0.333,0.41,2.0,0.0
2026-07-30T00:00:00Z,75.0,15.5,57.5,35.728,NaN,0.0,0.0,1.0,0.0,17.945,NaN,0.0,0.0,1.0,0.0
2026-07-30T00:00:00Z,75.0,15.5,58.5,36.436,NaN,0.0,0.0,1.0,0.0,27.528,NaN,0.0,0.0,1.0,0.0
2026-07-30T00:00:00Z,75.0,15.5,59.5,36.421,NaN,0.051,0.062,2.0,0.0,27.528,NaN,0.0,0.0,1.0,0.0
2026-07-30T00:00:00Z,75.0,15.5,60.5,36.401,NaN,0.054,0.058,6.0,0.0,27.528,NaN,0.102,0.172,3.0,0.0
2026-07-30T00:00:00Z,75.0,15.5,61.5,36.388,NaN,0.054,0.055,6.0,0.0,27.529,NaN,0.102,0.171,3.0,0.0
2026-07-30T00:00:00Z,75.0,15.5,62.5,36.401,NaN,0.081,0.083,8.0,0.0,27.568,NaN,0.102,0.142,3.0,0.0
2026-07-30T00:00:00Z,75.0,15.5,63.5,36.424,NaN,0.105,0.105,11.0,0.0,27.436,NaN,0.998,1.055,4.0,0.0
2026-07-30T00:00:00Z,75.0,15.5,64.5,36.508,NaN,0.11,0.142,10.0,0.0,25.488,NaN,1.115,1.837,3.0,0.0
2026-07-30T00:00:00Z,75.0,15.5,65.5,36.536,36.511,0.107,0.152,10.0,1.0,25.372,NaN,1.115,1.93,3.0,0.0
2026-07-30T00:00:00Z,75.0,15.5,66.5,36.534,36.555,0.109,0.139,9.0,1.0,25.374,NaN,1.219,1.759,4.0,0.0
2026-07-30T00:00:00Z,75.0,15.5,67.5,36.462,NaN,0.109,0.11,9.0,0.0,25.882,NaN,1.219,1.436,4.0,0.0
2026-07-30T00:00:00Z,75.0,15.5,68.5,36.435,36.424,0.111,0.113,8.0,1.0,27.743,NaN,1.221,1.84,5.0,0.0
2026-07-30T00:00:00Z,75.0,15.5,69.5,36.444,NaN,0.074,0.085,5.0,0.0,27.563,NaN,1.247,1.566,4.0,0.0
2026-07-30T00:00:00Z,75.0,15.5,70.5,36.372,NaN,0.074,0.08,5.0,0.0,26.143,NaN,1.247,1.333,4.0,0.0
2026-07-30T00:00:00Z,75.0,15.5,71.5,36.318,NaN,0.082,0.113,4.0,0.0,25.327,NaN,1.247,1.793,4.0,0.0
2026-07-30T00:00:00Z,75.0,15.5,72.5,36.314,NaN,0.0,0.0,1.0,0.0,25.266,NaN,0.0,0.0,1.0,0.0
2026-07-30T00:00:00Z,75.0,15.5,73.5,NaN,NaN,NaN,NaN,NaN,NaN,NaN,NaN,NaN,NaN,NaN,NaN
2026-07-30T00:00:00Z,75.0,15.5,74.5,NaN,NaN,NaN,NaN,NaN,NaN,NaN,NaN,NaN,NaN,NaN,NaN
2026-07-30T00:00:00Z,75.0,15.5,75.5,NaN,NaN,NaN,NaN,NaN,NaN,NaN,NaN,NaN,NaN,NaN,NaN
2026-07-30T00:00:00Z,75.0,15.5,76.5,NaN,NaN,NaN,NaN,NaN,NaN,NaN,NaN,NaN,NaN,NaN,NaN
2026-07-30T00:00:00Z,75.0,15.5,77.5,NaN,NaN,NaN,NaN,NaN,NaN,NaN,NaN,NaN,NaN,NaN,NaN
2026-07-30T00:00:00Z,75.0,15.5,78.5,NaN,NaN,NaN,NaN,NaN,NaN,NaN,NaN,NaN,NaN,NaN,NaN
2026-07-30T00:00:00Z,75.0,16.5,50.5,NaN,NaN,NaN,NaN,NaN,NaN,NaN,NaN,NaN,NaN,NaN,NaN
2026-07-30T00:00:00Z,75.0,16.5,51.5,NaN,NaN,NaN,NaN,NaN,NaN,NaN,NaN,NaN,NaN,NaN,NaN
2026-07-30T00:00:00Z,75.0,16.5,52.5,NaN,NaN,NaN,NaN,NaN,NaN,NaN,NaN,NaN,NaN,NaN,NaN
2026-07-30T00:00:00Z,75.0,16.5,53.5,35.772,NaN,0.031,0.034,2.0,0.0,17.474,NaN,0.333,0.361,2.0,0.0
2026-07-30T00:00:00Z,75.0,16.5,54.5,35.749,NaN,0.031,0.032,2.0,0.0,17.716,NaN,0.333,0.349,2.0,0.0
2026-07-30T00:00:00Z,75.0,16.5,55.5,35.734,35.728,0.031,0.04,2.0,1.0,17.877,17.945,0.333,0.425,2.0,1.0
2026-07-30T00:00:00Z,75.0,16.5,56.5,35.729,NaN,0.031,0.043,2.0,0.0,17.929,NaN,0.333,0.46,2.0,0.0
2026-07-30T00:00:00Z,75.0,16.5,57.5,35.728,NaN,0.0,0.0,1.0,0.0,17.945,NaN,0.0,0.0,1.0,0.0
2026-07-30T00:00:00Z,75.0,16.5,58.5,36.435,NaN,0.049,0.069,2.0,0.0,27.486,NaN,2.38,3.337,2.0,0.0
2026-07-30T00:00:00Z,75.0,16.5,59.5,36.342,NaN,0.172,0.177,8.0,0.0,22.94,NaN,1.691,1.789,7.0,0.0
2026-07-30T00:00:00Z,75.0,16.5,60.5,36.338,NaN,0.159,0.16,10.0,0.0,22.937,NaN,1.691,1.79,7.0,0.0
2026-07-30T00:00:00Z,75.0,16.5,61.5,36.34,36.335,0.159,0.16,10.0,1.0,22.931,NaN,1.691,1.792,7.0,0.0
2026-07-30T00:00:00Z,75.0,16.5,62.5,36.359,NaN,0.165,0.165,12.0,0.0,22.923,NaN,1.691,1.794,7.0,0.0
2026-07-30T00:00:00Z,75.0,16.5,63.5,36.475,NaN,0.165,0.196,15.0,0.0,25.153,NaN,1.696,2.197,8.0,0.0
2026-07-30T00:00:00Z,75.0,16.5,64.5,36.52,36.563,0.176,0.233,13.0,1.0,25.371,NaN,1.04,2.326,6.0,0.0
2026-07-30T00:00:00Z,75.0,16.5,65.5,36.537,NaN,0.106,0.14,8.0,0.0,25.371,NaN,0.0,0.0,1.0,0.0
2026-07-30T00:00:00Z,75.0,16.5,66.5,36.537,36.212,0.109,0.141,9.0,1.0,25.371,25.371,1.219,1.761,4.0,1.0
2026-07-30T00:00:00Z,75.0,16.5,67.5,36.48,NaN,0.109,0.113,9.0,0.0,25.399,NaN,1.219,1.741,4.0,0.0
2026-07-30T00:00:00Z,75.0,16.5,68.5,36.387,NaN,0.111,0.113,8.0,0.0,25.607,NaN,1.221,1.438,5.0,0.0
2026-07-30T00:00:00Z,75.0,16.5,69.5,36.336,NaN,0.074,0.099,5.0,0.0,25.482,NaN,1.247,1.685,4.0,0.0
2026-07-30T00:00:00Z,75.0,16.5,70.5,36.315,36.314,0.074,0.114,5.0,1.0,25.303,25.266,1.247,1.81,4.0,1.0
2026-07-30T00:00:00Z,75.0,16.5,71.5,36.314,NaN,0.082,0.116,4.0,0.0,25.269,NaN,1.247,1.835,4.0,0.0
2026-07-30T00:00:00Z,75.0,16.5,72.5,36.314,NaN,0.0,0.0,1.0,0.0,25.266,NaN,0.0,0.0,1.0,0.0
2026-07-30T00:00:00Z,75.0,16.5,73.5,NaN,NaN,NaN,NaN,NaN,NaN,NaN,NaN,NaN,NaN,NaN,NaN
2026-07-30T00:00:00Z,75.0,16.5,74.5,NaN,NaN,NaN,NaN,NaN,NaN,NaN,NaN,NaN,NaN,NaN,NaN
2026-07-30T00:00:00Z,75.0,16.5,75.5,NaN,NaN,NaN,NaN,NaN,NaN,NaN,NaN,NaN,NaN,NaN,NaN
2026-07-30T00:00:00Z,75.0,16.5,76.5,NaN,NaN,NaN,NaN,NaN,NaN,NaN,NaN,NaN,NaN,NaN,NaN
2026-07-30T00:00:00Z,75.0,16.5,77.5,NaN,NaN,NaN,NaN,NaN,NaN,NaN,NaN,NaN,NaN,NaN,NaN
2026-07-30T00:00:00Z,75.0,16.5,78.5,NaN,NaN,NaN,NaN,NaN,NaN,NaN,NaN,NaN,NaN,NaN,NaN
2026-07-30T00:00:00Z,75.0,17.5,50.5,NaN,NaN,NaN,NaN,NaN,NaN,NaN,NaN,NaN,NaN,NaN,NaN
2026-07-30T00:00:00Z,75.0,17.5,51.5,NaN,NaN,NaN,NaN,NaN,NaN,NaN,NaN,NaN,NaN,NaN,NaN
2026-07-30T00:00:00Z,75.0,17.5,52.5,NaN,NaN,NaN,NaN,NaN,NaN,NaN,NaN,NaN,NaN,NaN,NaN
2026-07-30T00:00:00Z,75.0,17.5,53.5,NaN,NaN,NaN,NaN,NaN,NaN,NaN,NaN,NaN,NaN,NaN,NaN
2026-07-30T00:00:00Z,75.0,17.5,54.5,NaN,NaN,NaN,NaN,NaN,NaN,NaN,NaN,NaN,NaN,NaN,NaN
2026-07-30T00:00:00Z,75.0,17.5,55.5,35.729,NaN,0.031,0.043,2.0,0.0,17.934,NaN,0.333,0.463,2.0,0.0
2026-07-30T00:00:00Z,75.0,17.5,56.5,35.728,NaN,0.031,0.044,2.0,0.0,17.943,NaN,0.333,0.469,2.0,0.0
2026-07-30T00:00:00Z,75.0,17.5,57.5,35.728,NaN,0.0,0.0,1.0,0.0,17.945,NaN,0.0,0.0,1.0,0.0
2026-07-30T00:00:00Z,75.0,17.5,58.5,36.338,NaN,0.0,0.0,1.0,0.0,22.768,NaN,0.0,0.0,1.0,0.0
2026-07-30T00:00:00Z,75.0,17.5,59.5,36.326,NaN,0.153,0.169,11.0,0.0,22.931,NaN,0.505,0.532,10.0,0.0
2026-07-30T00:00:00Z,75.0,17.5,60.5,36.322,NaN,0.151,0.157,13.0,0.0,22.931,NaN,0.505,0.532,10.0,0.0
2026-07-30T00:00:00Z,75.0,17.5,61.5,36.318,NaN,0.151,0.156,13.0,0.0,22.935,NaN,0.505,0.531,10.0,0.0
2026-07-30T00:00:00Z,75.0,17.5,62.5,36.315,NaN,0.164,0.165,15.0,0.0,22.945,NaN,0.505,0.528,10.0,0.0
2026-07-30T00:00:00Z,75.0,17.5,63.5,36.466,NaN,0.168,0.216,18.0,0.0,22.969,NaN,0.812,0.878,11.0,0.0
2026-07-30T00:00:00Z,75.0,17.5,64.5,36.503,NaN,0.173,0.245,17.0,0.0,23.036,NaN,0.833,0.893,10.0,0.0
2026-07-30T00:00:00Z,75.0,17.5,65.5,36.506,36.492,0.106,0.122,8.0,1.0,25.371,NaN,0.0,0.0,1.0,0.0
2026-07-30T00:00:00Z,75.0,17.5,66.5,36.424,NaN,0.122,0.123,7.0,0.0,25.371,NaN,0.052,0.073,2.0,0.0
2026-07-30T00:00:00Z,75.0,17.5,67.5,36.354,NaN,0.122,0.148,7.0,0.0,25.431,NaN,0.052,0.053,2.0,0.0
2026-07-30T00:00:00Z,75.0,17.5,68.5,36.318,NaN,0.12,0.139,6.0,0.0,25.473,NaN,0.085,0.133,3.0,0.0
2026-07-30T00:00:00Z,75.0,17.5,69.5,36.315,36.315,0.052,0.063,3.0,1.0,25.454,25.475,0.104,0.134,2.0,1.0
2026-07-30T00:00:00Z,75.0,17.5,70.5,36.314,NaN,0.052,0.063,3.0,0.0,25.344,NaN,0.104,0.108,2.0,0.0
2026-07-30T00:00:00Z,75.0,17.5,71.5,36.314,NaN,0.0,0.001,2.0,0.0,25.274,NaN,0.104,0.142,2.0,0.0
2026-07-30T00:00:00Z,75.0,17.5,72.5,NaN,NaN,NaN,NaN,NaN,NaN,NaN,NaN,NaN,NaN,NaN,NaN
2026-07-30T00:00:00Z,75.0,17.5,73.5,NaN,NaN,NaN,NaN,NaN,NaN,NaN,NaN,NaN,NaN,NaN,NaN
2026-07-30T00:00:00Z,75.0,17.5,74.5,NaN,NaN,NaN,NaN,NaN,NaN,NaN,NaN,NaN,NaN,NaN,NaN
2026-07-30T00:00:00Z,75.0,17.5,75.5,NaN,NaN,NaN,NaN,NaN,NaN,NaN,NaN,NaN,NaN,NaN,NaN
2026-07-30T00:00:00Z,75.0,17.5,76.5,NaN,NaN,NaN,NaN,NaN,NaN,NaN,NaN,NaN,NaN,NaN,NaN
2026-07-30T00:00:00Z,75.0,17.5,77.5,NaN,NaN,NaN,NaN,NaN,NaN,NaN,NaN,NaN,NaN,NaN,NaN
2026-07-30T00:00:00Z,75.0,17.5,78.5,NaN,NaN,NaN,NaN,NaN,NaN,NaN,NaN,NaN,NaN,NaN,NaN
2026-07-30T00:00:00Z,75.0,18.5,50.5,NaN,NaN,NaN,NaN,NaN,NaN,NaN,NaN,NaN,NaN,NaN,NaN
2026-07-30T00:00:00Z,75.0,18.5,51.5,NaN,NaN,NaN,NaN,NaN,NaN,NaN,NaN,NaN,NaN,NaN,NaN
2026-07-30T00:00:00Z,75.0,18.5,52.5,NaN,NaN,NaN,NaN,NaN,NaN,NaN,NaN,NaN,NaN,NaN,NaN
2026-07-30T00:00:00Z,75.0,18.5,53.5,NaN,NaN,NaN,NaN,NaN,NaN,NaN,NaN,NaN,NaN,NaN,NaN
2026-07-30T00:00:00Z,75.0,18.5,54.5,NaN,NaN,NaN,NaN,NaN,NaN,NaN,NaN,NaN,NaN,NaN,NaN
2026-07-30T00:00:00Z,75.0,18.5,55.5,NaN,NaN,NaN,NaN,NaN,NaN,NaN,NaN,NaN,NaN,NaN,NaN
2026-07-30T00:00:00Z,75.0,18.5,56.5,NaN,NaN,NaN,NaN,NaN,NaN,NaN,NaN,NaN,NaN,NaN,NaN
2026-07-30T00:00:00Z,75.0,18.5,57.5,35.728,NaN,0.0,0.0,1.0,0.0,18.015,NaN,1.057,1.446,2.0,0.0
2026-07-30T00:00:00Z,75.0,18.5,58.5,36.338,NaN,0.0,0.0,1.0,0.0,21.222,NaN,1.354,1.368,2.0,0.0
2026-07-30T00:00:00Z,75.0,18.5,59.5,36.299,NaN,0.153,0.159,11.0,0.0,22.928,NaN,0.998,1.003,11.0,0.0
2026-07-30T00:00:00Z,75.0,18.5,60.5,36.288,NaN,0.153,0.156,11.0,0.0,22.938,NaN,0.998,1.004,11.0,0.0
2026-07-30T00:00:00Z,75.0,18.5,61.5,36.275,NaN,0.153,0.154,11.0,0.0,22.96,NaN,0.998,1.007,11.0,0.0
2026-07-30T00:00:00Z,75.0,18.5,62.5,36.26,NaN,0.172,0.176,13.0,0.0,22.999,NaN,0.998,1.013,11.0,0.0
2026-07-30T00:00:00Z,75.0,18.5,63.5,36.286,NaN,0.176,0.179,16.0,0.0,23.057,NaN,0.812,0.849,11.0,0.0
2026-07-30T00:00:00Z,75.0,18.5,64.5,36.491,NaN,0.182,0.25,15.0,0.0,23.151,NaN,0.833,0.858,10.0,0.0
2026-07-30T00:00:00Z,75.0,18.5,65.5,36.491,NaN,0.13,0.132,5.0,0.0,25.371,NaN,0.0,0.0,1.0,0.0
2026-07-30T00:00:00Z,75.0,18.5,66.5,36.482,NaN,0.131,0.138,6.0,0.0,25.376,NaN,0.052,0.07,2.0,0.0
2026-07-30T00:00:00Z,75.0,18.5,67.5,36.347,NaN,0.131,0.162,6.0,0.0,25.47,NaN,0.052,0.07,2.0,0.0
2026-07-30T00:00:00Z,75.0,18.5,68.5,36.315,NaN,0.13,0.146,5.0,0.0,25.475,NaN,0.085,0.134,3.0,0.0
2026-07-30T00:00:00Z,75.0,18.5,69.5,36.315,NaN,0.0,0.001,2.0,0.0,25.469,NaN,0.104,0.144,2.0,0.0
2026-07-30T00:00:00Z,75.0,18.5,70.5,36.315,NaN,0.0,0.001,2.0,0.0,25.413,NaN,0.104,0.113,2.0,0.0
2026-07-30T00:00:00Z,75.0,18.5,71.5,36.314,NaN,0.0,0.001,2.0,0.0,25.295,NaN,0.104,0.129,2.0,0.0
2026-07-30T00:00:00Z,75.0,18.5,72.5,NaN,NaN,NaN,NaN,NaN,NaN,NaN,NaN,NaN,NaN,NaN,NaN
2026-07-30T00:00:00Z,75.0,18.5,73.5,NaN,NaN,NaN,NaN,NaN,NaN,NaN,NaN,NaN,NaN,NaN,NaN
2026-07-30T00:00:00Z,75.0,18.5,74.5,NaN,NaN,NaN,NaN,NaN,NaN,NaN,NaN,NaN,NaN,NaN,NaN
2026-07-30T00:00:00Z,75.0,18.5,75.5,NaN,NaN,NaN,NaN,NaN,NaN,NaN,NaN,NaN,NaN,NaN,NaN
2026-07-30T00:00:00Z,75.0,18.5,76.5,NaN,NaN,NaN,NaN,NaN,NaN,NaN,NaN,NaN,NaN,NaN,NaN
2026-07-30T00:00:00Z,75.0,18.5,77.5,NaN,NaN,NaN,NaN,NaN,NaN,NaN,NaN,NaN,NaN,NaN,NaN
2026-07-30T00:00:00Z,75.0,18.5,78.5,NaN,NaN,NaN,NaN,NaN,NaN,NaN,NaN,NaN,NaN,NaN,NaN
2026-07-30T00:00:00Z,75.0,19.5,50.5,NaN,NaN,NaN,NaN,NaN,NaN,NaN,NaN,NaN,NaN,NaN,NaN
2026-07-30T00:00:00Z,75.0,19.5,51.5,NaN,NaN,NaN,NaN,NaN,NaN,NaN,NaN,NaN,NaN,NaN,NaN
2026-07-30T00:00:00Z,75.0,19.5,52.5,NaN,NaN,NaN,NaN,NaN,NaN,NaN,NaN,NaN,NaN,NaN,NaN
2026-07-30T00:00:00Z,75.0,19.5,53.5,NaN,NaN,NaN,NaN,NaN,NaN,NaN,NaN,NaN,NaN,NaN,NaN
2026-07-30T00:00:00Z,75.0,19.5,54.5,NaN,NaN,NaN,NaN,NaN,NaN,NaN,NaN,NaN,NaN,NaN,NaN
2026-07-30T00:00:00Z,75.0,19.5,55.5,NaN,NaN,NaN,NaN,NaN,NaN,NaN,NaN,NaN,NaN,NaN,NaN
2026-07-30T00:00:00Z,75.0,19.5,56.5,NaN,NaN,NaN,NaN,NaN,NaN,NaN,NaN,NaN,NaN,NaN,NaN
2026-07-30T00:00:00Z,75.0,19.5,57.5,NaN,NaN,NaN,NaN,NaN,NaN,NaN,NaN,NaN,NaN,NaN,NaN
2026-07-30T00:00:00Z,75.0,19.5,58.5,36.338,NaN,0.0,0.0,1.0,0.0,20.133,NaN,1.354,1.864,2.0,0.0
2026-07-30T00:00:00Z,75.0,19.5,59.5,36.278,NaN,0.153,0.154,11.0,0.0,22.96,NaN,0.998,1.007,11.0,0.0
2026-07-30T00:00:00Z,75.0,19.5,60.5,36.263,NaN,0.146,0.146,12.0,0.0,22.998,NaN,1.078,1.079,12.0,0.0
2026-07-30T00:00:00Z,75.0,19.5,61.5,36.249,36.252,0.138,0.139,14.0,9.0,23.056,23.037,1.045,1.046,14.0,9.0
2026-07-30T00:00:00Z,75.0,19.5,62.5,36.236,NaN,0.14,0.147,16.0,0.0,23.136,NaN,1.029,1.029,15.0,0.0
2026-07-30T00:00:00Z,75.0,19.5,63.5,36.23,NaN,0.14,0.149,16.0,0.0,23.253,NaN,0.635,0.646,14.0,0.0
2026-07-30T00:00:00Z,75.0,19.5,64.5,36.396,NaN,0.127,0.167,20.0,0.0,23.621,NaN,0.563,0.582,18.0,0.0
2026-07-30T00:00:00Z,75.0,19.5,65.5,36.317,NaN,0.065,0.066,10.0,0.0,23.749,NaN,0.364,0.37,9.0,0.0
2026-07-30T00:00:00Z,75.0,19.5,66.5,36.311,NaN,0.062,0.066,10.0,0.0,23.587,NaN,0.596,0.677,9.0,0.0
2026-07-30T00:00:00Z,75.0,19.5,67.5,36.311,NaN,0.069,0.073,8.0,0.0,23.572,NaN,0.676,0.76,7.0,0.0
2026-07-30T00:00:00Z,75.0,19.5,68.5,36.315,NaN,0.038,0.038,7.0,0.0,25.363,NaN,0.822,1.491,7.0,0.0
2026-07-30T00:00:00Z,75.0,19.5,69.5,36.315,NaN,0.038,0.038,7.0,0.0,25.472,NaN,0.822,1.584,7.0,0.0
2026-07-30T00:00:00Z,75.0,19.5,70.5,NaN,NaN,NaN,NaN,NaN,NaN,NaN,NaN,NaN,NaN,NaN,NaN
2026-07-30T00:00:00Z,75.0,19.5,71.5,36.314,NaN,0.0,0.001,2.0,0.0,25.349,NaN,0.104,0.107,2.0,0.0
2026-07-30T00:00:00Z,75.0,19.5,72.5,NaN,NaN,NaN,NaN,NaN,NaN,NaN,NaN,NaN,NaN,NaN,NaN
2026-07-30T00:00:00Z,75.0,19.5,73.5,NaN,NaN,NaN,NaN,NaN,NaN,NaN,NaN,NaN,NaN,NaN,NaN
2026-07-30T00:00:00Z,75.0,19.5,74.5,NaN,NaN,NaN,NaN,NaN,NaN,NaN,NaN,NaN,NaN,NaN,NaN
2026-07-30T00:00:00Z,75.0,19.5,75.5,NaN,NaN,NaN,NaN,NaN,NaN,NaN,NaN,NaN,NaN,NaN,NaN
2026-07-30T00:00:00Z,75.0,19.5,76.5,NaN,NaN,NaN,NaN,NaN,NaN,NaN,NaN,NaN,NaN,NaN,NaN
2026-07-30T00:00:00Z,75.0,19.5,77.5,NaN,NaN,NaN,NaN,NaN,NaN,NaN,NaN,NaN,NaN,NaN,NaN
2026-07-30T00:00:00Z,75.0,19.5,78.5,NaN,NaN,NaN,NaN,NaN,NaN,NaN,NaN,NaN,NaN,NaN,NaN
2026-07-30T00:00:00Z,75.0,20.5,50.5,NaN,NaN,NaN,NaN,NaN,NaN,NaN,NaN,NaN,NaN,NaN,NaN
2026-07-30T00:00:00Z,75.0,20.5,51.5,NaN,NaN,NaN,NaN,NaN,NaN,NaN,NaN,NaN,NaN,NaN,NaN
2026-07-30T00:00:00Z,75.0,20.5,52.5,NaN,NaN,NaN,NaN,NaN,NaN,NaN,NaN,NaN,NaN,NaN,NaN
2026-07-30T00:00:00Z,75.0,20.5,53.5,NaN,NaN,NaN,NaN,NaN,NaN,NaN,NaN,NaN,NaN,NaN,NaN
2026-07-30T00:00:00Z,75.0,20.5,54.5,NaN,NaN,NaN,NaN,NaN,NaN,NaN,NaN,NaN,NaN,NaN,NaN
2026-07-30T00:00:00Z,75.0,20.5,55.5,NaN,NaN,NaN,NaN,NaN,NaN,NaN,NaN,NaN,NaN,NaN,NaN
2026-07-30T00:00:00Z,75.0,20.5,56.5,NaN,NaN,NaN,NaN,NaN,NaN,NaN,NaN,NaN,NaN,NaN,NaN
2026-07-30T00:00:00Z,75.0,20.5,57.5,NaN,NaN,NaN,NaN,NaN,NaN,NaN,NaN,NaN,NaN,NaN,NaN
2026-07-30T00:00:00Z,75.0,20.5,58.5,NaN,NaN,NaN,NaN,NaN,NaN,NaN,NaN,NaN,NaN,NaN,NaN
2026-07-30T00:00:00Z,75.0,20.5,59.5,36.249,NaN,0.151,0.151,11.0,0.0,23.049,NaN,1.0,1.049,12.0,0.0
2026-07-30T00:00:00Z,75.0,20.5,60.5,36.236,NaN,0.144,0.145,12.0,0.0,23.152,NaN,1.086,1.12,13.0,0.0
2026-07-30T00:00:00Z,75.0,20.5,61.5,36.226,36.198,0.137,0.14,14.0,1.0,23.258,23.649,1.065,1.093,15.0,1.0
2026-07-30T00:00:00Z,75.0,20.5,62.5,36.226,NaN,0.144,0.153,15.0,0.0,23.454,NaN,1.029,1.073,15.0,0.0
2026-07-30T00:00:00Z,75.0,20.5,63.5,36.261,NaN,0.144,0.145,15.0,0.0,23.852,NaN,0.635,0.795,14.0,0.0
2026-07-30T00:00:00Z,75.0,20.5,64.5,36.317,NaN,0.13,0.134,19.0,0.0,23.85,NaN,0.563,0.677,18.0,0.0
2026-07-30T00:00:00Z,75.0,20.5,65.5,36.314,NaN,0.065,0.067,10.0,0.0,23.74,NaN,0.364,0.371,9.0,0.0
2026-07-30T00:00:00Z,75.0,20.5,66.5,36.312,NaN,0.062,0.066,10.0,0.0,23.602,NaN,0.596,0.67,9.0,0.0
2026-07-30T00:00:00Z,75.0,20.5,67.5,36.312,NaN,0.069,0.073,8.0,0.0,23.584,NaN,0.676,0.755,7.0,0.0
2026-07-30T00:00:00Z,75.0,20.5,68.5,36.311,NaN,0.041,0.041,6.0,0.0,23.575,NaN,0.73,0.81,6.0,0.0
2026-07-30T00:00:00Z,75.0,20.5,69.5,36.312,NaN,0.041,0.041,6.0,0.0,23.568,NaN,0.73,0.813,6.0,0.0
2026-07-30T00:00:00Z,75.0,20.5,70.5,NaN,NaN,NaN,NaN,NaN,NaN,NaN,NaN,NaN,NaN,NaN,NaN
2026-07-30T00:00:00Z,75.0,20.5,71.5,NaN,NaN,NaN,NaN,NaN,NaN,NaN,NaN,NaN,NaN,NaN,NaN
2026-07-30T00:00:00Z,75.0,20.5,72.5,NaN,NaN,NaN,NaN,NaN,NaN,NaN,NaN,NaN,NaN,NaN,NaN
2026-07-30T00:00:00Z,75.0,20.5,73.5,NaN,NaN,NaN,NaN,NaN,NaN,NaN,NaN,NaN,NaN,NaN,NaN
2026-07-30T00:00:00Z,75.0,20.5,74.5,NaN,NaN,NaN,NaN,NaN,NaN,NaN,NaN,NaN,NaN,NaN,NaN
2026-07-30T00:00:00Z,75.0,20.5,75.5,NaN,NaN,NaN,NaN,NaN,NaN,NaN,NaN,NaN,NaN,NaN,NaN
2026-07-30T00:00:00Z,75.0,20.5,76.5,NaN,NaN,NaN,NaN,NaN,NaN,NaN,NaN,NaN,NaN,NaN,NaN
2026-07-30T00:00:00Z,75.0,20.5,77.5,NaN,NaN,NaN,NaN,NaN,NaN,NaN,NaN,NaN,NaN,NaN,NaN
2026-07-30T00:00:00Z,75.0,20.5,78.5,NaN,NaN,NaN,NaN,NaN,NaN,NaN,NaN,NaN,NaN,NaN,NaN
2026-07-30T00:00:00Z,75.0,21.5,50.5,NaN,NaN,NaN,NaN,NaN,NaN,NaN,NaN,NaN,NaN,NaN,NaN
2026-07-30T00:00:00Z,75.0,21.5,51.5,NaN,NaN,NaN,NaN,NaN,NaN,NaN,NaN,NaN,NaN,NaN,NaN
2026-07-30T00:00:00Z,75.0,21.5,52.5,NaN,NaN,NaN,NaN,NaN,NaN,NaN,NaN,NaN,NaN,NaN,NaN
2026-07-30T00:00:00Z,75.0,21.5,53.5,NaN,NaN,NaN,NaN,NaN,NaN,NaN,NaN,NaN,NaN,NaN,NaN
2026-07-30T00:00:00Z,75.0,21.5,54.5,NaN,NaN,NaN,NaN,NaN,NaN,NaN,NaN,NaN,NaN,NaN,NaN
2026-07-30T00:00:00Z,75.0,21.5,55.5,NaN,NaN,NaN,NaN,NaN,NaN,NaN,NaN,NaN,NaN,NaN,NaN
2026-07-30T00:00:00Z,75.0,21.5,56.5,NaN,NaN,NaN,NaN,NaN,NaN,NaN,NaN,NaN,NaN,NaN,NaN
2026-07-30T00:00:00Z,75.0,21.5,57.5,NaN,NaN,NaN,NaN,NaN,NaN,NaN,NaN,NaN,NaN,NaN,NaN
2026-07-30T00:00:00Z,75.0,21.5,58.5,NaN,NaN,NaN,NaN,NaN,NaN,NaN,NaN,NaN,NaN,NaN,NaN
2026-07-30T00:00:00Z,75.0,21.5,59.5,36.294,NaN,0.215,0.218,14.0,0.0,22.182,NaN,0.937,1.164,15.0,0.0
2026-07-30T00:00:00Z,75.0,21.5,60.5,36.266,NaN,0.209,0.217,15.0,0.0,23.324,20.059,1.003,1.059,16.0,1.0
2026-07-30T00:00:00Z,75.0,21.5,61.5,36.234,NaN,0.196,0.216,17.0,0.0,23.822,NaN,0.985,1.233,18.0,0.0
2026-07-30T00:00:00Z,75.0,21.5,62.5,36.266,36.269,0.194,0.205,17.0,1.0,24.222,24.633,0.945,1.393,18.0,1.0
2026-07-30T00:00:00Z,75.0,21.5,63.5,36.306,NaN,0.137,0.143,14.0,0.0,24.094,NaN,0.635,0.961,14.0,0.0
2026-07-30T00:00:00Z,75.0,21.5,64.5,36.318,36.324,0.124,0.132,18.0,1.0,23.862,23.863,0.563,0.683,18.0,1.0
2026-07-30T00:00:00Z,75.0,21.5,65.5,36.311,NaN,0.037,0.037,9.0,0.0,23.752,NaN,0.364,0.369,9.0,0.0
2026-07-30T00:00:00Z,75.0,21.5,66.5,36.313,36.326,0.036,0.036,8.0,1.0,23.621,23.623,0.234,0.251,8.0,1.0
2026-07-30T00:00:00Z,75.0,21.5,67.5,36.313,NaN,0.041,0.041,6.0,0.0,23.599,NaN,0.252,0.26,6.0,0.0
2026-07-30T00:00:00Z,75.0,21.5,68.5,36.312,NaN,0.044,0.044,5.0,0.0,23.588,NaN,0.252,0.254,5.0,0.0
2026-07-30T00:00:00Z,75.0,21.5,69.5,NaN,NaN,NaN,NaN,NaN,NaN,NaN,NaN,NaN,NaN,NaN,NaN
2026-07-30T00:00:00Z,75.0,21.5,70.5,NaN,NaN,NaN,NaN,NaN,NaN,NaN,NaN,NaN,NaN,NaN,NaN
2026-07-30T00:00:00Z,75.0,21.5,71.5,NaN,NaN,NaN,NaN,NaN,NaN,NaN,NaN,NaN,NaN,NaN,NaN
2026-07-30T00:00:00Z,75.0,21.5,72.5,NaN,NaN,NaN,NaN,NaN,NaN,NaN,NaN,NaN,NaN,NaN,NaN
2026-07-30T00:00:00Z,75.0,21.5,73.5,NaN,NaN,NaN,NaN,NaN,NaN,NaN,NaN,NaN,NaN,NaN,NaN
2026-07-30T00:00:00Z,75.0,21.5,74.5,NaN,NaN,NaN,NaN,NaN,NaN,NaN,NaN,NaN,NaN,NaN,NaN
2026-07-30T00:00:00Z,75.0,21.5,75.5,NaN,NaN,NaN,NaN,NaN,NaN,NaN,NaN,NaN,NaN,NaN,NaN
2026-07-30T00:00:00Z,75.0,21.5,76.5,NaN,NaN,NaN,NaN,NaN,NaN,NaN,NaN,NaN,NaN,NaN,NaN
2026-07-30T00:00:00Z,75.0,21.5,77.5,NaN,NaN,NaN,NaN,NaN,NaN,NaN,NaN,NaN,NaN,NaN,NaN
2026-07-30T00:00:00Z,75.0,21.5,78.5,NaN,NaN,NaN,NaN,NaN,NaN,NaN,NaN,NaN,NaN,NaN,NaN
2026-07-30T00:00:00Z,75.0,22.5,50.5,NaN,NaN,NaN,NaN,NaN,NaN,NaN,NaN,NaN,NaN,NaN,NaN
2026-07-30T00:00:00Z,75.0,22.5,51.5,NaN,NaN,NaN,NaN,NaN,NaN,NaN,NaN,NaN,NaN,NaN,NaN
2026-07-30T00:00:00Z,75.0,22.5,52.5,NaN,NaN,NaN,NaN,NaN,NaN,NaN,NaN,NaN,NaN,NaN,NaN
2026-07-30T00:00:00Z,75.0,22.5,53.5,NaN,NaN,NaN,NaN,NaN,NaN,NaN,NaN,NaN,NaN,NaN,NaN
2026-07-30T00:00:00Z,75.0,22.5,54.5,NaN,NaN,NaN,NaN,NaN,NaN,NaN,NaN,NaN,NaN,NaN,NaN
2026-07-30T00:00:00Z,75.0,22.5,55.5,NaN,NaN,NaN,NaN,NaN,NaN,NaN,NaN,NaN,NaN,NaN,NaN
2026-07-30T00:00:00Z,75.0,22.5,56.5,NaN,NaN,NaN,NaN,NaN,NaN,NaN,NaN,NaN,NaN,NaN,NaN
2026-07-30T00:00:00Z,75.0,22.5,57.5,NaN,NaN,NaN,NaN,NaN,NaN,NaN,NaN,NaN,NaN,NaN,NaN
2026-07-30T00:00:00Z,75.0,22.5,58.5,NaN,NaN,NaN,NaN,NaN,NaN,NaN,NaN,NaN,NaN,NaN,NaN
2026-07-30T00:00:00Z,75.0,22.5,59.5,36.375,NaN,0.214,0.245,15.0,0.0,22.421,NaN,0.893,1.065,16.0,0.0
2026-07-30T00:00:00Z,75.0,22.5,60.5,36.525,NaN,0.214,0.219,16.0,0.0,23.1,NaN,0.948,0.948,17.0,0.0
2026-07-30T00:00:00Z,75.0,22.5,61.5,36.409,NaN,0.193,0.194,13.0,0.0,23.967,NaN,1.065,1.316,14.0,0.0
2026-07-30T00:00:00Z,75.0,22.5,62.5,36.297,NaN,0.189,0.212,13.0,0.0,24.271,NaN,0.998,1.36,14.0,0.0
2026-07-30T00:00:00Z,75.0,22.5,63.5,36.318,36.331,0.079,0.1,8.0,1.0,23.985,23.854,0.437,0.492,8.0,1.0
2026-07-30T00:00:00Z,75.0,22.5,64.5,36.315,NaN,0.073,0.082,13.0,0.0,23.867,NaN,0.383,0.416,13.0,0.0
2026-07-30T00:00:00Z,75.0,22.5,65.5,36.308,36.296,0.037,0.037,9.0,1.0,23.78,23.891,0.364,0.365,9.0,1.0
2026-07-30T00:00:00Z,75.0,22.5,66.5,36.314,36.311,0.036,0.036,8.0,4.0,23.644,23.616,0.234,0.243,8.0,4.0
2026-07-30T00:00:00Z,75.0,22.5,67.5,36.314,NaN,0.041,0.041,6.0,0.0,23.616,NaN,0.252,0.256,6.0,0.0
2026-07-30T00:00:00Z,75.0,22.5,68.5,NaN,NaN,NaN,NaN,NaN,NaN,NaN,NaN,NaN,NaN,NaN,NaN
2026-07-30T00:00:00Z,75.0,22.5,69.5,NaN,NaN,NaN,NaN,NaN,NaN,NaN,NaN,NaN,NaN,NaN,NaN
2026-07-30T00:00:00Z,75.0,22.5,70.5,NaN,NaN,NaN,NaN,NaN,NaN,NaN,NaN,NaN,NaN,NaN,NaN
2026-07-30T00:00:00Z,75.0,22.5,71.5,NaN,NaN,NaN,NaN,NaN,NaN,NaN,NaN,NaN,NaN,NaN,NaN
2026-07-30T00:00:00Z,75.0,22.5,72.5,NaN,NaN,NaN,NaN,NaN,NaN,NaN,NaN,NaN,NaN,NaN,NaN
2026-07-30T00:00:00Z,75.0,22.5,73.5,NaN,NaN,NaN,NaN,NaN,NaN,NaN,NaN,NaN,NaN,NaN,NaN
2026-07-30T00:00:00Z,75.0,22.5,74.5,NaN,NaN,NaN,NaN,NaN,NaN,NaN,NaN,NaN,NaN,NaN,NaN
2026-07-30T00:00:00Z,75.0,22.5,75.5,NaN,NaN,NaN,NaN,NaN,NaN,NaN,NaN,NaN,NaN,NaN,NaN
2026-07-30T00:00:00Z,75.0,22.5,76.5,NaN,NaN,NaN,NaN,NaN,NaN,NaN,NaN,NaN,NaN,NaN,NaN
2026-07-30T00:00:00Z,75.0,22.5,77.5,NaN,NaN,NaN,NaN,NaN,NaN,NaN,NaN,NaN,NaN,NaN,NaN
2026-07-30T00:00:00Z,75.0,22.5,78.5,NaN,NaN,NaN,NaN,NaN,NaN,NaN,NaN,NaN,NaN,NaN,NaN
2026-07-30T00:00:00Z,75.0,23.5,50.5,NaN,NaN,NaN,NaN,NaN,NaN,NaN,NaN,NaN,NaN,NaN,NaN
2026-07-30T00:00:00Z,75.0,23.5,51.5,NaN,NaN,NaN,NaN,NaN,NaN,NaN,NaN,NaN,NaN,NaN,NaN
2026-07-30T00:00:00Z,75.0,23.5,52.5,NaN,NaN,NaN,NaN,NaN,NaN,NaN,NaN,NaN,NaN,NaN,NaN
2026-07-30T00:00:00Z,75.0,23.5,53.5,NaN,NaN,NaN,NaN,NaN,NaN,NaN,NaN,NaN,NaN,NaN,NaN
2026-07-30T00:00:00Z,75.0,23.5,54.5,NaN,NaN,NaN,NaN,NaN,NaN,NaN,NaN,NaN,NaN,NaN,NaN
2026-07-30T00:00:00Z,75.0,23.5,55.5,NaN,NaN,NaN,NaN,NaN,NaN,NaN,NaN,NaN,NaN,NaN,NaN
2026-07-30T00:00:00Z,75.0,23.5,56.5,NaN,NaN,NaN,NaN,NaN,NaN,NaN,NaN,NaN,NaN,NaN,NaN
2026-07-30T00:00:00Z,75.0,23.5,57.5,NaN,NaN,NaN,NaN,NaN,NaN,NaN,NaN,NaN,NaN,NaN,NaN
2026-07-30T00:00:00Z,75.0,23.5,58.5,36.632,NaN,0.139,0.144,11.0,0.0,22.367,NaN,0.969,1.082,12.0,0.0
2026-07-30T00:00:00Z,75.0,23.5,59.5,36.616,36.221,0.139,0.141,11.0,1.0,22.895,21.749,0.969,0.97,12.0,1.0
2026-07-30T00:00:00Z,75.0,23.5,60.5,36.619,36.637,0.161,0.169,12.0,2.0,23.272,23.407,1.046,1.084,13.0,2.0
2026-07-30T00:00:00Z,75.0,23.5,61.5,36.614,NaN,0.174,0.229,9.0,0.0,23.384,NaN,1.229,1.264,10.0,0.0
2026-07-30T00:00:00Z,75.0,23.5,62.5,36.365,NaN,0.164,0.197,9.0,0.0,23.969,NaN,1.162,1.34,10.0,0.0
2026-07-30T00:00:00Z,75.0,23.5,63.5,36.323,NaN,0.025,0.03,4.0,0.0,23.91,NaN,0.331,0.363,4.0,0.0
2026-07-30T00:00:00Z,75.0,23.5,64.5,36.31,NaN,0.037,0.037,9.0,0.0,23.873,NaN,0.364,0.369,9.0,0.0
2026-07-30T00:00:00Z,75.0,23.5,65.5,36.305,NaN,0.037,0.038,9.0,0.0,23.814,NaN,0.364,0.364,9.0,0.0
2026-07-30T00:00:00Z,75.0,23.5,66.5,36.314,NaN,0.036,0.036,8.0,0.0,23.672,NaN,0.234,0.237,8.0,0.0
2026-07-30T00:00:00Z,75.0,23.5,67.5,36.315,NaN,0.041,0.041,6.0,0.0,23.635,NaN,0.252,0.253,6.0,0.0
2026-07-30T00:00:00Z,75.0,23.5,68.5,NaN,NaN,NaN,NaN,NaN,NaN,NaN,NaN,NaN,NaN,NaN,NaN
2026-07-30T00:00:00Z,75.0,23.5,69.5,NaN,NaN,NaN,NaN,NaN,NaN,NaN,NaN,NaN,NaN,NaN,NaN
2026-07-30T00:00:00Z,75.0,23.5,70.5,NaN,NaN,NaN,NaN,NaN,NaN,NaN,NaN,NaN,NaN,NaN,NaN
2026-07-30T00:00:00Z,75.0,23.5,71.5,NaN,NaN,NaN,NaN,NaN,NaN,NaN,NaN,NaN,NaN,NaN,NaN
2026-07-30T00:00:00Z,75.0,23.5,72.5,NaN,NaN,NaN,NaN,NaN,NaN,NaN,NaN,NaN,NaN,NaN,NaN
2026-07-30T00:00:00Z,75.0,23.5,73.5,NaN,NaN,NaN,NaN,NaN,NaN,NaN,NaN,NaN,NaN,NaN,NaN
2026-07-30T00:00:00Z,75.0,23.5,74.5,NaN,NaN,NaN,NaN,NaN,NaN,NaN,NaN,NaN,NaN,NaN,NaN
2026-07-30T00:00:00Z,75.0,23.5,75.5,NaN,NaN,NaN,NaN,NaN,NaN,NaN,NaN,NaN,NaN,NaN,NaN
2026-07-30T00:00:00Z,75.0,23.5,76.5,NaN,NaN,NaN,NaN,NaN,NaN,NaN,NaN,NaN,NaN,NaN,NaN
2026-07-30T00:00:00Z,75.0,23.5,77.5,NaN,NaN,NaN,NaN,NaN,NaN,NaN,NaN,NaN,NaN,NaN,NaN
2026-07-30T00:00:00Z,75.0,23.5,78.5,NaN,NaN,NaN,NaN,NaN,NaN,NaN,NaN,NaN,NaN,NaN,NaN
2026-07-30T00:00:00Z,75.0,24.5,50.5,NaN,NaN,NaN,NaN,NaN,NaN,NaN,NaN,NaN,NaN,NaN,NaN
2026-07-30T00:00:00Z,75.0,24.5,51.5,NaN,NaN,NaN,NaN,NaN,NaN,NaN,NaN,NaN,NaN,NaN,NaN
2026-07-30T00:00:00Z,75.0,24.5,52.5,NaN,NaN,NaN,NaN,NaN,NaN,NaN,NaN,NaN,NaN,NaN,NaN
2026-07-30T00:00:00Z,75.0,24.5,53.5,NaN,NaN,NaN,NaN,NaN,NaN,NaN,NaN,NaN,NaN,NaN,NaN
2026-07-30T00:00:00Z,75.0,24.5,54.5,NaN,NaN,NaN,NaN,NaN,NaN,NaN,NaN,NaN,NaN,NaN,NaN
2026-07-30T00:00:00Z,75.0,24.5,55.5,NaN,NaN,NaN,NaN,NaN,NaN,NaN,NaN,NaN,NaN,NaN,NaN
2026-07-30T00:00:00Z,75.0,24.5,56.5,NaN,NaN,NaN,NaN,NaN,NaN,NaN,NaN,NaN,NaN,NaN,NaN
2026-07-30T00:00:00Z,75.0,24.5,57.5,36.661,NaN,0.139,0.153,11.0,0.0,23.136,NaN,0.503,0.504,11.0,0.0
2026-07-30T00:00:00Z,75.0,24.5,58.5,36.652,NaN,0.139,0.15,11.0,0.0,23.166,NaN,0.503,0.507,11.0,0.0
2026-07-30T00:00:00Z,75.0,24.5,59.5,36.619,36.593,0.139,0.141,11.0,1.0,23.294,23.513,0.503,0.538,11.0,1.0
2026-07-30T00:00:00Z,75.0,24.5,60.5,36.615,36.638,0.161,0.167,12.0,3.0,23.333,23.282,0.641,0.649,12.0,3.0
2026-07-30T00:00:00Z,75.0,24.5,61.5,36.62,NaN,0.174,0.233,9.0,0.0,23.337,NaN,0.74,0.745,9.0,0.0
2026-07-30T00:00:00Z,75.0,24.5,62.5,36.597,NaN,0.164,0.205,9.0,0.0,23.387,NaN,0.45,0.528,9.0,0.0
2026-07-30T00:00:00Z,75.0,24.5,63.5,36.324,NaN,0.025,0.031,4.0,0.0,23.878,NaN,0.331,0.378,4.0,0.0
2026-07-30T00:00:00Z,75.0,24.5,64.5,36.305,NaN,0.037,0.038,9.0,0.0,23.879,NaN,0.364,0.37,9.0,0.0
2026-07-30T00:00:00Z,75.0,24.5,65.5,36.302,NaN,0.037,0.038,9.0,0.0,23.842,NaN,0.364,0.365,9.0,0.0
2026-07-30T00:00:00Z,75.0,24.5,66.5,36.315,NaN,0.036,0.036,8.0,0.0,23.705,NaN,0.234,0.234,8.0,0.0
2026-07-30T00:00:00Z,75.0,24.5,67.5,NaN,NaN,NaN,NaN,NaN,NaN,NaN,NaN,NaN,NaN,NaN,NaN
2026-07-30T00:00:00Z,75.0,24.5,68.5,NaN,NaN,NaN,NaN,NaN,NaN,NaN,NaN,NaN,NaN,NaN,NaN
2026-07-30T00:00:00Z,75.0,24.5,69.5,NaN,NaN,NaN,NaN,NaN,NaN,NaN,NaN,NaN,NaN,NaN,NaN
2026-07-30T00:00:00Z,75.0,24.5,70.5,NaN,NaN,NaN,NaN,NaN,NaN,NaN,NaN,NaN,NaN,NaN,NaN
2026-07-30T00:00:00Z,75.0,24.5,71.5,NaN,NaN,NaN,NaN,NaN,NaN,NaN,NaN,NaN,NaN,NaN,NaN
2026-07-30T00:00:00Z,75.0,24.5,72.5,NaN,NaN,NaN,NaN,NaN,NaN,NaN,NaN,NaN,NaN,NaN,NaN
2026-07-30T00:00:00Z,75.0,24.5,73.5,NaN,NaN,NaN,NaN,NaN,NaN,NaN,NaN,NaN,NaN,NaN,NaN
2026-07-30T00:00:00Z,75.0,24.5,74.5,NaN,NaN,NaN,NaN,NaN,NaN,NaN,NaN,NaN,NaN,NaN,NaN
2026-07-30T00:00:00Z,75.0,24.5,75.5,NaN,NaN,NaN,NaN,NaN,NaN,NaN,NaN,NaN,NaN,NaN,NaN
2026-07-30T00:00:00Z,75.0,24.5,76.5,NaN,NaN,NaN,NaN,NaN,NaN,NaN,NaN,NaN,NaN,NaN,NaN
2026-07-30T00:00:00Z,75.0,24.5,77.5,NaN,NaN,NaN,NaN,NaN,NaN,NaN,NaN,NaN,NaN,NaN,NaN
2026-07-30T00:00:00Z,75.0,24.5,78.5,NaN,NaN,NaN,NaN,NaN,NaN,NaN,NaN,NaN,NaN,NaN,NaN
2026-07-30T00:00:00Z,75.0,25.5,50.5,NaN,NaN,NaN,NaN,NaN,NaN,NaN,NaN,NaN,NaN,NaN,NaN
2026-07-30T00:00:00Z,75.0,25.5,51.5,NaN,NaN,NaN,NaN,NaN,NaN,NaN,NaN,NaN,NaN,NaN,NaN
2026-07-30T00:00:00Z,75.0,25.5,52.5,NaN,NaN,NaN,NaN,NaN,NaN,NaN,NaN,NaN,NaN,NaN,NaN
2026-07-30T00:00:00Z,75.0,25.5,53.5,NaN,NaN,NaN,NaN,NaN,NaN,NaN,NaN,NaN,NaN,NaN,NaN
2026-07-30T00:00:00Z,75.0,25.5,54.5,NaN,NaN,NaN,NaN,NaN,NaN,NaN,NaN,NaN,NaN,NaN,NaN
2026-07-30T00:00:00Z,75.0,25.5,55.5,NaN,NaN,NaN,NaN,NaN,NaN,NaN,NaN,NaN,NaN,NaN,NaN
2026-07-30T00:00:00Z,75.0,25.5,56.5,NaN,NaN,NaN,NaN,NaN,NaN,NaN,NaN,NaN,NaN,NaN,NaN
2026-07-30T00:00:00Z,75.0,25.5,57.5,36.661,NaN,0.139,0.153,11.0,0.0,23.133,NaN,0.503,0.504,11.0,0.0
2026-07-30T00:00:00Z,75.0,25.5,58.5,NaN,NaN,NaN,NaN,NaN,NaN,NaN,NaN,NaN,NaN,NaN,NaN
2026-07-30T00:00:00Z,75.0,25.5,59.5,NaN,NaN,NaN,NaN,NaN,NaN,NaN,NaN,NaN,NaN,NaN,NaN
2026-07-30T00:00:00Z,75.0,25.5,60.5,NaN,NaN,NaN,NaN,NaN,NaN,NaN,NaN,NaN,NaN,NaN,NaN
2026-07-30T00:00:00Z,75.0,25.5,61.5,NaN,NaN,NaN,NaN,NaN,NaN,NaN,NaN,NaN,NaN,NaN,NaN
2026-07-30T00:00:00Z,75.0,25.5,62.5,NaN,NaN,NaN,NaN,NaN,NaN,NaN,NaN,NaN,NaN,NaN,NaN
2026-07-30T00:00:00Z,75.0,25.5,63.5,NaN,NaN,NaN,NaN,NaN,NaN,NaN,NaN,NaN,NaN,NaN,NaN
2026-07-30T00:00:00Z,75.0,25.5,64.5,NaN,NaN,NaN,NaN,NaN,NaN,NaN,NaN,NaN,NaN,NaN,NaN
2026-07-30T00:00:00Z,75.0,25.5,65.5,NaN,NaN,NaN,NaN,NaN,NaN,NaN,NaN,NaN,NaN,NaN,NaN
2026-07-30T00:00:00Z,75.0,25.5,66.5,NaN,NaN,NaN,NaN,NaN,NaN,NaN,NaN,NaN,NaN,NaN,NaN
2026-07-30T00:00:00Z,75.0,25.5,67.5,NaN,NaN,NaN,NaN,NaN,NaN,NaN,NaN,NaN,NaN,NaN,NaN
2026-07-30T00:00:00Z,75.0,25.5,68.5,NaN,NaN,NaN,NaN,NaN,NaN,NaN,NaN,NaN,NaN,NaN,NaN
2026-07-30T00:00:00Z,75.0,25.5,69.5,NaN,NaN,NaN,NaN,NaN,NaN,NaN,NaN,NaN,NaN,NaN,NaN
2026-07-30T00:00:00Z,75.0,25.5,70.5,NaN,NaN,NaN,NaN,NaN,NaN,NaN,NaN,NaN,NaN,NaN,NaN
2026-07-30T00:00:00Z,75.0,25.5,71.5,NaN,NaN,NaN,NaN,NaN,NaN,NaN,NaN,NaN,NaN,NaN,NaN
2026-07-30T00:00:00Z,75.0,25.5,72.5,NaN,NaN,NaN,NaN,NaN,NaN,NaN,NaN,NaN,NaN,NaN,NaN
2026-07-30T00:00:00Z,75.0,25.5,73.5,NaN,NaN,NaN,NaN,NaN,NaN,NaN,NaN,NaN,NaN,NaN,NaN
2026-07-30T00:00:00Z,75.0,25.5,74.5,NaN,NaN,NaN,NaN,NaN,NaN,NaN,NaN,NaN,NaN,NaN,NaN
2026-07-30T00:00:00Z,75.0,25.5,75.5,NaN,NaN,NaN,NaN,NaN,NaN,NaN,NaN,NaN,NaN,NaN,NaN
2026-07-30T00:00:00Z,75.0,25.5,76.5,NaN,NaN,NaN,NaN,NaN,NaN,NaN,NaN,NaN,NaN,NaN,NaN
2026-07-30T00:00:00Z,75.0,25.5,77.5,NaN,NaN,NaN,NaN,NaN,NaN,NaN,NaN,NaN,NaN,NaN,NaN
2026-07-30T00:00:00Z,75.0,25.5,78.5,NaN,NaN,NaN,NaN,NaN,NaN,NaN,NaN,NaN,NaN,NaN,NaN
2026-07-30T00:00:00Z,100.0,5.5,50.5,35.307,NaN,0.0,0.0,1.0,0.0,NaN,NaN,NaN,NaN,NaN,NaN
2026-07-30T00:00:00Z,100.0,5.5,51.5,35.307,NaN,0.0,0.0,1.0,0.0,NaN,NaN,NaN,NaN,NaN,NaN
2026-07-30T00:00:00Z,100.0,5.5,52.5,NaN,NaN,NaN,NaN,NaN,NaN,NaN,NaN,NaN,NaN,NaN,NaN
2026-07-30T00:00:00Z,100.0,5.5,53.5,NaN,NaN,NaN,NaN,NaN,NaN,NaN,NaN,NaN,NaN,NaN,NaN
2026-07-30T00:00:00Z,100.0,5.5,54.5,NaN,NaN,NaN,NaN,NaN,NaN,NaN,NaN,NaN,NaN,NaN,NaN
2026-07-30T00:00:00Z,100.0,5.5,55.5,NaN,NaN,NaN,NaN,NaN,NaN,NaN,NaN,NaN,NaN,NaN,NaN
2026-07-30T00:00:00Z,100.0,5.5,56.5,35.648,NaN,0.0,0.0,1.0,0.0,26.735,NaN,0.0,0.0,1.0,0.0
2026-07-30T00:00:00Z,100.0,5.5,57.5,35.648,NaN,0.262,0.37,2.0,0.0,26.735,NaN,0.527,0.745,2.0,0.0
2026-07-30T00:00:00Z,100.0,5.5,58.5,35.648,NaN,0.262,0.37,2.0,0.0,26.735,NaN,0.527,0.745,2.0,0.0
2026-07-30T00:00:00Z,100.0,5.5,59.5,35.649,NaN,0.262,0.369,2.0,0.0,26.734,NaN,0.527,0.744,2.0,0.0
2026-07-30T00:00:00Z,100.0,5.5,60.5,35.652,NaN,0.262,0.367,2.0,0.0,26.727,NaN,0.527,0.74,2.0,0.0
2026-07-30T00:00:00Z,100.0,5.5,61.5,35.673,NaN,0.262,0.353,2.0,0.0,26.685,NaN,0.527,0.711,2.0,0.0
2026-07-30T00:00:00Z,100.0,5.5,62.5,35.398,NaN,0.319,0.521,3.0,0.0,23.76,NaN,0.813,1.369,3.0,0.0
2026-07-30T00:00:00Z,100.0,5.5,63.5,35.397,NaN,0.233,0.329,2.0,0.0,23.757,NaN,0.698,0.986,2.0,0.0
2026-07-30T00:00:00Z,100.0,5.5,64.5,35.397,35.396,0.233,0.33,2.0,1.0,23.756,23.754,0.698,0.987,2.0,1.0
2026-07-30T00:00:00Z,100.0,5.5,65.5,35.396,35.396,0.205,0.237,4.0,1.0,23.684,23.754,1.87,1.935,4.0,1.0
2026-07-30T00:00:00Z,100.0,5.5,66.5,35.383,NaN,0.174,0.188,7.0,0.0,21.832,NaN,1.488,1.832,7.0,0.0
2026-07-30T00:00:00Z,100.0,5.5,67.5,35.39,35.402,0.174,0.186,7.0,2.0,21.833,21.92,1.488,1.831,7.0,2.0
2026-07-30T00:00:00Z,100.0,5.5,68.5,35.377,35.46,0.095,0.099,6.0,1.0,22.43,23.736,1.183,1.22,6.0,1.0
2026-07-30T00:00:00Z,100.0,5.5,69.5,35.356,35.361,0.095,0.095,6.0,1.0,22.68,23.182,1.183,1.303,6.0,1.0
2026-07-30T00:00:00Z,100.0,5.5,70.5,35.269,NaN,0.111,0.124,7.0,0.0,22.113,NaN,1.372,1.419,7.0,0.0
2026-07-30T00:00:00Z,100.0,5.5,71.5,35.182,NaN,0.111,0.157,5.0,0.0,21.455,NaN,1.071,1.637,5.0,0.0
2026-07-30T00:00:00Z,100.0,5.5,72.5,35.177,NaN,0.051,0.057,3.0,0.0,21.422,NaN,1.826,1.922,3.0,0.0
2026-07-30T00:00:00Z,100.0,5.5,73.5,35.243,NaN,0.051,0.064,3.0,0.0,20.612,NaN,1.826,2.306,3.0,0.0
2026-07-30T00:00:00Z,100.0,5.5,74.5,35.275,NaN,0.058,0.082,2.0,0.0,20.15,NaN,2.174,3.074,2.0,0.0
2026-07-30T00:00:00Z,100.0,5.5,75.5,35.275,NaN,0.058,0.082,2.0,0.0,20.148,NaN,2.174,3.075,2.0,0.0
2026-07-30T00:00:00Z,100.0,5.5,76.5,35.275,NaN,0.0,0.0,1.0,0.0,20.148,NaN,0.0,0.0,1.0,0.0
2026-07-30T00:00:00Z,100.0,5.5,77.5,35.275,NaN,0.0,0.0,1.0,0.0,20.148,NaN,0.0,0.0,1.0,0.0
2026-07-30T00:00:00Z,100.0,5.5,78.5,NaN,NaN,NaN,NaN,NaN,NaN,NaN,NaN,NaN,NaN,NaN,NaN
2026-07-30T00:00:00Z,100.0,6.5,50.5,35.307,NaN,0.0,0.0,1.0,0.0,NaN,NaN,NaN,NaN,NaN,NaN
2026-07-30T00:00:00Z,100.0,6.5,51.5,35.307,NaN,0.0,0.0,1.0,0.0,NaN,NaN,NaN,NaN,NaN,NaN
2026-07-30T00:00:00Z,100.0,6.5,52.5,NaN,NaN,NaN,NaN,NaN,NaN,NaN,NaN,NaN,NaN,NaN,NaN
2026-07-30T00:00:00Z,100.0,6.5,53.5,35.377,NaN,0.0,0.0,1.0,0.0,22.176,NaN,0.0,0.0,1.0,0.0
2026-07-30T00:00:00Z,100.0,6.5,54.5,35.377,NaN,0.0,0.0,1.0,0.0,22.176,NaN,0.0,0.0,1.0,0.0
2026-07-30T00:00:00Z,100.0,6.5,55.5,35.377,NaN,0.0,0.0,1.0,0.0,22.176,NaN,0.0,0.0,1.0,0.0
2026-07-30T00:00:00Z,100.0,6.5,56.5,35.416,NaN,0.135,0.166,2.0,0.0,22.838,NaN,2.28,2.795,2.0,0.0
2026-07-30T00:00:00Z,100.0,6.5,57.5,35.644,NaN,0.33,0.341,3.0,0.0,26.55,NaN,1.949,2.577,3.0,0.0
2026-07-30T00:00:00Z,100.0,6.5,58.5,35.687,NaN,0.355,0.392,4.0,0.0,26.656,NaN,1.751,2.32,4.0,0.0
2026-07-30T00:00:00Z,100.0,6.5,59.5,35.836,NaN,0.23,0.31,4.0,0.0,26.365,NaN,0.512,0.675,4.0,0.0
2026-07-30T00:00:00Z,100.0,6.5,60.5,36.116,NaN,0.23,0.241,4.0,0.0,25.923,NaN,0.512,0.512,4.0,0.0
2026-07-30T00:00:00Z,100.0,6.5,61.5,36.208,NaN,0.23,0.283,4.0,0.0,25.884,NaN,0.512,0.514,4.0,0.0
2026-07-30T00:00:00Z,100.0,6.5,62.5,35.948,NaN,0.306,0.307,5.0,0.0,25.199,NaN,0.76,0.761,5.0,0.0
2026-07-30T00:00:00Z,100.0,6.5,63.5,35.463,NaN,0.321,0.544,4.0,0.0,23.955,NaN,0.801,1.355,4.0,0.0
2026-07-30T00:00:00Z,100.0,6.5,64.5,35.436,NaN,0.304,0.473,3.0,0.0,23.873,NaN,0.709,1.129,3.0,0.0
2026-07-30T00:00:00Z,100.0,6.5,65.5,35.418,NaN,0.205,0.227,4.0,0.0,23.757,NaN,1.87,1.955,4.0,0.0
2026-07-30T00:00:00Z,100.0,6.5,66.5,35.383,NaN,0.174,0.188,7.0,0.0,21.847,NaN,1.488,1.823,7.0,0.0
2026-07-30T00:00:00Z,100.0,6.5,67.5,35.395,NaN,0.174,0.184,7.0,0.0,21.791,NaN,1.488,1.856,7.0,0.0
2026-07-30T00:00:00Z,100.0,6.5,68.5,35.407,NaN,0.095,0.11,6.0,0.0,22.475,NaN,1.183,1.231,6.0,0.0
2026-07-30T00:00:00Z,100.0,6.5,69.5,35.41,35.453,0.095,0.112,6.0,1.0,22.701,22.402,1.183,1.312,6.0,1.0
2026-07-30T00:00:00Z,100.0,6.5,70.5,35.397,NaN,0.095,0.105,6.0,0.0,22.605,NaN,1.183,1.273,6.0,0.0
2026-07-30T00:00:00Z,100.0,6.5,71.5,35.247,NaN,0.1,0.127,4.0,0.0,21.782,NaN,0.646,0.793,4.0,0.0
2026-07-30T00:00:00Z,100.0,6.5,72.5,35.2,NaN,0.049,0.056,2.0,0.0,21.119,NaN,0.634,0.718,2.0,0.0
2026-07-30T00:00:00Z,100.0,6.5,73.5,35.275,NaN,0.049,0.069,2.0,0.0,20.153,NaN,0.634,0.892,2.0,0.0
2026-07-30T00:00:00Z,100.0,6.5,74.5,35.275,NaN,0.0,0.0,1.0,0.0,20.148,NaN,0.0,0.0,1.0,0.0
2026-07-30T00:00:00Z,100.0,6.5,75.5,35.275,NaN,0.0,0.0,1.0,0.0,20.148,NaN,0.0,0.0,1.0,0.0
2026-07-30T00:00:00Z,100.0,6.5,76.5,35.275,NaN,0.0,0.0,1.0,0.0,20.148,NaN,0.0,0.0,1.0,0.0
2026-07-30T00:00:00Z,100.0,6.5,77.5,35.275,NaN,0.0,0.0,1.0,0.0,20.148,NaN,0.0,0.0,1.0,0.0
2026-07-30T00:00:00Z,100.0,6.5,78.5,NaN,NaN,NaN,NaN,NaN,NaN,NaN,NaN,NaN,NaN,NaN,NaN
2026-07-30T00:00:00Z,100.0,7.5,50.5,35.307,NaN,0.0,0.0,1.0,0.0,NaN,NaN,NaN,NaN,NaN,NaN
2026-07-30T00:00:00Z,100.0,7.5,51.5,35.307,NaN,0.0,0.0,1.0,0.0,NaN,NaN,NaN,NaN,NaN,NaN
2026-07-30T00:00:00Z,100.0,7.5,52.5,NaN,NaN,NaN,NaN,NaN,NaN,NaN,NaN,NaN,NaN,NaN,NaN
2026-07-30T00:00:00Z,100.0,7.5,53.5,35.377,NaN,0.0,0.0,1.0,0.0,22.176,NaN,0.0,0.0,1.0,0.0
2026-07-30T00:00:00Z,100.0,7.5,54.5,35.377,NaN,0.0,0.0,1.0,0.0,22.176,NaN,0.0,0.0,1.0,0.0
2026-07-30T00:00:00Z,100.0,7.5,55.5,35.377,NaN,0.168,0.238,2.0,0.0,22.176,NaN,1.929,2.729,2.0,0.0
2026-07-30T00:00:00Z,100.0,7.5,56.5,35.377,NaN,0.146,0.249,3.0,0.0,22.178,NaN,2.005,3.447,3.0,0.0
2026-07-30T00:00:00Z,100.0,7.5,57.5,35.505,NaN,0.286,0.362,4.0,0.0,22.85,NaN,1.762,2.903,4.0,0.0
2026-07-30T00:00:00Z,100.0,7.5,58.5,36.151,NaN,0.323,0.458,5.0,0.0,25.693,NaN,1.607,1.651,5.0,0.0
2026-07-30T00:00:00Z,100.0,7.5,59.5,36.172,NaN,0.237,0.328,7.0,0.0,25.704,NaN,0.951,0.969,7.0,0.0
2026-07-30T00:00:00Z,100.0,7.5,60.5,36.187,NaN,0.26,0.305,9.0,0.0,25.783,NaN,1.016,1.017,9.0,0.0
2026-07-30T00:00:00Z,100.0,7.5,61.5,36.174,NaN,0.249,0.271,8.0,0.0,25.809,NaN,1.075,1.075,8.0,0.0
2026-07-30T00:00:00Z,100.0,7.5,62.5,36.107,NaN,0.297,0.31,9.0,0.0,25.437,NaN,1.127,1.128,9.0,0.0
2026-07-30T00:00:00Z,100.0,7.5,63.5,35.845,NaN,0.309,0.345,8.0,0.0,25.073,NaN,1.19,1.221,8.0,0.0
2026-07-30T00:00:00Z,100.0,7.5,64.5,35.801,NaN,0.318,0.358,7.0,0.0,24.966,NaN,1.249,1.284,7.0,0.0
2026-07-30T00:00:00Z,100.0,7.5,65.5,35.761,NaN,0.413,0.413,6.0,0.0,24.833,NaN,2.315,2.353,6.0,0.0
2026-07-30T00:00:00Z,100.0,7.5,66.5,35.383,NaN,0.174,0.188,7.0,0.0,22.956,NaN,1.488,1.49,7.0,0.0
2026-07-30T00:00:00Z,100.0,7.5,67.5,35.405,NaN,0.174,0.181,7.0,0.0,21.86,NaN,1.488,1.816,7.0,0.0
2026-07-30T00:00:00Z,100.0,7.5,68.5,35.437,NaN,0.095,0.128,6.0,0.0,22.42,NaN,1.183,1.217,6.0,0.0
2026-07-30T00:00:00Z,100.0,7.5,69.5,35.444,NaN,0.095,0.133,6.0,0.0,22.473,NaN,1.183,1.231,6.0,0.0
2026-07-30T00:00:00Z,100.0,7.5,70.5,35.445,NaN,0.095,0.134,6.0,0.0,22.46,NaN,1.183,1.227,6.0,0.0
2026-07-30T00:00:00Z,100.0,7.5,71.5,35.432,NaN,0.1,0.145,4.0,0.0,22.397,NaN,0.646,0.664,4.0,0.0
2026-07-30T00:00:00Z,100.0,7.5,72.5,35.272,NaN,0.049,0.067,2.0,0.0,20.185,NaN,0.634,0.87,2.0,0.0
2026-07-30T00:00:00Z,100.0,7.5,73.5,35.275,NaN,0.049,0.069,2.0,0.0,20.148,NaN,0.634,0.896,2.0,0.0
2026-07-30T00:00:00Z,100.0,7.5,74.5,35.275,35.275,0.0,0.0,1.0,1.0,20.148,20.148,0.0,0.0,1.0,1.0
2026-07-30T00:00:00Z,100.0,7.5,75.5,35.275,NaN,0.0,0.0,1.0,0.0,20.148,NaN,0.0,0.0,1.0,0.0
2026-07-30T00:00:00Z,100.0,7.5,76.5,35.275,NaN,0.0,0.0,1.0,0.0,20.148,NaN,0.0,0.0,1.0,0.0
2026-07-30T00:00:00Z,100.0,7.5,77.5,35.275,NaN,0.0,0.0,1.0,0.0,20.148,NaN,0.0,0.0,1.0,0.0
2026-07-30T00:00:00Z,100.0,7.5,78.5,NaN,NaN,NaN,NaN,NaN,NaN,NaN,NaN,NaN,NaN,NaN,NaN
2026-07-30T00:00:00Z,100.0,8.5,50.5,35.307,NaN,0.0,0.0,1.0,0.0,NaN,NaN,NaN,NaN,NaN,NaN
2026-07-30T00:00:00Z,100.0,8.5,51.5,35.307,NaN,0.0,0.0,1.0,0.0,NaN,NaN,NaN,NaN,NaN,NaN
2026-07-30T00:00:00Z,100.0,8.5,52.5,NaN,NaN,NaN,NaN,NaN,NaN,NaN,NaN,NaN,NaN,NaN,NaN
2026-07-30T00:00:00Z,100.0,8.5,53.5,35.377,NaN,0.0,0.0,1.0,0.0,22.176,NaN,0.0,0.0,1.0,0.0
2026-07-30T00:00:00Z,100.0,8.5,54.5,35.377,NaN,0.0,0.0,1.0,0.0,22.176,NaN,0.0,0.0,1.0,0.0
2026-07-30T00:00:00Z,100.0,8.5,55.5,35.377,35.377,0.168,0.238,2.0,1.0,22.176,22.176,1.929,2.729,2.0,1.0
2026-07-30T00:00:00Z,100.0,8.5,56.5,35.378,NaN,0.168,0.237,2.0,0.0,22.19,NaN,1.929,2.719,2.0,0.0
2026-07-30T00:00:00Z,100.0,8.5,57.5,35.495,NaN,0.325,0.416,3.0,0.0,23.07,NaN,1.742,2.339,3.0,0.0
2026-07-30T00:00:00Z,100.0,8.5,58.5,36.118,NaN,0.347,0.426,4.0,0.0,25.689,NaN,1.611,1.769,4.0,0.0
2026-07-30T00:00:00Z,100.0,8.5,59.5,36.17,36.171,0.22,0.281,6.0,1.0,25.7,25.681,0.874,0.957,6.0,1.0
2026-07-30T00:00:00Z,100.0,8.5,60.5,36.16,NaN,0.236,0.251,8.0,0.0,25.729,NaN,1.021,1.021,8.0,0.0
2026-07-30T00:00:00Z,100.0,8.5,61.5,36.168,36.22,0.206,0.21,7.0,1.0,25.675,25.939,1.083,1.083,7.0,1.0
2026-07-30T00:00:00Z,100.0,8.5,62.5,36.051,NaN,0.297,0.299,9.0,0.0,25.23,NaN,1.127,1.137,9.0,0.0
2026-07-30T00:00:00Z,100.0,8.5,63.5,35.999,NaN,0.309,0.309,8.0,0.0,25.524,NaN,1.19,1.203,8.0,0.0
2026-07-30T00:00:00Z,100.0,8.5,64.5,35.87,35.863,0.305,0.328,8.0,1.0,25.179,25.151,1.169,1.171,8.0,1.0
2026-07-30T00:00:00Z,100.0,8.5,65.5,35.862,NaN,0.405,0.406,8.0,0.0,25.147,NaN,2.088,2.132,8.0,0.0
2026-07-30T00:00:00Z,100.0,8.5,66.5,35.862,NaN,0.356,0.407,8.0,0.0,25.153,NaN,1.767,2.287,8.0,0.0
2026-07-30T00:00:00Z,100.0,8.5,67.5,35.738,NaN,0.356,0.363,8.0,0.0,24.14,NaN,1.767,1.821,8.0,0.0
2026-07-30T00:00:00Z,100.0,8.5,68.5,35.498,NaN,0.377,0.44,7.0,0.0,22.619,NaN,1.916,2.212,7.0,0.0
2026-07-30T00:00:00Z,100.0,8.5,69.5,35.464,NaN,0.377,0.458,7.0,0.0,22.473,NaN,1.916,2.289,7.0,0.0
2026-07-30T00:00:00Z,100.0,8.5,70.5,35.528,NaN,0.357,0.377,6.0,0.0,22.812,NaN,1.972,2.085,6.0,0.0
2026-07-30T00:00:00Z,100.0,8.5,71.5,35.798,NaN,0.289,0.345,3.0,0.0,24.238,NaN,1.26,1.389,3.0,0.0
2026-07-30T00:00:00Z,100.0,8.5,72.5,35.372,NaN,0.369,0.459,2.0,0.0,20.837,NaN,2.615,3.248,2.0,0.0
2026-07-30T00:00:00Z,100.0,8.5,73.5,35.275,NaN,0.369,0.523,2.0,0.0,20.148,NaN,2.615,3.699,2.0,0.0
2026-07-30T00:00:00Z,100.0,8.5,74.5,35.275,NaN,0.0,0.0,1.0,0.0,20.148,NaN,0.0,0.0,1.0,0.0
2026-07-30T00:00:00Z,100.0,8.5,75.5,35.275,NaN,0.0,0.0,1.0,0.0,20.148,NaN,0.0,0.0,1.0,0.0
2026-07-30T00:00:00Z,100.0,8.5,76.5,35.275,NaN,0.0,0.0,1.0,0.0,20.148,NaN,0.0,0.0,1.0,0.0
2026-07-30T00:00:00Z,100.0,8.5,77.5,NaN,NaN,NaN,NaN,NaN,NaN,NaN,NaN,NaN,NaN,NaN,NaN
2026-07-30T00:00:00Z,100.0,8.5,78.5,NaN,NaN,NaN,NaN,NaN,NaN,NaN,NaN,NaN,NaN,NaN,NaN
2026-07-30T00:00:00Z,100.0,9.5,50.5,NaN,NaN,NaN,NaN,NaN,NaN,NaN,NaN,NaN,NaN,NaN,NaN
2026-07-30T00:00:00Z,100.0,9.5,51.5,NaN,NaN,NaN,NaN,NaN,NaN,NaN,NaN,NaN,NaN,NaN,NaN
2026-07-30T00:00:00Z,100.0,9.5,52.5,NaN,NaN,NaN,NaN,NaN,NaN,NaN,NaN,NaN,NaN,NaN,NaN
2026-07-30T00:00:00Z,100.0,9.5,53.5,35.377,NaN,0.0,0.0,1.0,0.0,22.176,NaN,0.0,0.0,1.0,0.0
2026-07-30T00:00:00Z,100.0,9.5,54.5,35.377,NaN,0.0,0.0,1.0,0.0,22.176,NaN,0.0,0.0,1.0,0.0
2026-07-30T00:00:00Z,100.0,9.5,55.5,35.378,NaN,0.168,0.237,2.0,0.0,22.182,NaN,1.929,2.725,2.0,0.0
2026-07-30T00:00:00Z,100.0,9.5,56.5,35.404,NaN,0.274,0.413,3.0,0.0,22.485,NaN,2.08,3.315,3.0,0.0
2026-07-30T00:00:00Z,100.0,9.5,57.5,35.662,NaN,0.309,0.351,4.0,0.0,25.386,NaN,1.821,1.829,4.0,0.0
2026-07-30T00:00:00Z,100.0,9.5,58.5,35.795,NaN,0.318,0.337,5.0,0.0,25.966,NaN,1.654,1.76,5.0,0.0
2026-07-30T00:00:00Z,100.0,9.5,59.5,36.081,NaN,0.205,0.219,7.0,0.0,25.754,NaN,1.0,1.02,7.0,0.0
2026-07-30T00:00:00Z,100.0,9.5,60.5,36.084,NaN,0.223,0.223,9.0,0.0,25.595,NaN,1.044,1.073,9.0,0.0
2026-07-30T00:00:00Z,100.0,9.5,61.5,36.143,35.957,0.194,0.196,8.0,3.0,25.643,24.735,1.105,1.119,8.0,3.0
2026-07-30T00:00:00Z,100.0,9.5,62.5,36.23,36.364,0.212,0.252,8.0,1.0,26.266,27.112,1.026,1.23,8.0,1.0
2026-07-30T00:00:00Z,100.0,9.5,63.5,36.217,NaN,0.224,0.261,7.0,0.0,26.373,NaN,1.097,1.356,7.0,0.0
2026-07-30T00:00:00Z,100.0,9.5,64.5,36.004,NaN,0.22,0.232,7.0,0.0,25.677,NaN,1.094,1.115,7.0,0.0
2026-07-30T00:00:00Z,100.0,9.5,65.5,36.258,NaN,0.158,0.176,6.0,0.0,25.191,NaN,0.759,1.052,6.0,0.0
2026-07-30T00:00:00Z,100.0,9.5,66.5,36.158,NaN,0.296,0.345,5.0,0.0,25.666,NaN,1.27,1.516,5.0,0.0
2026-07-30T00:00:00Z,100.0,9.5,67.5,36.241,NaN,0.272,0.367,6.0,0.0,25.905,NaN,1.179,1.657,6.0,0.0
2026-07-30T00:00:00Z,100.0,9.5,68.5,36.239,NaN,0.266,0.344,6.0,0.0,25.888,NaN,1.195,1.631,6.0,0.0
2026-07-30T00:00:00Z,100.0,9.5,69.5,36.073,NaN,0.266,0.271,6.0,0.0,25.242,NaN,1.195,1.282,6.0,0.0
2026-07-30T00:00:00Z,100.0,9.5,70.5,36.016,NaN,0.282,0.283,5.0,0.0,25.28,NaN,1.297,1.419,5.0,0.0
2026-07-30T00:00:00Z,100.0,9.5,71.5,36.015,NaN,0.278,0.326,3.0,0.0,25.345,NaN,1.228,1.812,3.0,0.0
2026-07-30T00:00:00Z,100.0,9.5,72.5,36.007,NaN,0.362,0.424,3.0,0.0,25.316,NaN,2.248,3.046,3.0,0.0
2026-07-30T00:00:00Z,100.0,9.5,73.5,35.307,NaN,0.369,0.5,2.0,0.0,20.375,NaN,2.615,3.542,2.0,0.0
2026-07-30T00:00:00Z,100.0,9.5,74.5,35.275,NaN,0.0,0.0,1.0,0.0,20.148,NaN,0.0,0.0,1.0,0.0
2026-07-30T00:00:00Z,100.0,9.5,75.5,35.275,NaN,0.0,0.0,1.0,0.0,20.148,NaN,0.0,0.0,1.0,0.0
2026-07-30T00:00:00Z,100.0,9.5,76.5,NaN,NaN,NaN,NaN,NaN,NaN,NaN,NaN,NaN,NaN,NaN,NaN
2026-07-30T00:00:00Z,100.0,9.5,77.5,NaN,NaN,NaN,NaN,NaN,NaN,NaN,NaN,NaN,NaN,NaN,NaN
2026-07-30T00:00:00Z,100.0,9.5,78.5,NaN,NaN,NaN,NaN,NaN,NaN,NaN,NaN,NaN,NaN,NaN,NaN
2026-07-30T00:00:00Z,100.0,10.5,50.5,NaN,NaN,NaN,NaN,NaN,NaN,NaN,NaN,NaN,NaN,NaN,NaN
2026-07-30T00:00:00Z,100.0,10.5,51.5,NaN,NaN,NaN,NaN,NaN,NaN,NaN,NaN,NaN,NaN,NaN,NaN
2026-07-30T00:00:00Z,100.0,10.5,52.5,NaN,NaN,NaN,NaN,NaN,NaN,NaN,NaN,NaN,NaN,NaN,NaN
2026-07-30T00:00:00Z,100.0,10.5,53.5,35.377,NaN,0.0,0.0,1.0,0.0,22.176,NaN,0.0,0.0,1.0,0.0
2026-07-30T00:00:00Z,100.0,10.5,54.5,35.377,NaN,0.0,0.0,1.0,0.0,22.176,NaN,0.0,0.0,1.0,0.0
2026-07-30T00:00:00Z,100.0,10.5,55.5,35.389,NaN,0.168,0.229,2.0,0.0,22.311,NaN,1.929,2.635,2.0,0.0
2026-07-30T00:00:00Z,100.0,10.5,56.5,35.603,NaN,0.274,0.295,3.0,0.0,24.774,NaN,2.08,2.101,3.0,0.0
2026-07-30T00:00:00Z,100.0,10.5,57.5,35.713,NaN,0.309,0.33,4.0,0.0,26.011,NaN,1.821,1.986,4.0,0.0
2026-07-30T00:00:00Z,100.0,10.5,58.5,35.741,35.713,0.318,0.358,5.0,1.0,26.106,26.035,1.654,1.813,5.0,1.0
2026-07-30T00:00:00Z,100.0,10.5,59.5,35.88,NaN,0.205,0.239,7.0,0.0,26.359,NaN,1.0,1.286,7.0,0.0
2026-07-30T00:00:00Z,100.0,10.5,60.5,36.023,NaN,0.223,0.242,11.0,0.0,25.736,NaN,1.127,1.192,11.0,0.0
2026-07-30T00:00:00Z,100.0,10.5,61.5,36.16,NaN,0.192,0.192,10.0,0.0,25.881,NaN,1.181,1.208,10.0,0.0
2026-07-30T00:00:00Z,100.0,10.5,62.5,36.269,36.264,0.209,0.247,10.0,1.0,26.593,26.621,1.177,1.341,10.0,1.0
2026-07-30T00:00:00Z,100.0,10.5,63.5,36.296,NaN,0.22,0.273,9.0,0.0,26.782,NaN,1.237,1.473,9.0,0.0
2026-07-30T00:00:00Z,100.0,10.5,64.5,36.264,NaN,0.219,0.257,9.0,0.0,26.639,NaN,1.265,1.468,9.0,0.0
2026-07-30T00:00:00Z,100.0,10.5,65.5,36.205,NaN,0.15,0.15,8.0,0.0,25.499,NaN,0.93,1.221,8.0,0.0
2026-07-30T00:00:00Z,100.0,10.5,66.5,36.205,NaN,0.151,0.177,4.0,0.0,25.556,NaN,0.402,0.417,4.0,0.0
2026-07-30T00:00:00Z,100.0,10.5,67.5,36.216,36.267,0.136,0.176,5.0,1.0,25.694,26.127,0.597,0.769,5.0,1.0
2026-07-30T00:00:00Z,100.0,10.5,68.5,36.211,NaN,0.087,0.116,5.0,0.0,25.709,NaN,0.599,0.753,5.0,0.0
2026-07-30T00:00:00Z,100.0,10.5,69.5,36.074,NaN,0.087,0.106,5.0,0.0,25.046,NaN,0.599,0.634,5.0,0.0
2026-07-30T00:00:00Z,100.0,10.5,70.5,36.027,36.014,0.095,0.137,4.0,1.0,25.122,25.379,0.667,0.686,4.0,1.0
2026-07-30T00:00:00Z,100.0,10.5,71.5,36.019,NaN,0.028,0.035,2.0,0.0,25.271,NaN,0.561,0.722,2.0,0.0
2026-07-30T00:00:00Z,100.0,10.5,72.5,36.016,NaN,0.028,0.037,2.0,0.0,25.338,NaN,0.561,0.766,2.0,0.0
2026-07-30T00:00:00Z,100.0,10.5,73.5,36.014,NaN,0.0,0.0,1.0,0.0,25.379,NaN,0.0,0.0,1.0,0.0
2026-07-30T00:00:00Z,100.0,10.5,74.5,NaN,NaN,NaN,NaN,NaN,NaN,NaN,NaN,NaN,NaN,NaN,NaN
2026-07-30T00:00:00Z,100.0,10.5,75.5,NaN,NaN,NaN,NaN,NaN,NaN,NaN,NaN,NaN,NaN,NaN,NaN
2026-07-30T00:00:00Z,100.0,10.5,76.5,NaN,NaN,NaN,NaN,NaN,NaN,NaN,NaN,NaN,NaN,NaN,NaN
2026-07-30T00:00:00Z,100.0,10.5,77.5,NaN,NaN,NaN,NaN,NaN,NaN,NaN,NaN,NaN,NaN,NaN,NaN
2026-07-30T00:00:00Z,100.0,10.5,78.5,NaN,NaN,NaN,NaN,NaN,NaN,NaN,NaN,NaN,NaN,NaN,NaN
2026-07-30T00:00:00Z,100.0,11.5,50.5,NaN,NaN,NaN,NaN,NaN,NaN,NaN,NaN,NaN,NaN,NaN,NaN
2026-07-30T00:00:00Z,100.0,11.5,51.5,NaN,NaN,NaN,NaN,NaN,NaN,NaN,NaN,NaN,NaN,NaN,NaN
2026-07-30T00:00:00Z,100.0,11.5,52.5,NaN,NaN,NaN,NaN,NaN,NaN,NaN,NaN,NaN,NaN,NaN,NaN
2026-07-30T00:00:00Z,100.0,11.5,53.5,35.377,NaN,0.0,0.0,1.0,0.0,22.176,NaN,0.0,0.0,1.0,0.0
2026-07-30T00:00:00Z,100.0,11.5,54.5,35.377,NaN,0.0,0.0,1.0,0.0,22.176,NaN,0.0,0.0,1.0,0.0
2026-07-30T00:00:00Z,100.0,11.5,55.5,35.532,NaN,0.168,0.168,2.0,0.0,23.961,NaN,1.929,1.935,2.0,0.0
2026-07-30T00:00:00Z,100.0,11.5,56.5,35.711,NaN,0.274,0.274,3.0,0.0,25.972,NaN,2.08,2.269,3.0,0.0
2026-07-30T00:00:00Z,100.0,11.5,57.5,35.752,NaN,0.274,0.277,3.0,0.0,26.144,NaN,2.08,2.343,3.0,0.0
2026-07-30T00:00:00Z,100.0,11.5,58.5,35.893,NaN,0.375,0.375,4.0,0.0,26.544,NaN,2.08,2.552,3.0,0.0
2026-07-30T00:00:00Z,100.0,11.5,59.5,36.019,36.049,0.246,0.246,6.0,1.0,26.898,26.987,1.164,1.861,5.0,1.0
2026-07-30T00:00:00Z,100.0,11.5,60.5,36.051,NaN,0.245,0.257,10.0,0.0,26.897,NaN,1.233,1.418,9.0,0.0
2026-07-30T00:00:00Z,100.0,11.5,61.5,36.235,NaN,0.214,0.222,9.0,0.0,26.99,NaN,1.306,1.518,8.0,0.0
2026-07-30T00:00:00Z,100.0,11.5,62.5,36.282,NaN,0.222,0.241,8.0,0.0,27.095,NaN,1.361,1.683,7.0,0.0
2026-07-30T00:00:00Z,100.0,11.5,63.5,36.291,NaN,0.222,0.244,8.0,0.0,27.078,NaN,1.361,1.673,7.0,0.0
2026-07-30T00:00:00Z,100.0,11.5,64.5,36.298,NaN,0.209,0.249,8.0,0.0,26.979,NaN,1.312,1.645,8.0,0.0
2026-07-30T00:00:00Z,100.0,11.5,65.5,36.185,NaN,0.075,0.109,7.0,0.0,25.346,NaN,0.881,1.415,7.0,0.0
2026-07-30T00:00:00Z,100.0,11.5,66.5,36.184,NaN,0.04,0.044,5.0,0.0,25.367,NaN,0.361,0.365,5.0,0.0
2026-07-30T00:00:00Z,100.0,11.5,67.5,36.189,36.16,0.062,0.063,6.0,2.0,25.475,25.254,0.544,0.6,6.0,2.0
2026-07-30T00:00:00Z,100.0,11.5,68.5,36.179,NaN,0.082,0.085,7.0,0.0,25.452,NaN,0.507,0.547,7.0,0.0
2026-07-30T00:00:00Z,100.0,11.5,69.5,36.077,NaN,0.082,0.114,7.0,0.0,24.707,NaN,0.507,0.74,7.0,0.0
2026-07-30T00:00:00Z,100.0,11.5,70.5,36.043,36.069,0.088,0.142,6.0,1.0,24.8,24.256,0.546,0.715,6.0,1.0
2026-07-30T00:00:00Z,100.0,11.5,71.5,36.029,NaN,0.088,0.132,4.0,0.0,25.068,NaN,0.446,0.448,4.0,0.0
2026-07-30T00:00:00Z,100.0,11.5,72.5,36.021,NaN,0.028,0.035,2.0,0.0,25.244,NaN,0.561,0.705,2.0,0.0
2026-07-30T00:00:00Z,100.0,11.5,73.5,36.014,NaN,0.0,0.0,1.0,0.0,25.379,NaN,0.0,0.0,1.0,0.0
2026-07-30T00:00:00Z,100.0,11.5,74.5,NaN,NaN,NaN,NaN,NaN,NaN,NaN,NaN,NaN,NaN,NaN,NaN
2026-07-30T00:00:00Z,100.0,11.5,75.5,NaN,NaN,NaN,NaN,NaN,NaN,NaN,NaN,NaN,NaN,NaN,NaN
2026-07-30T00:00:00Z,100.0,11.5,76.5,NaN,NaN,NaN,NaN,NaN,NaN,NaN,NaN,NaN,NaN,NaN,NaN
2026-07-30T00:00:00Z,100.0,11.5,77.5,NaN,NaN,NaN,NaN,NaN,NaN,NaN,NaN,NaN,NaN,NaN,NaN
2026-07-30T00:00:00Z,100.0,11.5,78.5,NaN,NaN,NaN,NaN,NaN,NaN,NaN,NaN,NaN,NaN,NaN,NaN
2026-07-30T00:00:00Z,100.0,12.5,50.5,NaN,NaN,NaN,NaN,NaN,NaN,NaN,NaN,NaN,NaN,NaN,NaN
2026-07-30T00:00:00Z,100.0,12.5,51.5,35.787,NaN,0.0,0.0,1.0,0.0,17.049,NaN,0.0,0.0,1.0,0.0
2026-07-30T00:00:00Z,100.0,12.5,52.5,35.787,NaN,0.0,0.0,1.0,0.0,17.049,NaN,0.0,0.0,1.0,0.0
2026-07-30T00:00:00Z,100.0,12.5,53.5,35.787,NaN,0.0,0.0,1.0,0.0,17.049,NaN,0.0,0.0,1.0,0.0
2026-07-30T00:00:00Z,100.0,12.5,54.5,35.787,NaN,0.0,0.0,1.0,0.0,17.049,NaN,0.0,0.0,1.0,0.0
2026-07-30T00:00:00Z,100.0,12.5,55.5,35.761,NaN,0.037,0.039,2.0,0.0,20.221,NaN,4.493,4.683,2.0,0.0
2026-07-30T00:00:00Z,100.0,12.5,56.5,35.77,NaN,0.144,0.165,3.0,0.0,26.184,NaN,4.477,5.295,3.0,0.0
2026-07-30T00:00:00Z,100.0,12.5,57.5,35.929,NaN,0.168,0.175,2.0,0.0,26.646,NaN,0.476,0.495,2.0,0.0
2026-07-30T00:00:00Z,100.0,12.5,58.5,36.029,NaN,0.274,0.274,3.0,0.0,26.93,NaN,0.476,0.634,2.0,0.0
2026-07-30T00:00:00Z,100.0,12.5,59.5,36.051,NaN,0.261,0.272,5.0,0.0,26.98,NaN,1.3,1.993,4.0,0.0
2026-07-30T00:00:00Z,100.0,12.5,60.5,36.117,NaN,0.251,0.257,11.0,0.0,27.036,NaN,1.397,1.804,10.0,0.0
2026-07-30T00:00:00Z,100.0,12.5,61.5,36.288,NaN,0.216,0.227,10.0,0.0,27.587,NaN,1.472,2.254,9.0,0.0
2026-07-30T00:00:00Z,100.0,12.5,62.5,36.296,36.28,0.22,0.228,9.0,1.0,27.522,27.687,1.505,2.331,8.0,1.0
2026-07-30T00:00:00Z,100.0,12.5,63.5,36.318,NaN,0.22,0.235,9.0,0.0,27.345,NaN,1.505,2.199,8.0,0.0
2026-07-30T00:00:00Z,100.0,12.5,64.5,36.337,NaN,0.214,0.249,9.0,0.0,27.192,NaN,1.431,2.085,9.0,0.0
2026-07-30T00:00:00Z,100.0,12.5,65.5,36.239,NaN,0.08,0.088,10.0,0.0,25.954,NaN,1.143,1.143,10.0,0.0
2026-07-30T00:00:00Z,100.0,12.5,66.5,36.172,NaN,0.037,0.047,6.0,0.0,25.203,NaN,0.333,0.406,6.0,0.0
2026-07-30T00:00:00Z,100.0,12.5,67.5,36.172,NaN,0.057,0.058,7.0,0.0,25.343,NaN,0.515,0.521,7.0,0.0
2026-07-30T00:00:00Z,100.0,12.5,68.5,36.166,NaN,0.077,0.077,8.0,0.0,25.373,NaN,0.483,0.492,8.0,0.0
2026-07-30T00:00:00Z,100.0,12.5,69.5,36.109,NaN,0.077,0.093,8.0,0.0,25.3,NaN,0.483,0.484,8.0,0.0
2026-07-30T00:00:00Z,100.0,12.5,70.5,36.068,NaN,0.082,0.123,7.0,0.0,25.341,NaN,0.514,0.516,7.0,0.0
2026-07-30T00:00:00Z,100.0,12.5,71.5,36.048,NaN,0.088,0.119,4.0,0.0,24.734,NaN,0.446,0.53,4.0,0.0
2026-07-30T00:00:00Z,100.0,12.5,72.5,36.032,NaN,0.028,0.029,2.0,0.0,25.009,NaN,0.561,0.593,2.0,0.0
2026-07-30T00:00:00Z,100.0,12.5,73.5,36.014,NaN,0.0,0.0,1.0,0.0,25.379,NaN,0.0,0.0,1.0,0.0
2026-07-30T00:00:00Z,100.0,12.5,74.5,NaN,NaN,NaN,NaN,NaN,NaN,NaN,NaN,NaN,NaN,NaN,NaN
2026-07-30T00:00:00Z,100.0,12.5,75.5,NaN,NaN,NaN,NaN,NaN,NaN,NaN,NaN,NaN,NaN,NaN,NaN
2026-07-30T00:00:00Z,100.0,12.5,76.5,NaN,NaN,NaN,NaN,NaN,NaN,NaN,NaN,NaN,NaN,NaN,NaN
2026-07-30T00:00:00Z,100.0,12.5,77.5,NaN,NaN,NaN,NaN,NaN,NaN,NaN,NaN,NaN,NaN,NaN,NaN
2026-07-30T00:00:00Z,100.0,12.5,78.5,NaN,NaN,NaN,NaN,NaN,NaN,NaN,NaN,NaN,NaN,NaN,NaN
2026-07-30T00:00:00Z,100.0,13.5,50.5,NaN,NaN,NaN,NaN,NaN,NaN,NaN,NaN,NaN,NaN,NaN,NaN
2026-07-30T00:00:00Z,100.0,13.5,51.5,35.787,NaN,0.0,0.0,1.0,0.0,17.049,NaN,0.0,0.0,1.0,0.0
2026-07-30T00:00:00Z,100.0,13.5,52.5,35.787,NaN,0.0,0.0,1.0,0.0,17.049,NaN,0.0,0.0,1.0,0.0
2026-07-30T00:00:00Z,100.0,13.5,53.5,35.787,NaN,0.0,0.0,1.0,0.0,17.049,NaN,0.0,0.0,1.0,0.0
2026-07-30T00:00:00Z,100.0,13.5,54.5,35.787,NaN,0.0,0.0,1.0,0.0,17.049,NaN,0.0,0.0,1.0,0.0
2026-07-30T00:00:00Z,100.0,13.5,55.5,35.787,NaN,0.0,0.0,1.0,0.0,17.049,NaN,0.0,0.0,1.0,0.0
2026-07-30T00:00:00Z,100.0,13.5,56.5,35.835,NaN,0.131,0.155,2.0,0.0,18.863,NaN,4.969,5.886,2.0,0.0
2026-07-30T00:00:00Z,100.0,13.5,57.5,36.049,NaN,0.0,0.0,1.0,0.0,26.987,NaN,0.0,0.0,1.0,0.0
2026-07-30T00:00:00Z,100.0,13.5,58.5,36.064,NaN,0.167,0.226,2.0,0.0,26.987,NaN,0.0,0.0,1.0,0.0
2026-07-30T00:00:00Z,100.0,13.5,59.5,36.194,NaN,0.167,0.168,2.0,0.0,26.987,NaN,0.0,0.0,1.0,0.0
2026-07-30T00:00:00Z,100.0,13.5,60.5,36.381,NaN,0.116,0.143,6.0,0.0,26.857,NaN,1.488,1.685,5.0,0.0
2026-07-30T00:00:00Z,100.0,13.5,61.5,36.358,NaN,0.116,0.131,6.0,0.0,26.481,NaN,1.488,1.545,5.0,0.0
2026-07-30T00:00:00Z,100.0,13.5,62.5,36.332,NaN,0.136,0.142,6.0,0.0,26.571,NaN,1.549,1.871,5.0,0.0
2026-07-30T00:00:00Z,100.0,13.5,63.5,36.341,36.349,0.159,0.179,9.0,1.0,26.789,27.118,1.37,2.173,8.0,1.0
2026-07-30T00:00:00Z,100.0,13.5,64.5,36.341,NaN,0.155,0.187,9.0,0.0,26.919,NaN,1.291,2.225,9.0,0.0
2026-07-30T00:00:00Z,100.0,13.5,65.5,36.328,NaN,0.137,0.17,12.0,0.0,25.416,NaN,1.157,1.169,12.0,0.0
2026-07-30T00:00:00Z,100.0,13.5,66.5,36.154,NaN,0.122,0.124,10.0,0.0,24.81,NaN,0.64,0.67,10.0,0.0
2026-07-30T00:00:00Z,100.0,13.5,67.5,36.195,NaN,0.12,0.123,11.0,0.0,25.277,NaN,0.647,0.73,11.0,0.0
2026-07-30T00:00:00Z,100.0,13.5,68.5,36.209,NaN,0.118,0.124,11.0,0.0,25.239,NaN,0.62,0.65,11.0,0.0
2026-07-30T00:00:00Z,100.0,13.5,69.5,36.208,NaN,0.077,0.091,8.0,0.0,25.229,NaN,0.483,0.486,8.0,0.0
2026-07-30T00:00:00Z,100.0,13.5,70.5,36.195,NaN,0.082,0.09,7.0,0.0,25.226,NaN,0.514,0.519,7.0,0.0
2026-07-30T00:00:00Z,100.0,13.5,71.5,36.15,NaN,0.088,0.091,4.0,0.0,24.905,NaN,0.446,0.461,4.0,0.0
2026-07-30T00:00:00Z,100.0,13.5,72.5,36.049,NaN,0.028,0.029,2.0,0.0,24.662,NaN,0.561,0.583,2.0,0.0
2026-07-30T00:00:00Z,100.0,13.5,73.5,36.014,NaN,0.0,0.0,1.0,0.0,25.379,NaN,0.0,0.0,1.0,0.0
2026-07-30T00:00:00Z,100.0,13.5,74.5,NaN,NaN,NaN,NaN,NaN,NaN,NaN,NaN,NaN,NaN,NaN,NaN
2026-07-30T00:00:00Z,100.0,13.5,75.5,NaN,NaN,NaN,NaN,NaN,NaN,NaN,NaN,NaN,NaN,NaN,NaN
2026-07-30T00:00:00Z,100.0,13.5,76.5,NaN,NaN,NaN,NaN,NaN,NaN,NaN,NaN,NaN,NaN,NaN,NaN
2026-07-30T00:00:00Z,100.0,13.5,77.5,NaN,NaN,NaN,NaN,NaN,NaN,NaN,NaN,NaN,NaN,NaN,NaN
2026-07-30T00:00:00Z,100.0,13.5,78.5,NaN,NaN,NaN,NaN,NaN,NaN,NaN,NaN,NaN,NaN,NaN,NaN
2026-07-30T00:00:00Z,100.0,14.5,50.5,NaN,NaN,NaN,NaN,NaN,NaN,NaN,NaN,NaN,NaN,NaN,NaN
2026-07-30T00:00:00Z,100.0,14.5,51.5,35.787,NaN,0.0,0.0,1.0,0.0,17.049,NaN,0.0,0.0,1.0,0.0
2026-07-30T00:00:00Z,100.0,14.5,52.5,35.787,NaN,0.034,0.048,2.0,0.0,17.049,NaN,0.012,0.016,2.0,0.0
2026-07-30T00:00:00Z,100.0,14.5,53.5,35.786,NaN,0.034,0.048,2.0,0.0,17.049,NaN,0.012,0.016,2.0,0.0
2026-07-30T00:00:00Z,100.0,14.5,54.5,35.784,NaN,0.034,0.046,2.0,0.0,17.048,NaN,0.012,0.016,2.0,0.0
2026-07-30T00:00:00Z,100.0,14.5,55.5,35.776,NaN,0.034,0.041,2.0,0.0,17.045,NaN,0.012,0.014,2.0,0.0
2026-07-30T00:00:00Z,100.0,14.5,56.5,35.755,NaN,0.142,0.172,3.0,0.0,17.04,NaN,4.69,5.743,3.0,0.0
2026-07-30T00:00:00Z,100.0,14.5,57.5,35.879,NaN,0.165,0.165,2.0,0.0,21.849,NaN,4.981,4.983,2.0,0.0
2026-07-30T00:00:00Z,100.0,14.5,58.5,36.297,NaN,0.167,0.185,2.0,0.0,26.987,NaN,0.0,0.0,1.0,0.0
2026-07-30T00:00:00Z,100.0,14.5,59.5,36.375,NaN,0.148,0.248,3.0,0.0,26.645,NaN,1.606,2.043,2.0,0.0
2026-07-30T00:00:00Z,100.0,14.5,60.5,36.38,36.383,0.129,0.17,7.0,1.0,24.294,NaN,1.604,2.123,6.0,0.0
2026-07-30T00:00:00Z,100.0,14.5,61.5,36.37,NaN,0.129,0.164,7.0,0.0,24.345,NaN,1.604,2.09,6.0,0.0
2026-07-30T00:00:00Z,100.0,14.5,62.5,36.362,36.366,0.143,0.175,7.0,2.0,24.519,24.268,1.556,1.711,6.0,2.0
2026-07-30T00:00:00Z,100.0,14.5,63.5,36.358,NaN,0.159,0.196,10.0,0.0,24.853,NaN,1.357,1.361,9.0,0.0
2026-07-30T00:00:00Z,100.0,14.5,64.5,36.215,NaN,0.16,0.161,9.0,0.0,24.9,NaN,1.357,1.358,9.0,0.0
2026-07-30T00:00:00Z,100.0,14.5,65.5,36.108,NaN,0.149,0.192,10.0,0.0,24.264,NaN,1.234,1.53,10.0,0.0
2026-07-30T00:00:00Z,100.0,14.5,66.5,36.174,NaN,0.132,0.132,8.0,0.0,24.447,NaN,0.573,0.701,8.0,0.0
2026-07-30T00:00:00Z,100.0,14.5,67.5,36.202,NaN,0.129,0.135,9.0,0.0,25.296,NaN,0.571,0.767,9.0,0.0
2026-07-30T00:00:00Z,100.0,14.5,68.5,36.206,NaN,0.115,0.118,9.0,0.0,25.321,NaN,0.649,0.882,9.0,0.0
2026-07-30T00:00:00Z,100.0,14.5,69.5,36.211,36.213,0.049,0.067,6.0,2.0,25.252,25.224,0.665,0.76,6.0,2.0
2026-07-30T00:00:00Z,100.0,14.5,70.5,36.211,NaN,0.049,0.067,6.0,0.0,25.206,NaN,0.665,0.739,6.0,0.0
2026-07-30T00:00:00Z,100.0,14.5,71.5,36.199,NaN,0.059,0.068,4.0,0.0,24.827,NaN,0.65,0.688,4.0,0.0
2026-07-30T00:00:00Z,100.0,14.5,72.5,36.16,NaN,0.045,0.064,2.0,0.0,23.711,NaN,0.274,0.385,2.0,0.0
2026-07-30T00:00:00Z,100.0,14.5,73.5,36.16,NaN,0.0,0.0,1.0,0.0,23.709,NaN,0.0,0.0,1.0,0.0
2026-07-30T00:00:00Z,100.0,14.5,74.5,NaN,NaN,NaN,NaN,NaN,NaN,NaN,NaN,NaN,NaN,NaN,NaN
2026-07-30T00:00:00Z,100.0,14.5,75.5,NaN,NaN,NaN,NaN,NaN,NaN,NaN,NaN,NaN,NaN,NaN,NaN
2026-07-30T00:00:00Z,100.0,14.5,76.5,NaN,NaN,NaN,NaN,NaN,NaN,NaN,NaN,NaN,NaN,NaN,NaN
2026-07-30T00:00:00Z,100.0,14.5,77.5,NaN,NaN,NaN,NaN,NaN,NaN,NaN,NaN,NaN,NaN,NaN,NaN
2026-07-30T00:00:00Z,100.0,14.5,78.5,NaN,NaN,NaN,NaN,NaN,NaN,NaN,NaN,NaN,NaN,NaN,NaN
2026-07-30T00:00:00Z,100.0,15.5,50.5,NaN,NaN,NaN,NaN,NaN,NaN,NaN,NaN,NaN,NaN,NaN,NaN
2026-07-30T00:00:00Z,100.0,15.5,51.5,NaN,NaN,NaN,NaN,NaN,NaN,NaN,NaN,NaN,NaN,NaN,NaN
2026-07-30T00:00:00Z,100.0,15.5,52.5,35.786,NaN,0.034,0.047,2.0,0.0,17.049,NaN,0.012,0.016,2.0,0.0
2026-07-30T00:00:00Z,100.0,15.5,53.5,35.783,NaN,0.034,0.045,2.0,0.0,17.048,NaN,0.012,0.015,2.0,0.0
2026-07-30T00:00:00Z,100.0,15.5,54.5,35.772,35.787,0.034,0.039,2.0,1.0,17.044,17.049,0.012,0.013,2.0,1.0
2026-07-30T00:00:00Z,100.0,15.5,55.5,35.748,NaN,0.034,0.034,2.0,0.0,17.036,NaN,0.012,0.012,2.0,0.0
2026-07-30T00:00:00Z,100.0,15.5,56.5,35.729,NaN,0.034,0.042,2.0,0.0,17.029,NaN,0.012,0.014,2.0,0.0
2026-07-30T00:00:00Z,100.0,15.5,57.5,35.719,NaN,0.0,0.0,1.0,0.0,17.026,NaN,0.0,0.0,1.0,0.0
2026-07-30T00:00:00Z,100.0,15.5,58.5,36.383,NaN,0.0,0.0,1.0,0.0,NaN,NaN,NaN,NaN,NaN,NaN
2026-07-30T00:00:00Z,100.0,15.5,59.5,36.339,NaN,0.144,0.176,2.0,0.0,23.776,NaN,0.0,0.0,1.0,0.0
2026-07-30T00:00:00Z,100.0,15.5,60.5,36.381,NaN,0.1,0.125,6.0,0.0,23.84,NaN,1.638,2.278,5.0,0.0
2026-07-30T00:00:00Z,100.0,15.5,61.5,36.37,NaN,0.1,0.119,6.0,0.0,24.032,NaN,1.638,2.149,5.0,0.0
2026-07-30T00:00:00Z,100.0,15.5,62.5,36.34,NaN,0.15,0.159,8.0,0.0,24.231,NaN,1.556,1.849,6.0,0.0
2026-07-30T00:00:00Z,100.0,15.5,63.5,36.321,NaN,0.164,0.174,11.0,0.0,24.318,NaN,1.357,1.498,9.0,0.0
2026-07-30T00:00:00Z,100.0,15.5,64.5,36.081,NaN,0.168,0.239,10.0,0.0,24.252,NaN,1.357,1.528,9.0,0.0
2026-07-30T00:00:00Z,100.0,15.5,65.5,36.136,35.943,0.161,0.204,10.0,1.0,24.315,23.815,1.299,1.543,9.0,1.0
2026-07-30T00:00:00Z,100.0,15.5,66.5,36.21,36.36,0.158,0.159,9.0,1.0,24.473,24.97,0.554,0.611,8.0,1.0
2026-07-30T00:00:00Z,100.0,15.5,67.5,36.218,NaN,0.158,0.158,9.0,0.0,25.137,NaN,0.554,0.687,8.0,0.0
2026-07-30T00:00:00Z,100.0,15.5,68.5,36.196,36.189,0.122,0.123,8.0,1.0,25.451,25.535,0.637,1.014,8.0,1.0
2026-07-30T00:00:00Z,100.0,15.5,69.5,36.203,NaN,0.057,0.059,5.0,0.0,25.265,NaN,0.671,0.807,5.0,0.0
2026-07-30T00:00:00Z,100.0,15.5,70.5,36.182,NaN,0.057,0.068,5.0,0.0,24.309,NaN,0.671,0.842,5.0,0.0
2026-07-30T00:00:00Z,100.0,15.5,71.5,36.162,NaN,0.061,0.09,4.0,0.0,23.746,NaN,0.634,1.095,4.0,0.0
2026-07-30T00:00:00Z,100.0,15.5,72.5,36.16,NaN,0.0,0.0,1.0,0.0,23.709,NaN,0.0,0.0,1.0,0.0
2026-07-30T00:00:00Z,100.0,15.5,73.5,NaN,NaN,NaN,NaN,NaN,NaN,NaN,NaN,NaN,NaN,NaN,NaN
2026-07-30T00:00:00Z,100.0,15.5,74.5,NaN,NaN,NaN,NaN,NaN,NaN,NaN,NaN,NaN,NaN,NaN,NaN
2026-07-30T00:00:00Z,100.0,15.5,75.5,NaN,NaN,NaN,NaN,NaN,NaN,NaN,NaN,NaN,NaN,NaN,NaN
2026-07-30T00:00:00Z,100.0,15.5,76.5,NaN,NaN,NaN,NaN,NaN,NaN,NaN,NaN,NaN,NaN,NaN,NaN
2026-07-30T00:00:00Z,100.0,15.5,77.5,NaN,NaN,NaN,NaN,NaN,NaN,NaN,NaN,NaN,NaN,NaN,NaN
2026-07-30T00:00:00Z,100.0,15.5,78.5,NaN,NaN,NaN,NaN,NaN,NaN,NaN,NaN,NaN,NaN,NaN,NaN
2026-07-30T00:00:00Z,100.0,16.5,50.5,NaN,NaN,NaN,NaN,NaN,NaN,NaN,NaN,NaN,NaN,NaN,NaN
2026-07-30T00:00:00Z,100.0,16.5,51.5,NaN,NaN,NaN,NaN,NaN,NaN,NaN,NaN,NaN,NaN,NaN,NaN
2026-07-30T00:00:00Z,100.0,16.5,52.5,NaN,NaN,NaN,NaN,NaN,NaN,NaN,NaN,NaN,NaN,NaN,NaN
2026-07-30T00:00:00Z,100.0,16.5,53.5,35.767,NaN,0.034,0.037,2.0,0.0,17.042,NaN,0.012,0.012,2.0,0.0
2026-07-30T00:00:00Z,100.0,16.5,54.5,35.742,NaN,0.034,0.036,2.0,0.0,17.034,NaN,0.012,0.012,2.0,0.0
2026-07-30T00:00:00Z,100.0,16.5,55.5,35.726,35.719,0.034,0.043,2.0,1.0,17.028,17.026,0.012,0.015,2.0,1.0
2026-07-30T00:00:00Z,100.0,16.5,56.5,35.721,NaN,0.034,0.047,2.0,0.0,17.027,NaN,0.012,0.016,2.0,0.0
2026-07-30T00:00:00Z,100.0,16.5,57.5,35.719,NaN,0.0,0.0,1.0,0.0,17.026,NaN,0.0,0.0,1.0,0.0
2026-07-30T00:00:00Z,100.0,16.5,58.5,36.381,NaN,0.104,0.146,2.0,0.0,21.395,NaN,0.0,0.0,1.0,0.0
2026-07-30T00:00:00Z,100.0,16.5,59.5,36.117,NaN,0.114,0.125,8.0,0.0,21.495,NaN,0.795,0.873,7.0,0.0
2026-07-30T00:00:00Z,100.0,16.5,60.5,36.105,NaN,0.129,0.165,10.0,0.0,23.765,NaN,1.226,1.842,9.0,0.0
2026-07-30T00:00:00Z,100.0,16.5,61.5,36.112,36.095,0.129,0.161,10.0,1.0,23.787,23.776,1.226,1.858,9.0,1.0
2026-07-30T00:00:00Z,100.0,16.5,62.5,36.178,NaN,0.152,0.156,12.0,0.0,23.923,NaN,1.291,1.865,10.0,0.0
2026-07-30T00:00:00Z,100.0,16.5,63.5,36.177,NaN,0.159,0.162,15.0,0.0,24.225,NaN,1.387,1.852,13.0,0.0
2026-07-30T00:00:00Z,100.0,16.5,64.5,36.11,35.995,0.163,0.186,13.0,1.0,24.268,24.262,1.361,1.773,12.0,1.0
2026-07-30T00:00:00Z,100.0,16.5,65.5,36.183,NaN,0.177,0.188,8.0,0.0,24.36,NaN,0.529,0.549,7.0,0.0
2026-07-30T00:00:00Z,100.0,16.5,66.5,36.247,36.3,0.158,0.16,9.0,1.0,24.495,24.421,0.554,0.602,8.0,1.0
2026-07-30T00:00:00Z,100.0,16.5,67.5,36.253,NaN,0.158,0.161,9.0,0.0,24.878,NaN,0.554,0.573,8.0,0.0
2026-07-30T00:00:00Z,100.0,16.5,68.5,36.238,NaN,0.122,0.124,8.0,0.0,25.11,NaN,0.637,0.779,8.0,0.0
2026-07-30T00:00:00Z,100.0,16.5,69.5,36.26,NaN,0.057,0.069,5.0,0.0,24.416,NaN,0.671,0.782,5.0,0.0
2026-07-30T00:00:00Z,100.0,16.5,70.5,36.182,36.16,0.057,0.069,5.0,1.0,23.813,23.709,0.671,1.208,5.0,1.0
2026-07-30T00:00:00Z,100.0,16.5,71.5,36.162,NaN,0.061,0.09,4.0,0.0,23.716,NaN,0.634,1.119,4.0,0.0
2026-07-30T00:00:00Z,100.0,16.5,72.5,36.16,NaN,0.0,0.0,1.0,0.0,23.709,NaN,0.0,0.0,1.0,0.0
2026-07-30T00:00:00Z,100.0,16.5,73.5,NaN,NaN,NaN,NaN,NaN,NaN,NaN,NaN,NaN,NaN,NaN,NaN
2026-07-30T00:00:00Z,100.0,16.5,74.5,NaN,NaN,NaN,NaN,NaN,NaN,NaN,NaN,NaN,NaN,NaN,NaN
2026-07-30T00:00:00Z,100.0,16.5,75.5,NaN,NaN,NaN,NaN,NaN,NaN,NaN,NaN,NaN,NaN,NaN,NaN
2026-07-30T00:00:00Z,100.0,16.5,76.5,NaN,NaN,NaN,NaN,NaN,NaN,NaN,NaN,NaN,NaN,NaN,NaN
2026-07-30T00:00:00Z,100.0,16.5,77.5,NaN,NaN,NaN,NaN,NaN,NaN,NaN,NaN,NaN,NaN,NaN,NaN
2026-07-30T00:00:00Z,100.0,16.5,78.5,NaN,NaN,NaN,NaN,NaN,NaN,NaN,NaN,NaN,NaN,NaN,NaN
2026-07-30T00:00:00Z,100.0,17.5,50.5,NaN,NaN,NaN,NaN,NaN,NaN,NaN,NaN,NaN,NaN,NaN,NaN
2026-07-30T00:00:00Z,100.0,17.5,51.5,NaN,NaN,NaN,NaN,NaN,NaN,NaN,NaN,NaN,NaN,NaN,NaN
2026-07-30T00:00:00Z,100.0,17.5,52.5,NaN,NaN,NaN,NaN,NaN,NaN,NaN,NaN,NaN,NaN,NaN,NaN
2026-07-30T00:00:00Z,100.0,17.5,53.5,NaN,NaN,NaN,NaN,NaN,NaN,NaN,NaN,NaN,NaN,NaN,NaN
2026-07-30T00:00:00Z,100.0,17.5,54.5,NaN,NaN,NaN,NaN,NaN,NaN,NaN,NaN,NaN,NaN,NaN,NaN
2026-07-30T00:00:00Z,100.0,17.5,55.5,35.72,NaN,0.034,0.047,2.0,0.0,17.026,NaN,0.012,0.016,2.0,0.0
2026-07-30T00:00:00Z,100.0,17.5,56.5,35.719,NaN,0.034,0.048,2.0,0.0,17.026,NaN,0.012,0.016,2.0,0.0
2026-07-30T00:00:00Z,100.0,17.5,57.5,35.719,NaN,0.0,0.0,1.0,0.0,17.026,NaN,0.0,0.0,1.0,0.0
2026-07-30T00:00:00Z,100.0,17.5,58.5,36.175,NaN,0.0,0.0,1.0,0.0,21.395,NaN,0.0,0.0,1.0,0.0
2026-07-30T00:00:00Z,100.0,17.5,59.5,36.129,NaN,0.081,0.081,11.0,0.0,21.511,NaN,0.652,0.785,11.0,0.0
2026-07-30T00:00:00Z,100.0,17.5,60.5,36.119,NaN,0.115,0.122,13.0,0.0,22.846,NaN,1.031,1.165,13.0,0.0
2026-07-30T00:00:00Z,100.0,17.5,61.5,36.118,NaN,0.115,0.123,13.0,0.0,22.848,NaN,1.031,1.166,13.0,0.0
2026-07-30T00:00:00Z,100.0,17.5,62.5,36.119,NaN,0.139,0.148,15.0,0.0,22.857,NaN,1.114,1.189,14.0,0.0
2026-07-30T00:00:00Z,100.0,17.5,63.5,36.259,NaN,0.148,0.169,18.0,0.0,23.633,NaN,1.272,1.526,17.0,0.0
2026-07-30T00:00:00Z,100.0,17.5,64.5,36.346,NaN,0.152,0.227,17.0,0.0,24.275,NaN,1.261,1.883,16.0,0.0
2026-07-30T00:00:00Z,100.0,17.5,65.5,36.366,36.465,0.177,0.213,8.0,1.0,24.37,NaN,0.529,0.546,7.0,0.0
2026-07-30T00:00:00Z,100.0,17.5,66.5,36.347,NaN,0.18,0.217,7.0,0.0,24.495,NaN,0.549,0.554,6.0,0.0
2026-07-30T00:00:00Z,100.0,17.5,67.5,36.313,NaN,0.18,0.2,7.0,0.0,24.57,NaN,0.549,0.549,6.0,0.0
2026-07-30T00:00:00Z,100.0,17.5,68.5,36.322,NaN,0.141,0.178,6.0,0.0,24.424,NaN,0.632,0.634,6.0,0.0
2026-07-30T00:00:00Z,100.0,17.5,69.5,36.309,36.327,0.073,0.111,3.0,1.0,24.331,24.396,0.753,0.783,3.0,1.0
2026-07-30T00:00:00Z,100.0,17.5,70.5,36.223,NaN,0.073,0.073,3.0,0.0,23.967,NaN,0.753,0.95,3.0,0.0
2026-07-30T00:00:00Z,100.0,17.5,71.5,36.167,NaN,0.083,0.114,2.0,0.0,23.736,NaN,0.344,0.467,2.0,0.0
2026-07-30T00:00:00Z,100.0,17.5,72.5,NaN,NaN,NaN,NaN,NaN,NaN,NaN,NaN,NaN,NaN,NaN,NaN
2026-07-30T00:00:00Z,100.0,17.5,73.5,NaN,NaN,NaN,NaN,NaN,NaN,NaN,NaN,NaN,NaN,NaN,NaN
2026-07-30T00:00:00Z,100.0,17.5,74.5,NaN,NaN,NaN,NaN,NaN,NaN,NaN,NaN,NaN,NaN,NaN,NaN
2026-07-30T00:00:00Z,100.0,17.5,75.5,NaN,NaN,NaN,NaN,NaN,NaN,NaN,NaN,NaN,NaN,NaN,NaN
2026-07-30T00:00:00Z,100.0,17.5,76.5,NaN,NaN,NaN,NaN,NaN,NaN,NaN,NaN,NaN,NaN,NaN,NaN
2026-07-30T00:00:00Z,100.0,17.5,77.5,NaN,NaN,NaN,NaN,NaN,NaN,NaN,NaN,NaN,NaN,NaN,NaN
2026-07-30T00:00:00Z,100.0,17.5,78.5,NaN,NaN,NaN,NaN,NaN,NaN,NaN,NaN,NaN,NaN,NaN,NaN
2026-07-30T00:00:00Z,100.0,18.5,50.5,NaN,NaN,NaN,NaN,NaN,NaN,NaN,NaN,NaN,NaN,NaN,NaN
2026-07-30T00:00:00Z,100.0,18.5,51.5,NaN,NaN,NaN,NaN,NaN,NaN,NaN,NaN,NaN,NaN,NaN,NaN
2026-07-30T00:00:00Z,100.0,18.5,52.5,NaN,NaN,NaN,NaN,NaN,NaN,NaN,NaN,NaN,NaN,NaN,NaN
2026-07-30T00:00:00Z,100.0,18.5,53.5,NaN,NaN,NaN,NaN,NaN,NaN,NaN,NaN,NaN,NaN,NaN,NaN
2026-07-30T00:00:00Z,100.0,18.5,54.5,NaN,NaN,NaN,NaN,NaN,NaN,NaN,NaN,NaN,NaN,NaN,NaN
2026-07-30T00:00:00Z,100.0,18.5,55.5,NaN,NaN,NaN,NaN,NaN,NaN,NaN,NaN,NaN,NaN,NaN,NaN
2026-07-30T00:00:00Z,100.0,18.5,56.5,NaN,NaN,NaN,NaN,NaN,NaN,NaN,NaN,NaN,NaN,NaN,NaN
2026-07-30T00:00:00Z,100.0,18.5,57.5,35.719,NaN,0.0,0.0,1.0,0.0,17.092,NaN,0.985,1.347,2.0,0.0
2026-07-30T00:00:00Z,100.0,18.5,58.5,36.175,NaN,0.0,0.0,1.0,0.0,20.026,NaN,1.2,1.211,2.0,0.0
2026-07-30T00:00:00Z,100.0,18.5,59.5,36.178,NaN,0.081,0.097,11.0,0.0,21.538,NaN,1.027,1.04,12.0,0.0
2026-07-30T00:00:00Z,100.0,18.5,60.5,36.175,NaN,0.081,0.095,11.0,0.0,21.566,NaN,1.027,1.036,12.0,0.0
2026-07-30T00:00:00Z,100.0,18.5,61.5,36.17,NaN,0.081,0.093,11.0,0.0,21.608,NaN,1.027,1.032,12.0,0.0
2026-07-30T00:00:00Z,100.0,18.5,62.5,36.137,NaN,0.125,0.125,13.0,0.0,21.689,NaN,1.2,1.218,13.0,0.0
2026-07-30T00:00:00Z,100.0,18.5,63.5,36.131,NaN,0.14,0.141,16.0,0.0,21.782,NaN,1.226,1.469,15.0,0.0
2026-07-30T00:00:00Z,100.0,18.5,64.5,36.048,NaN,0.144,0.177,15.0,0.0,23.632,NaN,1.225,1.552,14.0,0.0
2026-07-30T00:00:00Z,100.0,18.5,65.5,36.456,NaN,0.206,0.319,5.0,0.0,24.357,NaN,0.413,0.413,4.0,0.0
2026-07-30T00:00:00Z,100.0,18.5,66.5,36.451,NaN,0.193,0.292,6.0,0.0,24.474,NaN,0.37,0.383,5.0,0.0
2026-07-30T00:00:00Z,100.0,18.5,67.5,36.35,NaN,0.193,0.227,6.0,0.0,24.405,NaN,0.37,0.371,5.0,0.0
2026-07-30T00:00:00Z,100.0,18.5,68.5,36.327,NaN,0.153,0.188,5.0,0.0,24.395,NaN,0.458,0.477,5.0,0.0
2026-07-30T00:00:00Z,100.0,18.5,69.5,36.322,NaN,0.083,0.115,2.0,0.0,24.377,NaN,0.344,0.473,2.0,0.0
2026-07-30T00:00:00Z,100.0,18.5,70.5,36.278,NaN,0.083,0.09,2.0,0.0,24.194,NaN,0.344,0.371,2.0,0.0
2026-07-30T00:00:00Z,100.0,18.5,71.5,NaN,NaN,NaN,NaN,NaN,NaN,NaN,NaN,NaN,NaN,NaN,NaN
2026-07-30T00:00:00Z,100.0,18.5,72.5,NaN,NaN,NaN,NaN,NaN,NaN,NaN,NaN,NaN,NaN,NaN,NaN
2026-07-30T00:00:00Z,100.0,18.5,73.5,NaN,NaN,NaN,NaN,NaN,NaN,NaN,NaN,NaN,NaN,NaN,NaN
2026-07-30T00:00:00Z,100.0,18.5,74.5,NaN,NaN,NaN,NaN,NaN,NaN,NaN,NaN,NaN,NaN,NaN,NaN
2026-07-30T00:00:00Z,100.0,18.5,75.5,NaN,NaN,NaN,NaN,NaN,NaN,NaN,NaN,NaN,NaN,NaN,NaN
2026-07-30T00:00:00Z,100.0,18.5,76.5,NaN,NaN,NaN,NaN,NaN,NaN,NaN,NaN,NaN,NaN,NaN,NaN
2026-07-30T00:00:00Z,100.0,18.5,77.5,NaN,NaN,NaN,NaN,NaN,NaN,NaN,NaN,NaN,NaN,NaN,NaN
2026-07-30T00:00:00Z,100.0,18.5,78.5,NaN,NaN,NaN,NaN,NaN,NaN,NaN,NaN,NaN,NaN,NaN,NaN
2026-07-30T00:00:00Z,100.0,19.5,50.5,NaN,NaN,NaN,NaN,NaN,NaN,NaN,NaN,NaN,NaN,NaN,NaN
2026-07-30T00:00:00Z,100.0,19.5,51.5,NaN,NaN,NaN,NaN,NaN,NaN,NaN,NaN,NaN,NaN,NaN,NaN
2026-07-30T00:00:00Z,100.0,19.5,52.5,NaN,NaN,NaN,NaN,NaN,NaN,NaN,NaN,NaN,NaN,NaN,NaN
2026-07-30T00:00:00Z,100.0,19.5,53.5,NaN,NaN,NaN,NaN,NaN,NaN,NaN,NaN,NaN,NaN,NaN,NaN
2026-07-30T00:00:00Z,100.0,19.5,54.5,NaN,NaN,NaN,NaN,NaN,NaN,NaN,NaN,NaN,NaN,NaN,NaN
2026-07-30T00:00:00Z,100.0,19.5,55.5,NaN,NaN,NaN,NaN,NaN,NaN,NaN,NaN,NaN,NaN,NaN,NaN
2026-07-30T00:00:00Z,100.0,19.5,56.5,NaN,NaN,NaN,NaN,NaN,NaN,NaN,NaN,NaN,NaN,NaN,NaN
2026-07-30T00:00:00Z,100.0,19.5,57.5,NaN,NaN,NaN,NaN,NaN,NaN,NaN,NaN,NaN,NaN,NaN,NaN
2026-07-30T00:00:00Z,100.0,19.5,58.5,36.175,NaN,0.0,0.0,1.0,0.0,19.062,NaN,1.2,1.651,2.0,0.0
2026-07-30T00:00:00Z,100.0,19.5,59.5,36.17,NaN,0.081,0.093,11.0,0.0,21.6,NaN,1.027,1.032,12.0,0.0
2026-07-30T00:00:00Z,100.0,19.5,60.5,36.162,NaN,0.092,0.095,12.0,0.0,21.656,NaN,1.143,1.162,13.0,0.0
2026-07-30T00:00:00Z,100.0,19.5,61.5,36.131,36.143,0.118,0.126,14.0,9.0,21.73,21.738,1.179,1.226,15.0,9.0
2026-07-30T00:00:00Z,100.0,19.5,62.5,36.127,NaN,0.132,0.15,16.0,0.0,21.824,NaN,1.165,1.203,16.0,0.0
2026-07-30T00:00:00Z,100.0,19.5,63.5,36.13,NaN,0.132,0.148,16.0,0.0,21.969,NaN,0.866,0.94,15.0,0.0
2026-07-30T00:00:00Z,100.0,19.5,64.5,36.264,NaN,0.128,0.142,20.0,0.0,22.817,NaN,0.758,0.858,19.0,0.0
2026-07-30T00:00:00Z,100.0,19.5,65.5,36.444,NaN,0.111,0.194,10.0,0.0,23.046,NaN,0.574,0.599,9.0,0.0
2026-07-30T00:00:00Z,100.0,19.5,66.5,36.333,NaN,0.112,0.121,10.0,0.0,22.517,NaN,0.69,0.806,9.0,0.0
2026-07-30T00:00:00Z,100.0,19.5,67.5,36.261,NaN,0.114,0.114,8.0,0.0,22.505,NaN,0.734,0.797,7.0,0.0
2026-07-30T00:00:00Z,100.0,19.5,68.5,36.322,NaN,0.094,0.137,7.0,0.0,24.285,NaN,0.799,1.587,7.0,0.0
2026-07-30T00:00:00Z,100.0,19.5,69.5,36.326,NaN,0.094,0.14,7.0,0.0,24.39,NaN,0.799,1.679,7.0,0.0
2026-07-30T00:00:00Z,100.0,19.5,70.5,NaN,NaN,NaN,NaN,NaN,NaN,NaN,NaN,NaN,NaN,NaN,NaN
2026-07-30T00:00:00Z,100.0,19.5,71.5,36.226,NaN,0.083,0.085,2.0,0.0,23.981,NaN,0.344,0.351,2.0,0.0
2026-07-30T00:00:00Z,100.0,19.5,72.5,NaN,NaN,NaN,NaN,NaN,NaN,NaN,NaN,NaN,NaN,NaN,NaN
2026-07-30T00:00:00Z,100.0,19.5,73.5,NaN,NaN,NaN,NaN,NaN,NaN,NaN,NaN,NaN,NaN,NaN,NaN
2026-07-30T00:00:00Z,100.0,19.5,74.5,NaN,NaN,NaN,NaN,NaN,NaN,NaN,NaN,NaN,NaN,NaN,NaN
2026-07-30T00:00:00Z,100.0,19.5,75.5,NaN,NaN,NaN,NaN,NaN,NaN,NaN,NaN,NaN,NaN,NaN,NaN
2026-07-30T00:00:00Z,100.0,19.5,76.5,NaN,NaN,NaN,NaN,NaN,NaN,NaN,NaN,NaN,NaN,NaN,NaN
2026-07-30T00:00:00Z,100.0,19.5,77.5,NaN,NaN,NaN,NaN,NaN,NaN,NaN,NaN,NaN,NaN,NaN,NaN
2026-07-30T00:00:00Z,100.0,19.5,78.5,NaN,NaN,NaN,NaN,NaN,NaN,NaN,NaN,NaN,NaN,NaN,NaN
2026-07-30T00:00:00Z,100.0,20.5,50.5,NaN,NaN,NaN,NaN,NaN,NaN,NaN,NaN,NaN,NaN,NaN,NaN
2026-07-30T00:00:00Z,100.0,20.5,51.5,NaN,NaN,NaN,NaN,NaN,NaN,NaN,NaN,NaN,NaN,NaN,NaN
2026-07-30T00:00:00Z,100.0,20.5,52.5,NaN,NaN,NaN,NaN,NaN,NaN,NaN,NaN,NaN,NaN,NaN,NaN
2026-07-30T00:00:00Z,100.0,20.5,53.5,NaN,NaN,NaN,NaN,NaN,NaN,NaN,NaN,NaN,NaN,NaN,NaN
2026-07-30T00:00:00Z,100.0,20.5,54.5,NaN,NaN,NaN,NaN,NaN,NaN,NaN,NaN,NaN,NaN,NaN,NaN
2026-07-30T00:00:00Z,100.0,20.5,55.5,NaN,NaN,NaN,NaN,NaN,NaN,NaN,NaN,NaN,NaN,NaN,NaN
2026-07-30T00:00:00Z,100.0,20.5,56.5,NaN,NaN,NaN,NaN,NaN,NaN,NaN,NaN,NaN,NaN,NaN,NaN
2026-07-30T00:00:00Z,100.0,20.5,57.5,NaN,NaN,NaN,NaN,NaN,NaN,NaN,NaN,NaN,NaN,NaN,NaN
2026-07-30T00:00:00Z,100.0,20.5,58.5,NaN,NaN,NaN,NaN,NaN,NaN,NaN,NaN,NaN,NaN,NaN,NaN
2026-07-30T00:00:00Z,100.0,20.5,59.5,36.148,NaN,0.086,0.086,11.0,0.0,21.712,NaN,0.838,0.877,12.0,0.0
2026-07-30T00:00:00Z,100.0,20.5,60.5,36.136,NaN,0.094,0.095,12.0,0.0,21.811,NaN,1.029,1.043,13.0,0.0
2026-07-30T00:00:00Z,100.0,20.5,61.5,36.12,35.995,0.117,0.133,14.0,1.0,21.943,21.997,1.123,1.125,15.0,1.0
2026-07-30T00:00:00Z,100.0,20.5,62.5,36.137,NaN,0.134,0.15,15.0,0.0,22.2,NaN,1.119,1.134,15.0,0.0
2026-07-30T00:00:00Z,100.0,20.5,63.5,36.238,NaN,0.134,0.138,15.0,0.0,22.533,NaN,0.803,0.858,14.0,0.0
2026-07-30T00:00:00Z,100.0,20.5,64.5,36.372,NaN,0.129,0.209,19.0,0.0,23.384,NaN,0.706,1.26,18.0,0.0
2026-07-30T00:00:00Z,100.0,20.5,65.5,36.293,NaN,0.111,0.111,10.0,0.0,22.92,NaN,0.574,0.576,9.0,0.0
2026-07-30T00:00:00Z,100.0,20.5,66.5,36.229,NaN,0.112,0.125,10.0,0.0,22.497,NaN,0.69,0.817,9.0,0.0
2026-07-30T00:00:00Z,100.0,20.5,67.5,36.232,NaN,0.114,0.119,8.0,0.0,22.484,NaN,0.734,0.805,7.0,0.0
2026-07-30T00:00:00Z,100.0,20.5,68.5,36.237,NaN,0.098,0.098,6.0,0.0,22.489,NaN,0.788,0.84,6.0,0.0
2026-07-30T00:00:00Z,100.0,20.5,69.5,36.274,NaN,0.098,0.106,6.0,0.0,22.495,NaN,0.788,0.838,6.0,0.0
2026-07-30T00:00:00Z,100.0,20.5,70.5,NaN,NaN,NaN,NaN,NaN,NaN,NaN,NaN,NaN,NaN,NaN,NaN
2026-07-30T00:00:00Z,100.0,20.5,71.5,NaN,NaN,NaN,NaN,NaN,NaN,NaN,NaN,NaN,NaN,NaN,NaN
2026-07-30T00:00:00Z,100.0,20.5,72.5,NaN,NaN,NaN,NaN,NaN,NaN,NaN,NaN,NaN,NaN,NaN,NaN
2026-07-30T00:00:00Z,100.0,20.5,73.5,NaN,NaN,NaN,NaN,NaN,NaN,NaN,NaN,NaN,NaN,NaN,NaN
2026-07-30T00:00:00Z,100.0,20.5,74.5,NaN,NaN,NaN,NaN,NaN,NaN,NaN,NaN,NaN,NaN,NaN,NaN
2026-07-30T00:00:00Z,100.0,20.5,75.5,NaN,NaN,NaN,NaN,NaN,NaN,NaN,NaN,NaN,NaN,NaN,NaN
2026-07-30T00:00:00Z,100.0,20.5,76.5,NaN,NaN,NaN,NaN,NaN,NaN,NaN,NaN,NaN,NaN,NaN,NaN
2026-07-30T00:00:00Z,100.0,20.5,77.5,NaN,NaN,NaN,NaN,NaN,NaN,NaN,NaN,NaN,NaN,NaN,NaN
2026-07-30T00:00:00Z,100.0,20.5,78.5,NaN,NaN,NaN,NaN,NaN,NaN,NaN,NaN,NaN,NaN,NaN,NaN
2026-07-30T00:00:00Z,100.0,21.5,50.5,NaN,NaN,NaN,NaN,NaN,NaN,NaN,NaN,NaN,NaN,NaN,NaN
2026-07-30T00:00:00Z,100.0,21.5,51.5,NaN,NaN,NaN,NaN,NaN,NaN,NaN,NaN,NaN,NaN,NaN,NaN
2026-07-30T00:00:00Z,100.0,21.5,52.5,NaN,NaN,NaN,NaN,NaN,NaN,NaN,NaN,NaN,NaN,NaN,NaN
2026-07-30T00:00:00Z,100.0,21.5,53.5,NaN,NaN,NaN,NaN,NaN,NaN,NaN,NaN,NaN,NaN,NaN,NaN
2026-07-30T00:00:00Z,100.0,21.5,54.5,NaN,NaN,NaN,NaN,NaN,NaN,NaN,NaN,NaN,NaN,NaN,NaN
2026-07-30T00:00:00Z,100.0,21.5,55.5,NaN,NaN,NaN,NaN,NaN,NaN,NaN,NaN,NaN,NaN,NaN,NaN
2026-07-30T00:00:00Z,100.0,21.5,56.5,NaN,NaN,NaN,NaN,NaN,NaN,NaN,NaN,NaN,NaN,NaN,NaN
2026-07-30T00:00:00Z,100.0,21.5,57.5,NaN,NaN,NaN,NaN,NaN,NaN,NaN,NaN,NaN,NaN,NaN,NaN
2026-07-30T00:00:00Z,100.0,21.5,58.5,NaN,NaN,NaN,NaN,NaN,NaN,NaN,NaN,NaN,NaN,NaN,NaN
2026-07-30T00:00:00Z,100.0,21.5,59.5,36.251,NaN,0.152,0.159,14.0,0.0,21.099,NaN,0.778,0.903,15.0,0.0
2026-07-30T00:00:00Z,100.0,21.5,60.5,36.162,NaN,0.149,0.157,15.0,0.0,21.868,18.996,0.938,0.952,16.0,1.0
2026-07-30T00:00:00Z,100.0,21.5,61.5,36.176,NaN,0.15,0.159,17.0,0.0,22.681,NaN,1.027,1.3,18.0,0.0
2026-07-30T00:00:00Z,100.0,21.5,62.5,36.265,36.304,0.15,0.153,17.0,1.0,23.344,23.861,1.023,1.684,18.0,1.0
2026-07-30T00:00:00Z,100.0,21.5,63.5,36.337,NaN,0.118,0.193,14.0,0.0,23.27,NaN,0.803,1.313,14.0,0.0
2026-07-30T00:00:00Z,100.0,21.5,64.5,36.359,36.409,0.117,0.202,18.0,1.0,23.331,23.52,0.706,1.217,18.0,1.0
2026-07-30T00:00:00Z,100.0,21.5,65.5,36.267,NaN,0.098,0.098,9.0,0.0,22.84,NaN,0.574,0.575,9.0,0.0
2026-07-30T00:00:00Z,100.0,21.5,66.5,36.219,36.342,0.103,0.11,8.0,1.0,22.485,22.84,0.484,0.552,8.0,1.0
2026-07-30T00:00:00Z,100.0,21.5,67.5,36.222,NaN,0.09,0.09,6.0,0.0,22.466,NaN,0.378,0.387,6.0,0.0
2026-07-30T00:00:00Z,100.0,21.5,68.5,36.227,NaN,0.096,0.097,5.0,0.0,22.469,NaN,0.345,0.345,5.0,0.0
2026-07-30T00:00:00Z,100.0,21.5,69.5,NaN,NaN,NaN,NaN,NaN,NaN,NaN,NaN,NaN,NaN,NaN,NaN
2026-07-30T00:00:00Z,100.0,21.5,70.5,NaN,NaN,NaN,NaN,NaN,NaN,NaN,NaN,NaN,NaN,NaN,NaN
2026-07-30T00:00:00Z,100.0,21.5,71.5,NaN,NaN,NaN,NaN,NaN,NaN,NaN,NaN,NaN,NaN,NaN,NaN
2026-07-30T00:00:00Z,100.0,21.5,72.5,NaN,NaN,NaN,NaN,NaN,NaN,NaN,NaN,NaN,NaN,NaN,NaN
2026-07-30T00:00:00Z,100.0,21.5,73.5,NaN,NaN,NaN,NaN,NaN,NaN,NaN,NaN,NaN,NaN,NaN,NaN
2026-07-30T00:00:00Z,100.0,21.5,74.5,NaN,NaN,NaN,NaN,NaN,NaN,NaN,NaN,NaN,NaN,NaN,NaN
2026-07-30T00:00:00Z,100.0,21.5,75.5,NaN,NaN,NaN,NaN,NaN,NaN,NaN,NaN,NaN,NaN,NaN,NaN
2026-07-30T00:00:00Z,100.0,21.5,76.5,NaN,NaN,NaN,NaN,NaN,NaN,NaN,NaN,NaN,NaN,NaN,NaN
2026-07-30T00:00:00Z,100.0,21.5,77.5,NaN,NaN,NaN,NaN,NaN,NaN,NaN,NaN,NaN,NaN,NaN,NaN
2026-07-30T00:00:00Z,100.0,21.5,78.5,NaN,NaN,NaN,NaN,NaN,NaN,NaN,NaN,NaN,NaN,NaN,NaN
2026-07-30T00:00:00Z,100.0,22.5,50.5,NaN,NaN,NaN,NaN,NaN,NaN,NaN,NaN,NaN,NaN,NaN,NaN
2026-07-30T00:00:00Z,100.0,22.5,51.5,NaN,NaN,NaN,NaN,NaN,NaN,NaN,NaN,NaN,NaN,NaN,NaN
2026-07-30T00:00:00Z,100.0,22.5,52.5,NaN,NaN,NaN,NaN,NaN,NaN,NaN,NaN,NaN,NaN,NaN,NaN
2026-07-30T00:00:00Z,100.0,22.5,53.5,NaN,NaN,NaN,NaN,NaN,NaN,NaN,NaN,NaN,NaN,NaN,NaN
2026-07-30T00:00:00Z,100.0,22.5,54.5,NaN,NaN,NaN,NaN,NaN,NaN,NaN,NaN,NaN,NaN,NaN,NaN
2026-07-30T00:00:00Z,100.0,22.5,55.5,NaN,NaN,NaN,NaN,NaN,NaN,NaN,NaN,NaN,NaN,NaN,NaN
2026-07-30T00:00:00Z,100.0,22.5,56.5,NaN,NaN,NaN,NaN,NaN,NaN,NaN,NaN,NaN,NaN,NaN,NaN
2026-07-30T00:00:00Z,100.0,22.5,57.5,NaN,NaN,NaN,NaN,NaN,NaN,NaN,NaN,NaN,NaN,NaN,NaN
2026-07-30T00:00:00Z,100.0,22.5,58.5,NaN,NaN,NaN,NaN,NaN,NaN,NaN,NaN,NaN,NaN,NaN,NaN
2026-07-30T00:00:00Z,100.0,22.5,59.5,36.3,NaN,0.464,0.539,15.0,0.0,21.26,NaN,1.0,1.279,16.0,0.0
2026-07-30T00:00:00Z,100.0,22.5,60.5,36.371,NaN,0.454,0.491,16.0,0.0,21.718,NaN,1.059,1.149,17.0,0.0
2026-07-30T00:00:00Z,100.0,22.5,61.5,36.339,NaN,0.171,0.174,13.0,0.0,22.873,NaN,1.154,1.413,14.0,0.0
2026-07-30T00:00:00Z,100.0,22.5,62.5,36.318,NaN,0.17,0.17,13.0,0.0,23.545,NaN,1.123,1.741,14.0,0.0
2026-07-30T00:00:00Z,100.0,22.5,63.5,36.341,36.334,0.128,0.18,8.0,1.0,23.356,23.184,0.69,0.917,8.0,1.0
2026-07-30T00:00:00Z,100.0,22.5,64.5,36.331,NaN,0.117,0.165,13.0,0.0,23.225,NaN,0.6,0.838,13.0,0.0
2026-07-30T00:00:00Z,100.0,22.5,65.5,36.252,36.264,0.098,0.099,9.0,1.0,22.822,23.018,0.574,0.577,9.0,1.0
2026-07-30T00:00:00Z,100.0,22.5,66.5,36.211,36.181,0.103,0.114,8.0,4.0,22.486,22.362,0.484,0.552,8.0,4.0
2026-07-30T00:00:00Z,100.0,22.5,67.5,36.212,NaN,0.09,0.09,6.0,0.0,22.453,NaN,0.378,0.39,6.0,0.0
2026-07-30T00:00:00Z,100.0,22.5,68.5,NaN,NaN,NaN,NaN,NaN,NaN,NaN,NaN,NaN,NaN,NaN,NaN
2026-07-30T00:00:00Z,100.0,22.5,69.5,NaN,NaN,NaN,NaN,NaN,NaN,NaN,NaN,NaN,NaN,NaN,NaN
2026-07-30T00:00:00Z,100.0,22.5,70.5,NaN,NaN,NaN,NaN,NaN,NaN,NaN,NaN,NaN,NaN,NaN,NaN
2026-07-30T00:00:00Z,100.0,22.5,71.5,NaN,NaN,NaN,NaN,NaN,NaN,NaN,NaN,NaN,NaN,NaN,NaN
2026-07-30T00:00:00Z,100.0,22.5,72.5,NaN,NaN,NaN,NaN,NaN,NaN,NaN,NaN,NaN,NaN,NaN,NaN
2026-07-30T00:00:00Z,100.0,22.5,73.5,NaN,NaN,NaN,NaN,NaN,NaN,NaN,NaN,NaN,NaN,NaN,NaN
2026-07-30T00:00:00Z,100.0,22.5,74.5,NaN,NaN,NaN,NaN,NaN,NaN,NaN,NaN,NaN,NaN,NaN,NaN
2026-07-30T00:00:00Z,100.0,22.5,75.5,NaN,NaN,NaN,NaN,NaN,NaN,NaN,NaN,NaN,NaN,NaN,NaN
2026-07-30T00:00:00Z,100.0,22.5,76.5,NaN,NaN,NaN,NaN,NaN,NaN,NaN,NaN,NaN,NaN,NaN,NaN
2026-07-30T00:00:00Z,100.0,22.5,77.5,NaN,NaN,NaN,NaN,NaN,NaN,NaN,NaN,NaN,NaN,NaN,NaN
2026-07-30T00:00:00Z,100.0,22.5,78.5,NaN,NaN,NaN,NaN,NaN,NaN,NaN,NaN,NaN,NaN,NaN,NaN
2026-07-30T00:00:00Z,100.0,23.5,50.5,NaN,NaN,NaN,NaN,NaN,NaN,NaN,NaN,NaN,NaN,NaN,NaN
2026-07-30T00:00:00Z,100.0,23.5,51.5,NaN,NaN,NaN,NaN,NaN,NaN,NaN,NaN,NaN,NaN,NaN,NaN
2026-07-30T00:00:00Z,100.0,23.5,52.5,NaN,NaN,NaN,NaN,NaN,NaN,NaN,NaN,NaN,NaN,NaN,NaN
2026-07-30T00:00:00Z,100.0,23.5,53.5,NaN,NaN,NaN,NaN,NaN,NaN,NaN,NaN,NaN,NaN,NaN,NaN
2026-07-30T00:00:00Z,100.0,23.5,54.5,NaN,NaN,NaN,NaN,NaN,NaN,NaN,NaN,NaN,NaN,NaN,NaN
2026-07-30T00:00:00Z,100.0,23.5,55.5,NaN,NaN,NaN,NaN,NaN,NaN,NaN,NaN,NaN,NaN,NaN,NaN
2026-07-30T00:00:00Z,100.0,23.5,56.5,NaN,NaN,NaN,NaN,NaN,NaN,NaN,NaN,NaN,NaN,NaN,NaN
2026-07-30T00:00:00Z,100.0,23.5,57.5,NaN,NaN,NaN,NaN,NaN,NaN,NaN,NaN,NaN,NaN,NaN,NaN
2026-07-30T00:00:00Z,100.0,23.5,58.5,36.44,NaN,0.425,0.524,11.0,0.0,21.46,NaN,1.151,1.289,12.0,0.0
2026-07-30T00:00:00Z,100.0,23.5,59.5,36.396,36.226,0.425,0.552,11.0,1.0,21.649,20.81,1.151,1.216,12.0,1.0
2026-07-30T00:00:00Z,100.0,23.5,60.5,36.425,36.421,0.425,0.512,12.0,2.0,21.869,21.894,1.207,1.247,13.0,2.0
2026-07-30T00:00:00Z,100.0,23.5,61.5,36.431,NaN,0.117,0.122,9.0,0.0,21.953,NaN,1.362,1.364,10.0,0.0
2026-07-30T00:00:00Z,100.0,23.5,62.5,36.343,NaN,0.111,0.125,9.0,0.0,23.151,NaN,1.323,1.597,10.0,0.0
2026-07-30T00:00:00Z,100.0,23.5,63.5,36.335,NaN,0.053,0.054,4.0,0.0,23.256,NaN,0.324,0.353,4.0,0.0
2026-07-30T00:00:00Z,100.0,23.5,64.5,36.305,NaN,0.098,0.106,9.0,0.0,23.137,NaN,0.574,0.632,9.0,0.0
2026-07-30T00:00:00Z,100.0,23.5,65.5,36.248,NaN,0.098,0.1,9.0,0.0,22.849,NaN,0.574,0.575,9.0,0.0
2026-07-30T00:00:00Z,100.0,23.5,66.5,36.205,NaN,0.103,0.116,8.0,0.0,22.5,NaN,0.484,0.546,8.0,0.0
2026-07-30T00:00:00Z,100.0,23.5,67.5,36.203,NaN,0.09,0.092,6.0,0.0,22.444,NaN,0.378,0.393,6.0,0.0
2026-07-30T00:00:00Z,100.0,23.5,68.5,NaN,NaN,NaN,NaN,NaN,NaN,NaN,NaN,NaN,NaN,NaN,NaN
2026-07-30T00:00:00Z,100.0,23.5,69.5,NaN,NaN,NaN,NaN,NaN,NaN,NaN,NaN,NaN,NaN,NaN,NaN
2026-07-30T00:00:00Z,100.0,23.5,70.5,NaN,NaN,NaN,NaN,NaN,NaN,NaN,NaN,NaN,NaN,NaN,NaN
2026-07-30T00:00:00Z,100.0,23.5,71.5,NaN,NaN,NaN,NaN,NaN,NaN,NaN,NaN,NaN,NaN,NaN,NaN
2026-07-30T00:00:00Z,100.0,23.5,72.5,NaN,NaN,NaN,NaN,NaN,NaN,NaN,NaN,NaN,NaN,NaN,NaN
2026-07-30T00:00:00Z,100.0,23.5,73.5,NaN,NaN,NaN,NaN,NaN,NaN,NaN,NaN,NaN,NaN,NaN,NaN
2026-07-30T00:00:00Z,100.0,23.5,74.5,NaN,NaN,NaN,NaN,NaN,NaN,NaN,NaN,NaN,NaN,NaN,NaN
2026-07-30T00:00:00Z,100.0,23.5,75.5,NaN,NaN,NaN,NaN,NaN,NaN,NaN,NaN,NaN,NaN,NaN,NaN
2026-07-30T00:00:00Z,100.0,23.5,76.5,NaN,NaN,NaN,NaN,NaN,NaN,NaN,NaN,NaN,NaN,NaN,NaN
2026-07-30T00:00:00Z,100.0,23.5,77.5,NaN,NaN,NaN,NaN,NaN,NaN,NaN,NaN,NaN,NaN,NaN,NaN
2026-07-30T00:00:00Z,100.0,23.5,78.5,NaN,NaN,NaN,NaN,NaN,NaN,NaN,NaN,NaN,NaN,NaN,NaN
2026-07-30T00:00:00Z,100.0,24.5,50.5,NaN,NaN,NaN,NaN,NaN,NaN,NaN,NaN,NaN,NaN,NaN,NaN
2026-07-30T00:00:00Z,100.0,24.5,51.5,NaN,NaN,NaN,NaN,NaN,NaN,NaN,NaN,NaN,NaN,NaN,NaN
2026-07-30T00:00:00Z,100.0,24.5,52.5,NaN,NaN,NaN,NaN,NaN,NaN,NaN,NaN,NaN,NaN,NaN,NaN
2026-07-30T00:00:00Z,100.0,24.5,53.5,NaN,NaN,NaN,NaN,NaN,NaN,NaN,NaN,NaN,NaN,NaN,NaN
2026-07-30T00:00:00Z,100.0,24.5,54.5,NaN,NaN,NaN,NaN,NaN,NaN,NaN,NaN,NaN,NaN,NaN,NaN
2026-07-30T00:00:00Z,100.0,24.5,55.5,NaN,NaN,NaN,NaN,NaN,NaN,NaN,NaN,NaN,NaN,NaN,NaN
2026-07-30T00:00:00Z,100.0,24.5,56.5,NaN,NaN,NaN,NaN,NaN,NaN,NaN,NaN,NaN,NaN,NaN,NaN
2026-07-30T00:00:00Z,100.0,24.5,57.5,37.114,NaN,0.425,0.561,11.0,0.0,22.931,NaN,0.725,0.949,11.0,0.0
2026-07-30T00:00:00Z,100.0,24.5,58.5,36.99,NaN,0.425,0.489,11.0,0.0,22.808,NaN,0.725,0.875,11.0,0.0
2026-07-30T00:00:00Z,100.0,24.5,59.5,36.596,36.628,0.425,0.451,11.0,1.0,22.232,22.716,0.725,0.73,11.0,1.0
2026-07-30T00:00:00Z,100.0,24.5,60.5,36.47,36.436,0.425,0.488,12.0,3.0,22.006,21.807,0.814,0.926,12.0,3.0
2026-07-30T00:00:00Z,100.0,24.5,61.5,36.458,NaN,0.117,0.132,9.0,0.0,21.96,NaN,0.958,1.044,9.0,0.0
2026-07-30T00:00:00Z,100.0,24.5,62.5,36.423,NaN,0.111,0.113,9.0,0.0,22.073,NaN,0.795,0.965,9.0,0.0
2026-07-30T00:00:00Z,100.0,24.5,63.5,36.328,NaN,0.053,0.053,4.0,0.0,23.196,NaN,0.324,0.38,4.0,0.0
2026-07-30T00:00:00Z,100.0,24.5,64.5,36.287,NaN,0.098,0.101,9.0,0.0,23.079,NaN,0.574,0.61,9.0,0.0
2026-07-30T00:00:00Z,100.0,24.5,65.5,36.249,NaN,0.098,0.099,9.0,0.0,22.893,NaN,0.574,0.575,9.0,0.0
2026-07-30T00:00:00Z,100.0,24.5,66.5,NaN,NaN,NaN,NaN,NaN,NaN,NaN,NaN,NaN,NaN,NaN,NaN
2026-07-30T00:00:00Z,100.0,24.5,67.5,NaN,NaN,NaN,NaN,NaN,NaN,NaN,NaN,NaN,NaN,NaN,NaN
2026-07-30T00:00:00Z,100.0,24.5,68.5,NaN,NaN,NaN,NaN,NaN,NaN,NaN,NaN,NaN,NaN,NaN,NaN
2026-07-30T00:00:00Z,100.0,24.5,69.5,NaN,NaN,NaN,NaN,NaN,NaN,NaN,NaN,NaN,NaN,NaN,NaN
2026-07-30T00:00:00Z,100.0,24.5,70.5,NaN,NaN,NaN,NaN,NaN,NaN,NaN,NaN,NaN,NaN,NaN,NaN
2026-07-30T00:00:00Z,100.0,24.5,71.5,NaN,NaN,NaN,NaN,NaN,NaN,NaN,NaN,NaN,NaN,NaN,NaN
2026-07-30T00:00:00Z,100.0,24.5,72.5,NaN,NaN,NaN,NaN,NaN,NaN,NaN,NaN,NaN,NaN,NaN,NaN
2026-07-30T00:00:00Z,100.0,24.5,73.5,NaN,NaN,NaN,NaN,NaN,NaN,NaN,NaN,NaN,NaN,NaN,NaN
2026-07-30T00:00:00Z,100.0,24.5,74.5,NaN,NaN,NaN,NaN,NaN,NaN,NaN,NaN,NaN,NaN,NaN,NaN
2026-07-30T00:00:00Z,100.0,24.5,75.5,NaN,NaN,NaN,NaN,NaN,NaN,NaN,NaN,NaN,NaN,NaN,NaN
2026-07-30T00:00:00Z,100.0,24.5,76.5,NaN,NaN,NaN,NaN,NaN,NaN,NaN,NaN,NaN,NaN,NaN,NaN
2026-07-30T00:00:00Z,100.0,24.5,77.5,NaN,NaN,NaN,NaN,NaN,NaN,NaN,NaN,NaN,NaN,NaN,NaN
2026-07-30T00:00:00Z,100.0,24.5,78.5,NaN,NaN,NaN,NaN,NaN,NaN,NaN,NaN,NaN,NaN,NaN,NaN
2026-07-30T00:00:00Z,100.0,25.5,50.5,NaN,NaN,NaN,NaN,NaN,NaN,NaN,NaN,NaN,NaN,NaN,NaN
2026-07-30T00:00:00Z,100.0,25.5,51.5,NaN,NaN,NaN,NaN,NaN,NaN,NaN,NaN,NaN,NaN,NaN,NaN
2026-07-30T00:00:00Z,100.0,25.5,52.5,NaN,NaN,NaN,NaN,NaN,NaN,NaN,NaN,NaN,NaN,NaN,NaN
2026-07-30T00:00:00Z,100.0,25.5,53.5,NaN,NaN,NaN,NaN,NaN,NaN,NaN,NaN,NaN,NaN,NaN,NaN
2026-07-30T00:00:00Z,100.0,25.5,54.5,NaN,NaN,NaN,NaN,NaN,NaN,NaN,NaN,NaN,NaN,NaN,NaN
2026-07-30T00:00:00Z,100.0,25.5,55.5,NaN,NaN,NaN,NaN,NaN,NaN,NaN,NaN,NaN,NaN,NaN,NaN
2026-07-30T00:00:00Z,100.0,25.5,56.5,NaN,NaN,NaN,NaN,NaN,NaN,NaN,NaN,NaN,NaN,NaN,NaN
2026-07-30T00:00:00Z,100.0,25.5,57.5,37.138,NaN,0.425,0.578,11.0,0.0,22.936,NaN,0.725,0.952,11.0,0.0
2026-07-30T00:00:00Z,100.0,25.5,58.5,NaN,NaN,NaN,NaN,NaN,NaN,NaN,NaN,NaN,NaN,NaN,NaN
2026-07-30T00:00:00Z,100.0,25.5,59.5,NaN,NaN,NaN,NaN,NaN,NaN,NaN,NaN,NaN,NaN,NaN,NaN
2026-07-30T00:00:00Z,100.0,25.5,60.5,NaN,NaN,NaN,NaN,NaN,NaN,NaN,NaN,NaN,NaN,NaN,NaN
2026-07-30T00:00:00Z,100.0,25.5,61.5,NaN,NaN,NaN,NaN,NaN,NaN,NaN,NaN,NaN,NaN,NaN,NaN
2026-07-30T00:00:00Z,100.0,25.5,62.5,NaN,NaN,NaN,NaN,NaN,NaN,NaN,NaN,NaN,NaN,NaN,NaN
2026-07-30T00:00:00Z,100.0,25.5,63.5,NaN,NaN,NaN,NaN,NaN,NaN,NaN,NaN,NaN,NaN,NaN,NaN
2026-07-30T00:00:00Z,100.0,25.5,64.5,NaN,NaN,NaN,NaN,NaN,NaN,NaN,NaN,NaN,NaN,NaN,NaN
2026-07-30T00:00:00Z,100.0,25.5,65.5,NaN,NaN,NaN,NaN,NaN,NaN,NaN,NaN,NaN,NaN,NaN,NaN
2026-07-30T00:00:00Z,100.0,25.5,66.5,NaN,NaN,NaN,NaN,NaN,NaN,NaN,NaN,NaN,NaN,NaN,NaN
2026-07-30T00:00:00Z,100.0,25.5,67.5,NaN,NaN,NaN,NaN,NaN,NaN,NaN,NaN,NaN,NaN,NaN,NaN
2026-07-30T00:00:00Z,100.0,25.5,68.5,NaN,NaN,NaN,NaN,NaN,NaN,NaN,NaN,NaN,NaN,NaN,NaN
2026-07-30T00:00:00Z,100.0,25.5,69.5,NaN,NaN,NaN,NaN,NaN,NaN,NaN,NaN,NaN,NaN,NaN,NaN
2026-07-30T00:00:00Z,100.0,25.5,70.5,NaN,NaN,NaN,NaN,NaN,NaN,NaN,NaN,NaN,NaN,NaN,NaN
2026-07-30T00:00:00Z,100.0,25.5,71.5,NaN,NaN,NaN,NaN,NaN,NaN,NaN,NaN,NaN,NaN,NaN,NaN
2026-07-30T00:00:00Z,100.0,25.5,72.5,NaN,NaN,NaN,NaN,NaN,NaN,NaN,NaN,NaN,NaN,NaN,NaN
2026-07-30T00:00:00Z,100.0,25.5,73.5,NaN,NaN,NaN,NaN,NaN,NaN,NaN,NaN,NaN,NaN,NaN,NaN
2026-07-30T00:00:00Z,100.0,25.5,74.5,NaN,NaN,NaN,NaN,NaN,NaN,NaN,NaN,NaN,NaN,NaN,NaN
2026-07-30T00:00:00Z,100.0,25.5,75.5,NaN,NaN,NaN,NaN,NaN,NaN,NaN,NaN,NaN,NaN,NaN,NaN
2026-07-30T00:00:00Z,100.0,25.5,76.5,NaN,NaN,NaN,NaN,NaN,NaN,NaN,NaN,NaN,NaN,NaN,NaN
2026-07-30T00:00:00Z,100.0,25.5,77.5,NaN,NaN,NaN,NaN,NaN,NaN,NaN,NaN,NaN,NaN,NaN,NaN
2026-07-30T00:00:00Z,100.0,25.5,78.5,NaN,NaN,NaN,NaN,NaN,NaN,NaN,NaN,NaN,NaN,NaN,NaN
2026-07-30T00:00:00Z,125.0,5.5,50.5,35.274,NaN,0.0,0.0,1.0,0.0,15.85,NaN,0.0,0.0,1.0,0.0
2026-07-30T00:00:00Z,125.0,5.5,51.5,35.274,NaN,0.0,0.0,1.0,0.0,15.85,NaN,0.0,0.0,1.0,0.0
2026-07-30T00:00:00Z,125.0,5.5,52.5,NaN,NaN,NaN,NaN,NaN,NaN,NaN,NaN,NaN,NaN,NaN,NaN
2026-07-30T00:00:00Z,125.0,5.5,53.5,NaN,NaN,NaN,NaN,NaN,NaN,NaN,NaN,NaN,NaN,NaN,NaN
2026-07-30T00:00:00Z,125.0,5.5,54.5,NaN,NaN,NaN,NaN,NaN,NaN,NaN,NaN,NaN,NaN,NaN,NaN
2026-07-30T00:00:00Z,125.0,5.5,55.5,NaN,NaN,NaN,NaN,NaN,NaN,NaN,NaN,NaN,NaN,NaN,NaN
2026-07-30T00:00:00Z,125.0,5.5,56.5,35.627,NaN,0.0,0.0,1.0,0.0,21.4,NaN,0.0,0.0,1.0,0.0
2026-07-30T00:00:00Z,125.0,5.5,57.5,35.627,NaN,0.062,0.088,2.0,0.0,21.4,NaN,0.637,0.902,2.0,0.0
2026-07-30T00:00:00Z,125.0,5.5,58.5,35.627,NaN,0.062,0.088,2.0,0.0,21.4,NaN,0.637,0.901,2.0,0.0
2026-07-30T00:00:00Z,125.0,5.5,59.5,35.627,NaN,0.062,0.088,2.0,0.0,21.402,NaN,0.637,0.9,2.0,0.0
2026-07-30T00:00:00Z,125.0,5.5,60.5,35.628,NaN,0.062,0.087,2.0,0.0,21.41,NaN,0.637,0.895,2.0,0.0
2026-07-30T00:00:00Z,125.0,5.5,61.5,35.633,NaN,0.062,0.084,2.0,0.0,21.46,NaN,0.637,0.86,2.0,0.0
2026-07-30T00:00:00Z,125.0,5.5,62.5,35.346,NaN,0.166,0.264,3.0,0.0,21.376,NaN,0.564,0.763,3.0,0.0
2026-07-30T00:00:00Z,125.0,5.5,63.5,35.346,NaN,0.106,0.15,2.0,0.0,21.376,NaN,0.124,0.175,2.0,0.0
2026-07-30T00:00:00Z,125.0,5.5,64.5,35.345,35.345,0.106,0.15,2.0,1.0,21.375,21.375,0.124,0.175,2.0,1.0
2026-07-30T00:00:00Z,125.0,5.5,65.5,35.343,35.345,0.125,0.126,4.0,1.0,21.299,21.375,1.501,1.924,4.0,1.0
2026-07-30T00:00:00Z,125.0,5.5,66.5,35.273,NaN,0.113,0.117,7.0,0.0,19.107,NaN,1.246,1.481,7.0,0.0
2026-07-30T00:00:00Z,125.0,5.5,67.5,35.251,35.25,0.113,0.125,7.0,2.0,18.743,18.691,1.246,1.705,7.0,2.0
2026-07-30T00:00:00Z,125.0,5.5,68.5,35.254,35.246,0.078,0.089,6.0,1.0,19.351,19.431,0.93,0.977,6.0,1.0
2026-07-30T00:00:00Z,125.0,5.5,69.5,35.263,35.296,0.078,0.094,6.0,1.0,19.861,20.661,0.93,1.233,6.0,1.0
2026-07-30T00:00:00Z,125.0,5.5,70.5,35.159,NaN,0.077,0.088,7.0,0.0,19.029,NaN,0.927,0.935,7.0,0.0
2026-07-30T00:00:00Z,125.0,5.5,71.5,35.058,NaN,0.083,0.149,5.0,0.0,18.011,NaN,0.978,1.39,5.0,0.0
2026-07-30T00:00:00Z,125.0,5.5,72.5,35.053,NaN,0.054,0.089,3.0,0.0,17.948,NaN,0.545,0.634,3.0,0.0
2026-07-30T00:00:00Z,125.0,5.5,73.5,35.141,NaN,0.054,0.057,3.0,0.0,17.218,NaN,0.545,0.681,3.0,0.0
2026-07-30T00:00:00Z,125.0,5.5,74.5,35.183,NaN,0.023,0.033,2.0,0.0,16.858,NaN,0.606,0.856,2.0,0.0
2026-07-30T00:00:00Z,125.0,5.5,75.5,35.183,NaN,0.023,0.033,2.0,0.0,16.857,NaN,0.606,0.856,2.0,0.0
2026-07-30T00:00:00Z,125.0,5.5,76.5,35.183,NaN,0.0,0.0,1.0,0.0,16.857,NaN,0.0,0.0,1.0,0.0
2026-07-30T00:00:00Z,125.0,5.5,77.5,35.183,NaN,0.0,0.0,1.0,0.0,16.857,NaN,0.0,0.0,1.0,0.0
2026-07-30T00:00:00Z,125.0,5.5,78.5,NaN,NaN,NaN,NaN,NaN,NaN,NaN,NaN,NaN,NaN,NaN,NaN
2026-07-30T00:00:00Z,125.0,6.5,50.5,35.274,NaN,0.0,0.0,1.0,0.0,15.85,NaN,0.0,0.0,1.0,0.0
2026-07-30T00:00:00Z,125.0,6.5,51.5,35.274,NaN,0.0,0.0,1.0,0.0,15.85,NaN,0.0,0.0,1.0,0.0
2026-07-30T00:00:00Z,125.0,6.5,52.5,NaN,NaN,NaN,NaN,NaN,NaN,NaN,NaN,NaN,NaN,NaN,NaN
2026-07-30T00:00:00Z,125.0,6.5,53.5,35.48,NaN,0.0,0.0,1.0,0.0,19.758,NaN,0.0,0.0,1.0,0.0
2026-07-30T00:00:00Z,125.0,6.5,54.5,35.48,NaN,0.0,0.0,1.0,0.0,19.758,NaN,0.0,0.0,1.0,0.0
2026-07-30T00:00:00Z,125.0,6.5,55.5,35.48,NaN,0.0,0.0,1.0,0.0,19.758,NaN,0.0,0.0,1.0,0.0
2026-07-30T00:00:00Z,125.0,6.5,56.5,35.501,NaN,0.073,0.09,2.0,0.0,19.997,NaN,0.821,1.007,2.0,0.0
2026-07-30T00:00:00Z,125.0,6.5,57.5,35.623,NaN,0.111,0.111,3.0,0.0,21.353,NaN,1.194,1.196,3.0,0.0
2026-07-30T00:00:00Z,125.0,6.5,58.5,35.636,NaN,0.097,0.097,4.0,0.0,21.494,NaN,1.059,1.062,4.0,0.0
2026-07-30T00:00:00Z,125.0,6.5,59.5,35.669,NaN,0.078,0.088,4.0,0.0,21.834,NaN,0.608,0.704,4.0,0.0
2026-07-30T00:00:00Z,125.0,6.5,60.5,35.694,NaN,0.078,0.079,4.0,0.0,22.168,NaN,0.608,0.608,4.0,0.0
2026-07-30T00:00:00Z,125.0,6.5,61.5,35.665,NaN,0.078,0.09,4.0,0.0,21.945,NaN,0.608,0.655,4.0,0.0
2026-07-30T00:00:00Z,125.0,6.5,62.5,35.568,NaN,0.165,0.174,5.0,0.0,21.764,NaN,0.595,0.669,5.0,0.0
2026-07-30T00:00:00Z,125.0,6.5,63.5,35.376,NaN,0.17,0.274,4.0,0.0,21.412,NaN,0.573,0.766,4.0,0.0
2026-07-30T00:00:00Z,125.0,6.5,64.5,35.363,NaN,0.193,0.285,3.0,0.0,21.396,NaN,0.657,0.865,3.0,0.0
2026-07-30T00:00:00Z,125.0,6.5,65.5,35.353,NaN,0.125,0.125,4.0,0.0,21.317,NaN,1.501,1.936,4.0,0.0
2026-07-30T00:00:00Z,125.0,6.5,66.5,35.274,NaN,0.113,0.117,7.0,0.0,19.139,NaN,1.246,1.463,7.0,0.0
2026-07-30T00:00:00Z,125.0,6.5,67.5,35.25,NaN,0.113,0.125,7.0,0.0,18.707,NaN,1.246,1.73,7.0,0.0
2026-07-30T00:00:00Z,125.0,6.5,68.5,35.243,NaN,0.078,0.084,6.0,0.0,19.325,NaN,0.93,0.97,6.0,0.0
2026-07-30T00:00:00Z,125.0,6.5,69.5,35.236,35.189,0.078,0.082,6.0,1.0,19.734,19.219,0.93,1.154,6.0,1.0
2026-07-30T00:00:00Z,125.0,6.5,70.5,35.232,NaN,0.078,0.081,6.0,0.0,19.638,NaN,0.93,1.1,6.0,0.0
2026-07-30T00:00:00Z,125.0,6.5,71.5,35.103,NaN,0.09,0.127,4.0,0.0,18.47,NaN,0.962,1.227,4.0,0.0
2026-07-30T00:00:00Z,125.0,6.5,72.5,35.083,NaN,0.066,0.074,2.0,0.0,17.696,NaN,0.547,0.62,2.0,0.0
2026-07-30T00:00:00Z,125.0,6.5,73.5,35.182,NaN,0.066,0.092,2.0,0.0,16.862,NaN,0.547,0.77,2.0,0.0
2026-07-30T00:00:00Z,125.0,6.5,74.5,35.183,NaN,0.0,0.0,1.0,0.0,16.857,NaN,0.0,0.0,1.0,0.0
2026-07-30T00:00:00Z,125.0,6.5,75.5,35.183,NaN,0.0,0.0,1.0,0.0,16.857,NaN,0.0,0.0,1.0,0.0
2026-07-30T00:00:00Z,125.0,6.5,76.5,35.183,NaN,0.0,0.0,1.0,0.0,16.857,NaN,0.0,0.0,1.0,0.0
2026-07-30T00:00:00Z,125.0,6.5,77.5,35.183,NaN,0.0,0.0,1.0,0.0,16.857,NaN,0.0,0.0,1.0,0.0
2026-07-30T00:00:00Z,125.0,6.5,78.5,NaN,NaN,NaN,NaN,NaN,NaN,NaN,NaN,NaN,NaN,NaN,NaN
2026-07-30T00:00:00Z,125.0,7.5,50.5,35.274,NaN,0.0,0.0,1.0,0.0,15.85,NaN,0.0,0.0,1.0,0.0
2026-07-30T00:00:00Z,125.0,7.5,51.5,35.274,NaN,0.0,0.0,1.0,0.0,15.85,NaN,0.0,0.0,1.0,0.0
2026-07-30T00:00:00Z,125.0,7.5,52.5,NaN,NaN,NaN,NaN,NaN,NaN,NaN,NaN,NaN,NaN,NaN,NaN
2026-07-30T00:00:00Z,125.0,7.5,53.5,35.48,NaN,0.0,0.0,1.0,0.0,19.758,NaN,0.0,0.0,1.0,0.0
2026-07-30T00:00:00Z,125.0,7.5,54.5,35.48,NaN,0.0,0.0,1.0,0.0,19.758,NaN,0.0,0.0,1.0,0.0
2026-07-30T00:00:00Z,125.0,7.5,55.5,35.48,NaN,0.062,0.088,2.0,0.0,19.758,NaN,2.416,3.416,2.0,0.0
2026-07-30T00:00:00Z,125.0,7.5,56.5,35.48,NaN,0.111,0.111,3.0,0.0,19.759,NaN,2.006,2.945,3.0,0.0
2026-07-30T00:00:00Z,125.0,7.5,57.5,35.523,NaN,0.149,0.152,4.0,0.0,20.271,NaN,1.768,2.547,4.0,0.0
2026-07-30T00:00:00Z,125.0,7.5,58.5,35.744,NaN,0.138,0.221,5.0,0.0,22.623,NaN,1.586,1.688,5.0,0.0
2026-07-30T00:00:00Z,125.0,7.5,59.5,35.742,NaN,0.174,0.228,6.0,0.0,22.602,NaN,1.047,1.069,7.0,0.0
2026-07-30T00:00:00Z,125.0,7.5,60.5,35.701,NaN,0.174,0.204,6.0,0.0,22.267,NaN,1.561,1.748,9.0,0.0
2026-07-30T00:00:00Z,125.0,7.5,61.5,35.672,NaN,0.15,0.153,5.0,0.0,22.025,NaN,1.552,1.764,8.0,0.0
2026-07-30T00:00:00Z,125.0,7.5,62.5,35.676,NaN,0.176,0.2,6.0,0.0,22.137,NaN,1.517,1.626,9.0,0.0
2026-07-30T00:00:00Z,125.0,7.5,63.5,35.546,NaN,0.175,0.175,5.0,0.0,21.698,NaN,1.609,1.911,8.0,0.0
2026-07-30T00:00:00Z,125.0,7.5,64.5,35.529,NaN,0.187,0.188,4.0,0.0,21.593,NaN,1.679,2.104,7.0,0.0
2026-07-30T00:00:00Z,125.0,7.5,65.5,35.51,NaN,0.125,0.203,4.0,0.0,21.554,NaN,2.789,2.806,6.0,0.0
2026-07-30T00:00:00Z,125.0,7.5,66.5,35.274,NaN,0.113,0.117,7.0,0.0,19.983,NaN,1.246,1.248,7.0,0.0
2026-07-30T00:00:00Z,125.0,7.5,67.5,35.239,NaN,0.113,0.13,7.0,0.0,18.776,NaN,1.246,1.683,7.0,0.0
2026-07-30T00:00:00Z,125.0,7.5,68.5,35.21,NaN,0.078,0.078,6.0,0.0,19.244,NaN,0.93,0.95,6.0,0.0
2026-07-30T00:00:00Z,125.0,7.5,69.5,35.199,NaN,0.078,0.079,6.0,0.0,19.335,NaN,0.93,0.972,6.0,0.0
2026-07-30T00:00:00Z,125.0,7.5,70.5,35.197,NaN,0.078,0.079,6.0,0.0,19.326,NaN,0.93,0.97,6.0,0.0
2026-07-30T00:00:00Z,125.0,7.5,71.5,35.188,NaN,0.09,0.09,4.0,0.0,19.24,NaN,0.962,0.962,4.0,0.0
2026-07-30T00:00:00Z,125.0,7.5,72.5,35.179,NaN,0.066,0.09,2.0,0.0,16.889,NaN,0.547,0.751,2.0,0.0
2026-07-30T00:00:00Z,125.0,7.5,73.5,35.183,NaN,0.066,0.093,2.0,0.0,16.857,NaN,0.547,0.774,2.0,0.0
2026-07-30T00:00:00Z,125.0,7.5,74.5,35.183,35.183,0.0,0.0,1.0,1.0,16.857,16.857,0.0,0.0,1.0,1.0
2026-07-30T00:00:00Z,125.0,7.5,75.5,35.183,NaN,0.0,0.0,1.0,0.0,16.857,NaN,0.0,0.0,1.0,0.0
2026-07-30T00:00:00Z,125.0,7.5,76.5,35.183,NaN,0.0,0.0,1.0,0.0,16.857,NaN,0.0,0.0,1.0,0.0
2026-07-30T00:00:00Z,125.0,7.5,77.5,35.183,NaN,0.0,0.0,1.0,0.0,16.857,NaN,0.0,0.0,1.0,0.0
2026-07-30T00:00:00Z,125.0,7.5,78.5,NaN,NaN,NaN,NaN,NaN,NaN,NaN,NaN,NaN,NaN,NaN,NaN
2026-07-30T00:00:00Z,125.0,8.5,50.5,35.274,NaN,0.0,0.0,1.0,0.0,15.85,NaN,0.0,0.0,1.0,0.0
2026-07-30T00:00:00Z,125.0,8.5,51.5,35.274,NaN,0.0,0.0,1.0,0.0,15.85,NaN,0.0,0.0,1.0,0.0
2026-07-30T00:00:00Z,125.0,8.5,52.5,NaN,NaN,NaN,NaN,NaN,NaN,NaN,NaN,NaN,NaN,NaN,NaN
2026-07-30T00:00:00Z,125.0,8.5,53.5,35.48,NaN,0.0,0.0,1.0,0.0,19.758,NaN,0.0,0.0,1.0,0.0
2026-07-30T00:00:00Z,125.0,8.5,54.5,35.48,NaN,0.0,0.0,1.0,0.0,19.758,NaN,0.0,0.0,1.0,0.0
2026-07-30T00:00:00Z,125.0,8.5,55.5,35.48,35.48,0.062,0.088,2.0,1.0,19.758,19.758,2.416,3.416,2.0,1.0
2026-07-30T00:00:00Z,125.0,8.5,56.5,35.48,NaN,0.062,0.087,2.0,0.0,19.776,NaN,2.416,3.404,2.0,0.0
2026-07-30T00:00:00Z,125.0,8.5,57.5,35.482,NaN,0.165,0.171,3.0,0.0,20.758,NaN,1.986,2.54,3.0,0.0
2026-07-30T00:00:00Z,125.0,8.5,58.5,35.708,NaN,0.151,0.213,4.0,0.0,22.837,NaN,1.736,1.847,4.0,0.0
2026-07-30T00:00:00Z,125.0,8.5,59.5,35.738,35.751,0.19,0.241,5.0,1.0,22.604,22.675,1.044,1.045,6.0,1.0
2026-07-30T00:00:00Z,125.0,8.5,60.5,35.69,NaN,0.19,0.215,5.0,0.0,22.253,NaN,1.535,1.836,8.0,0.0
2026-07-30T00:00:00Z,125.0,8.5,61.5,35.665,35.645,0.168,0.169,4.0,1.0,22.163,21.804,1.551,1.797,7.0,1.0
2026-07-30T00:00:00Z,125.0,8.5,62.5,35.669,NaN,0.176,0.197,6.0,0.0,22.581,NaN,1.517,1.524,9.0,0.0
2026-07-30T00:00:00Z,125.0,8.5,63.5,35.574,NaN,0.175,0.176,5.0,0.0,22.681,NaN,1.609,1.61,8.0,0.0
2026-07-30T00:00:00Z,125.0,8.5,64.5,35.557,35.557,0.202,0.204,5.0,1.0,21.69,21.623,1.606,1.915,8.0,1.0
2026-07-30T00:00:00Z,125.0,8.5,65.5,35.556,NaN,0.284,0.285,6.0,0.0,21.625,NaN,2.481,2.522,8.0,0.0
2026-07-30T00:00:00Z,125.0,8.5,66.5,35.561,NaN,0.278,0.296,8.0,0.0,21.606,NaN,1.668,1.894,8.0,0.0
2026-07-30T00:00:00Z,125.0,8.5,67.5,35.495,NaN,0.278,0.28,8.0,0.0,20.67,NaN,1.668,1.669,8.0,0.0
2026-07-30T00:00:00Z,125.0,8.5,68.5,35.239,NaN,0.296,0.385,7.0,0.0,19.471,NaN,1.723,2.016,7.0,0.0
2026-07-30T00:00:00Z,125.0,8.5,69.5,35.2,NaN,0.296,0.411,7.0,0.0,19.28,NaN,1.723,2.121,7.0,0.0
2026-07-30T00:00:00Z,125.0,8.5,70.5,35.247,NaN,0.287,0.341,6.0,0.0,19.465,NaN,1.767,1.953,6.0,0.0
2026-07-30T00:00:00Z,125.0,8.5,71.5,35.45,NaN,0.18,0.198,3.0,0.0,20.284,NaN,0.754,0.754,3.0,0.0
2026-07-30T00:00:00Z,125.0,8.5,72.5,35.24,NaN,0.215,0.266,2.0,0.0,17.395,NaN,2.042,2.535,2.0,0.0
2026-07-30T00:00:00Z,125.0,8.5,73.5,35.183,NaN,0.215,0.303,2.0,0.0,16.857,NaN,2.042,2.887,2.0,0.0
2026-07-30T00:00:00Z,125.0,8.5,74.5,35.183,NaN,0.0,0.0,1.0,0.0,16.857,NaN,0.0,0.0,1.0,0.0
2026-07-30T00:00:00Z,125.0,8.5,75.5,35.183,NaN,0.0,0.0,1.0,0.0,16.857,NaN,0.0,0.0,1.0,0.0
2026-07-30T00:00:00Z,125.0,8.5,76.5,35.183,NaN,0.0,0.0,1.0,0.0,16.857,NaN,0.0,0.0,1.0,0.0
2026-07-30T00:00:00Z,125.0,8.5,77.5,NaN,NaN,NaN,NaN,NaN,NaN,NaN,NaN,NaN,NaN,NaN,NaN
2026-07-30T00:00:00Z,125.0,8.5,78.5,NaN,NaN,NaN,NaN,NaN,NaN,NaN,NaN,NaN,NaN,NaN,NaN
2026-07-30T00:00:00Z,125.0,9.5,50.5,NaN,NaN,NaN,NaN,NaN,NaN,NaN,NaN,NaN,NaN,NaN,NaN
2026-07-30T00:00:00Z,125.0,9.5,51.5,NaN,NaN,NaN,NaN,NaN,NaN,NaN,NaN,NaN,NaN,NaN,NaN
2026-07-30T00:00:00Z,125.0,9.5,52.5,NaN,NaN,NaN,NaN,NaN,NaN,NaN,NaN,NaN,NaN,NaN,NaN
2026-07-30T00:00:00Z,125.0,9.5,53.5,35.48,NaN,0.0,0.0,1.0,0.0,19.758,NaN,0.0,0.0,1.0,0.0
2026-07-30T00:00:00Z,125.0,9.5,54.5,35.48,NaN,0.0,0.0,1.0,0.0,19.758,NaN,0.0,0.0,1.0,0.0
2026-07-30T00:00:00Z,125.0,9.5,55.5,35.48,NaN,0.062,0.088,2.0,0.0,19.765,NaN,2.416,3.411,2.0,0.0
2026-07-30T00:00:00Z,125.0,9.5,56.5,35.47,NaN,0.062,0.081,2.0,0.0,20.144,NaN,2.416,3.155,2.0,0.0
2026-07-30T00:00:00Z,125.0,9.5,57.5,35.381,NaN,0.165,0.222,3.0,0.0,23.76,NaN,1.986,2.441,3.0,0.0
2026-07-30T00:00:00Z,125.0,9.5,58.5,35.427,NaN,0.151,0.201,4.0,0.0,24.232,NaN,1.736,2.668,4.0,0.0
2026-07-30T00:00:00Z,125.0,9.5,59.5,35.657,NaN,0.19,0.202,5.0,0.0,22.913,NaN,1.044,1.105,6.0,0.0
2026-07-30T00:00:00Z,125.0,9.5,60.5,35.629,NaN,0.19,0.194,5.0,0.0,22.214,NaN,1.535,1.858,8.0,0.0
2026-07-30T00:00:00Z,125.0,9.5,61.5,35.599,35.597,0.168,0.175,4.0,2.0,22.323,22.075,1.551,1.722,7.0,3.0
2026-07-30T00:00:00Z,125.0,9.5,62.5,35.596,NaN,0.154,0.158,5.0,0.0,23.356,25.167,1.528,1.597,8.0,1.0
2026-07-30T00:00:00Z,125.0,9.5,63.5,35.577,NaN,0.159,0.16,4.0,0.0,24.58,NaN,1.631,2.325,7.0,0.0
2026-07-30T00:00:00Z,125.0,9.5,64.5,35.557,NaN,0.184,0.201,4.0,0.0,22.823,NaN,1.627,1.63,7.0,0.0
2026-07-30T00:00:00Z,125.0,9.5,65.5,35.564,NaN,0.156,0.273,4.0,0.0,21.715,NaN,1.583,2.275,6.0,0.0
2026-07-30T00:00:00Z,125.0,9.5,66.5,35.855,NaN,0.277,0.334,5.0,0.0,22.717,NaN,1.415,1.742,5.0,0.0
2026-07-30T00:00:00Z,125.0,9.5,67.5,35.948,NaN,0.277,0.394,5.0,0.0,23.19,NaN,1.293,1.955,6.0,0.0
2026-07-30T00:00:00Z,125.0,9.5,68.5,35.942,NaN,0.274,0.379,5.0,0.0,23.179,NaN,1.326,2.054,6.0,0.0
2026-07-30T00:00:00Z,125.0,9.5,69.5,35.68,NaN,0.274,0.274,5.0,0.0,21.508,NaN,1.326,1.33,6.0,0.0
2026-07-30T00:00:00Z,125.0,9.5,70.5,35.611,NaN,0.297,0.3,4.0,0.0,21.005,NaN,1.449,1.553,5.0,0.0
2026-07-30T00:00:00Z,125.0,9.5,71.5,35.612,NaN,0.212,0.299,2.0,0.0,20.965,NaN,1.086,1.126,3.0,0.0
2026-07-30T00:00:00Z,125.0,9.5,72.5,35.608,NaN,0.215,0.3,2.0,0.0,20.909,NaN,2.167,2.4,3.0,0.0
2026-07-30T00:00:00Z,125.0,9.5,73.5,35.202,NaN,0.215,0.29,2.0,0.0,17.034,NaN,2.042,2.765,2.0,0.0
2026-07-30T00:00:00Z,125.0,9.5,74.5,35.183,NaN,0.0,0.0,1.0,0.0,16.857,NaN,0.0,0.0,1.0,0.0
2026-07-30T00:00:00Z,125.0,9.5,75.5,35.183,NaN,0.0,0.0,1.0,0.0,16.857,NaN,0.0,0.0,1.0,0.0
2026-07-30T00:00:00Z,125.0,9.5,76.5,NaN,NaN,NaN,NaN,NaN,NaN,NaN,NaN,NaN,NaN,NaN,NaN
2026-07-30T00:00:00Z,125.0,9.5,77.5,NaN,NaN,NaN,NaN,NaN,NaN,NaN,NaN,NaN,NaN,NaN,NaN
2026-07-30T00:00:00Z,125.0,9.5,78.5,NaN,NaN,NaN,NaN,NaN,NaN,NaN,NaN,NaN,NaN,NaN,NaN
2026-07-30T00:00:00Z,125.0,10.5,50.5,NaN,NaN,NaN,NaN,NaN,NaN,NaN,NaN,NaN,NaN,NaN,NaN
2026-07-30T00:00:00Z,125.0,10.5,51.5,NaN,NaN,NaN,NaN,NaN,NaN,NaN,NaN,NaN,NaN,NaN,NaN
2026-07-30T00:00:00Z,125.0,10.5,52.5,NaN,NaN,NaN,NaN,NaN,NaN,NaN,NaN,NaN,NaN,NaN,NaN
2026-07-30T00:00:00Z,125.0,10.5,53.5,35.48,NaN,0.0,0.0,1.0,0.0,19.758,NaN,0.0,0.0,1.0,0.0
2026-07-30T00:00:00Z,125.0,10.5,54.5,35.48,NaN,0.0,0.0,1.0,0.0,19.758,NaN,0.0,0.0,1.0,0.0
2026-07-30T00:00:00Z,125.0,10.5,55.5,35.476,NaN,0.062,0.085,2.0,0.0,19.928,NaN,2.416,3.298,2.0,0.0
2026-07-30T00:00:00Z,125.0,10.5,56.5,35.397,NaN,0.062,0.066,2.0,0.0,23.008,NaN,2.416,2.556,2.0,0.0
2026-07-30T00:00:00Z,125.0,10.5,57.5,35.357,NaN,0.165,0.238,3.0,0.0,24.547,NaN,1.986,2.969,3.0,0.0
2026-07-30T00:00:00Z,125.0,10.5,58.5,35.358,35.356,0.151,0.251,4.0,1.0,24.578,24.589,1.736,2.939,4.0,1.0
2026-07-30T00:00:00Z,125.0,10.5,59.5,35.398,NaN,0.19,0.269,5.0,0.0,24.235,NaN,1.044,1.983,6.0,0.0
2026-07-30T00:00:00Z,125.0,10.5,60.5,35.515,NaN,0.242,0.306,7.0,0.0,22.209,NaN,1.44,1.92,10.0,0.0
2026-07-30T00:00:00Z,125.0,10.5,61.5,35.512,NaN,0.212,0.326,6.0,0.0,22.727,NaN,1.466,1.595,9.0,0.0
2026-07-30T00:00:00Z,125.0,10.5,62.5,35.538,NaN,0.208,0.284,7.0,0.0,24.319,25.634,1.485,1.87,10.0,1.0
2026-07-30T00:00:00Z,125.0,10.5,63.5,35.646,NaN,0.225,0.24,6.0,0.0,25.222,NaN,1.555,2.521,9.0,0.0
2026-07-30T00:00:00Z,125.0,10.5,64.5,35.598,NaN,0.223,0.273,6.0,0.0,25.181,NaN,1.552,2.483,9.0,0.0
2026-07-30T00:00:00Z,125.0,10.5,65.5,35.792,NaN,0.16,0.171,6.0,0.0,22.513,NaN,1.438,1.801,8.0,0.0
2026-07-30T00:00:00Z,125.0,10.5,66.5,35.879,NaN,0.156,0.18,4.0,0.0,22.568,NaN,0.759,0.798,4.0,0.0
2026-07-30T00:00:00Z,125.0,10.5,67.5,35.901,35.996,0.156,0.193,4.0,1.0,22.818,23.579,0.707,0.922,5.0,1.0
2026-07-30T00:00:00Z,125.0,10.5,68.5,35.907,NaN,0.136,0.172,4.0,0.0,22.884,NaN,0.859,1.171,5.0,0.0
2026-07-30T00:00:00Z,125.0,10.5,69.5,35.704,NaN,0.136,0.168,4.0,0.0,21.667,NaN,0.859,0.957,5.0,0.0
2026-07-30T00:00:00Z,125.0,10.5,70.5,35.613,35.612,0.157,0.244,3.0,1.0,21.151,20.94,0.951,1.38,4.0,1.0
2026-07-30T00:00:00Z,125.0,10.5,71.5,35.612,NaN,0.0,0.0,1.0,0.0,21.026,NaN,0.447,0.575,2.0,0.0
2026-07-30T00:00:00Z,125.0,10.5,72.5,35.612,NaN,0.0,0.0,1.0,0.0,20.973,NaN,0.447,0.61,2.0,0.0
2026-07-30T00:00:00Z,125.0,10.5,73.5,35.612,NaN,0.0,0.0,1.0,0.0,20.94,NaN,0.0,0.0,1.0,0.0
2026-07-30T00:00:00Z,125.0,10.5,74.5,NaN,NaN,NaN,NaN,NaN,NaN,NaN,NaN,NaN,NaN,NaN,NaN
2026-07-30T00:00:00Z,125.0,10.5,75.5,NaN,NaN,NaN,NaN,NaN,NaN,NaN,NaN,NaN,NaN,NaN,NaN
2026-07-30T00:00:00Z,125.0,10.5,76.5,NaN,NaN,NaN,NaN,NaN,NaN,NaN,NaN,NaN,NaN,NaN,NaN
2026-07-30T00:00:00Z,125.0,10.5,77.5,NaN,NaN,NaN,NaN,NaN,NaN,NaN,NaN,NaN,NaN,NaN,NaN
2026-07-30T00:00:00Z,125.0,10.5,78.5,NaN,NaN,NaN,NaN,NaN,NaN,NaN,NaN,NaN,NaN,NaN,NaN
2026-07-30T00:00:00Z,125.0,11.5,50.5,NaN,NaN,NaN,NaN,NaN,NaN,NaN,NaN,NaN,NaN,NaN,NaN
2026-07-30T00:00:00Z,125.0,11.5,51.5,NaN,NaN,NaN,NaN,NaN,NaN,NaN,NaN,NaN,NaN,NaN,NaN
2026-07-30T00:00:00Z,125.0,11.5,52.5,NaN,NaN,NaN,NaN,NaN,NaN,NaN,NaN,NaN,NaN,NaN,NaN
2026-07-30T00:00:00Z,125.0,11.5,53.5,35.48,NaN,0.0,0.0,1.0,0.0,19.758,NaN,0.0,0.0,1.0,0.0
2026-07-30T00:00:00Z,125.0,11.5,54.5,35.48,NaN,0.0,0.0,1.0,0.0,19.758,NaN,0.0,0.0,1.0,0.0
2026-07-30T00:00:00Z,125.0,11.5,55.5,35.423,NaN,0.062,0.062,2.0,0.0,21.992,NaN,2.416,2.422,2.0,0.0
2026-07-30T00:00:00Z,125.0,11.5,56.5,35.359,NaN,0.062,0.086,2.0,0.0,24.492,NaN,2.416,3.348,2.0,0.0
2026-07-30T00:00:00Z,125.0,11.5,57.5,35.356,NaN,0.062,0.088,2.0,0.0,24.587,NaN,2.416,3.415,2.0,0.0
2026-07-30T00:00:00Z,125.0,11.5,58.5,35.356,NaN,0.062,0.088,2.0,0.0,24.589,NaN,2.066,2.862,3.0,0.0
2026-07-30T00:00:00Z,125.0,11.5,59.5,35.357,NaN,0.213,0.266,3.0,0.0,24.545,NaN,1.127,2.028,5.0,0.0
2026-07-30T00:00:00Z,125.0,11.5,60.5,35.568,NaN,0.284,0.315,5.0,0.0,22.933,NaN,1.358,1.587,9.0,0.0
2026-07-30T00:00:00Z,125.0,11.5,61.5,35.804,NaN,0.251,0.251,4.0,0.0,23.934,NaN,1.406,1.434,8.0,0.0
2026-07-30T00:00:00Z,125.0,11.5,62.5,35.918,NaN,0.251,0.281,4.0,0.0,24.677,NaN,1.406,1.741,8.0,0.0
2026-07-30T00:00:00Z,125.0,11.5,63.5,35.958,NaN,0.251,0.301,4.0,0.0,24.956,NaN,1.406,1.918,8.0,0.0
2026-07-30T00:00:00Z,125.0,11.5,64.5,35.989,NaN,0.224,0.297,5.0,0.0,24.983,NaN,1.529,2.169,8.0,0.0
2026-07-30T00:00:00Z,125.0,11.5,65.5,35.83,NaN,0.097,0.128,5.0,0.0,22.184,NaN,1.313,2.146,7.0,0.0
2026-07-30T00:00:00Z,125.0,11.5,66.5,35.839,NaN,0.074,0.084,5.0,0.0,22.235,NaN,0.577,0.682,5.0,0.0
2026-07-30T00:00:00Z,125.0,11.5,67.5,35.852,35.799,0.074,0.079,5.0,2.0,22.435,22.045,0.599,0.6,6.0,2.0
2026-07-30T00:00:00Z,125.0,11.5,68.5,35.855,NaN,0.12,0.122,6.0,0.0,22.501,NaN,0.771,0.81,7.0,0.0
2026-07-30T00:00:00Z,125.0,11.5,69.5,35.72,NaN,0.12,0.166,6.0,0.0,21.778,NaN,0.771,0.905,7.0,0.0
2026-07-30T00:00:00Z,125.0,11.5,70.5,35.614,NaN,0.131,0.261,5.0,0.0,21.408,21.835,0.813,1.222,6.0,1.0
2026-07-30T00:00:00Z,125.0,11.5,71.5,35.612,NaN,0.136,0.235,3.0,0.0,21.188,NaN,0.711,1.097,4.0,0.0
2026-07-30T00:00:00Z,125.0,11.5,72.5,35.612,NaN,0.0,0.0,1.0,0.0,21.048,NaN,0.447,0.562,2.0,0.0
2026-07-30T00:00:00Z,125.0,11.5,73.5,35.612,NaN,0.0,0.0,1.0,0.0,20.94,NaN,0.0,0.0,1.0,0.0
2026-07-30T00:00:00Z,125.0,11.5,74.5,NaN,NaN,NaN,NaN,NaN,NaN,NaN,NaN,NaN,NaN,NaN,NaN
2026-07-30T00:00:00Z,125.0,11.5,75.5,NaN,NaN,NaN,NaN,NaN,NaN,NaN,NaN,NaN,NaN,NaN,NaN
2026-07-30T00:00:00Z,125.0,11.5,76.5,NaN,NaN,NaN,NaN,NaN,NaN,NaN,NaN,NaN,NaN,NaN,NaN
2026-07-30T00:00:00Z,125.0,11.5,77.5,NaN,NaN,NaN,NaN,NaN,NaN,NaN,NaN,NaN,NaN,NaN,NaN
2026-07-30T00:00:00Z,125.0,11.5,78.5,NaN,NaN,NaN,NaN,NaN,NaN,NaN,NaN,NaN,NaN,NaN,NaN
2026-07-30T00:00:00Z,125.0,12.5,50.5,NaN,NaN,NaN,NaN,NaN,NaN,NaN,NaN,NaN,NaN,NaN,NaN
2026-07-30T00:00:00Z,125.0,12.5,51.5,35.78,NaN,0.0,0.0,1.0,0.0,16.462,NaN,0.0,0.0,1.0,0.0
2026-07-30T00:00:00Z,125.0,12.5,52.5,35.78,NaN,0.0,0.0,1.0,0.0,16.462,NaN,0.0,0.0,1.0,0.0
2026-07-30T00:00:00Z,125.0,12.5,53.5,35.78,NaN,0.0,0.0,1.0,0.0,16.462,NaN,0.0,0.0,1.0,0.0
2026-07-30T00:00:00Z,125.0,12.5,54.5,35.78,NaN,0.0,0.0,1.0,0.0,16.462,NaN,0.0,0.0,1.0,0.0
2026-07-30T00:00:00Z,125.0,12.5,55.5,35.63,NaN,0.212,0.221,2.0,0.0,19.331,NaN,4.064,4.235,2.0,0.0
2026-07-30T00:00:00Z,125.0,12.5,56.5,35.357,NaN,0.212,0.299,2.0,0.0,24.575,NaN,4.064,5.737,2.0,0.0
2026-07-30T00:00:00Z,125.0,12.5,57.5,35.356,NaN,0.0,0.0,1.0,0.0,24.589,NaN,0.0,0.0,1.0,0.0
2026-07-30T00:00:00Z,125.0,12.5,58.5,35.356,NaN,0.0,0.0,1.0,0.0,24.576,NaN,0.554,0.774,2.0,0.0
2026-07-30T00:00:00Z,125.0,12.5,59.5,35.356,NaN,0.01,0.015,2.0,0.0,23.884,NaN,1.26,1.627,4.0,0.0
2026-07-30T00:00:00Z,125.0,12.5,60.5,35.93,NaN,0.311,0.402,4.0,0.0,23.728,NaN,1.258,1.261,10.0,0.0
2026-07-30T00:00:00Z,125.0,12.5,61.5,35.946,NaN,0.289,0.332,3.0,0.0,24.24,NaN,1.298,1.394,9.0,0.0
2026-07-30T00:00:00Z,125.0,12.5,62.5,35.961,35.941,0.289,0.34,3.0,1.0,24.345,24.34,1.298,1.436,9.0,1.0
2026-07-30T00:00:00Z,125.0,12.5,63.5,35.99,NaN,0.289,0.356,3.0,0.0,24.358,NaN,1.298,1.442,9.0,0.0
2026-07-30T00:00:00Z,125.0,12.5,64.5,36.016,NaN,0.251,0.338,4.0,0.0,24.357,NaN,1.428,1.642,9.0,0.0
2026-07-30T00:00:00Z,125.0,12.5,65.5,35.895,NaN,0.091,0.091,6.0,0.0,22.881,NaN,1.151,1.421,10.0,0.0
2026-07-30T00:00:00Z,125.0,12.5,66.5,35.817,NaN,0.068,0.09,6.0,0.0,22.065,NaN,0.529,0.768,6.0,0.0
2026-07-30T00:00:00Z,125.0,12.5,67.5,35.822,NaN,0.068,0.087,6.0,0.0,22.215,NaN,0.562,0.634,7.0,0.0
2026-07-30T00:00:00Z,125.0,12.5,68.5,35.834,NaN,0.112,0.112,7.0,0.0,22.324,NaN,0.739,0.739,8.0,0.0
2026-07-30T00:00:00Z,125.0,12.5,69.5,35.874,NaN,0.112,0.117,7.0,0.0,22.032,NaN,0.739,0.79,8.0,0.0
2026-07-30T00:00:00Z,125.0,12.5,70.5,35.686,NaN,0.12,0.198,6.0,0.0,21.719,NaN,0.766,1.012,7.0,0.0
2026-07-30T00:00:00Z,125.0,12.5,71.5,35.62,NaN,0.136,0.229,3.0,0.0,21.473,NaN,0.711,0.9,4.0,0.0
2026-07-30T00:00:00Z,125.0,12.5,72.5,35.612,NaN,0.0,0.0,1.0,0.0,21.235,NaN,0.447,0.473,2.0,0.0
2026-07-30T00:00:00Z,125.0,12.5,73.5,35.612,NaN,0.0,0.0,1.0,0.0,20.94,NaN,0.0,0.0,1.0,0.0
2026-07-30T00:00:00Z,125.0,12.5,74.5,NaN,NaN,NaN,NaN,NaN,NaN,NaN,NaN,NaN,NaN,NaN,NaN
2026-07-30T00:00:00Z,125.0,12.5,75.5,NaN,NaN,NaN,NaN,NaN,NaN,NaN,NaN,NaN,NaN,NaN,NaN
2026-07-30T00:00:00Z,125.0,12.5,76.5,NaN,NaN,NaN,NaN,NaN,NaN,NaN,NaN,NaN,NaN,NaN,NaN
2026-07-30T00:00:00Z,125.0,12.5,77.5,NaN,NaN,NaN,NaN,NaN,NaN,NaN,NaN,NaN,NaN,NaN,NaN
2026-07-30T00:00:00Z,125.0,12.5,78.5,NaN,NaN,NaN,NaN,NaN,NaN,NaN,NaN,NaN,NaN,NaN,NaN
2026-07-30T00:00:00Z,125.0,13.5,50.5,NaN,NaN,NaN,NaN,NaN,NaN,NaN,NaN,NaN,NaN,NaN,NaN
2026-07-30T00:00:00Z,125.0,13.5,51.5,35.78,NaN,0.0,0.0,1.0,0.0,16.462,NaN,0.0,0.0,1.0,0.0
2026-07-30T00:00:00Z,125.0,13.5,52.5,35.78,NaN,0.0,0.0,1.0,0.0,16.462,NaN,0.0,0.0,1.0,0.0
2026-07-30T00:00:00Z,125.0,13.5,53.5,35.78,NaN,0.0,0.0,1.0,0.0,16.462,NaN,0.0,0.0,1.0,0.0
2026-07-30T00:00:00Z,125.0,13.5,54.5,35.78,NaN,0.0,0.0,1.0,0.0,16.462,NaN,0.0,0.0,1.0,0.0
2026-07-30T00:00:00Z,125.0,13.5,55.5,35.78,NaN,0.0,0.0,1.0,0.0,16.462,NaN,0.0,0.0,1.0,0.0
2026-07-30T00:00:00Z,125.0,13.5,56.5,35.78,NaN,0.0,0.0,1.0,0.0,16.462,NaN,0.0,0.0,1.0,0.0
2026-07-30T00:00:00Z,125.0,13.5,57.5,NaN,NaN,NaN,NaN,NaN,NaN,NaN,NaN,NaN,NaN,NaN,NaN
2026-07-30T00:00:00Z,125.0,13.5,58.5,NaN,NaN,NaN,NaN,NaN,NaN,23.481,NaN,0.0,0.0,1.0,0.0
2026-07-30T00:00:00Z,125.0,13.5,59.5,NaN,NaN,NaN,NaN,NaN,NaN,23.481,NaN,0.0,0.0,1.0,0.0
2026-07-30T00:00:00Z,125.0,13.5,60.5,35.946,NaN,0.044,0.059,2.0,0.0,23.498,NaN,0.382,0.542,5.0,0.0
2026-07-30T00:00:00Z,125.0,13.5,61.5,35.959,NaN,0.044,0.052,2.0,0.0,23.715,NaN,0.382,0.418,5.0,0.0
2026-07-30T00:00:00Z,125.0,13.5,62.5,35.988,NaN,0.039,0.039,3.0,0.0,24.118,NaN,0.566,0.713,6.0,0.0
2026-07-30T00:00:00Z,125.0,13.5,63.5,36.015,36.03,0.094,0.099,5.0,1.0,24.243,24.353,0.582,0.934,8.0,1.0
2026-07-30T00:00:00Z,125.0,13.5,64.5,36.026,NaN,0.124,0.125,6.0,0.0,24.284,NaN,0.803,1.265,8.0,0.0
2026-07-30T00:00:00Z,125.0,13.5,65.5,36.015,NaN,0.126,0.136,9.0,0.0,23.542,NaN,0.77,0.849,11.0,0.0
2026-07-30T00:00:00Z,125.0,13.5,66.5,35.884,NaN,0.126,0.14,9.0,0.0,22.413,NaN,0.468,0.556,9.0,0.0
2026-07-30T00:00:00Z,125.0,13.5,67.5,35.869,NaN,0.126,0.148,9.0,0.0,22.522,NaN,0.517,0.527,10.0,0.0
2026-07-30T00:00:00Z,125.0,13.5,68.5,35.894,NaN,0.16,0.16,9.0,0.0,22.644,NaN,0.721,0.747,10.0,0.0
2026-07-30T00:00:00Z,125.0,13.5,69.5,35.899,NaN,0.112,0.127,7.0,0.0,22.635,NaN,0.739,0.806,8.0,0.0
2026-07-30T00:00:00Z,125.0,13.5,70.5,35.897,NaN,0.12,0.131,6.0,0.0,22.552,NaN,0.766,0.785,7.0,0.0
2026-07-30T00:00:00Z,125.0,13.5,71.5,35.87,NaN,0.136,0.151,3.0,0.0,22.262,NaN,0.711,0.75,4.0,0.0
2026-07-30T00:00:00Z,125.0,13.5,72.5,35.612,NaN,0.0,0.0,1.0,0.0,21.512,NaN,0.447,0.464,2.0,0.0
2026-07-30T00:00:00Z,125.0,13.5,73.5,35.612,NaN,0.0,0.0,1.0,0.0,20.94,NaN,0.0,0.0,1.0,0.0
2026-07-30T00:00:00Z,125.0,13.5,74.5,NaN,NaN,NaN,NaN,NaN,NaN,NaN,NaN,NaN,NaN,NaN,NaN
2026-07-30T00:00:00Z,125.0,13.5,75.5,NaN,NaN,NaN,NaN,NaN,NaN,NaN,NaN,NaN,NaN,NaN,NaN
2026-07-30T00:00:00Z,125.0,13.5,76.5,NaN,NaN,NaN,NaN,NaN,NaN,NaN,NaN,NaN,NaN,NaN,NaN
2026-07-30T00:00:00Z,125.0,13.5,77.5,NaN,NaN,NaN,NaN,NaN,NaN,NaN,NaN,NaN,NaN,NaN,NaN
2026-07-30T00:00:00Z,125.0,13.5,78.5,NaN,NaN,NaN,NaN,NaN,NaN,NaN,NaN,NaN,NaN,NaN,NaN
2026-07-30T00:00:00Z,125.0,14.5,50.5,NaN,NaN,NaN,NaN,NaN,NaN,NaN,NaN,NaN,NaN,NaN,NaN
2026-07-30T00:00:00Z,125.0,14.5,51.5,35.78,NaN,0.0,0.0,1.0,0.0,16.462,NaN,0.0,0.0,1.0,0.0
2026-07-30T00:00:00Z,125.0,14.5,52.5,35.78,NaN,0.024,0.035,2.0,0.0,16.462,NaN,0.119,0.168,2.0,0.0
2026-07-30T00:00:00Z,125.0,14.5,53.5,35.78,NaN,0.024,0.034,2.0,0.0,16.46,NaN,0.119,0.167,2.0,0.0
2026-07-30T00:00:00Z,125.0,14.5,54.5,35.778,NaN,0.024,0.033,2.0,0.0,16.452,NaN,0.119,0.162,2.0,0.0
2026-07-30T00:00:00Z,125.0,14.5,55.5,35.772,NaN,0.024,0.03,2.0,0.0,16.423,NaN,0.119,0.143,2.0,0.0
2026-07-30T00:00:00Z,125.0,14.5,56.5,35.757,NaN,0.024,0.025,2.0,0.0,16.349,NaN,0.119,0.119,2.0,0.0
2026-07-30T00:00:00Z,125.0,14.5,57.5,35.731,NaN,0.0,0.0,1.0,0.0,16.224,NaN,0.0,0.0,1.0,0.0
2026-07-30T00:00:00Z,125.0,14.5,58.5,NaN,NaN,NaN,NaN,NaN,NaN,23.481,NaN,0.0,0.0,1.0,0.0
2026-07-30T00:00:00Z,125.0,14.5,59.5,35.939,NaN,0.0,0.0,1.0,0.0,23.477,NaN,0.843,1.189,2.0,0.0
2026-07-30T00:00:00Z,125.0,14.5,60.5,35.941,NaN,0.042,0.051,3.0,0.0,23.485,23.481,0.853,0.854,6.0,1.0
2026-07-30T00:00:00Z,125.0,14.5,61.5,35.965,NaN,0.042,0.043,3.0,0.0,23.545,NaN,0.853,0.853,6.0,0.0
2026-07-30T00:00:00Z,125.0,14.5,62.5,36.01,NaN,0.041,0.05,4.0,0.0,23.663,23.62,0.843,0.879,7.0,2.0
2026-07-30T00:00:00Z,125.0,14.5,63.5,36.025,NaN,0.095,0.095,6.0,0.0,23.764,NaN,0.77,0.888,9.0,0.0
2026-07-30T00:00:00Z,125.0,14.5,64.5,36.02,NaN,0.095,0.095,6.0,0.0,23.456,NaN,0.814,0.829,8.0,0.0
2026-07-30T00:00:00Z,125.0,14.5,65.5,36.053,NaN,0.128,0.146,7.0,0.0,22.881,NaN,0.704,0.814,9.0,0.0
2026-07-30T00:00:00Z,125.0,14.5,66.5,35.995,NaN,0.131,0.136,7.0,0.0,22.903,NaN,0.258,0.32,7.0,0.0
2026-07-30T00:00:00Z,125.0,14.5,67.5,35.88,NaN,0.131,0.152,7.0,0.0,22.734,NaN,0.377,0.399,8.0,0.0
2026-07-30T00:00:00Z,125.0,14.5,68.5,35.888,NaN,0.132,0.141,7.0,0.0,22.685,NaN,0.729,0.8,8.0,0.0
2026-07-30T00:00:00Z,125.0,14.5,69.5,35.896,35.9,0.039,0.052,5.0,2.0,22.668,22.661,0.715,0.888,6.0,2.0
2026-07-30T00:00:00Z,125.0,14.5,70.5,35.899,NaN,0.039,0.053,5.0,0.0,22.662,NaN,0.715,0.884,6.0,0.0
2026-07-30T00:00:00Z,125.0,14.5,71.5,35.89,NaN,0.017,0.018,3.0,0.0,22.15,NaN,0.802,0.824,4.0,0.0
2026-07-30T00:00:00Z,125.0,14.5,72.5,35.863,NaN,0.0,0.0,1.0,0.0,20.708,NaN,0.565,0.797,2.0,0.0
2026-07-30T00:00:00Z,125.0,14.5,73.5,35.863,NaN,0.0,0.0,1.0,0.0,20.704,NaN,0.0,0.0,1.0,0.0
2026-07-30T00:00:00Z,125.0,14.5,74.5,NaN,NaN,NaN,NaN,NaN,NaN,NaN,NaN,NaN,NaN,NaN,NaN
2026-07-30T00:00:00Z,125.0,14.5,75.5,NaN,NaN,NaN,NaN,NaN,NaN,NaN,NaN,NaN,NaN,NaN,NaN
2026-07-30T00:00:00Z,125.0,14.5,76.5,NaN,NaN,NaN,NaN,NaN,NaN,NaN,NaN,NaN,NaN,NaN,NaN
2026-07-30T00:00:00Z,125.0,14.5,77.5,NaN,NaN,NaN,NaN,NaN,NaN,NaN,NaN,NaN,NaN,NaN,NaN
2026-07-30T00:00:00Z,125.0,14.5,78.5,NaN,NaN,NaN,NaN,NaN,NaN,NaN,NaN,NaN,NaN,NaN,NaN
2026-07-30T00:00:00Z,125.0,15.5,50.5,NaN,NaN,NaN,NaN,NaN,NaN,NaN,NaN,NaN,NaN,NaN,NaN
2026-07-30T00:00:00Z,125.0,15.5,51.5,NaN,NaN,NaN,NaN,NaN,NaN,NaN,NaN,NaN,NaN,NaN,NaN
2026-07-30T00:00:00Z,125.0,15.5,52.5,35.779,NaN,0.024,0.034,2.0,0.0,16.459,NaN,0.119,0.166,2.0,0.0
2026-07-30T00:00:00Z,125.0,15.5,53.5,35.777,NaN,0.024,0.033,2.0,0.0,16.448,NaN,0.119,0.159,2.0,0.0
2026-07-30T00:00:00Z,125.0,15.5,54.5,35.769,35.78,0.024,0.028,2.0,1.0,16.409,16.462,0.119,0.136,2.0,1.0
2026-07-30T00:00:00Z,125.0,15.5,55.5,35.752,NaN,0.024,0.025,2.0,0.0,16.327,NaN,0.119,0.12,2.0,0.0
2026-07-30T00:00:00Z,125.0,15.5,56.5,35.738,NaN,0.024,0.03,2.0,0.0,16.258,NaN,0.119,0.146,2.0,0.0
2026-07-30T00:00:00Z,125.0,15.5,57.5,35.731,NaN,0.0,0.0,1.0,0.0,16.224,NaN,0.0,0.0,1.0,0.0
2026-07-30T00:00:00Z,125.0,15.5,58.5,NaN,NaN,NaN,NaN,NaN,NaN,23.481,NaN,0.0,0.0,1.0,0.0
2026-07-30T00:00:00Z,125.0,15.5,59.5,35.939,NaN,0.0,0.0,1.0,0.0,23.225,NaN,0.843,1.027,2.0,0.0
2026-07-30T00:00:00Z,125.0,15.5,60.5,35.939,NaN,0.042,0.053,3.0,0.0,23.492,NaN,0.853,0.854,6.0,0.0
2026-07-30T00:00:00Z,125.0,15.5,61.5,35.939,NaN,0.042,0.052,3.0,0.0,23.569,NaN,0.853,0.853,6.0,0.0
2026-07-30T00:00:00Z,125.0,15.5,62.5,35.944,NaN,0.041,0.055,4.0,0.0,23.45,NaN,0.843,0.844,7.0,0.0
2026-07-30T00:00:00Z,125.0,15.5,63.5,36.009,NaN,0.095,0.096,6.0,0.0,23.508,NaN,0.77,0.792,9.0,0.0
2026-07-30T00:00:00Z,125.0,15.5,64.5,36.014,NaN,0.095,0.096,6.0,0.0,22.869,NaN,0.814,0.922,8.0,0.0
2026-07-30T00:00:00Z,125.0,15.5,65.5,36.073,36.014,0.11,0.125,6.0,1.0,22.886,22.796,0.636,0.83,8.0,1.0
2026-07-30T00:00:00Z,125.0,15.5,66.5,36.004,NaN,0.113,0.114,7.0,0.0,22.978,NaN,0.308,0.424,7.0,0.0
2026-07-30T00:00:00Z,125.0,15.5,67.5,35.88,NaN,0.113,0.158,7.0,0.0,22.817,NaN,0.308,0.335,7.0,0.0
2026-07-30T00:00:00Z,125.0,15.5,68.5,35.871,35.861,0.121,0.155,7.0,1.0,22.718,22.737,0.759,0.822,7.0,1.0
2026-07-30T00:00:00Z,125.0,15.5,69.5,35.885,NaN,0.059,0.063,5.0,0.0,22.591,NaN,0.77,0.88,5.0,0.0
2026-07-30T00:00:00Z,125.0,15.5,70.5,35.878,NaN,0.059,0.066,5.0,0.0,21.471,NaN,0.77,1.037,5.0,0.0
2026-07-30T00:00:00Z,125.0,15.5,71.5,35.864,NaN,0.06,0.082,4.0,0.0,20.753,NaN,0.799,1.5,4.0,0.0
2026-07-30T00:00:00Z,125.0,15.5,72.5,35.863,NaN,0.0,0.0,1.0,0.0,20.704,NaN,0.0,0.0,1.0,0.0
2026-07-30T00:00:00Z,125.0,15.5,73.5,NaN,NaN,NaN,NaN,NaN,NaN,NaN,NaN,NaN,NaN,NaN,NaN
2026-07-30T00:00:00Z,125.0,15.5,74.5,NaN,NaN,NaN,NaN,NaN,NaN,NaN,NaN,NaN,NaN,NaN,NaN
2026-07-30T00:00:00Z,125.0,15.5,75.5,NaN,NaN,NaN,NaN,NaN,NaN,NaN,NaN,NaN,NaN,NaN,NaN
2026-07-30T00:00:00Z,125.0,15.5,76.5,NaN,NaN,NaN,NaN,NaN,NaN,NaN,NaN,NaN,NaN,NaN,NaN
2026-07-30T00:00:00Z,125.0,15.5,77.5,NaN,NaN,NaN,NaN,NaN,NaN,NaN,NaN,NaN,NaN,NaN,NaN
2026-07-30T00:00:00Z,125.0,15.5,78.5,NaN,NaN,NaN,NaN,NaN,NaN,NaN,NaN,NaN,NaN,NaN,NaN
2026-07-30T00:00:00Z,125.0,16.5,50.5,NaN,NaN,NaN,NaN,NaN,NaN,NaN,NaN,NaN,NaN,NaN,NaN
2026-07-30T00:00:00Z,125.0,16.5,51.5,NaN,NaN,NaN,NaN,NaN,NaN,NaN,NaN,NaN,NaN,NaN,NaN
2026-07-30T00:00:00Z,125.0,16.5,52.5,NaN,NaN,NaN,NaN,NaN,NaN,NaN,NaN,NaN,NaN,NaN,NaN
2026-07-30T00:00:00Z,125.0,16.5,53.5,35.766,NaN,0.024,0.027,2.0,0.0,16.392,NaN,0.119,0.129,2.0,0.0
2026-07-30T00:00:00Z,125.0,16.5,54.5,35.748,NaN,0.024,0.026,2.0,0.0,16.306,NaN,0.119,0.125,2.0,0.0
2026-07-30T00:00:00Z,125.0,16.5,55.5,35.736,35.731,0.024,0.031,2.0,1.0,16.248,16.224,0.119,0.152,2.0,1.0
2026-07-30T00:00:00Z,125.0,16.5,56.5,35.732,NaN,0.024,0.034,2.0,0.0,16.23,NaN,0.119,0.164,2.0,0.0
2026-07-30T00:00:00Z,125.0,16.5,57.5,35.731,NaN,0.0,0.0,1.0,0.0,16.224,NaN,0.0,0.0,1.0,0.0
2026-07-30T00:00:00Z,125.0,16.5,58.5,36.259,NaN,0.0,0.0,1.0,0.0,23.454,NaN,1.542,2.162,2.0,0.0
2026-07-30T00:00:00Z,125.0,16.5,59.5,35.94,NaN,0.143,0.228,7.0,0.0,21.785,NaN,1.145,1.446,8.0,0.0
2026-07-30T00:00:00Z,125.0,16.5,60.5,35.94,NaN,0.143,0.228,7.0,0.0,21.843,NaN,1.494,1.546,10.0,0.0
2026-07-30T00:00:00Z,125.0,16.5,61.5,35.94,35.939,0.143,0.228,7.0,1.0,21.897,21.795,1.494,1.561,10.0,1.0
2026-07-30T00:00:00Z,125.0,16.5,62.5,35.941,NaN,0.138,0.214,8.0,0.0,22.357,NaN,1.468,1.672,11.0,0.0
2026-07-30T00:00:00Z,125.0,16.5,63.5,36.004,NaN,0.132,0.168,10.0,0.0,22.974,NaN,1.449,1.878,13.0,0.0
2026-07-30T00:00:00Z,125.0,16.5,64.5,36.033,36.014,0.128,0.141,9.0,1.0,22.761,22.688,1.43,1.751,11.0,1.0
2026-07-30T00:00:00Z,125.0,16.5,65.5,36.088,NaN,0.129,0.142,4.0,0.0,22.897,NaN,0.397,0.45,6.0,0.0
2026-07-30T00:00:00Z,125.0,16.5,66.5,36.009,36.223,0.113,0.114,7.0,1.0,23.041,23.199,0.308,0.469,7.0,1.0
2026-07-30T00:00:00Z,125.0,16.5,67.5,35.9,NaN,0.113,0.145,7.0,0.0,22.942,NaN,0.308,0.4,7.0,0.0
2026-07-30T00:00:00Z,125.0,16.5,68.5,35.917,NaN,0.121,0.131,7.0,0.0,22.511,NaN,0.759,0.767,7.0,0.0
2026-07-30T00:00:00Z,125.0,16.5,69.5,35.953,NaN,0.059,0.073,5.0,0.0,21.834,NaN,0.77,0.838,5.0,0.0
2026-07-30T00:00:00Z,125.0,16.5,70.5,35.884,35.863,0.059,0.064,5.0,1.0,20.898,20.704,0.77,1.483,5.0,1.0
2026-07-30T00:00:00Z,125.0,16.5,71.5,35.865,NaN,0.06,0.082,4.0,0.0,20.718,NaN,0.799,1.53,4.0,0.0
2026-07-30T00:00:00Z,125.0,16.5,72.5,35.863,NaN,0.0,0.0,1.0,0.0,20.704,NaN,0.0,0.0,1.0,0.0
2026-07-30T00:00:00Z,125.0,16.5,73.5,NaN,NaN,NaN,NaN,NaN,NaN,NaN,NaN,NaN,NaN,NaN,NaN
2026-07-30T00:00:00Z,125.0,16.5,74.5,NaN,NaN,NaN,NaN,NaN,NaN,NaN,NaN,NaN,NaN,NaN,NaN
2026-07-30T00:00:00Z,125.0,16.5,75.5,NaN,NaN,NaN,NaN,NaN,NaN,NaN,NaN,NaN,NaN,NaN,NaN
2026-07-30T00:00:00Z,125.0,16.5,76.5,NaN,NaN,NaN,NaN,NaN,NaN,NaN,NaN,NaN,NaN,NaN,NaN
2026-07-30T00:00:00Z,125.0,16.5,77.5,NaN,NaN,NaN,NaN,NaN,NaN,NaN,NaN,NaN,NaN,NaN,NaN
2026-07-30T00:00:00Z,125.0,16.5,78.5,NaN,NaN,NaN,NaN,NaN,NaN,NaN,NaN,NaN,NaN,NaN,NaN
2026-07-30T00:00:00Z,125.0,17.5,50.5,NaN,NaN,NaN,NaN,NaN,NaN,NaN,NaN,NaN,NaN,NaN,NaN
2026-07-30T00:00:00Z,125.0,17.5,51.5,NaN,NaN,NaN,NaN,NaN,NaN,NaN,NaN,NaN,NaN,NaN,NaN
2026-07-30T00:00:00Z,125.0,17.5,52.5,NaN,NaN,NaN,NaN,NaN,NaN,NaN,NaN,NaN,NaN,NaN,NaN
2026-07-30T00:00:00Z,125.0,17.5,53.5,NaN,NaN,NaN,NaN,NaN,NaN,NaN,NaN,NaN,NaN,NaN,NaN
2026-07-30T00:00:00Z,125.0,17.5,54.5,NaN,NaN,NaN,NaN,NaN,NaN,NaN,NaN,NaN,NaN,NaN,NaN
2026-07-30T00:00:00Z,125.0,17.5,55.5,35.732,NaN,0.024,0.034,2.0,0.0,16.228,NaN,0.119,0.165,2.0,0.0
2026-07-30T00:00:00Z,125.0,17.5,56.5,35.731,NaN,0.024,0.035,2.0,0.0,16.225,NaN,0.119,0.168,2.0,0.0
2026-07-30T00:00:00Z,125.0,17.5,57.5,35.731,NaN,0.0,0.0,1.0,0.0,16.224,NaN,0.0,0.0,1.0,0.0
2026-07-30T00:00:00Z,125.0,17.5,58.5,36.259,NaN,0.0,0.0,1.0,0.0,20.397,NaN,0.0,0.0,1.0,0.0
2026-07-30T00:00:00Z,125.0,17.5,59.5,36.029,NaN,0.144,0.147,11.0,0.0,20.277,NaN,0.524,0.572,11.0,0.0
2026-07-30T00:00:00Z,125.0,17.5,60.5,36.026,NaN,0.144,0.147,11.0,0.0,21.17,NaN,1.223,1.237,13.0,0.0
2026-07-30T00:00:00Z,125.0,17.5,61.5,36.022,NaN,0.144,0.148,11.0,0.0,21.168,NaN,1.223,1.237,13.0,0.0
2026-07-30T00:00:00Z,125.0,17.5,62.5,36.019,NaN,0.139,0.143,12.0,0.0,21.174,NaN,1.257,1.259,14.0,0.0
2026-07-30T00:00:00Z,125.0,17.5,63.5,36.015,NaN,0.136,0.144,14.0,0.0,22.055,NaN,1.334,1.512,16.0,0.0
2026-07-30T00:00:00Z,125.0,17.5,64.5,36.03,NaN,0.129,0.13,13.0,0.0,22.732,NaN,1.355,1.895,15.0,0.0
2026-07-30T00:00:00Z,125.0,17.5,65.5,36.091,NaN,0.129,0.143,4.0,0.0,22.89,NaN,0.397,0.454,6.0,0.0
2026-07-30T00:00:00Z,125.0,17.5,66.5,36.165,NaN,0.115,0.18,5.0,0.0,23.074,NaN,0.364,0.524,5.0,0.0
2026-07-30T00:00:00Z,125.0,17.5,67.5,36.079,NaN,0.115,0.126,5.0,0.0,22.579,NaN,0.364,0.383,5.0,0.0
2026-07-30T00:00:00Z,125.0,17.5,68.5,36.016,NaN,0.133,0.134,5.0,0.0,22.075,NaN,0.877,0.906,5.0,0.0
2026-07-30T00:00:00Z,125.0,17.5,69.5,36.004,36.021,0.075,0.117,3.0,1.0,21.928,22.064,0.846,0.851,3.0,1.0
2026-07-30T00:00:00Z,125.0,17.5,70.5,35.922,NaN,0.075,0.075,3.0,0.0,21.214,NaN,0.846,1.049,3.0,0.0
2026-07-30T00:00:00Z,125.0,17.5,71.5,35.869,NaN,0.079,0.107,2.0,0.0,20.758,NaN,0.68,0.925,2.0,0.0
2026-07-30T00:00:00Z,125.0,17.5,72.5,NaN,NaN,NaN,NaN,NaN,NaN,NaN,NaN,NaN,NaN,NaN,NaN
2026-07-30T00:00:00Z,125.0,17.5,73.5,NaN,NaN,NaN,NaN,NaN,NaN,NaN,NaN,NaN,NaN,NaN,NaN
2026-07-30T00:00:00Z,125.0,17.5,74.5,NaN,NaN,NaN,NaN,NaN,NaN,NaN,NaN,NaN,NaN,NaN,NaN
2026-07-30T00:00:00Z,125.0,17.5,75.5,NaN,NaN,NaN,NaN,NaN,NaN,NaN,NaN,NaN,NaN,NaN,NaN
2026-07-30T00:00:00Z,125.0,17.5,76.5,NaN,NaN,NaN,NaN,NaN,NaN,NaN,NaN,NaN,NaN,NaN,NaN
2026-07-30T00:00:00Z,125.0,17.5,77.5,NaN,NaN,NaN,NaN,NaN,NaN,NaN,NaN,NaN,NaN,NaN,NaN
2026-07-30T00:00:00Z,125.0,17.5,78.5,NaN,NaN,NaN,NaN,NaN,NaN,NaN,NaN,NaN,NaN,NaN,NaN
2026-07-30T00:00:00Z,125.0,18.5,50.5,NaN,NaN,NaN,NaN,NaN,NaN,NaN,NaN,NaN,NaN,NaN,NaN
2026-07-30T00:00:00Z,125.0,18.5,51.5,NaN,NaN,NaN,NaN,NaN,NaN,NaN,NaN,NaN,NaN,NaN,NaN
2026-07-30T00:00:00Z,125.0,18.5,52.5,NaN,NaN,NaN,NaN,NaN,NaN,NaN,NaN,NaN,NaN,NaN,NaN
2026-07-30T00:00:00Z,125.0,18.5,53.5,NaN,NaN,NaN,NaN,NaN,NaN,NaN,NaN,NaN,NaN,NaN,NaN
2026-07-30T00:00:00Z,125.0,18.5,54.5,NaN,NaN,NaN,NaN,NaN,NaN,NaN,NaN,NaN,NaN,NaN,NaN
2026-07-30T00:00:00Z,125.0,18.5,55.5,NaN,NaN,NaN,NaN,NaN,NaN,NaN,NaN,NaN,NaN,NaN,NaN
2026-07-30T00:00:00Z,125.0,18.5,56.5,NaN,NaN,NaN,NaN,NaN,NaN,NaN,NaN,NaN,NaN,NaN,NaN
2026-07-30T00:00:00Z,125.0,18.5,57.5,35.734,NaN,0.052,0.07,2.0,0.0,16.303,NaN,1.182,1.617,2.0,0.0
2026-07-30T00:00:00Z,125.0,18.5,58.5,36.016,NaN,0.212,0.215,2.0,0.0,19.365,NaN,0.905,0.913,2.0,0.0
2026-07-30T00:00:00Z,125.0,18.5,59.5,36.138,NaN,0.151,0.181,12.0,0.0,20.318,NaN,0.73,0.73,12.0,0.0
2026-07-30T00:00:00Z,125.0,18.5,60.5,36.133,NaN,0.151,0.179,12.0,0.0,20.328,NaN,0.73,0.73,12.0,0.0
2026-07-30T00:00:00Z,125.0,18.5,61.5,36.117,NaN,0.151,0.171,12.0,0.0,20.34,NaN,0.73,0.73,12.0,0.0
2026-07-30T00:00:00Z,125.0,18.5,62.5,36.094,NaN,0.145,0.157,13.0,0.0,20.353,NaN,0.939,0.954,13.0,0.0
2026-07-30T00:00:00Z,125.0,18.5,63.5,36.064,NaN,0.136,0.136,14.0,0.0,20.386,NaN,1.089,1.259,14.0,0.0
2026-07-30T00:00:00Z,125.0,18.5,64.5,36.025,NaN,0.129,0.131,13.0,0.0,22.085,NaN,1.116,1.512,13.0,0.0
2026-07-30T00:00:00Z,125.0,18.5,65.5,36.086,NaN,0.099,0.099,3.0,0.0,22.869,NaN,0.22,0.221,3.0,0.0
2026-07-30T00:00:00Z,125.0,18.5,66.5,36.168,NaN,0.09,0.134,4.0,0.0,23.045,NaN,0.407,0.542,4.0,0.0
2026-07-30T00:00:00Z,125.0,18.5,67.5,36.03,NaN,0.09,0.097,4.0,0.0,22.118,NaN,0.407,0.7,4.0,0.0
2026-07-30T00:00:00Z,125.0,18.5,68.5,36.021,NaN,0.128,0.128,4.0,0.0,22.062,NaN,0.95,0.959,4.0,0.0
2026-07-30T00:00:00Z,125.0,18.5,69.5,36.017,NaN,0.079,0.109,2.0,0.0,22.026,NaN,0.68,0.935,2.0,0.0
2026-07-30T00:00:00Z,125.0,18.5,70.5,35.974,NaN,0.079,0.085,2.0,0.0,21.664,NaN,0.68,0.735,2.0,0.0
2026-07-30T00:00:00Z,125.0,18.5,71.5,NaN,NaN,NaN,NaN,NaN,NaN,NaN,NaN,NaN,NaN,NaN,NaN
2026-07-30T00:00:00Z,125.0,18.5,72.5,NaN,NaN,NaN,NaN,NaN,NaN,NaN,NaN,NaN,NaN,NaN,NaN
2026-07-30T00:00:00Z,125.0,18.5,73.5,NaN,NaN,NaN,NaN,NaN,NaN,NaN,NaN,NaN,NaN,NaN,NaN
2026-07-30T00:00:00Z,125.0,18.5,74.5,NaN,NaN,NaN,NaN,NaN,NaN,NaN,NaN,NaN,NaN,NaN,NaN
2026-07-30T00:00:00Z,125.0,18.5,75.5,NaN,NaN,NaN,NaN,NaN,NaN,NaN,NaN,NaN,NaN,NaN,NaN
2026-07-30T00:00:00Z,125.0,18.5,76.5,NaN,NaN,NaN,NaN,NaN,NaN,NaN,NaN,NaN,NaN,NaN,NaN
2026-07-30T00:00:00Z,125.0,18.5,77.5,NaN,NaN,NaN,NaN,NaN,NaN,NaN,NaN,NaN,NaN,NaN,NaN
2026-07-30T00:00:00Z,125.0,18.5,78.5,NaN,NaN,NaN,NaN,NaN,NaN,NaN,NaN,NaN,NaN,NaN,NaN
2026-07-30T00:00:00Z,125.0,19.5,50.5,NaN,NaN,NaN,NaN,NaN,NaN,NaN,NaN,NaN,NaN,NaN,NaN
2026-07-30T00:00:00Z,125.0,19.5,51.5,NaN,NaN,NaN,NaN,NaN,NaN,NaN,NaN,NaN,NaN,NaN,NaN
2026-07-30T00:00:00Z,125.0,19.5,52.5,NaN,NaN,NaN,NaN,NaN,NaN,NaN,NaN,NaN,NaN,NaN,NaN
2026-07-30T00:00:00Z,125.0,19.5,53.5,NaN,NaN,NaN,NaN,NaN,NaN,NaN,NaN,NaN,NaN,NaN,NaN
2026-07-30T00:00:00Z,125.0,19.5,54.5,NaN,NaN,NaN,NaN,NaN,NaN,NaN,NaN,NaN,NaN,NaN,NaN
2026-07-30T00:00:00Z,125.0,19.5,55.5,NaN,NaN,NaN,NaN,NaN,NaN,NaN,NaN,NaN,NaN,NaN,NaN
2026-07-30T00:00:00Z,125.0,19.5,56.5,NaN,NaN,NaN,NaN,NaN,NaN,NaN,NaN,NaN,NaN,NaN,NaN
2026-07-30T00:00:00Z,125.0,19.5,57.5,NaN,NaN,NaN,NaN,NaN,NaN,NaN,NaN,NaN,NaN,NaN,NaN
2026-07-30T00:00:00Z,125.0,19.5,58.5,35.846,NaN,0.212,0.292,2.0,0.0,18.637,NaN,0.905,1.245,2.0,0.0
2026-07-30T00:00:00Z,125.0,19.5,59.5,36.024,NaN,0.151,0.152,12.0,0.0,20.335,NaN,0.73,0.73,12.0,0.0
2026-07-30T00:00:00Z,125.0,19.5,60.5,36.098,NaN,0.147,0.157,13.0,0.0,20.352,NaN,0.904,0.918,13.0,0.0
2026-07-30T00:00:00Z,125.0,19.5,61.5,36.08,36.078,0.147,0.147,15.0,9.0,20.371,20.345,0.992,1.05,15.0,9.0
2026-07-30T00:00:00Z,125.0,19.5,62.5,36.048,NaN,0.142,0.143,16.0,0.0,20.396,NaN,0.967,1.029,16.0,0.0
2026-07-30T00:00:00Z,125.0,19.5,63.5,36.02,NaN,0.133,0.146,15.0,0.0,20.47,NaN,0.817,0.918,15.0,0.0
2026-07-30T00:00:00Z,125.0,19.5,64.5,36.083,NaN,0.125,0.126,19.0,0.0,21.188,NaN,0.743,0.796,19.0,0.0
2026-07-30T00:00:00Z,125.0,19.5,65.5,36.149,NaN,0.099,0.106,9.0,0.0,21.428,NaN,0.694,0.701,9.0,0.0
2026-07-30T00:00:00Z,125.0,19.5,66.5,36.126,NaN,0.102,0.106,9.0,0.0,20.842,NaN,0.626,0.766,9.0,0.0
2026-07-30T00:00:00Z,125.0,19.5,67.5,36.068,NaN,0.098,0.098,7.0,0.0,20.992,NaN,0.532,0.537,7.0,0.0
2026-07-30T00:00:00Z,125.0,19.5,68.5,36.024,NaN,0.122,0.124,7.0,0.0,21.989,NaN,0.543,1.133,7.0,0.0
2026-07-30T00:00:00Z,125.0,19.5,69.5,36.02,NaN,0.122,0.125,7.0,0.0,22.054,NaN,0.543,1.19,7.0,0.0
2026-07-30T00:00:00Z,125.0,19.5,70.5,NaN,NaN,NaN,NaN,NaN,NaN,NaN,NaN,NaN,NaN,NaN,NaN
2026-07-30T00:00:00Z,125.0,19.5,71.5,NaN,NaN,NaN,NaN,NaN,NaN,NaN,NaN,NaN,NaN,NaN,NaN
2026-07-30T00:00:00Z,125.0,19.5,72.5,NaN,NaN,NaN,NaN,NaN,NaN,NaN,NaN,NaN,NaN,NaN,NaN
2026-07-30T00:00:00Z,125.0,19.5,73.5,NaN,NaN,NaN,NaN,NaN,NaN,NaN,NaN,NaN,NaN,NaN,NaN
2026-07-30T00:00:00Z,125.0,19.5,74.5,NaN,NaN,NaN,NaN,NaN,NaN,NaN,NaN,NaN,NaN,NaN,NaN
2026-07-30T00:00:00Z,125.0,19.5,75.5,NaN,NaN,NaN,NaN,NaN,NaN,NaN,NaN,NaN,NaN,NaN,NaN
2026-07-30T00:00:00Z,125.0,19.5,76.5,NaN,NaN,NaN,NaN,NaN,NaN,NaN,NaN,NaN,NaN,NaN,NaN
2026-07-30T00:00:00Z,125.0,19.5,77.5,NaN,NaN,NaN,NaN,NaN,NaN,NaN,NaN,NaN,NaN,NaN,NaN
2026-07-30T00:00:00Z,125.0,19.5,78.5,NaN,NaN,NaN,NaN,NaN,NaN,NaN,NaN,NaN,NaN,NaN,NaN
2026-07-30T00:00:00Z,125.0,20.5,50.5,NaN,NaN,NaN,NaN,NaN,NaN,NaN,NaN,NaN,NaN,NaN,NaN
2026-07-30T00:00:00Z,125.0,20.5,51.5,NaN,NaN,NaN,NaN,NaN,NaN,NaN,NaN,NaN,NaN,NaN,NaN
2026-07-30T00:00:00Z,125.0,20.5,52.5,NaN,NaN,NaN,NaN,NaN,NaN,NaN,NaN,NaN,NaN,NaN,NaN
2026-07-30T00:00:00Z,125.0,20.5,53.5,NaN,NaN,NaN,NaN,NaN,NaN,NaN,NaN,NaN,NaN,NaN,NaN
2026-07-30T00:00:00Z,125.0,20.5,54.5,NaN,NaN,NaN,NaN,NaN,NaN,NaN,NaN,NaN,NaN,NaN,NaN
2026-07-30T00:00:00Z,125.0,20.5,55.5,NaN,NaN,NaN,NaN,NaN,NaN,NaN,NaN,NaN,NaN,NaN,NaN
2026-07-30T00:00:00Z,125.0,20.5,56.5,NaN,NaN,NaN,NaN,NaN,NaN,NaN,NaN,NaN,NaN,NaN,NaN
2026-07-30T00:00:00Z,125.0,20.5,57.5,NaN,NaN,NaN,NaN,NaN,NaN,NaN,NaN,NaN,NaN,NaN,NaN
2026-07-30T00:00:00Z,125.0,20.5,58.5,NaN,NaN,NaN,NaN,NaN,NaN,NaN,NaN,NaN,NaN,NaN,NaN
2026-07-30T00:00:00Z,125.0,20.5,59.5,35.857,NaN,0.165,0.268,12.0,0.0,20.387,NaN,0.587,0.616,12.0,0.0
2026-07-30T00:00:00Z,125.0,20.5,60.5,35.977,NaN,0.16,0.187,13.0,0.0,20.414,NaN,0.83,0.831,13.0,0.0
2026-07-30T00:00:00Z,125.0,20.5,61.5,36.024,35.979,0.155,0.168,15.0,1.0,20.478,20.663,0.961,0.969,15.0,1.0
2026-07-30T00:00:00Z,125.0,20.5,62.5,36.016,NaN,0.143,0.153,15.0,0.0,20.687,NaN,0.959,0.959,15.0,0.0
2026-07-30T00:00:00Z,125.0,20.5,63.5,36.077,NaN,0.132,0.133,14.0,0.0,21.028,NaN,0.808,0.833,14.0,0.0
2026-07-30T00:00:00Z,125.0,20.5,64.5,36.163,NaN,0.124,0.151,18.0,0.0,21.869,NaN,0.732,1.252,18.0,0.0
2026-07-30T00:00:00Z,125.0,20.5,65.5,36.135,NaN,0.099,0.102,9.0,0.0,21.286,NaN,0.694,0.696,9.0,0.0
2026-07-30T00:00:00Z,125.0,20.5,66.5,36.129,NaN,0.102,0.107,9.0,0.0,20.842,NaN,0.626,0.766,9.0,0.0
2026-07-30T00:00:00Z,125.0,20.5,67.5,36.077,NaN,0.098,0.099,7.0,0.0,20.818,NaN,0.532,0.586,7.0,0.0
2026-07-30T00:00:00Z,125.0,20.5,68.5,36.075,NaN,0.106,0.106,6.0,0.0,20.817,NaN,0.572,0.615,6.0,0.0
2026-07-30T00:00:00Z,125.0,20.5,69.5,36.054,NaN,0.106,0.108,6.0,0.0,21.28,NaN,0.572,0.619,6.0,0.0
2026-07-30T00:00:00Z,125.0,20.5,70.5,NaN,NaN,NaN,NaN,NaN,NaN,NaN,NaN,NaN,NaN,NaN,NaN
2026-07-30T00:00:00Z,125.0,20.5,71.5,NaN,NaN,NaN,NaN,NaN,NaN,NaN,NaN,NaN,NaN,NaN,NaN
2026-07-30T00:00:00Z,125.0,20.5,72.5,NaN,NaN,NaN,NaN,NaN,NaN,NaN,NaN,NaN,NaN,NaN,NaN
2026-07-30T00:00:00Z,125.0,20.5,73.5,NaN,NaN,NaN,NaN,NaN,NaN,NaN,NaN,NaN,NaN,NaN,NaN
2026-07-30T00:00:00Z,125.0,20.5,74.5,NaN,NaN,NaN,NaN,NaN,NaN,NaN,NaN,NaN,NaN,NaN,NaN
2026-07-30T00:00:00Z,125.0,20.5,75.5,NaN,NaN,NaN,NaN,NaN,NaN,NaN,NaN,NaN,NaN,NaN,NaN
2026-07-30T00:00:00Z,125.0,20.5,76.5,NaN,NaN,NaN,NaN,NaN,NaN,NaN,NaN,NaN,NaN,NaN,NaN
2026-07-30T00:00:00Z,125.0,20.5,77.5,NaN,NaN,NaN,NaN,NaN,NaN,NaN,NaN,NaN,NaN,NaN,NaN
2026-07-30T00:00:00Z,125.0,20.5,78.5,NaN,NaN,NaN,NaN,NaN,NaN,NaN,NaN,NaN,NaN,NaN,NaN
2026-07-30T00:00:00Z,125.0,21.5,50.5,NaN,NaN,NaN,NaN,NaN,NaN,NaN,NaN,NaN,NaN,NaN,NaN
2026-07-30T00:00:00Z,125.0,21.5,51.5,NaN,NaN,NaN,NaN,NaN,NaN,NaN,NaN,NaN,NaN,NaN,NaN
2026-07-30T00:00:00Z,125.0,21.5,52.5,NaN,NaN,NaN,NaN,NaN,NaN,NaN,NaN,NaN,NaN,NaN,NaN
2026-07-30T00:00:00Z,125.0,21.5,53.5,NaN,NaN,NaN,NaN,NaN,NaN,NaN,NaN,NaN,NaN,NaN,NaN
2026-07-30T00:00:00Z,125.0,21.5,54.5,NaN,NaN,NaN,NaN,NaN,NaN,NaN,NaN,NaN,NaN,NaN,NaN
2026-07-30T00:00:00Z,125.0,21.5,55.5,NaN,NaN,NaN,NaN,NaN,NaN,NaN,NaN,NaN,NaN,NaN,NaN
2026-07-30T00:00:00Z,125.0,21.5,56.5,NaN,NaN,NaN,NaN,NaN,NaN,NaN,NaN,NaN,NaN,NaN,NaN
2026-07-30T00:00:00Z,125.0,21.5,57.5,NaN,NaN,NaN,NaN,NaN,NaN,NaN,NaN,NaN,NaN,NaN,NaN
2026-07-30T00:00:00Z,125.0,21.5,58.5,NaN,NaN,NaN,NaN,NaN,NaN,NaN,NaN,NaN,NaN,NaN,NaN
2026-07-30T00:00:00Z,125.0,21.5,59.5,35.874,NaN,0.206,0.311,13.0,0.0,20.341,NaN,0.679,0.683,15.0,0.0
2026-07-30T00:00:00Z,125.0,21.5,60.5,35.867,35.834,0.198,0.312,14.0,1.0,20.572,18.588,0.827,0.828,16.0,1.0
2026-07-30T00:00:00Z,125.0,21.5,61.5,36.008,NaN,0.188,0.218,16.0,0.0,21.207,NaN,0.914,1.04,18.0,0.0
2026-07-30T00:00:00Z,125.0,21.5,62.5,36.105,36.127,0.182,0.182,16.0,1.0,21.962,22.485,0.905,1.493,18.0,1.0
2026-07-30T00:00:00Z,125.0,21.5,63.5,36.167,NaN,0.132,0.154,14.0,0.0,21.982,NaN,0.808,1.411,14.0,0.0
2026-07-30T00:00:00Z,125.0,21.5,64.5,36.157,36.178,0.124,0.147,18.0,1.0,21.828,21.958,0.732,1.22,18.0,1.0
2026-07-30T00:00:00Z,125.0,21.5,65.5,36.117,NaN,0.099,0.099,9.0,0.0,21.183,NaN,0.694,0.71,9.0,0.0
2026-07-30T00:00:00Z,125.0,21.5,66.5,36.131,36.092,0.105,0.107,8.0,1.0,20.852,20.981,0.596,0.683,8.0,1.0
2026-07-30T00:00:00Z,125.0,21.5,67.5,36.08,NaN,0.104,0.104,6.0,0.0,21.004,NaN,0.368,0.383,6.0,0.0
2026-07-30T00:00:00Z,125.0,21.5,68.5,36.077,NaN,0.113,0.113,5.0,0.0,20.814,NaN,0.378,0.379,5.0,0.0
2026-07-30T00:00:00Z,125.0,21.5,69.5,NaN,NaN,NaN,NaN,NaN,NaN,NaN,NaN,NaN,NaN,NaN,NaN
2026-07-30T00:00:00Z,125.0,21.5,70.5,NaN,NaN,NaN,NaN,NaN,NaN,NaN,NaN,NaN,NaN,NaN,NaN
2026-07-30T00:00:00Z,125.0,21.5,71.5,NaN,NaN,NaN,NaN,NaN,NaN,NaN,NaN,NaN,NaN,NaN,NaN
2026-07-30T00:00:00Z,125.0,21.5,72.5,NaN,NaN,NaN,NaN,NaN,NaN,NaN,NaN,NaN,NaN,NaN,NaN
2026-07-30T00:00:00Z,125.0,21.5,73.5,NaN,NaN,NaN,NaN,NaN,NaN,NaN,NaN,NaN,NaN,NaN,NaN
2026-07-30T00:00:00Z,125.0,21.5,74.5,NaN,NaN,NaN,NaN,NaN,NaN,NaN,NaN,NaN,NaN,NaN,NaN
2026-07-30T00:00:00Z,125.0,21.5,75.5,NaN,NaN,NaN,NaN,NaN,NaN,NaN,NaN,NaN,NaN,NaN,NaN
2026-07-30T00:00:00Z,125.0,21.5,76.5,NaN,NaN,NaN,NaN,NaN,NaN,NaN,NaN,NaN,NaN,NaN,NaN
2026-07-30T00:00:00Z,125.0,21.5,77.5,NaN,NaN,NaN,NaN,NaN,NaN,NaN,NaN,NaN,NaN,NaN,NaN
2026-07-30T00:00:00Z,125.0,21.5,78.5,NaN,NaN,NaN,NaN,NaN,NaN,NaN,NaN,NaN,NaN,NaN,NaN
2026-07-30T00:00:00Z,125.0,22.5,50.5,NaN,NaN,NaN,NaN,NaN,NaN,NaN,NaN,NaN,NaN,NaN,NaN
2026-07-30T00:00:00Z,125.0,22.5,51.5,NaN,NaN,NaN,NaN,NaN,NaN,NaN,NaN,NaN,NaN,NaN,NaN
2026-07-30T00:00:00Z,125.0,22.5,52.5,NaN,NaN,NaN,NaN,NaN,NaN,NaN,NaN,NaN,NaN,NaN,NaN
2026-07-30T00:00:00Z,125.0,22.5,53.5,NaN,NaN,NaN,NaN,NaN,NaN,NaN,NaN,NaN,NaN,NaN,NaN
2026-07-30T00:00:00Z,125.0,22.5,54.5,NaN,NaN,NaN,NaN,NaN,NaN,NaN,NaN,NaN,NaN,NaN,NaN
2026-07-30T00:00:00Z,125.0,22.5,55.5,NaN,NaN,NaN,NaN,NaN,NaN,NaN,NaN,NaN,NaN,NaN,NaN
2026-07-30T00:00:00Z,125.0,22.5,56.5,NaN,NaN,NaN,NaN,NaN,NaN,NaN,NaN,NaN,NaN,NaN,NaN
2026-07-30T00:00:00Z,125.0,22.5,57.5,NaN,NaN,NaN,NaN,NaN,NaN,NaN,NaN,NaN,NaN,NaN,NaN
2026-07-30T00:00:00Z,125.0,22.5,58.5,NaN,NaN,NaN,NaN,NaN,NaN,NaN,NaN,NaN,NaN,NaN,NaN
2026-07-30T00:00:00Z,125.0,22.5,59.5,36.314,NaN,0.28,0.317,9.0,0.0,20.562,NaN,0.757,0.757,11.0,0.0
2026-07-30T00:00:00Z,125.0,22.5,60.5,36.321,NaN,0.266,0.31,10.0,0.0,21.092,NaN,0.898,0.971,12.0,0.0
2026-07-30T00:00:00Z,125.0,22.5,61.5,36.213,NaN,0.243,0.247,12.0,0.0,21.851,NaN,0.954,1.338,14.0,0.0
2026-07-30T00:00:00Z,125.0,22.5,62.5,36.163,NaN,0.241,0.242,12.0,0.0,22.3,NaN,0.924,1.598,14.0,0.0
2026-07-30T00:00:00Z,125.0,22.5,63.5,36.185,36.216,0.114,0.181,8.0,1.0,22.118,22.151,0.826,1.233,8.0,1.0
2026-07-30T00:00:00Z,125.0,22.5,64.5,36.136,NaN,0.115,0.138,13.0,0.0,21.712,NaN,0.712,0.963,13.0,0.0
2026-07-30T00:00:00Z,125.0,22.5,65.5,36.098,36.043,0.099,0.1,9.0,1.0,21.135,21.186,0.694,0.722,9.0,1.0
2026-07-30T00:00:00Z,125.0,22.5,66.5,36.132,36.082,0.105,0.108,8.0,4.0,20.87,20.804,0.596,0.675,8.0,4.0
2026-07-30T00:00:00Z,125.0,22.5,67.5,36.082,NaN,0.104,0.104,6.0,0.0,21.019,NaN,0.368,0.388,6.0,0.0
2026-07-30T00:00:00Z,125.0,22.5,68.5,NaN,NaN,NaN,NaN,NaN,NaN,NaN,NaN,NaN,NaN,NaN,NaN
2026-07-30T00:00:00Z,125.0,22.5,69.5,NaN,NaN,NaN,NaN,NaN,NaN,NaN,NaN,NaN,NaN,NaN,NaN
2026-07-30T00:00:00Z,125.0,22.5,70.5,NaN,NaN,NaN,NaN,NaN,NaN,NaN,NaN,NaN,NaN,NaN,NaN
2026-07-30T00:00:00Z,125.0,22.5,71.5,NaN,NaN,NaN,NaN,NaN,NaN,NaN,NaN,NaN,NaN,NaN,NaN
2026-07-30T00:00:00Z,125.0,22.5,72.5,NaN,NaN,NaN,NaN,NaN,NaN,NaN,NaN,NaN,NaN,NaN,NaN
2026-07-30T00:00:00Z,125.0,22.5,73.5,NaN,NaN,NaN,NaN,NaN,NaN,NaN,NaN,NaN,NaN,NaN,NaN
2026-07-30T00:00:00Z,125.0,22.5,74.5,NaN,NaN,NaN,NaN,NaN,NaN,NaN,NaN,NaN,NaN,NaN,NaN
2026-07-30T00:00:00Z,125.0,22.5,75.5,NaN,NaN,NaN,NaN,NaN,NaN,NaN,NaN,NaN,NaN,NaN,NaN
2026-07-30T00:00:00Z,125.0,22.5,76.5,NaN,NaN,NaN,NaN,NaN,NaN,NaN,NaN,NaN,NaN,NaN,NaN
2026-07-30T00:00:00Z,125.0,22.5,77.5,NaN,NaN,NaN,NaN,NaN,NaN,NaN,NaN,NaN,NaN,NaN,NaN
2026-07-30T00:00:00Z,125.0,22.5,78.5,NaN,NaN,NaN,NaN,NaN,NaN,NaN,NaN,NaN,NaN,NaN,NaN
2026-07-30T00:00:00Z,125.0,23.5,50.5,NaN,NaN,NaN,NaN,NaN,NaN,NaN,NaN,NaN,NaN,NaN,NaN
2026-07-30T00:00:00Z,125.0,23.5,51.5,NaN,NaN,NaN,NaN,NaN,NaN,NaN,NaN,NaN,NaN,NaN,NaN
2026-07-30T00:00:00Z,125.0,23.5,52.5,NaN,NaN,NaN,NaN,NaN,NaN,NaN,NaN,NaN,NaN,NaN,NaN
2026-07-30T00:00:00Z,125.0,23.5,53.5,NaN,NaN,NaN,NaN,NaN,NaN,NaN,NaN,NaN,NaN,NaN,NaN
2026-07-30T00:00:00Z,125.0,23.5,54.5,NaN,NaN,NaN,NaN,NaN,NaN,NaN,NaN,NaN,NaN,NaN,NaN
2026-07-30T00:00:00Z,125.0,23.5,55.5,NaN,NaN,NaN,NaN,NaN,NaN,NaN,NaN,NaN,NaN,NaN,NaN
2026-07-30T00:00:00Z,125.0,23.5,56.5,NaN,NaN,NaN,NaN,NaN,NaN,NaN,NaN,NaN,NaN,NaN,NaN
2026-07-30T00:00:00Z,125.0,23.5,57.5,NaN,NaN,NaN,NaN,NaN,NaN,NaN,NaN,NaN,NaN,NaN,NaN
2026-07-30T00:00:00Z,125.0,23.5,58.5,36.354,NaN,0.266,0.267,5.0,0.0,20.361,NaN,0.933,0.968,7.0,0.0
2026-07-30T00:00:00Z,125.0,23.5,59.5,36.438,36.313,0.266,0.284,5.0,1.0,20.866,20.033,0.933,0.965,7.0,1.0
2026-07-30T00:00:00Z,125.0,23.5,60.5,36.508,36.558,0.255,0.327,6.0,1.0,21.147,21.282,1.068,1.108,8.0,2.0
2026-07-30T00:00:00Z,125.0,23.5,61.5,36.513,NaN,0.226,0.327,8.0,0.0,21.237,NaN,1.07,1.08,10.0,0.0
2026-07-30T00:00:00Z,125.0,23.5,62.5,36.217,NaN,0.238,0.239,8.0,0.0,22.072,NaN,1.01,1.328,10.0,0.0
2026-07-30T00:00:00Z,125.0,23.5,63.5,36.189,NaN,0.065,0.081,4.0,0.0,22.059,NaN,0.477,0.491,4.0,0.0
2026-07-30T00:00:00Z,125.0,23.5,64.5,36.111,NaN,0.099,0.099,9.0,0.0,21.558,NaN,0.694,0.731,9.0,0.0
2026-07-30T00:00:00Z,125.0,23.5,65.5,36.081,NaN,0.099,0.103,9.0,0.0,21.129,NaN,0.694,0.723,9.0,0.0
2026-07-30T00:00:00Z,125.0,23.5,66.5,36.131,NaN,0.105,0.107,8.0,0.0,20.896,NaN,0.596,0.663,8.0,0.0
2026-07-30T00:00:00Z,125.0,23.5,67.5,NaN,NaN,NaN,NaN,NaN,NaN,NaN,NaN,NaN,NaN,NaN,NaN
2026-07-30T00:00:00Z,125.0,23.5,68.5,NaN,NaN,NaN,NaN,NaN,NaN,NaN,NaN,NaN,NaN,NaN,NaN
2026-07-30T00:00:00Z,125.0,23.5,69.5,NaN,NaN,NaN,NaN,NaN,NaN,NaN,NaN,NaN,NaN,NaN,NaN
2026-07-30T00:00:00Z,125.0,23.5,70.5,NaN,NaN,NaN,NaN,NaN,NaN,NaN,NaN,NaN,NaN,NaN,NaN
2026-07-30T00:00:00Z,125.0,23.5,71.5,NaN,NaN,NaN,NaN,NaN,NaN,NaN,NaN,NaN,NaN,NaN,NaN
2026-07-30T00:00:00Z,125.0,23.5,72.5,NaN,NaN,NaN,NaN,NaN,NaN,NaN,NaN,NaN,NaN,NaN,NaN
2026-07-30T00:00:00Z,125.0,23.5,73.5,NaN,NaN,NaN,NaN,NaN,NaN,NaN,NaN,NaN,NaN,NaN,NaN
2026-07-30T00:00:00Z,125.0,23.5,74.5,NaN,NaN,NaN,NaN,NaN,NaN,NaN,NaN,NaN,NaN,NaN,NaN
2026-07-30T00:00:00Z,125.0,23.5,75.5,NaN,NaN,NaN,NaN,NaN,NaN,NaN,NaN,NaN,NaN,NaN,NaN
2026-07-30T00:00:00Z,125.0,23.5,76.5,NaN,NaN,NaN,NaN,NaN,NaN,NaN,NaN,NaN,NaN,NaN,NaN
2026-07-30T00:00:00Z,125.0,23.5,77.5,NaN,NaN,NaN,NaN,NaN,NaN,NaN,NaN,NaN,NaN,NaN,NaN
2026-07-30T00:00:00Z,125.0,23.5,78.5,NaN,NaN,NaN,NaN,NaN,NaN,NaN,NaN,NaN,NaN,NaN,NaN
2026-07-30T00:00:00Z,125.0,24.5,50.5,NaN,NaN,NaN,NaN,NaN,NaN,NaN,NaN,NaN,NaN,NaN,NaN
2026-07-30T00:00:00Z,125.0,24.5,51.5,NaN,NaN,NaN,NaN,NaN,NaN,NaN,NaN,NaN,NaN,NaN,NaN
2026-07-30T00:00:00Z,125.0,24.5,52.5,NaN,NaN,NaN,NaN,NaN,NaN,NaN,NaN,NaN,NaN,NaN,NaN
2026-07-30T00:00:00Z,125.0,24.5,53.5,NaN,NaN,NaN,NaN,NaN,NaN,NaN,NaN,NaN,NaN,NaN,NaN
2026-07-30T00:00:00Z,125.0,24.5,54.5,NaN,NaN,NaN,NaN,NaN,NaN,NaN,NaN,NaN,NaN,NaN,NaN
2026-07-30T00:00:00Z,125.0,24.5,55.5,NaN,NaN,NaN,NaN,NaN,NaN,NaN,NaN,NaN,NaN,NaN,NaN
2026-07-30T00:00:00Z,125.0,24.5,56.5,NaN,NaN,NaN,NaN,NaN,NaN,NaN,NaN,NaN,NaN,NaN,NaN
2026-07-30T00:00:00Z,125.0,24.5,57.5,36.361,NaN,0.095,0.141,4.0,0.0,21.108,NaN,0.46,0.483,6.0,0.0
2026-07-30T00:00:00Z,125.0,24.5,58.5,36.434,NaN,0.095,0.1,4.0,0.0,21.109,NaN,0.46,0.483,6.0,0.0
2026-07-30T00:00:00Z,125.0,24.5,59.5,36.487,36.531,0.095,0.098,4.0,1.0,21.112,21.156,0.46,0.484,6.0,1.0
2026-07-30T00:00:00Z,125.0,24.5,60.5,36.501,36.456,0.16,0.191,5.0,1.0,21.103,21.046,0.683,0.687,7.0,3.0
2026-07-30T00:00:00Z,125.0,24.5,61.5,36.503,NaN,0.163,0.231,7.0,0.0,21.12,NaN,0.705,0.749,9.0,0.0
2026-07-30T00:00:00Z,125.0,24.5,62.5,36.444,NaN,0.194,0.24,7.0,0.0,21.233,NaN,0.534,0.598,9.0,0.0
2026-07-30T00:00:00Z,125.0,24.5,63.5,36.185,NaN,0.065,0.078,4.0,0.0,21.998,NaN,0.477,0.48,4.0,0.0
2026-07-30T00:00:00Z,125.0,24.5,64.5,36.089,NaN,0.099,0.101,9.0,0.0,21.434,NaN,0.694,0.702,9.0,0.0
2026-07-30T00:00:00Z,125.0,24.5,65.5,36.068,NaN,0.099,0.107,9.0,0.0,21.142,NaN,0.694,0.72,9.0,0.0
2026-07-30T00:00:00Z,125.0,24.5,66.5,NaN,NaN,NaN,NaN,NaN,NaN,NaN,NaN,NaN,NaN,NaN,NaN
2026-07-30T00:00:00Z,125.0,24.5,67.5,NaN,NaN,NaN,NaN,NaN,NaN,NaN,NaN,NaN,NaN,NaN,NaN
2026-07-30T00:00:00Z,125.0,24.5,68.5,NaN,NaN,NaN,NaN,NaN,NaN,NaN,NaN,NaN,NaN,NaN,NaN
2026-07-30T00:00:00Z,125.0,24.5,69.5,NaN,NaN,NaN,NaN,NaN,NaN,NaN,NaN,NaN,NaN,NaN,NaN
2026-07-30T00:00:00Z,125.0,24.5,70.5,NaN,NaN,NaN,NaN,NaN,NaN,NaN,NaN,NaN,NaN,NaN,NaN
2026-07-30T00:00:00Z,125.0,24.5,71.5,NaN,NaN,NaN,NaN,NaN,NaN,NaN,NaN,NaN,NaN,NaN,NaN
2026-07-30T00:00:00Z,125.0,24.5,72.5,NaN,NaN,NaN,NaN,NaN,NaN,NaN,NaN,NaN,NaN,NaN,NaN
2026-07-30T00:00:00Z,125.0,24.5,73.5,NaN,NaN,NaN,NaN,NaN,NaN,NaN,NaN,NaN,NaN,NaN,NaN
2026-07-30T00:00:00Z,125.0,24.5,74.5,NaN,NaN,NaN,NaN,NaN,NaN,NaN,NaN,NaN,NaN,NaN,NaN
2026-07-30T00:00:00Z,125.0,24.5,75.5,NaN,NaN,NaN,NaN,NaN,NaN,NaN,NaN,NaN,NaN,NaN,NaN
2026-07-30T00:00:00Z,125.0,24.5,76.5,NaN,NaN,NaN,NaN,NaN,NaN,NaN,NaN,NaN,NaN,NaN,NaN
2026-07-30T00:00:00Z,125.0,24.5,77.5,NaN,NaN,NaN,NaN,NaN,NaN,NaN,NaN,NaN,NaN,NaN,NaN
2026-07-30T00:00:00Z,125.0,24.5,78.5,NaN,NaN,NaN,NaN,NaN,NaN,NaN,NaN,NaN,NaN,NaN,NaN
2026-07-30T00:00:00Z,125.0,25.5,50.5,NaN,NaN,NaN,NaN,NaN,NaN,NaN,NaN,NaN,NaN,NaN,NaN
2026-07-30T00:00:00Z,125.0,25.5,51.5,NaN,NaN,NaN,NaN,NaN,NaN,NaN,NaN,NaN,NaN,NaN,NaN
2026-07-30T00:00:00Z,125.0,25.5,52.5,NaN,NaN,NaN,NaN,NaN,NaN,NaN,NaN,NaN,NaN,NaN,NaN
2026-07-30T00:00:00Z,125.0,25.5,53.5,NaN,NaN,NaN,NaN,NaN,NaN,NaN,NaN,NaN,NaN,NaN,NaN
2026-07-30T00:00:00Z,125.0,25.5,54.5,NaN,NaN,NaN,NaN,NaN,NaN,NaN,NaN,NaN,NaN,NaN,NaN
2026-07-30T00:00:00Z,125.0,25.5,55.5,NaN,NaN,NaN,NaN,NaN,NaN,NaN,NaN,NaN,NaN,NaN,NaN
2026-07-30T00:00:00Z,125.0,25.5,56.5,NaN,NaN,NaN,NaN,NaN,NaN,NaN,NaN,NaN,NaN,NaN,NaN
2026-07-30T00:00:00Z,125.0,25.5,57.5,36.468,NaN,0.095,0.095,4.0,0.0,21.068,NaN,0.46,0.472,6.0,0.0
2026-07-30T00:00:00Z,125.0,25.5,58.5,NaN,NaN,NaN,NaN,NaN,NaN,NaN,NaN,NaN,NaN,NaN,NaN
2026-07-30T00:00:00Z,125.0,25.5,59.5,NaN,NaN,NaN,NaN,NaN,NaN,NaN,NaN,NaN,NaN,NaN,NaN
2026-07-30T00:00:00Z,125.0,25.5,60.5,NaN,NaN,NaN,NaN,NaN,NaN,NaN,NaN,NaN,NaN,NaN,NaN
2026-07-30T00:00:00Z,125.0,25.5,61.5,NaN,NaN,NaN,NaN,NaN,NaN,NaN,NaN,NaN,NaN,NaN,NaN
2026-07-30T00:00:00Z,125.0,25.5,62.5,NaN,NaN,NaN,NaN,NaN,NaN,NaN,NaN,NaN,NaN,NaN,NaN
2026-07-30T00:00:00Z,125.0,25.5,63.5,NaN,NaN,NaN,NaN,NaN,NaN,NaN,NaN,NaN,NaN,NaN,NaN
2026-07-30T00:00:00Z,125.0,25.5,64.5,NaN,NaN,NaN,NaN,NaN,NaN,NaN,NaN,NaN,NaN,NaN,NaN
2026-07-30T00:00:00Z,125.0,25.5,65.5,NaN,NaN,NaN,NaN,NaN,NaN,NaN,NaN,NaN,NaN,NaN,NaN
2026-07-30T00:00:00Z,125.0,25.5,66.5,NaN,NaN,NaN,NaN,NaN,NaN,NaN,NaN,NaN,NaN,NaN,NaN
2026-07-30T00:00:00Z,125.0,25.5,67.5,NaN,NaN,NaN,NaN,NaN,NaN,NaN,NaN,NaN,NaN,NaN,NaN
2026-07-30T00:00:00Z,125.0,25.5,68.5,NaN,NaN,NaN,NaN,NaN,NaN,NaN,NaN,NaN,NaN,NaN,NaN
2026-07-30T00:00:00Z,125.0,25.5,69.5,NaN,NaN,NaN,NaN,NaN,NaN,NaN,NaN,NaN,NaN,NaN,NaN
2026-07-30T00:00:00Z,125.0,25.5,70.5,NaN,NaN,NaN,NaN,NaN,NaN,NaN,NaN,NaN,NaN,NaN,NaN
2026-07-30T00:00:00Z,125.0,25.5,71.5,NaN,NaN,NaN,NaN,NaN,NaN,NaN,NaN,NaN,NaN,NaN,NaN
2026-07-30T00:00:00Z,125.0,25.5,72.5,NaN,NaN,NaN,NaN,NaN,NaN,NaN,NaN,NaN,NaN,NaN,NaN
2026-07-30T00:00:00Z,125.0,25.5,73.5,NaN,NaN,NaN,NaN,NaN,NaN,NaN,NaN,NaN,NaN,NaN,NaN
2026-07-30T00:00:00Z,125.0,25.5,74.5,NaN,NaN,NaN,NaN,NaN,NaN,NaN,NaN,NaN,NaN,NaN,NaN
2026-07-30T00:00:00Z,125.0,25.5,75.5,NaN,NaN,NaN,NaN,NaN,NaN,NaN,NaN,NaN,NaN,NaN,NaN
2026-07-30T00:00:00Z,125.0,25.5,76.5,NaN,NaN,NaN,NaN,NaN,NaN,NaN,NaN,NaN,NaN,NaN,NaN
2026-07-30T00:00:00Z,125.0,25.5,77.5,NaN,NaN,NaN,NaN,NaN,NaN,NaN,NaN,NaN,NaN,NaN,NaN
2026-07-30T00:00:00Z,125.0,25.5,78.5,NaN,NaN,NaN,NaN,NaN,NaN,NaN,NaN,NaN,NaN,NaN,NaN
2026-07-30T00:00:00Z,150.0,5.5,50.5,35.249,NaN,0.0,0.0,1.0,0.0,15.42,NaN,0.0,0.0,1.0,0.0
2026-07-30T00:00:00Z,150.0,5.5,51.5,35.249,NaN,0.0,0.0,1.0,0.0,15.42,NaN,0.0,0.0,1.0,0.0
2026-07-30T00:00:00Z,150.0,5.5,52.5,NaN,NaN,NaN,NaN,NaN,NaN,NaN,NaN,NaN,NaN,NaN,NaN
2026-07-30T00:00:00Z,150.0,5.5,53.5,NaN,NaN,NaN,NaN,NaN,NaN,NaN,NaN,NaN,NaN,NaN,NaN
2026-07-30T00:00:00Z,150.0,5.5,54.5,NaN,NaN,NaN,NaN,NaN,NaN,NaN,NaN,NaN,NaN,NaN,NaN
2026-07-30T00:00:00Z,150.0,5.5,55.5,NaN,NaN,NaN,NaN,NaN,NaN,NaN,NaN,NaN,NaN,NaN,NaN
2026-07-30T00:00:00Z,150.0,5.5,56.5,35.253,NaN,0.0,0.0,1.0,0.0,17.583,NaN,0.0,0.0,1.0,0.0
2026-07-30T00:00:00Z,150.0,5.5,57.5,35.253,NaN,0.052,0.074,2.0,0.0,17.583,NaN,0.857,1.212,2.0,0.0
2026-07-30T00:00:00Z,150.0,5.5,58.5,35.253,NaN,0.052,0.074,2.0,0.0,17.583,NaN,0.857,1.212,2.0,0.0
2026-07-30T00:00:00Z,150.0,5.5,59.5,35.253,NaN,0.052,0.073,2.0,0.0,17.585,NaN,0.857,1.211,2.0,0.0
2026-07-30T00:00:00Z,150.0,5.5,60.5,35.254,NaN,0.052,0.073,2.0,0.0,17.596,NaN,0.857,1.203,2.0,0.0
2026-07-30T00:00:00Z,150.0,5.5,61.5,35.258,NaN,0.052,0.07,2.0,0.0,17.664,NaN,0.857,1.156,2.0,0.0
2026-07-30T00:00:00Z,150.0,5.5,62.5,35.328,NaN,0.015,0.026,3.0,0.0,18.629,NaN,0.275,0.415,3.0,0.0
2026-07-30T00:00:00Z,150.0,5.5,63.5,35.328,NaN,0.017,0.025,2.0,0.0,18.629,NaN,0.134,0.188,2.0,0.0
2026-07-30T00:00:00Z,150.0,5.5,64.5,35.328,35.328,0.017,0.025,2.0,1.0,18.628,18.628,0.134,0.189,2.0,1.0
2026-07-30T00:00:00Z,150.0,5.5,65.5,35.325,35.328,0.078,0.096,4.0,1.0,18.575,18.628,1.116,1.443,4.0,1.0
2026-07-30T00:00:00Z,150.0,5.5,66.5,35.221,NaN,0.085,0.085,7.0,0.0,16.98,NaN,0.925,0.99,7.0,0.0
2026-07-30T00:00:00Z,150.0,5.5,67.5,35.19,35.192,0.085,0.09,7.0,2.0,16.59,16.557,0.925,1.187,7.0,2.0
2026-07-30T00:00:00Z,150.0,5.5,68.5,35.183,35.198,0.039,0.046,6.0,1.0,16.768,16.761,0.296,0.313,6.0,1.0
2026-07-30T00:00:00Z,150.0,5.5,69.5,35.17,35.169,0.039,0.04,6.0,1.0,16.856,16.831,0.296,0.351,6.0,1.0
2026-07-30T00:00:00Z,150.0,5.5,70.5,35.135,NaN,0.036,0.043,7.0,0.0,16.524,NaN,0.578,0.581,7.0,0.0
2026-07-30T00:00:00Z,150.0,5.5,71.5,35.106,NaN,0.034,0.052,5.0,0.0,16.202,NaN,0.667,0.702,5.0,0.0
2026-07-30T00:00:00Z,150.0,5.5,72.5,35.105,NaN,0.032,0.054,3.0,0.0,16.179,NaN,0.416,0.706,3.0,0.0
2026-07-30T00:00:00Z,150.0,5.5,73.5,35.155,NaN,0.032,0.032,3.0,0.0,15.662,NaN,0.416,0.42,3.0,0.0
2026-07-30T00:00:00Z,150.0,5.5,74.5,35.178,NaN,0.007,0.01,2.0,0.0,15.429,NaN,0.108,0.152,2.0,0.0
2026-07-30T00:00:00Z,150.0,5.5,75.5,35.178,NaN,0.007,0.01,2.0,0.0,15.429,NaN,0.108,0.152,2.0,0.0
2026-07-30T00:00:00Z,150.0,5.5,76.5,35.178,NaN,0.0,0.0,1.0,0.0,15.429,NaN,0.0,0.0,1.0,0.0
2026-07-30T00:00:00Z,150.0,5.5,77.5,35.178,NaN,0.0,0.0,1.0,0.0,15.429,NaN,0.0,0.0,1.0,0.0
2026-07-30T00:00:00Z,150.0,5.5,78.5,NaN,NaN,NaN,NaN,NaN,NaN,NaN,NaN,NaN,NaN,NaN,NaN
2026-07-30T00:00:00Z,150.0,6.5,50.5,35.249,NaN,0.0,0.0,1.0,0.0,15.42,NaN,0.0,0.0,1.0,0.0
2026-07-30T00:00:00Z,150.0,6.5,51.5,35.249,NaN,0.0,0.0,1.0,0.0,15.42,NaN,0.0,0.0,1.0,0.0
2026-07-30T00:00:00Z,150.0,6.5,52.5,NaN,NaN,NaN,NaN,NaN,NaN,NaN,NaN,NaN,NaN,NaN,NaN
2026-07-30T00:00:00Z,150.0,6.5,53.5,35.453,NaN,0.0,0.0,1.0,0.0,16.913,NaN,0.0,0.0,1.0,0.0
2026-07-30T00:00:00Z,150.0,6.5,54.5,35.453,NaN,0.0,0.0,1.0,0.0,16.913,NaN,0.0,0.0,1.0,0.0
2026-07-30T00:00:00Z,150.0,6.5,55.5,35.453,NaN,0.0,0.0,1.0,0.0,16.913,NaN,0.0,0.0,1.0,0.0
2026-07-30T00:00:00Z,150.0,6.5,56.5,35.424,NaN,0.1,0.123,2.0,0.0,17.01,NaN,0.335,0.411,2.0,0.0
2026-07-30T00:00:00Z,150.0,6.5,57.5,35.262,NaN,0.082,0.123,3.0,0.0,17.578,NaN,1.004,1.064,3.0,0.0
2026-07-30T00:00:00Z,150.0,6.5,58.5,35.261,NaN,0.075,0.131,4.0,0.0,17.71,NaN,0.991,1.108,4.0,0.0
2026-07-30T00:00:00Z,150.0,6.5,59.5,35.291,NaN,0.209,0.266,4.0,0.0,18.188,NaN,1.269,1.664,4.0,0.0
2026-07-30T00:00:00Z,150.0,6.5,60.5,35.368,NaN,0.209,0.227,4.0,0.0,18.976,NaN,1.269,1.301,4.0,0.0
2026-07-30T00:00:00Z,150.0,6.5,61.5,35.428,NaN,0.209,0.211,4.0,0.0,19.172,NaN,1.269,1.272,4.0,0.0
2026-07-30T00:00:00Z,150.0,6.5,62.5,35.417,NaN,0.178,0.181,5.0,0.0,19.089,NaN,0.901,0.954,5.0,0.0
2026-07-30T00:00:00Z,150.0,6.5,63.5,35.333,NaN,0.191,0.239,4.0,0.0,18.668,NaN,1.006,1.259,4.0,0.0
2026-07-30T00:00:00Z,150.0,6.5,64.5,35.331,NaN,0.217,0.274,3.0,0.0,18.651,NaN,1.131,1.45,3.0,0.0
2026-07-30T00:00:00Z,150.0,6.5,65.5,35.327,NaN,0.078,0.097,4.0,0.0,18.592,NaN,1.116,1.454,4.0,0.0
2026-07-30T00:00:00Z,150.0,6.5,66.5,35.224,NaN,0.085,0.085,7.0,0.0,17.01,NaN,0.925,0.98,7.0,0.0
2026-07-30T00:00:00Z,150.0,6.5,67.5,35.188,NaN,0.085,0.091,7.0,0.0,16.565,NaN,0.925,1.203,7.0,0.0
2026-07-30T00:00:00Z,150.0,6.5,68.5,35.166,NaN,0.039,0.039,6.0,0.0,16.727,NaN,0.296,0.302,6.0,0.0
2026-07-30T00:00:00Z,150.0,6.5,69.5,35.14,35.105,0.039,0.043,6.0,1.0,16.832,16.85,0.296,0.339,6.0,1.0
2026-07-30T00:00:00Z,150.0,6.5,70.5,35.13,NaN,0.039,0.048,6.0,0.0,16.798,NaN,0.296,0.324,6.0,0.0
2026-07-30T00:00:00Z,150.0,6.5,71.5,35.112,NaN,0.037,0.047,4.0,0.0,16.376,NaN,0.319,0.47,4.0,0.0
2026-07-30T00:00:00Z,150.0,6.5,72.5,35.122,NaN,0.037,0.041,2.0,0.0,16.008,NaN,0.378,0.428,2.0,0.0
2026-07-30T00:00:00Z,150.0,6.5,73.5,35.178,NaN,0.037,0.051,2.0,0.0,15.432,NaN,0.378,0.532,2.0,0.0
2026-07-30T00:00:00Z,150.0,6.5,74.5,35.178,NaN,0.0,0.0,1.0,0.0,15.429,NaN,0.0,0.0,1.0,0.0
2026-07-30T00:00:00Z,150.0,6.5,75.5,35.178,NaN,0.0,0.0,1.0,0.0,15.429,NaN,0.0,0.0,1.0,0.0
2026-07-30T00:00:00Z,150.0,6.5,76.5,35.178,NaN,0.0,0.0,1.0,0.0,15.429,NaN,0.0,0.0,1.0,0.0
2026-07-30T00:00:00Z,150.0,6.5,77.5,35.178,NaN,0.0,0.0,1.0,0.0,15.429,NaN,0.0,0.0,1.0,0.0
2026-07-30T00:00:00Z,150.0,6.5,78.5,NaN,NaN,NaN,NaN,NaN,NaN,NaN,NaN,NaN,NaN,NaN,NaN
2026-07-30T00:00:00Z,150.0,7.5,50.5,35.249,NaN,0.0,0.0,1.0,0.0,15.42,NaN,0.0,0.0,1.0,0.0
2026-07-30T00:00:00Z,150.0,7.5,51.5,35.249,NaN,0.0,0.0,1.0,0.0,15.42,NaN,0.0,0.0,1.0,0.0
2026-07-30T00:00:00Z,150.0,7.5,52.5,NaN,NaN,NaN,NaN,NaN,NaN,NaN,NaN,NaN,NaN,NaN,NaN
2026-07-30T00:00:00Z,150.0,7.5,53.5,35.453,NaN,0.0,0.0,1.0,0.0,16.913,NaN,0.0,0.0,1.0,0.0
2026-07-30T00:00:00Z,150.0,7.5,54.5,35.453,NaN,0.0,0.0,1.0,0.0,16.913,NaN,0.0,0.0,1.0,0.0
2026-07-30T00:00:00Z,150.0,7.5,55.5,35.453,NaN,0.076,0.107,2.0,0.0,16.913,NaN,0.0,0.0,1.0,0.0
2026-07-30T00:00:00Z,150.0,7.5,56.5,35.453,NaN,0.085,0.145,3.0,0.0,16.913,NaN,0.335,0.474,2.0,0.0
2026-07-30T00:00:00Z,150.0,7.5,57.5,35.432,NaN,0.074,0.117,4.0,0.0,17.288,NaN,1.004,1.192,3.0,0.0
2026-07-30T00:00:00Z,150.0,7.5,58.5,35.355,NaN,0.072,0.072,5.0,0.0,19.235,NaN,0.991,1.429,4.0,0.0
2026-07-30T00:00:00Z,150.0,7.5,59.5,35.362,NaN,0.197,0.206,5.0,0.0,19.276,NaN,1.109,1.14,6.0,0.0
2026-07-30T00:00:00Z,150.0,7.5,60.5,35.403,NaN,0.235,0.266,7.0,0.0,19.271,NaN,1.273,1.469,8.0,0.0
2026-07-30T00:00:00Z,150.0,7.5,61.5,35.475,NaN,0.233,0.25,6.0,0.0,19.468,NaN,1.273,1.381,8.0,0.0
2026-07-30T00:00:00Z,150.0,7.5,62.5,35.54,NaN,0.215,0.215,7.0,0.0,19.802,NaN,1.065,1.083,9.0,0.0
2026-07-30T00:00:00Z,150.0,7.5,63.5,35.376,NaN,0.217,0.297,6.0,0.0,18.981,NaN,1.099,1.558,8.0,0.0
2026-07-30T00:00:00Z,150.0,7.5,64.5,35.359,NaN,0.223,0.338,5.0,0.0,18.861,NaN,1.095,1.758,7.0,0.0
2026-07-30T00:00:00Z,150.0,7.5,65.5,35.355,NaN,0.254,0.268,6.0,0.0,18.826,NaN,2.001,2.003,6.0,0.0
2026-07-30T00:00:00Z,150.0,7.5,66.5,35.27,NaN,0.085,0.099,7.0,0.0,17.652,NaN,0.925,0.978,7.0,0.0
2026-07-30T00:00:00Z,150.0,7.5,67.5,35.174,NaN,0.085,0.096,7.0,0.0,16.61,NaN,0.925,1.175,7.0,0.0
2026-07-30T00:00:00Z,150.0,7.5,68.5,35.128,NaN,0.039,0.049,6.0,0.0,16.796,NaN,0.296,0.323,6.0,0.0
2026-07-30T00:00:00Z,150.0,7.5,69.5,35.112,NaN,0.039,0.06,6.0,0.0,16.844,NaN,0.296,0.345,6.0,0.0
2026-07-30T00:00:00Z,150.0,7.5,70.5,35.11,NaN,0.039,0.062,6.0,0.0,16.847,NaN,0.296,0.347,6.0,0.0
2026-07-30T00:00:00Z,150.0,7.5,71.5,35.109,NaN,0.037,0.049,4.0,0.0,16.812,NaN,0.319,0.331,4.0,0.0
2026-07-30T00:00:00Z,150.0,7.5,72.5,35.176,NaN,0.037,0.05,2.0,0.0,15.451,NaN,0.378,0.519,2.0,0.0
2026-07-30T00:00:00Z,150.0,7.5,73.5,35.178,NaN,0.037,0.052,2.0,0.0,15.429,NaN,0.378,0.535,2.0,0.0
2026-07-30T00:00:00Z,150.0,7.5,74.5,35.178,35.178,0.0,0.0,1.0,1.0,15.429,15.429,0.0,0.0,1.0,1.0
2026-07-30T00:00:00Z,150.0,7.5,75.5,35.178,NaN,0.0,0.0,1.0,0.0,15.429,NaN,0.0,0.0,1.0,0.0
2026-07-30T00:00:00Z,150.0,7.5,76.5,35.178,NaN,0.0,0.0,1.0,0.0,15.429,NaN,0.0,0.0,1.0,0.0
2026-07-30T00:00:00Z,150.0,7.5,77.5,35.178,NaN,0.0,0.0,1.0,0.0,15.429,NaN,0.0,0.0,1.0,0.0
2026-07-30T00:00:00Z,150.0,7.5,78.5,NaN,NaN,NaN,NaN,NaN,NaN,NaN,NaN,NaN,NaN,NaN,NaN
2026-07-30T00:00:00Z,150.0,8.5,50.5,35.249,NaN,0.0,0.0,1.0,0.0,15.42,NaN,0.0,0.0,1.0,0.0
2026-07-30T00:00:00Z,150.0,8.5,51.5,35.249,NaN,0.0,0.0,1.0,0.0,15.42,NaN,0.0,0.0,1.0,0.0
2026-07-30T00:00:00Z,150.0,8.5,52.5,NaN,NaN,NaN,NaN,NaN,NaN,NaN,NaN,NaN,NaN,NaN,NaN
2026-07-30T00:00:00Z,150.0,8.5,53.5,35.453,NaN,0.0,0.0,1.0,0.0,16.913,NaN,0.0,0.0,1.0,0.0
2026-07-30T00:00:00Z,150.0,8.5,54.5,35.453,NaN,0.0,0.0,1.0,0.0,16.913,NaN,0.0,0.0,1.0,0.0
2026-07-30T00:00:00Z,150.0,8.5,55.5,35.453,35.453,0.076,0.107,2.0,1.0,16.913,16.913,0.0,0.0,1.0,1.0
2026-07-30T00:00:00Z,150.0,8.5,56.5,35.452,NaN,0.076,0.106,2.0,0.0,16.913,NaN,0.0,0.0,1.0,0.0
2026-07-30T00:00:00Z,150.0,8.5,57.5,35.421,NaN,0.062,0.08,3.0,0.0,17.143,NaN,1.192,1.532,2.0,0.0
2026-07-30T00:00:00Z,150.0,8.5,58.5,35.353,NaN,0.057,0.063,4.0,0.0,19.272,NaN,1.066,1.369,3.0,0.0
2026-07-30T00:00:00Z,150.0,8.5,59.5,35.367,35.357,0.198,0.222,4.0,1.0,19.304,19.297,0.747,0.975,5.0,1.0
2026-07-30T00:00:00Z,150.0,8.5,60.5,35.448,NaN,0.223,0.256,6.0,0.0,19.521,NaN,0.945,1.258,7.0,0.0
2026-07-30T00:00:00Z,150.0,8.5,61.5,35.574,35.41,0.205,0.212,5.0,1.0,19.983,19.029,0.945,1.014,7.0,1.0
2026-07-30T00:00:00Z,150.0,8.5,62.5,35.676,NaN,0.215,0.251,7.0,0.0,20.357,NaN,1.065,1.124,9.0,0.0
2026-07-30T00:00:00Z,150.0,8.5,63.5,35.51,NaN,0.217,0.228,6.0,0.0,19.772,NaN,1.099,1.143,8.0,0.0
2026-07-30T00:00:00Z,150.0,8.5,64.5,35.37,35.363,0.204,0.309,6.0,1.0,18.94,18.895,1.072,1.591,8.0,1.0
2026-07-30T00:00:00Z,150.0,8.5,65.5,35.363,NaN,0.224,0.246,8.0,0.0,18.896,NaN,1.752,1.758,8.0,0.0
2026-07-30T00:00:00Z,150.0,8.5,66.5,35.364,NaN,0.157,0.168,8.0,0.0,18.864,NaN,1.243,1.571,8.0,0.0
2026-07-30T00:00:00Z,150.0,8.5,67.5,35.281,NaN,0.157,0.158,8.0,0.0,17.832,NaN,1.243,1.245,8.0,0.0
2026-07-30T00:00:00Z,150.0,8.5,68.5,35.134,NaN,0.173,0.248,7.0,0.0,17.002,NaN,1.23,1.409,7.0,0.0
2026-07-30T00:00:00Z,150.0,8.5,69.5,35.113,NaN,0.173,0.263,7.0,0.0,16.881,NaN,1.23,1.472,7.0,0.0
2026-07-30T00:00:00Z,150.0,8.5,70.5,35.151,NaN,0.154,0.194,6.0,0.0,17.024,NaN,1.13,1.2,6.0,0.0
2026-07-30T00:00:00Z,150.0,8.5,71.5,35.31,NaN,0.144,0.162,3.0,0.0,17.639,NaN,0.609,0.712,3.0,0.0
2026-07-30T00:00:00Z,150.0,8.5,72.5,35.212,NaN,0.13,0.161,2.0,0.0,15.785,NaN,1.352,1.678,2.0,0.0
2026-07-30T00:00:00Z,150.0,8.5,73.5,35.178,NaN,0.13,0.184,2.0,0.0,15.429,NaN,1.352,1.911,2.0,0.0
2026-07-30T00:00:00Z,150.0,8.5,74.5,35.178,NaN,0.0,0.0,1.0,0.0,15.429,NaN,0.0,0.0,1.0,0.0
2026-07-30T00:00:00Z,150.0,8.5,75.5,35.178,NaN,0.0,0.0,1.0,0.0,15.429,NaN,0.0,0.0,1.0,0.0
2026-07-30T00:00:00Z,150.0,8.5,76.5,35.178,NaN,0.0,0.0,1.0,0.0,15.429,NaN,0.0,0.0,1.0,0.0
2026-07-30T00:00:00Z,150.0,8.5,77.5,NaN,NaN,NaN,NaN,NaN,NaN,NaN,NaN,NaN,NaN,NaN,NaN
2026-07-30T00:00:00Z,150.0,8.5,78.5,NaN,NaN,NaN,NaN,NaN,NaN,NaN,NaN,NaN,NaN,NaN,NaN
2026-07-30T00:00:00Z,150.0,9.5,50.5,NaN,NaN,NaN,NaN,NaN,NaN,NaN,NaN,NaN,NaN,NaN,NaN
2026-07-30T00:00:00Z,150.0,9.5,51.5,NaN,NaN,NaN,NaN,NaN,NaN,NaN,NaN,NaN,NaN,NaN,NaN
2026-07-30T00:00:00Z,150.0,9.5,52.5,NaN,NaN,NaN,NaN,NaN,NaN,NaN,NaN,NaN,NaN,NaN,NaN
2026-07-30T00:00:00Z,150.0,9.5,53.5,35.453,NaN,0.0,0.0,1.0,0.0,16.913,NaN,0.0,0.0,1.0,0.0
2026-07-30T00:00:00Z,150.0,9.5,54.5,35.453,NaN,0.0,0.0,1.0,0.0,16.913,NaN,0.0,0.0,1.0,0.0
2026-07-30T00:00:00Z,150.0,9.5,55.5,35.453,NaN,0.076,0.107,2.0,0.0,16.913,NaN,0.0,0.0,1.0,0.0
2026-07-30T00:00:00Z,150.0,9.5,56.5,35.441,NaN,0.076,0.099,2.0,0.0,16.913,NaN,3.151,4.455,2.0,0.0
2026-07-30T00:00:00Z,150.0,9.5,57.5,35.328,NaN,0.062,0.076,3.0,0.0,17.074,NaN,2.598,3.772,3.0,0.0
2026-07-30T00:00:00Z,150.0,9.5,58.5,35.312,NaN,0.057,0.089,4.0,0.0,19.363,NaN,2.275,2.288,4.0,0.0
2026-07-30T00:00:00Z,150.0,9.5,59.5,35.368,NaN,0.198,0.221,4.0,0.0,19.455,NaN,1.401,1.734,6.0,0.0
2026-07-30T00:00:00Z,150.0,9.5,60.5,35.549,NaN,0.223,0.224,6.0,0.0,20.012,NaN,1.295,1.471,8.0,0.0
2026-07-30T00:00:00Z,150.0,9.5,61.5,35.697,35.804,0.205,0.216,5.0,1.0,20.349,20.442,1.295,1.344,8.0,3.0
2026-07-30T00:00:00Z,150.0,9.5,62.5,35.758,35.714,0.211,0.274,6.0,1.0,20.703,20.979,1.007,1.139,8.0,1.0
2026-07-30T00:00:00Z,150.0,9.5,63.5,35.745,NaN,0.203,0.234,5.0,0.0,21.021,NaN,1.017,1.25,7.0,0.0
2026-07-30T00:00:00Z,150.0,9.5,64.5,35.499,NaN,0.179,0.239,5.0,0.0,19.709,NaN,0.976,1.156,7.0,0.0
2026-07-30T00:00:00Z,150.0,9.5,65.5,35.375,NaN,0.154,0.277,6.0,0.0,18.954,NaN,1.054,1.475,6.0,0.0
2026-07-30T00:00:00Z,150.0,9.5,66.5,35.503,NaN,0.186,0.198,5.0,0.0,19.387,NaN,0.999,1.163,5.0,0.0
2026-07-30T00:00:00Z,150.0,9.5,67.5,35.536,NaN,0.186,0.212,5.0,0.0,19.55,NaN,0.912,1.184,6.0,0.0
2026-07-30T00:00:00Z,150.0,9.5,68.5,35.53,NaN,0.182,0.2,5.0,0.0,19.499,NaN,0.942,1.256,6.0,0.0
2026-07-30T00:00:00Z,150.0,9.5,69.5,35.45,NaN,0.182,0.182,5.0,0.0,18.488,NaN,0.942,0.959,6.0,0.0
2026-07-30T00:00:00Z,150.0,9.5,70.5,35.436,NaN,0.195,0.196,4.0,0.0,18.181,NaN,0.988,1.054,5.0,0.0
2026-07-30T00:00:00Z,150.0,9.5,71.5,35.438,NaN,0.167,0.235,2.0,0.0,18.151,NaN,0.814,0.843,3.0,0.0
2026-07-30T00:00:00Z,150.0,9.5,72.5,35.435,NaN,0.13,0.182,2.0,0.0,18.112,NaN,1.461,1.601,3.0,0.0
2026-07-30T00:00:00Z,150.0,9.5,73.5,35.189,NaN,0.13,0.176,2.0,0.0,15.546,NaN,1.352,1.83,2.0,0.0
2026-07-30T00:00:00Z,150.0,9.5,74.5,35.178,NaN,0.0,0.0,1.0,0.0,15.429,NaN,0.0,0.0,1.0,0.0
2026-07-30T00:00:00Z,150.0,9.5,75.5,35.178,NaN,0.0,0.0,1.0,0.0,15.429,NaN,0.0,0.0,1.0,0.0
2026-07-30T00:00:00Z,150.0,9.5,76.5,NaN,NaN,NaN,NaN,NaN,NaN,NaN,NaN,NaN,NaN,NaN,NaN
2026-07-30T00:00:00Z,150.0,9.5,77.5,NaN,NaN,NaN,NaN,NaN,NaN,NaN,NaN,NaN,NaN,NaN,NaN
2026-07-30T00:00:00Z,150.0,9.5,78.5,NaN,NaN,NaN,NaN,NaN,NaN,NaN,NaN,NaN,NaN,NaN,NaN
2026-07-30T00:00:00Z,150.0,10.5,50.5,NaN,NaN,NaN,NaN,NaN,NaN,NaN,NaN,NaN,NaN,NaN,NaN
2026-07-30T00:00:00Z,150.0,10.5,51.5,NaN,NaN,NaN,NaN,NaN,NaN,NaN,NaN,NaN,NaN,NaN,NaN
2026-07-30T00:00:00Z,150.0,10.5,52.5,NaN,NaN,NaN,NaN,NaN,NaN,NaN,NaN,NaN,NaN,NaN,NaN
2026-07-30T00:00:00Z,150.0,10.5,53.5,35.453,NaN,0.0,0.0,1.0,0.0,16.913,NaN,0.0,0.0,1.0,0.0
2026-07-30T00:00:00Z,150.0,10.5,54.5,35.453,NaN,0.0,0.0,1.0,0.0,16.913,NaN,0.0,0.0,1.0,0.0
2026-07-30T00:00:00Z,150.0,10.5,55.5,35.448,NaN,0.076,0.103,2.0,0.0,16.913,NaN,0.0,0.0,1.0,0.0
2026-07-30T00:00:00Z,150.0,10.5,56.5,35.351,NaN,0.076,0.08,2.0,0.0,16.927,NaN,3.151,4.445,2.0,0.0
2026-07-30T00:00:00Z,150.0,10.5,57.5,35.303,NaN,0.062,0.092,3.0,0.0,20.223,NaN,2.598,2.631,3.0,0.0
2026-07-30T00:00:00Z,150.0,10.5,58.5,35.302,35.302,0.057,0.097,4.0,1.0,22.967,NaN,2.275,4.052,4.0,0.0
2026-07-30T00:00:00Z,150.0,10.5,59.5,35.317,NaN,0.198,0.249,4.0,0.0,22.514,NaN,1.401,2.472,6.0,0.0
2026-07-30T00:00:00Z,150.0,10.5,60.5,35.66,NaN,0.228,0.229,8.0,0.0,20.646,NaN,1.261,1.273,9.0,0.0
2026-07-30T00:00:00Z,150.0,10.5,61.5,35.77,NaN,0.201,0.216,7.0,0.0,20.527,NaN,1.261,1.295,9.0,0.0
2026-07-30T00:00:00Z,150.0,10.5,62.5,35.789,35.853,0.218,0.257,8.0,1.0,21.062,21.828,1.066,1.287,9.0,1.0
2026-07-30T00:00:00Z,150.0,10.5,63.5,35.799,NaN,0.2,0.226,7.0,0.0,21.419,NaN,1.06,1.422,8.0,0.0
2026-07-30T00:00:00Z,150.0,10.5,64.5,35.78,NaN,0.176,0.187,7.0,0.0,21.37,NaN,1.021,1.341,8.0,0.0
2026-07-30T00:00:00Z,150.0,10.5,65.5,35.545,NaN,0.171,0.211,8.0,0.0,19.52,NaN,1.148,1.351,7.0,0.0
2026-07-30T00:00:00Z,150.0,10.5,66.5,35.55,NaN,0.096,0.102,4.0,0.0,19.418,NaN,0.262,0.298,4.0,0.0
2026-07-30T00:00:00Z,150.0,10.5,67.5,35.552,35.522,0.096,0.103,4.0,1.0,19.466,19.636,0.299,0.411,5.0,1.0
2026-07-30T00:00:00Z,150.0,10.5,68.5,35.554,NaN,0.068,0.071,4.0,0.0,19.445,NaN,0.521,0.665,5.0,0.0
2026-07-30T00:00:00Z,150.0,10.5,69.5,35.476,NaN,0.068,0.09,4.0,0.0,18.647,NaN,0.521,0.647,5.0,0.0
2026-07-30T00:00:00Z,150.0,10.5,70.5,35.438,35.438,0.077,0.119,3.0,1.0,18.292,18.132,0.566,0.885,4.0,1.0
2026-07-30T00:00:00Z,150.0,10.5,71.5,35.438,NaN,0.0,0.0,1.0,0.0,18.198,NaN,0.34,0.438,2.0,0.0
2026-07-30T00:00:00Z,150.0,10.5,72.5,35.438,NaN,0.0,0.0,1.0,0.0,18.157,NaN,0.34,0.464,2.0,0.0
2026-07-30T00:00:00Z,150.0,10.5,73.5,35.438,NaN,0.0,0.0,1.0,0.0,18.132,NaN,0.0,0.0,1.0,0.0
2026-07-30T00:00:00Z,150.0,10.5,74.5,NaN,NaN,NaN,NaN,NaN,NaN,NaN,NaN,NaN,NaN,NaN,NaN
2026-07-30T00:00:00Z,150.0,10.5,75.5,NaN,NaN,NaN,NaN,NaN,NaN,NaN,NaN,NaN,NaN,NaN,NaN
2026-07-30T00:00:00Z,150.0,10.5,76.5,NaN,NaN,NaN,NaN,NaN,NaN,NaN,NaN,NaN,NaN,NaN,NaN
2026-07-30T00:00:00Z,150.0,10.5,77.5,NaN,NaN,NaN,NaN,NaN,NaN,NaN,NaN,NaN,NaN,NaN,NaN
2026-07-30T00:00:00Z,150.0,10.5,78.5,NaN,NaN,NaN,NaN,NaN,NaN,NaN,NaN,NaN,NaN,NaN,NaN
2026-07-30T00:00:00Z,150.0,11.5,50.5,NaN,NaN,NaN,NaN,NaN,NaN,NaN,NaN,NaN,NaN,NaN,NaN
2026-07-30T00:00:00Z,150.0,11.5,51.5,NaN,NaN,NaN,NaN,NaN,NaN,NaN,NaN,NaN,NaN,NaN,NaN
2026-07-30T00:00:00Z,150.0,11.5,52.5,NaN,NaN,NaN,NaN,NaN,NaN,NaN,NaN,NaN,NaN,NaN,NaN
2026-07-30T00:00:00Z,150.0,11.5,53.5,35.453,NaN,0.0,0.0,1.0,0.0,16.913,NaN,0.0,0.0,1.0,0.0
2026-07-30T00:00:00Z,150.0,11.5,54.5,35.453,NaN,0.0,0.0,1.0,0.0,16.913,NaN,0.0,0.0,1.0,0.0
2026-07-30T00:00:00Z,150.0,11.5,55.5,35.383,NaN,0.076,0.076,2.0,0.0,16.913,NaN,0.0,0.0,1.0,0.0
2026-07-30T00:00:00Z,150.0,11.5,56.5,35.305,NaN,0.076,0.105,2.0,0.0,19.571,NaN,3.151,3.189,2.0,0.0
2026-07-30T00:00:00Z,150.0,11.5,57.5,35.302,NaN,0.076,0.107,2.0,0.0,23.197,NaN,3.151,4.443,2.0,0.0
2026-07-30T00:00:00Z,150.0,11.5,58.5,35.302,NaN,0.076,0.107,2.0,0.0,23.214,NaN,2.678,3.749,3.0,0.0
2026-07-30T00:00:00Z,150.0,11.5,59.5,35.303,NaN,0.251,0.354,2.0,0.0,23.209,23.214,1.163,2.289,5.0,1.0
2026-07-30T00:00:00Z,150.0,11.5,60.5,35.835,NaN,0.198,0.224,6.0,0.0,22.959,NaN,0.957,1.882,8.0,0.0
2026-07-30T00:00:00Z,150.0,11.5,61.5,35.837,NaN,0.055,0.059,5.0,0.0,21.064,NaN,0.957,0.995,8.0,0.0
2026-07-30T00:00:00Z,150.0,11.5,62.5,35.836,NaN,0.055,0.058,5.0,0.0,21.421,NaN,0.687,0.771,7.0,0.0
2026-07-30T00:00:00Z,150.0,11.5,63.5,35.837,NaN,0.055,0.058,5.0,0.0,21.619,NaN,0.687,0.879,7.0,0.0
2026-07-30T00:00:00Z,150.0,11.5,64.5,35.837,NaN,0.11,0.127,6.0,0.0,21.661,NaN,0.878,1.279,7.0,0.0
2026-07-30T00:00:00Z,150.0,11.5,65.5,35.57,NaN,0.136,0.196,7.0,0.0,19.414,NaN,1.09,1.508,6.0,0.0
2026-07-30T00:00:00Z,150.0,11.5,66.5,35.561,NaN,0.035,0.035,5.0,0.0,19.346,NaN,0.291,0.398,5.0,0.0
2026-07-30T00:00:00Z,150.0,11.5,67.5,35.57,35.59,0.035,0.037,5.0,2.0,19.379,19.289,0.4,0.414,6.0,2.0
2026-07-30T00:00:00Z,150.0,11.5,68.5,35.579,NaN,0.056,0.068,6.0,0.0,19.346,NaN,0.601,0.604,7.0,0.0
2026-07-30T00:00:00Z,150.0,11.5,69.5,35.505,NaN,0.056,0.065,6.0,0.0,18.771,NaN,0.601,0.795,7.0,0.0
2026-07-30T00:00:00Z,150.0,11.5,70.5,35.439,NaN,0.061,0.115,5.0,0.0,18.488,18.813,0.649,1.034,6.0,1.0
2026-07-30T00:00:00Z,150.0,11.5,71.5,35.438,NaN,0.052,0.09,3.0,0.0,18.321,NaN,0.771,1.173,4.0,0.0
2026-07-30T00:00:00Z,150.0,11.5,72.5,35.438,NaN,0.0,0.0,1.0,0.0,18.214,NaN,0.34,0.428,2.0,0.0
2026-07-30T00:00:00Z,150.0,11.5,73.5,35.438,NaN,0.0,0.0,1.0,0.0,18.132,NaN,0.0,0.0,1.0,0.0
2026-07-30T00:00:00Z,150.0,11.5,74.5,NaN,NaN,NaN,NaN,NaN,NaN,NaN,NaN,NaN,NaN,NaN,NaN
2026-07-30T00:00:00Z,150.0,11.5,75.5,NaN,NaN,NaN,NaN,NaN,NaN,NaN,NaN,NaN,NaN,NaN,NaN
2026-07-30T00:00:00Z,150.0,11.5,76.5,NaN,NaN,NaN,NaN,NaN,NaN,NaN,NaN,NaN,NaN,NaN,NaN
2026-07-30T00:00:00Z,150.0,11.5,77.5,NaN,NaN,NaN,NaN,NaN,NaN,NaN,NaN,NaN,NaN,NaN,NaN
2026-07-30T00:00:00Z,150.0,11.5,78.5,NaN,NaN,NaN,NaN,NaN,NaN,NaN,NaN,NaN,NaN,NaN,NaN
2026-07-30T00:00:00Z,150.0,12.5,50.5,NaN,NaN,NaN,NaN,NaN,NaN,NaN,NaN,NaN,NaN,NaN,NaN
2026-07-30T00:00:00Z,150.0,12.5,51.5,35.779,NaN,0.0,0.0,1.0,0.0,16.096,NaN,0.0,0.0,1.0,0.0
2026-07-30T00:00:00Z,150.0,12.5,52.5,35.779,NaN,0.0,0.0,1.0,0.0,16.096,NaN,0.0,0.0,1.0,0.0
2026-07-30T00:00:00Z,150.0,12.5,53.5,35.779,NaN,0.0,0.0,1.0,0.0,16.096,NaN,0.0,0.0,1.0,0.0
2026-07-30T00:00:00Z,150.0,12.5,54.5,35.779,NaN,0.0,0.0,1.0,0.0,16.096,NaN,0.0,0.0,1.0,0.0
2026-07-30T00:00:00Z,150.0,12.5,55.5,35.611,NaN,0.239,0.249,2.0,0.0,16.096,NaN,0.0,0.0,1.0,0.0
2026-07-30T00:00:00Z,150.0,12.5,56.5,35.303,NaN,0.239,0.337,2.0,0.0,23.155,NaN,3.559,4.992,2.0,0.0
2026-07-30T00:00:00Z,150.0,12.5,57.5,35.302,NaN,0.0,0.0,1.0,0.0,23.214,NaN,0.0,0.0,1.0,0.0
2026-07-30T00:00:00Z,150.0,12.5,58.5,35.302,NaN,0.0,0.0,1.0,0.0,23.213,NaN,0.784,1.107,2.0,0.0
2026-07-30T00:00:00Z,150.0,12.5,59.5,35.302,NaN,0.0,0.0,1.0,0.0,23.194,NaN,1.299,2.331,4.0,0.0
2026-07-30T00:00:00Z,150.0,12.5,60.5,35.858,NaN,0.198,0.235,6.0,0.0,21.638,NaN,0.92,0.977,9.0,0.0
2026-07-30T00:00:00Z,150.0,12.5,61.5,35.857,NaN,0.055,0.068,5.0,0.0,21.632,NaN,0.92,0.975,9.0,0.0
2026-07-30T00:00:00Z,150.0,12.5,62.5,35.856,35.858,0.055,0.067,5.0,1.0,21.689,NaN,0.664,0.908,8.0,0.0
2026-07-30T00:00:00Z,150.0,12.5,63.5,35.854,NaN,0.055,0.066,5.0,0.0,21.706,NaN,0.664,0.919,8.0,0.0
2026-07-30T00:00:00Z,150.0,12.5,64.5,35.852,NaN,0.11,0.135,6.0,0.0,21.707,NaN,0.846,1.259,8.0,0.0
2026-07-30T00:00:00Z,150.0,12.5,65.5,35.673,NaN,0.123,0.132,9.0,0.0,20.202,NaN,0.946,1.025,9.0,0.0
2026-07-30T00:00:00Z,150.0,12.5,66.5,35.569,NaN,0.061,0.063,6.0,0.0,19.308,NaN,0.395,0.592,6.0,0.0
2026-07-30T00:00:00Z,150.0,12.5,67.5,35.583,NaN,0.061,0.061,6.0,0.0,19.335,NaN,0.491,0.565,7.0,0.0
2026-07-30T00:00:00Z,150.0,12.5,68.5,35.589,NaN,0.076,0.08,7.0,0.0,19.381,NaN,0.672,0.673,8.0,0.0
2026-07-30T00:00:00Z,150.0,12.5,69.5,35.548,NaN,0.076,0.077,7.0,0.0,19.092,NaN,0.672,0.752,8.0,0.0
2026-07-30T00:00:00Z,150.0,12.5,70.5,35.468,NaN,0.082,0.126,6.0,0.0,18.757,NaN,0.715,0.997,7.0,0.0
2026-07-30T00:00:00Z,150.0,12.5,71.5,35.441,NaN,0.052,0.087,3.0,0.0,18.543,NaN,0.771,1.017,4.0,0.0
2026-07-30T00:00:00Z,150.0,12.5,72.5,35.438,NaN,0.0,0.0,1.0,0.0,18.357,NaN,0.34,0.36,2.0,0.0
2026-07-30T00:00:00Z,150.0,12.5,73.5,35.438,NaN,0.0,0.0,1.0,0.0,18.132,NaN,0.0,0.0,1.0,0.0
2026-07-30T00:00:00Z,150.0,12.5,74.5,NaN,NaN,NaN,NaN,NaN,NaN,NaN,NaN,NaN,NaN,NaN,NaN
2026-07-30T00:00:00Z,150.0,12.5,75.5,NaN,NaN,NaN,NaN,NaN,NaN,NaN,NaN,NaN,NaN,NaN,NaN
2026-07-30T00:00:00Z,150.0,12.5,76.5,NaN,NaN,NaN,NaN,NaN,NaN,NaN,NaN,NaN,NaN,NaN,NaN
2026-07-30T00:00:00Z,150.0,12.5,77.5,NaN,NaN,NaN,NaN,NaN,NaN,NaN,NaN,NaN,NaN,NaN,NaN
2026-07-30T00:00:00Z,150.0,12.5,78.5,NaN,NaN,NaN,NaN,NaN,NaN,NaN,NaN,NaN,NaN,NaN,NaN
2026-07-30T00:00:00Z,150.0,13.5,50.5,NaN,NaN,NaN,NaN,NaN,NaN,NaN,NaN,NaN,NaN,NaN,NaN
2026-07-30T00:00:00Z,150.0,13.5,51.5,35.779,NaN,0.0,0.0,1.0,0.0,16.096,NaN,0.0,0.0,1.0,0.0
2026-07-30T00:00:00Z,150.0,13.5,52.5,35.779,NaN,0.0,0.0,1.0,0.0,16.096,NaN,0.0,0.0,1.0,0.0
2026-07-30T00:00:00Z,150.0,13.5,53.5,35.779,NaN,0.0,0.0,1.0,0.0,16.096,NaN,0.0,0.0,1.0,0.0
2026-07-30T00:00:00Z,150.0,13.5,54.5,35.779,NaN,0.0,0.0,1.0,0.0,16.096,NaN,0.0,0.0,1.0,0.0
2026-07-30T00:00:00Z,150.0,13.5,55.5,35.779,NaN,0.0,0.0,1.0,0.0,16.096,NaN,0.0,0.0,1.0,0.0
2026-07-30T00:00:00Z,150.0,13.5,56.5,35.779,NaN,0.0,0.0,1.0,0.0,17.396,NaN,3.559,4.216,2.0,0.0
2026-07-30T00:00:00Z,150.0,13.5,57.5,NaN,NaN,NaN,NaN,NaN,NaN,23.214,NaN,0.0,0.0,1.0,0.0
2026-07-30T00:00:00Z,150.0,13.5,58.5,NaN,NaN,NaN,NaN,NaN,NaN,23.143,NaN,0.784,1.059,2.0,0.0
2026-07-30T00:00:00Z,150.0,13.5,59.5,NaN,NaN,NaN,NaN,NaN,NaN,22.532,NaN,0.784,0.79,2.0,0.0
2026-07-30T00:00:00Z,150.0,13.5,60.5,35.853,NaN,0.024,0.028,3.0,0.0,21.759,NaN,0.8,0.8,5.0,0.0
2026-07-30T00:00:00Z,150.0,13.5,61.5,35.85,NaN,0.024,0.027,3.0,0.0,21.599,NaN,0.8,0.816,5.0,0.0
2026-07-30T00:00:00Z,150.0,13.5,62.5,35.848,NaN,0.079,0.086,4.0,0.0,21.511,NaN,0.367,0.414,5.0,0.0
2026-07-30T00:00:00Z,150.0,13.5,63.5,35.848,35.851,0.069,0.071,6.0,1.0,21.604,21.712,0.367,0.548,7.0,1.0
2026-07-30T00:00:00Z,150.0,13.5,64.5,35.85,NaN,0.127,0.13,7.0,0.0,21.652,NaN,0.721,1.073,7.0,0.0
2026-07-30T00:00:00Z,150.0,13.5,65.5,35.832,NaN,0.148,0.164,10.0,0.0,21.218,NaN,0.819,1.067,10.0,0.0
2026-07-30T00:00:00Z,150.0,13.5,66.5,35.674,NaN,0.164,0.164,9.0,0.0,19.988,NaN,0.645,0.663,9.0,0.0
2026-07-30T00:00:00Z,150.0,13.5,67.5,35.585,NaN,0.164,0.193,9.0,0.0,19.837,NaN,0.73,0.751,10.0,0.0
2026-07-30T00:00:00Z,150.0,13.5,68.5,35.558,NaN,0.134,0.149,9.0,0.0,19.933,NaN,0.838,0.865,10.0,0.0
2026-07-30T00:00:00Z,150.0,13.5,69.5,35.55,NaN,0.076,0.077,7.0,0.0,19.908,NaN,0.672,0.825,8.0,0.0
2026-07-30T00:00:00Z,150.0,13.5,70.5,35.547,NaN,0.082,0.084,6.0,0.0,19.795,NaN,0.715,0.793,7.0,0.0
2026-07-30T00:00:00Z,150.0,13.5,71.5,35.537,NaN,0.052,0.058,3.0,0.0,19.431,NaN,0.771,0.804,4.0,0.0
2026-07-30T00:00:00Z,150.0,13.5,72.5,35.438,NaN,0.0,0.0,1.0,0.0,18.567,NaN,0.34,0.353,2.0,0.0
2026-07-30T00:00:00Z,150.0,13.5,73.5,35.438,NaN,0.0,0.0,1.0,0.0,18.132,NaN,0.0,0.0,1.0,0.0
2026-07-30T00:00:00Z,150.0,13.5,74.5,NaN,NaN,NaN,NaN,NaN,NaN,NaN,NaN,NaN,NaN,NaN,NaN
2026-07-30T00:00:00Z,150.0,13.5,75.5,NaN,NaN,NaN,NaN,NaN,NaN,NaN,NaN,NaN,NaN,NaN,NaN
2026-07-30T00:00:00Z,150.0,13.5,76.5,NaN,NaN,NaN,NaN,NaN,NaN,NaN,NaN,NaN,NaN,NaN,NaN
2026-07-30T00:00:00Z,150.0,13.5,77.5,NaN,NaN,NaN,NaN,NaN,NaN,NaN,NaN,NaN,NaN,NaN,NaN
2026-07-30T00:00:00Z,150.0,13.5,78.5,NaN,NaN,NaN,NaN,NaN,NaN,NaN,NaN,NaN,NaN,NaN,NaN
2026-07-30T00:00:00Z,150.0,14.5,50.5,NaN,NaN,NaN,NaN,NaN,NaN,NaN,NaN,NaN,NaN,NaN,NaN
2026-07-30T00:00:00Z,150.0,14.5,51.5,35.779,NaN,0.0,0.0,1.0,0.0,16.096,NaN,0.0,0.0,1.0,0.0
2026-07-30T00:00:00Z,150.0,14.5,52.5,35.779,NaN,0.08,0.113,2.0,0.0,16.093,NaN,0.645,0.91,2.0,0.0
2026-07-30T00:00:00Z,150.0,14.5,53.5,35.778,NaN,0.08,0.112,2.0,0.0,16.084,NaN,0.645,0.904,2.0,0.0
2026-07-30T00:00:00Z,150.0,14.5,54.5,35.772,NaN,0.08,0.109,2.0,0.0,16.043,NaN,0.645,0.876,2.0,0.0
2026-07-30T00:00:00Z,150.0,14.5,55.5,35.753,NaN,0.08,0.096,2.0,0.0,15.885,NaN,0.645,0.777,2.0,0.0
2026-07-30T00:00:00Z,150.0,14.5,56.5,35.703,NaN,0.08,0.08,2.0,0.0,15.486,NaN,3.697,4.493,3.0,0.0
2026-07-30T00:00:00Z,150.0,14.5,57.5,35.619,NaN,0.0,0.0,1.0,0.0,18.877,NaN,4.204,4.206,2.0,0.0
2026-07-30T00:00:00Z,150.0,14.5,58.5,NaN,NaN,NaN,NaN,NaN,NaN,22.052,NaN,0.784,0.87,2.0,0.0
2026-07-30T00:00:00Z,150.0,14.5,59.5,35.933,NaN,0.0,0.0,1.0,0.0,21.677,NaN,1.037,1.052,3.0,0.0
2026-07-30T00:00:00Z,150.0,14.5,60.5,35.875,NaN,0.046,0.048,4.0,0.0,21.633,21.647,0.83,0.832,6.0,1.0
2026-07-30T00:00:00Z,150.0,14.5,61.5,35.823,NaN,0.046,0.06,4.0,0.0,21.484,NaN,0.83,0.836,6.0,0.0
2026-07-30T00:00:00Z,150.0,14.5,62.5,35.815,35.805,0.073,0.107,5.0,1.0,21.218,21.113,0.407,0.407,6.0,2.0
2026-07-30T00:00:00Z,150.0,14.5,63.5,35.82,NaN,0.068,0.089,7.0,0.0,21.182,NaN,0.38,0.383,8.0,0.0
2026-07-30T00:00:00Z,150.0,14.5,64.5,35.827,NaN,0.068,0.084,7.0,0.0,21.129,NaN,0.35,0.357,7.0,0.0
2026-07-30T00:00:00Z,150.0,14.5,65.5,35.849,NaN,0.108,0.113,8.0,0.0,20.892,NaN,0.682,0.687,8.0,0.0
2026-07-30T00:00:00Z,150.0,14.5,66.5,35.822,NaN,0.162,0.186,7.0,0.0,20.83,NaN,0.593,0.769,7.0,0.0
2026-07-30T00:00:00Z,150.0,14.5,67.5,35.665,NaN,0.162,0.175,7.0,0.0,20.303,NaN,0.75,0.765,8.0,0.0
2026-07-30T00:00:00Z,150.0,14.5,68.5,35.596,NaN,0.119,0.157,7.0,0.0,20.085,NaN,0.767,0.792,8.0,0.0
2026-07-30T00:00:00Z,150.0,14.5,69.5,35.562,35.548,0.093,0.123,5.0,2.0,19.981,19.938,0.58,0.72,6.0,2.0
2026-07-30T00:00:00Z,150.0,14.5,70.5,35.555,NaN,0.093,0.127,5.0,0.0,19.931,NaN,0.58,0.692,6.0,0.0
2026-07-30T00:00:00Z,150.0,14.5,71.5,35.611,NaN,0.114,0.115,3.0,0.0,19.67,NaN,0.536,0.598,4.0,0.0
2026-07-30T00:00:00Z,150.0,14.5,72.5,35.79,NaN,0.0,0.0,1.0,0.0,18.926,NaN,0.057,0.08,2.0,0.0
2026-07-30T00:00:00Z,150.0,14.5,73.5,35.79,NaN,0.0,0.0,1.0,0.0,18.926,NaN,0.0,0.0,1.0,0.0
2026-07-30T00:00:00Z,150.0,14.5,74.5,NaN,NaN,NaN,NaN,NaN,NaN,NaN,NaN,NaN,NaN,NaN,NaN
2026-07-30T00:00:00Z,150.0,14.5,75.5,NaN,NaN,NaN,NaN,NaN,NaN,NaN,NaN,NaN,NaN,NaN,NaN
2026-07-30T00:00:00Z,150.0,14.5,76.5,NaN,NaN,NaN,NaN,NaN,NaN,NaN,NaN,NaN,NaN,NaN,NaN
2026-07-30T00:00:00Z,150.0,14.5,77.5,NaN,NaN,NaN,NaN,NaN,NaN,NaN,NaN,NaN,NaN,NaN,NaN
2026-07-30T00:00:00Z,150.0,14.5,78.5,NaN,NaN,NaN,NaN,NaN,NaN,NaN,NaN,NaN,NaN,NaN,NaN
2026-07-30T00:00:00Z,150.0,15.5,50.5,NaN,NaN,NaN,NaN,NaN,NaN,NaN,NaN,NaN,NaN,NaN,NaN
2026-07-30T00:00:00Z,150.0,15.5,51.5,NaN,NaN,NaN,NaN,NaN,NaN,NaN,NaN,NaN,NaN,NaN,NaN
2026-07-30T00:00:00Z,150.0,15.5,52.5,35.777,NaN,0.08,0.112,2.0,0.0,16.079,NaN,0.645,0.9,2.0,0.0
2026-07-30T00:00:00Z,150.0,15.5,53.5,35.77,NaN,0.08,0.107,2.0,0.0,16.021,NaN,0.645,0.861,2.0,0.0
2026-07-30T00:00:00Z,150.0,15.5,54.5,35.744,35.779,0.08,0.092,2.0,1.0,15.811,16.096,0.645,0.738,2.0,1.0
2026-07-30T00:00:00Z,150.0,15.5,55.5,35.688,NaN,0.08,0.081,2.0,0.0,15.364,NaN,0.645,0.651,2.0,0.0
2026-07-30T00:00:00Z,150.0,15.5,56.5,35.642,NaN,0.08,0.098,2.0,0.0,14.989,NaN,0.645,0.793,2.0,0.0
2026-07-30T00:00:00Z,150.0,15.5,57.5,35.619,NaN,0.0,0.0,1.0,0.0,14.806,NaN,0.0,0.0,1.0,0.0
2026-07-30T00:00:00Z,150.0,15.5,58.5,NaN,NaN,NaN,NaN,NaN,NaN,21.647,NaN,0.0,0.0,1.0,0.0
2026-07-30T00:00:00Z,150.0,15.5,59.5,35.933,NaN,0.0,0.0,1.0,0.0,21.503,NaN,0.473,0.577,2.0,0.0
2026-07-30T00:00:00Z,150.0,15.5,60.5,35.928,NaN,0.046,0.081,4.0,0.0,21.319,NaN,0.434,0.439,5.0,0.0
2026-07-30T00:00:00Z,150.0,15.5,61.5,35.894,NaN,0.046,0.056,4.0,0.0,21.135,NaN,0.434,0.451,5.0,0.0
2026-07-30T00:00:00Z,150.0,15.5,62.5,35.829,NaN,0.073,0.097,5.0,0.0,21.096,NaN,0.407,0.424,6.0,0.0
2026-07-30T00:00:00Z,150.0,15.5,63.5,35.809,NaN,0.068,0.096,7.0,0.0,21.026,NaN,0.38,0.396,8.0,0.0
2026-07-30T00:00:00Z,150.0,15.5,64.5,35.824,NaN,0.068,0.086,7.0,0.0,20.959,NaN,0.35,0.365,7.0,0.0
2026-07-30T00:00:00Z,150.0,15.5,65.5,35.876,35.817,0.087,0.093,7.0,1.0,20.91,20.845,0.405,0.42,7.0,1.0
2026-07-30T00:00:00Z,150.0,15.5,66.5,35.843,NaN,0.156,0.182,7.0,0.0,20.88,NaN,0.682,0.901,7.0,0.0
2026-07-30T00:00:00Z,150.0,15.5,67.5,35.731,NaN,0.156,0.158,7.0,0.0,20.512,NaN,0.682,0.717,7.0,0.0
2026-07-30T00:00:00Z,150.0,15.5,68.5,35.668,35.699,0.117,0.128,7.0,1.0,20.293,20.402,0.754,0.811,7.0,1.0
2026-07-30T00:00:00Z,150.0,15.5,69.5,35.627,NaN,0.105,0.114,5.0,0.0,20.061,NaN,0.587,0.726,5.0,0.0
2026-07-30T00:00:00Z,150.0,15.5,70.5,35.708,NaN,0.105,0.111,5.0,0.0,19.332,NaN,0.587,0.66,5.0,0.0
2026-07-30T00:00:00Z,150.0,15.5,71.5,35.784,NaN,0.116,0.167,4.0,0.0,18.95,NaN,0.496,0.699,4.0,0.0
2026-07-30T00:00:00Z,150.0,15.5,72.5,35.79,NaN,0.0,0.0,1.0,0.0,18.926,NaN,0.0,0.0,1.0,0.0
2026-07-30T00:00:00Z,150.0,15.5,73.5,NaN,NaN,NaN,NaN,NaN,NaN,NaN,NaN,NaN,NaN,NaN,NaN
2026-07-30T00:00:00Z,150.0,15.5,74.5,NaN,NaN,NaN,NaN,NaN,NaN,NaN,NaN,NaN,NaN,NaN,NaN
2026-07-30T00:00:00Z,150.0,15.5,75.5,NaN,NaN,NaN,NaN,NaN,NaN,NaN,NaN,NaN,NaN,NaN,NaN
2026-07-30T00:00:00Z,150.0,15.5,76.5,NaN,NaN,NaN,NaN,NaN,NaN,NaN,NaN,NaN,NaN,NaN,NaN
2026-07-30T00:00:00Z,150.0,15.5,77.5,NaN,NaN,NaN,NaN,NaN,NaN,NaN,NaN,NaN,NaN,NaN,NaN
2026-07-30T00:00:00Z,150.0,15.5,78.5,NaN,NaN,NaN,NaN,NaN,NaN,NaN,NaN,NaN,NaN,NaN,NaN
2026-07-30T00:00:00Z,150.0,16.5,50.5,NaN,NaN,NaN,NaN,NaN,NaN,NaN,NaN,NaN,NaN,NaN,NaN
2026-07-30T00:00:00Z,150.0,16.5,51.5,NaN,NaN,NaN,NaN,NaN,NaN,NaN,NaN,NaN,NaN,NaN,NaN
2026-07-30T00:00:00Z,150.0,16.5,52.5,NaN,NaN,NaN,NaN,NaN,NaN,NaN,NaN,NaN,NaN,NaN,NaN
2026-07-30T00:00:00Z,150.0,16.5,53.5,35.732,NaN,0.08,0.087,2.0,0.0,15.719,NaN,0.645,0.699,2.0,0.0
2026-07-30T00:00:00Z,150.0,16.5,54.5,35.674,NaN,0.08,0.084,2.0,0.0,15.25,NaN,0.645,0.675,2.0,0.0
2026-07-30T00:00:00Z,150.0,16.5,55.5,35.635,35.619,0.08,0.102,2.0,1.0,14.938,14.806,0.645,0.824,2.0,1.0
2026-07-30T00:00:00Z,150.0,16.5,56.5,35.623,NaN,0.08,0.11,2.0,0.0,14.837,NaN,0.645,0.89,2.0,0.0
2026-07-30T00:00:00Z,150.0,16.5,57.5,35.619,NaN,0.0,0.0,1.0,0.0,14.806,NaN,0.0,0.0,1.0,0.0
2026-07-30T00:00:00Z,150.0,16.5,58.5,NaN,NaN,NaN,NaN,NaN,NaN,21.627,NaN,1.125,1.578,2.0,0.0
2026-07-30T00:00:00Z,150.0,16.5,59.5,35.933,NaN,0.0,0.0,1.0,0.0,20.693,NaN,0.737,0.924,8.0,0.0
2026-07-30T00:00:00Z,150.0,16.5,60.5,35.933,NaN,0.064,0.09,2.0,0.0,20.722,NaN,0.782,0.874,10.0,0.0
2026-07-30T00:00:00Z,150.0,16.5,61.5,35.93,35.933,0.064,0.089,2.0,1.0,20.728,20.7,0.782,0.877,10.0,1.0
2026-07-30T00:00:00Z,150.0,16.5,62.5,35.91,NaN,0.086,0.086,3.0,0.0,20.821,NaN,0.771,0.881,11.0,0.0
2026-07-30T00:00:00Z,150.0,16.5,63.5,35.935,NaN,0.078,0.092,5.0,0.0,20.97,NaN,0.731,0.886,13.0,0.0
2026-07-30T00:00:00Z,150.0,16.5,64.5,35.974,36.014,0.078,0.117,5.0,1.0,20.983,21.011,0.634,0.821,11.0,1.0
2026-07-30T00:00:00Z,150.0,16.5,65.5,35.907,NaN,0.102,0.123,5.0,0.0,20.939,NaN,0.313,0.315,6.0,0.0
2026-07-30T00:00:00Z,150.0,16.5,66.5,35.86,35.862,0.156,0.191,7.0,1.0,20.911,20.936,0.682,0.921,7.0,1.0
2026-07-30T00:00:00Z,150.0,16.5,67.5,35.783,NaN,0.156,0.16,7.0,0.0,20.621,NaN,0.682,0.758,7.0,0.0
2026-07-30T00:00:00Z,150.0,16.5,68.5,35.722,NaN,0.117,0.118,7.0,0.0,19.899,NaN,0.754,0.76,7.0,0.0
2026-07-30T00:00:00Z,150.0,16.5,69.5,35.759,NaN,0.105,0.137,5.0,0.0,19.203,NaN,0.587,0.728,5.0,0.0
2026-07-30T00:00:00Z,150.0,16.5,70.5,35.786,35.79,0.105,0.156,5.0,1.0,18.943,18.926,0.587,0.907,5.0,1.0
2026-07-30T00:00:00Z,150.0,16.5,71.5,35.79,NaN,0.116,0.171,4.0,0.0,18.927,NaN,0.496,0.715,4.0,0.0
2026-07-30T00:00:00Z,150.0,16.5,72.5,35.79,NaN,0.0,0.0,1.0,0.0,18.926,NaN,0.0,0.0,1.0,0.0
2026-07-30T00:00:00Z,150.0,16.5,73.5,NaN,NaN,NaN,NaN,NaN,NaN,NaN,NaN,NaN,NaN,NaN,NaN
2026-07-30T00:00:00Z,150.0,16.5,74.5,NaN,NaN,NaN,NaN,NaN,NaN,NaN,NaN,NaN,NaN,NaN,NaN
2026-07-30T00:00:00Z,150.0,16.5,75.5,NaN,NaN,NaN,NaN,NaN,NaN,NaN,NaN,NaN,NaN,NaN,NaN
2026-07-30T00:00:00Z,150.0,16.5,76.5,NaN,NaN,NaN,NaN,NaN,NaN,NaN,NaN,NaN,NaN,NaN,NaN
2026-07-30T00:00:00Z,150.0,16.5,77.5,NaN,NaN,NaN,NaN,NaN,NaN,NaN,NaN,NaN,NaN,NaN,NaN
2026-07-30T00:00:00Z,150.0,16.5,78.5,NaN,NaN,NaN,NaN,NaN,NaN,NaN,NaN,NaN,NaN,NaN,NaN
2026-07-30T00:00:00Z,150.0,17.5,50.5,NaN,NaN,NaN,NaN,NaN,NaN,NaN,NaN,NaN,NaN,NaN,NaN
2026-07-30T00:00:00Z,150.0,17.5,51.5,NaN,NaN,NaN,NaN,NaN,NaN,NaN,NaN,NaN,NaN,NaN,NaN
2026-07-30T00:00:00Z,150.0,17.5,52.5,NaN,NaN,NaN,NaN,NaN,NaN,NaN,NaN,NaN,NaN,NaN,NaN
2026-07-30T00:00:00Z,150.0,17.5,53.5,NaN,NaN,NaN,NaN,NaN,NaN,NaN,NaN,NaN,NaN,NaN,NaN
2026-07-30T00:00:00Z,150.0,17.5,54.5,NaN,NaN,NaN,NaN,NaN,NaN,NaN,NaN,NaN,NaN,NaN,NaN
2026-07-30T00:00:00Z,150.0,17.5,55.5,35.622,NaN,0.08,0.111,2.0,0.0,14.828,NaN,0.645,0.897,2.0,0.0
2026-07-30T00:00:00Z,150.0,17.5,56.5,35.62,NaN,0.08,0.113,2.0,0.0,14.811,NaN,0.645,0.909,2.0,0.0
2026-07-30T00:00:00Z,150.0,17.5,57.5,35.619,NaN,0.0,0.0,1.0,0.0,14.806,NaN,0.0,0.0,1.0,0.0
2026-07-30T00:00:00Z,150.0,17.5,58.5,NaN,NaN,NaN,NaN,NaN,NaN,19.396,NaN,0.0,0.0,1.0,0.0
2026-07-30T00:00:00Z,150.0,17.5,59.5,35.932,NaN,0.103,0.109,5.0,0.0,20.265,NaN,0.616,0.892,11.0,0.0
2026-07-30T00:00:00Z,150.0,17.5,60.5,35.931,NaN,0.1,0.111,6.0,0.0,20.273,NaN,0.793,0.899,13.0,0.0
2026-07-30T00:00:00Z,150.0,17.5,61.5,35.929,NaN,0.1,0.111,6.0,0.0,20.273,NaN,0.793,0.899,13.0,0.0
2026-07-30T00:00:00Z,150.0,17.5,62.5,35.925,NaN,0.103,0.106,7.0,0.0,20.27,NaN,0.821,0.887,14.0,0.0
2026-07-30T00:00:00Z,150.0,17.5,63.5,35.972,NaN,0.095,0.128,9.0,0.0,20.662,NaN,0.831,1.031,16.0,0.0
2026-07-30T00:00:00Z,150.0,17.5,64.5,35.992,NaN,0.095,0.142,9.0,0.0,20.995,NaN,0.84,1.231,15.0,0.0
2026-07-30T00:00:00Z,150.0,17.5,65.5,35.933,NaN,0.102,0.138,5.0,0.0,20.962,NaN,0.313,0.319,6.0,0.0
2026-07-30T00:00:00Z,150.0,17.5,66.5,35.873,NaN,0.106,0.113,5.0,0.0,20.925,NaN,0.762,0.908,5.0,0.0
2026-07-30T00:00:00Z,150.0,17.5,67.5,35.8,NaN,0.106,0.11,5.0,0.0,19.918,NaN,0.762,0.92,5.0,0.0
2026-07-30T00:00:00Z,150.0,17.5,68.5,35.768,NaN,0.054,0.057,5.0,0.0,19.012,NaN,0.891,1.342,5.0,0.0
2026-07-30T00:00:00Z,150.0,17.5,69.5,35.772,35.77,0.039,0.043,3.0,1.0,18.969,18.967,0.686,0.828,3.0,1.0
2026-07-30T00:00:00Z,150.0,17.5,70.5,35.782,NaN,0.039,0.049,3.0,0.0,18.942,NaN,0.686,0.843,3.0,0.0
2026-07-30T00:00:00Z,150.0,17.5,71.5,35.789,NaN,0.01,0.014,2.0,0.0,18.928,NaN,0.02,0.028,2.0,0.0
2026-07-30T00:00:00Z,150.0,17.5,72.5,NaN,NaN,NaN,NaN,NaN,NaN,NaN,NaN,NaN,NaN,NaN,NaN
2026-07-30T00:00:00Z,150.0,17.5,73.5,NaN,NaN,NaN,NaN,NaN,NaN,NaN,NaN,NaN,NaN,NaN,NaN
2026-07-30T00:00:00Z,150.0,17.5,74.5,NaN,NaN,NaN,NaN,NaN,NaN,NaN,NaN,NaN,NaN,NaN,NaN
2026-07-30T00:00:00Z,150.0,17.5,75.5,NaN,NaN,NaN,NaN,NaN,NaN,NaN,NaN,NaN,NaN,NaN,NaN
2026-07-30T00:00:00Z,150.0,17.5,76.5,NaN,NaN,NaN,NaN,NaN,NaN,NaN,NaN,NaN,NaN,NaN,NaN
2026-07-30T00:00:00Z,150.0,17.5,77.5,NaN,NaN,NaN,NaN,NaN,NaN,NaN,NaN,NaN,NaN,NaN,NaN
2026-07-30T00:00:00Z,150.0,17.5,78.5,NaN,NaN,NaN,NaN,NaN,NaN,NaN,NaN,NaN,NaN,NaN,NaN
2026-07-30T00:00:00Z,150.0,18.5,50.5,NaN,NaN,NaN,NaN,NaN,NaN,NaN,NaN,NaN,NaN,NaN,NaN
2026-07-30T00:00:00Z,150.0,18.5,51.5,NaN,NaN,NaN,NaN,NaN,NaN,NaN,NaN,NaN,NaN,NaN,NaN
2026-07-30T00:00:00Z,150.0,18.5,52.5,NaN,NaN,NaN,NaN,NaN,NaN,NaN,NaN,NaN,NaN,NaN,NaN
2026-07-30T00:00:00Z,150.0,18.5,53.5,NaN,NaN,NaN,NaN,NaN,NaN,NaN,NaN,NaN,NaN,NaN,NaN
2026-07-30T00:00:00Z,150.0,18.5,54.5,NaN,NaN,NaN,NaN,NaN,NaN,NaN,NaN,NaN,NaN,NaN,NaN
2026-07-30T00:00:00Z,150.0,18.5,55.5,NaN,NaN,NaN,NaN,NaN,NaN,NaN,NaN,NaN,NaN,NaN,NaN
2026-07-30T00:00:00Z,150.0,18.5,56.5,NaN,NaN,NaN,NaN,NaN,NaN,NaN,NaN,NaN,NaN,NaN,NaN
2026-07-30T00:00:00Z,150.0,18.5,57.5,35.627,NaN,0.116,0.159,2.0,0.0,14.903,NaN,1.457,1.992,2.0,0.0
2026-07-30T00:00:00Z,150.0,18.5,58.5,35.851,NaN,0.0,0.0,1.0,0.0,18.439,NaN,0.839,0.847,2.0,0.0
2026-07-30T00:00:00Z,150.0,18.5,59.5,35.884,NaN,0.095,0.095,6.0,0.0,19.681,NaN,0.79,0.82,12.0,0.0
2026-07-30T00:00:00Z,150.0,18.5,60.5,35.882,NaN,0.095,0.095,6.0,0.0,19.683,NaN,0.79,0.82,12.0,0.0
2026-07-30T00:00:00Z,150.0,18.5,61.5,35.869,NaN,0.095,0.097,6.0,0.0,19.663,NaN,0.79,0.815,12.0,0.0
2026-07-30T00:00:00Z,150.0,18.5,62.5,35.856,NaN,0.098,0.111,7.0,0.0,19.607,NaN,0.864,0.864,13.0,0.0
2026-07-30T00:00:00Z,150.0,18.5,63.5,35.848,NaN,0.096,0.108,8.0,0.0,19.52,NaN,0.767,0.856,14.0,0.0
2026-07-30T00:00:00Z,150.0,18.5,64.5,35.972,NaN,0.096,0.122,8.0,0.0,20.559,NaN,0.783,0.998,13.0,0.0
2026-07-30T00:00:00Z,150.0,18.5,65.5,35.951,NaN,0.084,0.1,3.0,0.0,20.976,NaN,0.068,0.082,3.0,0.0
2026-07-30T00:00:00Z,150.0,18.5,66.5,35.879,NaN,0.092,0.093,4.0,0.0,20.861,NaN,0.852,0.951,4.0,0.0
2026-07-30T00:00:00Z,150.0,18.5,67.5,35.775,NaN,0.092,0.129,4.0,0.0,19.063,NaN,0.852,1.619,4.0,0.0
2026-07-30T00:00:00Z,150.0,18.5,68.5,35.77,NaN,0.034,0.053,4.0,0.0,18.967,NaN,0.973,1.361,4.0,0.0
2026-07-30T00:00:00Z,150.0,18.5,69.5,35.771,NaN,0.01,0.014,2.0,0.0,18.966,NaN,0.02,0.028,2.0,0.0
2026-07-30T00:00:00Z,150.0,18.5,70.5,35.776,NaN,0.01,0.011,2.0,0.0,18.955,NaN,0.02,0.022,2.0,0.0
2026-07-30T00:00:00Z,150.0,18.5,71.5,NaN,NaN,NaN,NaN,NaN,NaN,NaN,NaN,NaN,NaN,NaN,NaN
2026-07-30T00:00:00Z,150.0,18.5,72.5,NaN,NaN,NaN,NaN,NaN,NaN,NaN,NaN,NaN,NaN,NaN,NaN
2026-07-30T00:00:00Z,150.0,18.5,73.5,NaN,NaN,NaN,NaN,NaN,NaN,NaN,NaN,NaN,NaN,NaN,NaN
2026-07-30T00:00:00Z,150.0,18.5,74.5,NaN,NaN,NaN,NaN,NaN,NaN,NaN,NaN,NaN,NaN,NaN,NaN
2026-07-30T00:00:00Z,150.0,18.5,75.5,NaN,NaN,NaN,NaN,NaN,NaN,NaN,NaN,NaN,NaN,NaN,NaN
2026-07-30T00:00:00Z,150.0,18.5,76.5,NaN,NaN,NaN,NaN,NaN,NaN,NaN,NaN,NaN,NaN,NaN,NaN
2026-07-30T00:00:00Z,150.0,18.5,77.5,NaN,NaN,NaN,NaN,NaN,NaN,NaN,NaN,NaN,NaN,NaN,NaN
2026-07-30T00:00:00Z,150.0,18.5,78.5,NaN,NaN,NaN,NaN,NaN,NaN,NaN,NaN,NaN,NaN,NaN,NaN
2026-07-30T00:00:00Z,150.0,19.5,50.5,NaN,NaN,NaN,NaN,NaN,NaN,NaN,NaN,NaN,NaN,NaN,NaN
2026-07-30T00:00:00Z,150.0,19.5,51.5,NaN,NaN,NaN,NaN,NaN,NaN,NaN,NaN,NaN,NaN,NaN,NaN
2026-07-30T00:00:00Z,150.0,19.5,52.5,NaN,NaN,NaN,NaN,NaN,NaN,NaN,NaN,NaN,NaN,NaN,NaN
2026-07-30T00:00:00Z,150.0,19.5,53.5,NaN,NaN,NaN,NaN,NaN,NaN,NaN,NaN,NaN,NaN,NaN,NaN
2026-07-30T00:00:00Z,150.0,19.5,54.5,NaN,NaN,NaN,NaN,NaN,NaN,NaN,NaN,NaN,NaN,NaN,NaN
2026-07-30T00:00:00Z,150.0,19.5,55.5,NaN,NaN,NaN,NaN,NaN,NaN,NaN,NaN,NaN,NaN,NaN,NaN
2026-07-30T00:00:00Z,150.0,19.5,56.5,NaN,NaN,NaN,NaN,NaN,NaN,NaN,NaN,NaN,NaN,NaN,NaN
2026-07-30T00:00:00Z,150.0,19.5,57.5,NaN,NaN,NaN,NaN,NaN,NaN,NaN,NaN,NaN,NaN,NaN,NaN
2026-07-30T00:00:00Z,150.0,19.5,58.5,35.851,NaN,0.0,0.0,1.0,0.0,17.765,NaN,0.839,1.154,2.0,0.0
2026-07-30T00:00:00Z,150.0,19.5,59.5,35.863,NaN,0.095,0.099,6.0,0.0,19.657,NaN,0.79,0.813,12.0,0.0
2026-07-30T00:00:00Z,150.0,19.5,60.5,35.89,NaN,0.107,0.11,7.0,0.0,19.625,NaN,0.879,0.879,13.0,0.0
2026-07-30T00:00:00Z,150.0,19.5,61.5,35.884,35.847,0.104,0.115,9.0,3.0,19.558,19.504,0.862,0.873,15.0,9.0
2026-07-30T00:00:00Z,150.0,19.5,62.5,35.874,NaN,0.101,0.12,10.0,0.0,19.459,NaN,0.835,0.87,16.0,0.0
2026-07-30T00:00:00Z,150.0,19.5,63.5,35.872,NaN,0.102,0.127,9.0,0.0,19.382,NaN,0.681,0.818,15.0,0.0
2026-07-30T00:00:00Z,150.0,19.5,64.5,35.97,NaN,0.135,0.145,14.0,0.0,19.987,NaN,0.603,0.616,19.0,0.0
2026-07-30T00:00:00Z,150.0,19.5,65.5,36.091,NaN,0.09,0.09,9.0,0.0,20.145,NaN,0.445,0.447,9.0,0.0
2026-07-30T00:00:00Z,150.0,19.5,66.5,36.148,NaN,0.137,0.161,9.0,0.0,19.856,NaN,0.409,0.41,9.0,0.0
2026-07-30T00:00:00Z,150.0,19.5,67.5,36.15,NaN,0.148,0.163,7.0,0.0,19.85,NaN,0.339,0.365,7.0,0.0
2026-07-30T00:00:00Z,150.0,19.5,68.5,35.792,NaN,0.179,0.315,7.0,0.0,19.019,NaN,0.431,0.713,7.0,0.0
2026-07-30T00:00:00Z,150.0,19.5,69.5,35.77,NaN,0.179,0.333,7.0,0.0,18.967,NaN,0.431,0.755,7.0,0.0
2026-07-30T00:00:00Z,150.0,19.5,70.5,NaN,NaN,NaN,NaN,NaN,NaN,NaN,NaN,NaN,NaN,NaN,NaN
2026-07-30T00:00:00Z,150.0,19.5,71.5,NaN,NaN,NaN,NaN,NaN,NaN,NaN,NaN,NaN,NaN,NaN,NaN
2026-07-30T00:00:00Z,150.0,19.5,72.5,NaN,NaN,NaN,NaN,NaN,NaN,NaN,NaN,NaN,NaN,NaN,NaN
2026-07-30T00:00:00Z,150.0,19.5,73.5,NaN,NaN,NaN,NaN,NaN,NaN,NaN,NaN,NaN,NaN,NaN,NaN
2026-07-30T00:00:00Z,150.0,19.5,74.5,NaN,NaN,NaN,NaN,NaN,NaN,NaN,NaN,NaN,NaN,NaN,NaN
2026-07-30T00:00:00Z,150.0,19.5,75.5,NaN,NaN,NaN,NaN,NaN,NaN,NaN,NaN,NaN,NaN,NaN,NaN
2026-07-30T00:00:00Z,150.0,19.5,76.5,NaN,NaN,NaN,NaN,NaN,NaN,NaN,NaN,NaN,NaN,NaN,NaN
2026-07-30T00:00:00Z,150.0,19.5,77.5,NaN,NaN,NaN,NaN,NaN,NaN,NaN,NaN,NaN,NaN,NaN,NaN
2026-07-30T00:00:00Z,150.0,19.5,78.5,NaN,NaN,NaN,NaN,NaN,NaN,NaN,NaN,NaN,NaN,NaN,NaN
2026-07-30T00:00:00Z,150.0,20.5,50.5,NaN,NaN,NaN,NaN,NaN,NaN,NaN,NaN,NaN,NaN,NaN,NaN
2026-07-30T00:00:00Z,150.0,20.5,51.5,NaN,NaN,NaN,NaN,NaN,NaN,NaN,NaN,NaN,NaN,NaN,NaN
2026-07-30T00:00:00Z,150.0,20.5,52.5,NaN,NaN,NaN,NaN,NaN,NaN,NaN,NaN,NaN,NaN,NaN,NaN
2026-07-30T00:00:00Z,150.0,20.5,53.5,NaN,NaN,NaN,NaN,NaN,NaN,NaN,NaN,NaN,NaN,NaN,NaN
2026-07-30T00:00:00Z,150.0,20.5,54.5,NaN,NaN,NaN,NaN,NaN,NaN,NaN,NaN,NaN,NaN,NaN,NaN
2026-07-30T00:00:00Z,150.0,20.5,55.5,NaN,NaN,NaN,NaN,NaN,NaN,NaN,NaN,NaN,NaN,NaN,NaN
2026-07-30T00:00:00Z,150.0,20.5,56.5,NaN,NaN,NaN,NaN,NaN,NaN,NaN,NaN,NaN,NaN,NaN,NaN
2026-07-30T00:00:00Z,150.0,20.5,57.5,NaN,NaN,NaN,NaN,NaN,NaN,NaN,NaN,NaN,NaN,NaN,NaN
2026-07-30T00:00:00Z,150.0,20.5,58.5,NaN,NaN,NaN,NaN,NaN,NaN,NaN,NaN,NaN,NaN,NaN,NaN
2026-07-30T00:00:00Z,150.0,20.5,59.5,35.854,NaN,0.237,0.268,6.0,0.0,19.589,NaN,0.697,0.733,12.0,0.0
2026-07-30T00:00:00Z,150.0,20.5,60.5,35.881,NaN,0.222,0.247,7.0,0.0,19.521,NaN,0.818,0.819,13.0,0.0
2026-07-30T00:00:00Z,150.0,20.5,61.5,35.908,36.008,0.197,0.215,9.0,1.0,19.456,19.576,0.819,0.835,15.0,1.0
2026-07-30T00:00:00Z,150.0,20.5,62.5,35.918,NaN,0.106,0.108,9.0,0.0,19.524,NaN,0.82,0.828,15.0,0.0
2026-07-30T00:00:00Z,150.0,20.5,63.5,35.974,NaN,0.107,0.11,8.0,0.0,19.646,NaN,0.663,0.675,14.0,0.0
2026-07-30T00:00:00Z,150.0,20.5,64.5,36.035,NaN,0.137,0.137,13.0,0.0,20.354,NaN,0.585,0.796,18.0,0.0
2026-07-30T00:00:00Z,150.0,20.5,65.5,36.094,NaN,0.09,0.09,9.0,0.0,20.047,NaN,0.445,0.448,9.0,0.0
2026-07-30T00:00:00Z,150.0,20.5,66.5,36.152,NaN,0.137,0.163,9.0,0.0,19.852,NaN,0.409,0.41,9.0,0.0
2026-07-30T00:00:00Z,150.0,20.5,67.5,36.154,NaN,0.148,0.165,7.0,0.0,19.852,NaN,0.339,0.365,7.0,0.0
2026-07-30T00:00:00Z,150.0,20.5,68.5,36.153,NaN,0.155,0.165,6.0,0.0,19.855,NaN,0.363,0.396,6.0,0.0
2026-07-30T00:00:00Z,150.0,20.5,69.5,36.151,NaN,0.155,0.165,6.0,0.0,19.857,NaN,0.363,0.397,6.0,0.0
2026-07-30T00:00:00Z,150.0,20.5,70.5,NaN,NaN,NaN,NaN,NaN,NaN,NaN,NaN,NaN,NaN,NaN,NaN
2026-07-30T00:00:00Z,150.0,20.5,71.5,NaN,NaN,NaN,NaN,NaN,NaN,NaN,NaN,NaN,NaN,NaN,NaN
2026-07-30T00:00:00Z,150.0,20.5,72.5,NaN,NaN,NaN,NaN,NaN,NaN,NaN,NaN,NaN,NaN,NaN,NaN
2026-07-30T00:00:00Z,150.0,20.5,73.5,NaN,NaN,NaN,NaN,NaN,NaN,NaN,NaN,NaN,NaN,NaN,NaN
2026-07-30T00:00:00Z,150.0,20.5,74.5,NaN,NaN,NaN,NaN,NaN,NaN,NaN,NaN,NaN,NaN,NaN,NaN
2026-07-30T00:00:00Z,150.0,20.5,75.5,NaN,NaN,NaN,NaN,NaN,NaN,NaN,NaN,NaN,NaN,NaN,NaN
2026-07-30T00:00:00Z,150.0,20.5,76.5,NaN,NaN,NaN,NaN,NaN,NaN,NaN,NaN,NaN,NaN,NaN,NaN
2026-07-30T00:00:00Z,150.0,20.5,77.5,NaN,NaN,NaN,NaN,NaN,NaN,NaN,NaN,NaN,NaN,NaN,NaN
2026-07-30T00:00:00Z,150.0,20.5,78.5,NaN,NaN,NaN,NaN,NaN,NaN,NaN,NaN,NaN,NaN,NaN,NaN
2026-07-30T00:00:00Z,150.0,21.5,50.5,NaN,NaN,NaN,NaN,NaN,NaN,NaN,NaN,NaN,NaN,NaN,NaN
2026-07-30T00:00:00Z,150.0,21.5,51.5,NaN,NaN,NaN,NaN,NaN,NaN,NaN,NaN,NaN,NaN,NaN,NaN
2026-07-30T00:00:00Z,150.0,21.5,52.5,NaN,NaN,NaN,NaN,NaN,NaN,NaN,NaN,NaN,NaN,NaN,NaN
2026-07-30T00:00:00Z,150.0,21.5,53.5,NaN,NaN,NaN,NaN,NaN,NaN,NaN,NaN,NaN,NaN,NaN,NaN
2026-07-30T00:00:00Z,150.0,21.5,54.5,NaN,NaN,NaN,NaN,NaN,NaN,NaN,NaN,NaN,NaN,NaN,NaN
2026-07-30T00:00:00Z,150.0,21.5,55.5,NaN,NaN,NaN,NaN,NaN,NaN,NaN,NaN,NaN,NaN,NaN,NaN
2026-07-30T00:00:00Z,150.0,21.5,56.5,NaN,NaN,NaN,NaN,NaN,NaN,NaN,NaN,NaN,NaN,NaN,NaN
2026-07-30T00:00:00Z,150.0,21.5,57.5,NaN,NaN,NaN,NaN,NaN,NaN,NaN,NaN,NaN,NaN,NaN,NaN
2026-07-30T00:00:00Z,150.0,21.5,58.5,NaN,NaN,NaN,NaN,NaN,NaN,NaN,NaN,NaN,NaN,NaN,NaN
2026-07-30T00:00:00Z,150.0,21.5,59.5,35.851,NaN,0.237,0.269,6.0,0.0,19.742,NaN,0.88,0.883,15.0,0.0
2026-07-30T00:00:00Z,150.0,21.5,60.5,35.862,35.851,0.222,0.256,7.0,1.0,19.703,17.719,0.922,0.924,16.0,1.0
2026-07-30T00:00:00Z,150.0,21.5,61.5,35.955,NaN,0.197,0.201,9.0,0.0,19.968,NaN,0.892,0.903,18.0,0.0
2026-07-30T00:00:00Z,150.0,21.5,62.5,36.013,36.063,0.106,0.129,9.0,1.0,20.559,21.126,0.888,1.14,18.0,1.0
2026-07-30T00:00:00Z,150.0,21.5,63.5,36.013,NaN,0.107,0.124,8.0,0.0,20.31,NaN,0.663,0.853,14.0,0.0
2026-07-30T00:00:00Z,150.0,21.5,64.5,36.024,36.056,0.137,0.137,13.0,1.0,20.289,20.452,0.585,0.753,18.0,1.0
2026-07-30T00:00:00Z,150.0,21.5,65.5,36.088,NaN,0.09,0.091,9.0,0.0,19.958,NaN,0.445,0.468,9.0,0.0
2026-07-30T00:00:00Z,150.0,21.5,66.5,36.153,36.062,0.095,0.109,8.0,1.0,19.847,19.665,0.275,0.304,8.0,1.0
2026-07-30T00:00:00Z,150.0,21.5,67.5,36.158,NaN,0.082,0.086,6.0,0.0,19.85,NaN,0.159,0.159,6.0,0.0
2026-07-30T00:00:00Z,150.0,21.5,68.5,36.157,NaN,0.059,0.059,5.0,0.0,19.855,NaN,0.174,0.174,5.0,0.0
2026-07-30T00:00:00Z,150.0,21.5,69.5,NaN,NaN,NaN,NaN,NaN,NaN,NaN,NaN,NaN,NaN,NaN,NaN
2026-07-30T00:00:00Z,150.0,21.5,70.5,NaN,NaN,NaN,NaN,NaN,NaN,NaN,NaN,NaN,NaN,NaN,NaN
2026-07-30T00:00:00Z,150.0,21.5,71.5,NaN,NaN,NaN,NaN,NaN,NaN,NaN,NaN,NaN,NaN,NaN,NaN
2026-07-30T00:00:00Z,150.0,21.5,72.5,NaN,NaN,NaN,NaN,NaN,NaN,NaN,NaN,NaN,NaN,NaN,NaN
2026-07-30T00:00:00Z,150.0,21.5,73.5,NaN,NaN,NaN,NaN,NaN,NaN,NaN,NaN,NaN,NaN,NaN,NaN
2026-07-30T00:00:00Z,150.0,21.5,74.5,NaN,NaN,NaN,NaN,NaN,NaN,NaN,NaN,NaN,NaN,NaN,NaN
2026-07-30T00:00:00Z,150.0,21.5,75.5,NaN,NaN,NaN,NaN,NaN,NaN,NaN,NaN,NaN,NaN,NaN,NaN
2026-07-30T00:00:00Z,150.0,21.5,76.5,NaN,NaN,NaN,NaN,NaN,NaN,NaN,NaN,NaN,NaN,NaN,NaN
2026-07-30T00:00:00Z,150.0,21.5,77.5,NaN,NaN,NaN,NaN,NaN,NaN,NaN,NaN,NaN,NaN,NaN,NaN
2026-07-30T00:00:00Z,150.0,21.5,78.5,NaN,NaN,NaN,NaN,NaN,NaN,NaN,NaN,NaN,NaN,NaN,NaN
2026-07-30T00:00:00Z,150.0,22.5,50.5,NaN,NaN,NaN,NaN,NaN,NaN,NaN,NaN,NaN,NaN,NaN,NaN
2026-07-30T00:00:00Z,150.0,22.5,51.5,NaN,NaN,NaN,NaN,NaN,NaN,NaN,NaN,NaN,NaN,NaN,NaN
2026-07-30T00:00:00Z,150.0,22.5,52.5,NaN,NaN,NaN,NaN,NaN,NaN,NaN,NaN,NaN,NaN,NaN,NaN
2026-07-30T00:00:00Z,150.0,22.5,53.5,NaN,NaN,NaN,NaN,NaN,NaN,NaN,NaN,NaN,NaN,NaN,NaN
2026-07-30T00:00:00Z,150.0,22.5,54.5,NaN,NaN,NaN,NaN,NaN,NaN,NaN,NaN,NaN,NaN,NaN,NaN
2026-07-30T00:00:00Z,150.0,22.5,55.5,NaN,NaN,NaN,NaN,NaN,NaN,NaN,NaN,NaN,NaN,NaN,NaN
2026-07-30T00:00:00Z,150.0,22.5,56.5,NaN,NaN,NaN,NaN,NaN,NaN,NaN,NaN,NaN,NaN,NaN,NaN
2026-07-30T00:00:00Z,150.0,22.5,57.5,NaN,NaN,NaN,NaN,NaN,NaN,NaN,NaN,NaN,NaN,NaN,NaN
2026-07-30T00:00:00Z,150.0,22.5,58.5,NaN,NaN,NaN,NaN,NaN,NaN,NaN,NaN,NaN,NaN,NaN,NaN
2026-07-30T00:00:00Z,150.0,22.5,59.5,36.351,NaN,0.302,0.418,7.0,0.0,19.715,NaN,1.041,1.041,11.0,0.0
2026-07-30T00:00:00Z,150.0,22.5,60.5,36.123,NaN,0.283,0.289,8.0,0.0,20.477,NaN,1.066,1.227,12.0,0.0
2026-07-30T00:00:00Z,150.0,22.5,61.5,36.017,NaN,0.255,0.257,10.0,0.0,20.787,NaN,1.004,1.312,14.0,0.0
2026-07-30T00:00:00Z,150.0,22.5,62.5,36.014,NaN,0.214,0.214,10.0,0.0,20.749,NaN,0.997,1.269,14.0,0.0
2026-07-30T00:00:00Z,150.0,22.5,63.5,35.991,35.947,0.107,0.115,8.0,1.0,20.452,20.315,0.801,1.057,8.0,1.0
2026-07-30T00:00:00Z,150.0,22.5,64.5,36.008,NaN,0.137,0.139,13.0,0.0,20.169,NaN,0.638,0.741,13.0,0.0
2026-07-30T00:00:00Z,150.0,22.5,65.5,36.072,35.994,0.09,0.093,9.0,1.0,19.893,19.82,0.445,0.492,9.0,1.0
2026-07-30T00:00:00Z,150.0,22.5,66.5,36.152,36.185,0.095,0.109,8.0,4.0,19.84,19.888,0.275,0.306,8.0,4.0
2026-07-30T00:00:00Z,150.0,22.5,67.5,36.161,NaN,0.082,0.087,6.0,0.0,19.847,NaN,0.159,0.159,6.0,0.0
2026-07-30T00:00:00Z,150.0,22.5,68.5,NaN,NaN,NaN,NaN,NaN,NaN,NaN,NaN,NaN,NaN,NaN,NaN
2026-07-30T00:00:00Z,150.0,22.5,69.5,NaN,NaN,NaN,NaN,NaN,NaN,NaN,NaN,NaN,NaN,NaN,NaN
2026-07-30T00:00:00Z,150.0,22.5,70.5,NaN,NaN,NaN,NaN,NaN,NaN,NaN,NaN,NaN,NaN,NaN,NaN
2026-07-30T00:00:00Z,150.0,22.5,71.5,NaN,NaN,NaN,NaN,NaN,NaN,NaN,NaN,NaN,NaN,NaN,NaN
2026-07-30T00:00:00Z,150.0,22.5,72.5,NaN,NaN,NaN,NaN,NaN,NaN,NaN,NaN,NaN,NaN,NaN,NaN
2026-07-30T00:00:00Z,150.0,22.5,73.5,NaN,NaN,NaN,NaN,NaN,NaN,NaN,NaN,NaN,NaN,NaN,NaN
2026-07-30T00:00:00Z,150.0,22.5,74.5,NaN,NaN,NaN,NaN,NaN,NaN,NaN,NaN,NaN,NaN,NaN,NaN
2026-07-30T00:00:00Z,150.0,22.5,75.5,NaN,NaN,NaN,NaN,NaN,NaN,NaN,NaN,NaN,NaN,NaN,NaN
2026-07-30T00:00:00Z,150.0,22.5,76.5,NaN,NaN,NaN,NaN,NaN,NaN,NaN,NaN,NaN,NaN,NaN,NaN
2026-07-30T00:00:00Z,150.0,22.5,77.5,NaN,NaN,NaN,NaN,NaN,NaN,NaN,NaN,NaN,NaN,NaN,NaN
2026-07-30T00:00:00Z,150.0,22.5,78.5,NaN,NaN,NaN,NaN,NaN,NaN,NaN,NaN,NaN,NaN,NaN,NaN
2026-07-30T00:00:00Z,150.0,23.5,50.5,NaN,NaN,NaN,NaN,NaN,NaN,NaN,NaN,NaN,NaN,NaN,NaN
2026-07-30T00:00:00Z,150.0,23.5,51.5,NaN,NaN,NaN,NaN,NaN,NaN,NaN,NaN,NaN,NaN,NaN,NaN
2026-07-30T00:00:00Z,150.0,23.5,52.5,NaN,NaN,NaN,NaN,NaN,NaN,NaN,NaN,NaN,NaN,NaN,NaN
2026-07-30T00:00:00Z,150.0,23.5,53.5,NaN,NaN,NaN,NaN,NaN,NaN,NaN,NaN,NaN,NaN,NaN,NaN
2026-07-30T00:00:00Z,150.0,23.5,54.5,NaN,NaN,NaN,NaN,NaN,NaN,NaN,NaN,NaN,NaN,NaN,NaN
2026-07-30T00:00:00Z,150.0,23.5,55.5,NaN,NaN,NaN,NaN,NaN,NaN,NaN,NaN,NaN,NaN,NaN,NaN
2026-07-30T00:00:00Z,150.0,23.5,56.5,NaN,NaN,NaN,NaN,NaN,NaN,NaN,NaN,NaN,NaN,NaN,NaN
2026-07-30T00:00:00Z,150.0,23.5,57.5,NaN,NaN,NaN,NaN,NaN,NaN,NaN,NaN,NaN,NaN,NaN,NaN
2026-07-30T00:00:00Z,150.0,23.5,58.5,36.471,NaN,0.317,0.363,3.0,0.0,19.851,NaN,1.1,1.136,7.0,0.0
2026-07-30T00:00:00Z,150.0,23.5,59.5,36.484,36.466,0.317,0.369,3.0,1.0,20.382,19.518,1.1,1.128,7.0,1.0
2026-07-30T00:00:00Z,150.0,23.5,60.5,36.511,NaN,0.293,0.401,4.0,0.0,20.693,20.771,1.081,1.166,8.0,2.0
2026-07-30T00:00:00Z,150.0,23.5,61.5,36.405,NaN,0.265,0.362,6.0,0.0,20.783,NaN,0.968,1.091,10.0,0.0
2026-07-30T00:00:00Z,150.0,23.5,62.5,35.985,NaN,0.23,0.249,6.0,0.0,20.599,NaN,0.949,0.991,10.0,0.0
2026-07-30T00:00:00Z,150.0,23.5,63.5,35.973,NaN,0.048,0.064,4.0,0.0,20.34,NaN,0.466,0.475,4.0,0.0
2026-07-30T00:00:00Z,150.0,23.5,64.5,35.996,NaN,0.09,0.135,9.0,0.0,20.05,NaN,0.445,0.448,9.0,0.0
2026-07-30T00:00:00Z,150.0,23.5,65.5,36.053,NaN,0.09,0.1,9.0,0.0,19.854,NaN,0.445,0.51,9.0,0.0
2026-07-30T00:00:00Z,150.0,23.5,66.5,36.148,NaN,0.095,0.107,8.0,0.0,19.832,NaN,0.275,0.31,8.0,0.0
2026-07-30T00:00:00Z,150.0,23.5,67.5,NaN,NaN,NaN,NaN,NaN,NaN,NaN,NaN,NaN,NaN,NaN,NaN
2026-07-30T00:00:00Z,150.0,23.5,68.5,NaN,NaN,NaN,NaN,NaN,NaN,NaN,NaN,NaN,NaN,NaN,NaN
2026-07-30T00:00:00Z,150.0,23.5,69.5,NaN,NaN,NaN,NaN,NaN,NaN,NaN,NaN,NaN,NaN,NaN,NaN
2026-07-30T00:00:00Z,150.0,23.5,70.5,NaN,NaN,NaN,NaN,NaN,NaN,NaN,NaN,NaN,NaN,NaN,NaN
2026-07-30T00:00:00Z,150.0,23.5,71.5,NaN,NaN,NaN,NaN,NaN,NaN,NaN,NaN,NaN,NaN,NaN,NaN
2026-07-30T00:00:00Z,150.0,23.5,72.5,NaN,NaN,NaN,NaN,NaN,NaN,NaN,NaN,NaN,NaN,NaN,NaN
2026-07-30T00:00:00Z,150.0,23.5,73.5,NaN,NaN,NaN,NaN,NaN,NaN,NaN,NaN,NaN,NaN,NaN,NaN
2026-07-30T00:00:00Z,150.0,23.5,74.5,NaN,NaN,NaN,NaN,NaN,NaN,NaN,NaN,NaN,NaN,NaN,NaN
2026-07-30T00:00:00Z,150.0,23.5,75.5,NaN,NaN,NaN,NaN,NaN,NaN,NaN,NaN,NaN,NaN,NaN,NaN
2026-07-30T00:00:00Z,150.0,23.5,76.5,NaN,NaN,NaN,NaN,NaN,NaN,NaN,NaN,NaN,NaN,NaN,NaN
2026-07-30T00:00:00Z,150.0,23.5,77.5,NaN,NaN,NaN,NaN,NaN,NaN,NaN,NaN,NaN,NaN,NaN,NaN
2026-07-30T00:00:00Z,150.0,23.5,78.5,NaN,NaN,NaN,NaN,NaN,NaN,NaN,NaN,NaN,NaN,NaN,NaN
2026-07-30T00:00:00Z,150.0,24.5,50.5,NaN,NaN,NaN,NaN,NaN,NaN,NaN,NaN,NaN,NaN,NaN,NaN
2026-07-30T00:00:00Z,150.0,24.5,51.5,NaN,NaN,NaN,NaN,NaN,NaN,NaN,NaN,NaN,NaN,NaN,NaN
2026-07-30T00:00:00Z,150.0,24.5,52.5,NaN,NaN,NaN,NaN,NaN,NaN,NaN,NaN,NaN,NaN,NaN,NaN
2026-07-30T00:00:00Z,150.0,24.5,53.5,NaN,NaN,NaN,NaN,NaN,NaN,NaN,NaN,NaN,NaN,NaN,NaN
2026-07-30T00:00:00Z,150.0,24.5,54.5,NaN,NaN,NaN,NaN,NaN,NaN,NaN,NaN,NaN,NaN,NaN,NaN
2026-07-30T00:00:00Z,150.0,24.5,55.5,NaN,NaN,NaN,NaN,NaN,NaN,NaN,NaN,NaN,NaN,NaN,NaN
2026-07-30T00:00:00Z,150.0,24.5,56.5,NaN,NaN,NaN,NaN,NaN,NaN,NaN,NaN,NaN,NaN,NaN,NaN
2026-07-30T00:00:00Z,150.0,24.5,57.5,36.482,NaN,0.052,0.063,2.0,0.0,19.857,NaN,0.53,0.859,6.0,0.0
2026-07-30T00:00:00Z,150.0,24.5,58.5,36.512,NaN,0.052,0.052,2.0,0.0,20.342,NaN,0.53,0.563,6.0,0.0
2026-07-30T00:00:00Z,150.0,24.5,59.5,36.547,36.57,0.052,0.06,2.0,1.0,20.648,20.332,0.53,0.542,6.0,1.0
2026-07-30T00:00:00Z,150.0,24.5,60.5,36.564,NaN,0.219,0.295,3.0,0.0,20.773,20.948,0.533,0.555,7.0,3.0
2026-07-30T00:00:00Z,150.0,24.5,61.5,36.567,NaN,0.249,0.427,5.0,0.0,20.811,NaN,0.481,0.54,9.0,0.0
2026-07-30T00:00:00Z,150.0,24.5,62.5,36.26,NaN,0.226,0.263,5.0,0.0,20.801,NaN,0.412,0.459,9.0,0.0
2026-07-30T00:00:00Z,150.0,24.5,63.5,35.964,NaN,0.048,0.07,4.0,0.0,20.267,NaN,0.466,0.494,4.0,0.0
2026-07-30T00:00:00Z,150.0,24.5,64.5,35.991,NaN,0.09,0.138,9.0,0.0,19.964,NaN,0.445,0.466,9.0,0.0
2026-07-30T00:00:00Z,150.0,24.5,65.5,36.035,NaN,0.09,0.109,9.0,0.0,19.834,NaN,0.445,0.52,9.0,0.0
2026-07-30T00:00:00Z,150.0,24.5,66.5,NaN,NaN,NaN,NaN,NaN,NaN,NaN,NaN,NaN,NaN,NaN,NaN
2026-07-30T00:00:00Z,150.0,24.5,67.5,NaN,NaN,NaN,NaN,NaN,NaN,NaN,NaN,NaN,NaN,NaN,NaN
2026-07-30T00:00:00Z,150.0,24.5,68.5,NaN,NaN,NaN,NaN,NaN,NaN,NaN,NaN,NaN,NaN,NaN,NaN
2026-07-30T00:00:00Z,150.0,24.5,69.5,NaN,NaN,NaN,NaN,NaN,NaN,NaN,NaN,NaN,NaN,NaN,NaN
2026-07-30T00:00:00Z,150.0,24.5,70.5,NaN,NaN,NaN,NaN,NaN,NaN,NaN,NaN,NaN,NaN,NaN,NaN
2026-07-30T00:00:00Z,150.0,24.5,71.5,NaN,NaN,NaN,NaN,NaN,NaN,NaN,NaN,NaN,NaN,NaN,NaN
2026-07-30T00:00:00Z,150.0,24.5,72.5,NaN,NaN,NaN,NaN,NaN,NaN,NaN,NaN,NaN,NaN,NaN,NaN
2026-07-30T00:00:00Z,150.0,24.5,73.5,NaN,NaN,NaN,NaN,NaN,NaN,NaN,NaN,NaN,NaN,NaN,NaN
2026-07-30T00:00:00Z,150.0,24.5,74.5,NaN,NaN,NaN,NaN,NaN,NaN,NaN,NaN,NaN,NaN,NaN,NaN
2026-07-30T00:00:00Z,150.0,24.5,75.5,NaN,NaN,NaN,NaN,NaN,NaN,NaN,NaN,NaN,NaN,NaN,NaN
2026-07-30T00:00:00Z,150.0,24.5,76.5,NaN,NaN,NaN,NaN,NaN,NaN,NaN,NaN,NaN,NaN,NaN,NaN
2026-07-30T00:00:00Z,150.0,24.5,77.5,NaN,NaN,NaN,NaN,NaN,NaN,NaN,NaN,NaN,NaN,NaN,NaN
2026-07-30T00:00:00Z,150.0,24.5,78.5,NaN,NaN,NaN,NaN,NaN,NaN,NaN,NaN,NaN,NaN,NaN,NaN
2026-07-30T00:00:00Z,150.0,25.5,50.5,NaN,NaN,NaN,NaN,NaN,NaN,NaN,NaN,NaN,NaN,NaN,NaN
2026-07-30T00:00:00Z,150.0,25.5,51.5,NaN,NaN,NaN,NaN,NaN,NaN,NaN,NaN,NaN,NaN,NaN,NaN
2026-07-30T00:00:00Z,150.0,25.5,52.5,NaN,NaN,NaN,NaN,NaN,NaN,NaN,NaN,NaN,NaN,NaN,NaN
2026-07-30T00:00:00Z,150.0,25.5,53.5,NaN,NaN,NaN,NaN,NaN,NaN,NaN,NaN,NaN,NaN,NaN,NaN
2026-07-30T00:00:00Z,150.0,25.5,54.5,NaN,NaN,NaN,NaN,NaN,NaN,NaN,NaN,NaN,NaN,NaN,NaN
2026-07-30T00:00:00Z,150.0,25.5,55.5,NaN,NaN,NaN,NaN,NaN,NaN,NaN,NaN,NaN,NaN,NaN,NaN
2026-07-30T00:00:00Z,150.0,25.5,56.5,NaN,NaN,NaN,NaN,NaN,NaN,NaN,NaN,NaN,NaN,NaN,NaN
2026-07-30T00:00:00Z,150.0,25.5,57.5,36.541,NaN,0.052,0.057,2.0,0.0,20.371,NaN,0.53,0.554,6.0,0.0
2026-07-30T00:00:00Z,150.0,25.5,58.5,NaN,NaN,NaN,NaN,NaN,NaN,NaN,NaN,NaN,NaN,NaN,NaN
2026-07-30T00:00:00Z,150.0,25.5,59.5,NaN,NaN,NaN,NaN,NaN,NaN,NaN,NaN,NaN,NaN,NaN,NaN
2026-07-30T00:00:00Z,150.0,25.5,60.5,NaN,NaN,NaN,NaN,NaN,NaN,NaN,NaN,NaN,NaN,NaN,NaN
2026-07-30T00:00:00Z,150.0,25.5,61.5,NaN,NaN,NaN,NaN,NaN,NaN,NaN,NaN,NaN,NaN,NaN,NaN
2026-07-30T00:00:00Z,150.0,25.5,62.5,NaN,NaN,NaN,NaN,NaN,NaN,NaN,NaN,NaN,NaN,NaN,NaN
2026-07-30T00:00:00Z,150.0,25.5,63.5,NaN,NaN,NaN,NaN,NaN,NaN,NaN,NaN,NaN,NaN,NaN,NaN
2026-07-30T00:00:00Z,150.0,25.5,64.5,NaN,NaN,NaN,NaN,NaN,NaN,NaN,NaN,NaN,NaN,NaN,NaN
2026-07-30T00:00:00Z,150.0,25.5,65.5,NaN,NaN,NaN,NaN,NaN,NaN,NaN,NaN,NaN,NaN,NaN,NaN
2026-07-30T00:00:00Z,150.0,25.5,66.5,NaN,NaN,NaN,NaN,NaN,NaN,NaN,NaN,NaN,NaN,NaN,NaN
2026-07-30T00:00:00Z,150.0,25.5,67.5,NaN,NaN,NaN,NaN,NaN,NaN,NaN,NaN,NaN,NaN,NaN,NaN
2026-07-30T00:00:00Z,150.0,25.5,68.5,NaN,NaN,NaN,NaN,NaN,NaN,NaN,NaN,NaN,NaN,NaN,NaN
2026-07-30T00:00:00Z,150.0,25.5,69.5,NaN,NaN,NaN,NaN,NaN,NaN,NaN,NaN,NaN,NaN,NaN,NaN
2026-07-30T00:00:00Z,150.0,25.5,70.5,NaN,NaN,NaN,NaN,NaN,NaN,NaN,NaN,NaN,NaN,NaN,NaN
2026-07-30T00:00:00Z,150.0,25.5,71.5,NaN,NaN,NaN,NaN,NaN,NaN,NaN,NaN,NaN,NaN,NaN,NaN
2026-07-30T00:00:00Z,150.0,25.5,72.5,NaN,NaN,NaN,NaN,NaN,NaN,NaN,NaN,NaN,NaN,NaN,NaN
2026-07-30T00:00:00Z,150.0,25.5,73.5,NaN,NaN,NaN,NaN,NaN,NaN,NaN,NaN,NaN,NaN,NaN,NaN
2026-07-30T00:00:00Z,150.0,25.5,74.5,NaN,NaN,NaN,NaN,NaN,NaN,NaN,NaN,NaN,NaN,NaN,NaN
2026-07-30T00:00:00Z,150.0,25.5,75.5,NaN,NaN,NaN,NaN,NaN,NaN,NaN,NaN,NaN,NaN,NaN,NaN
2026-07-30T00:00:00Z,150.0,25.5,76.5,NaN,NaN,NaN,NaN,NaN,NaN,NaN,NaN,NaN,NaN,NaN,NaN
2026-07-30T00:00:00Z,150.0,25.5,77.5,NaN,NaN,NaN,NaN,NaN,NaN,NaN,NaN,NaN,NaN,NaN,NaN
2026-07-30T00:00:00Z,150.0,25.5,78.5,NaN,NaN,NaN,NaN,NaN,NaN,NaN,NaN,NaN,NaN,NaN,NaN
2026-07-30T00:00:00Z,200.0,5.5,50.5,35.224,NaN,0.0,0.0,1.0,0.0,13.863,NaN,0.0,0.0,1.0,0.0
2026-07-30T00:00:00Z,200.0,5.5,51.5,35.224,NaN,0.0,0.0,1.0,0.0,13.863,NaN,0.0,0.0,1.0,0.0
2026-07-30T00:00:00Z,200.0,5.5,52.5,NaN,NaN,NaN,NaN,NaN,NaN,NaN,NaN,NaN,NaN,NaN,NaN
2026-07-30T00:00:00Z,200.0,5.5,53.5,NaN,NaN,NaN,NaN,NaN,NaN,NaN,NaN,NaN,NaN,NaN,NaN
2026-07-30T00:00:00Z,200.0,5.5,54.5,NaN,NaN,NaN,NaN,NaN,NaN,NaN,NaN,NaN,NaN,NaN,NaN
2026-07-30T00:00:00Z,200.0,5.5,55.5,NaN,NaN,NaN,NaN,NaN,NaN,NaN,NaN,NaN,NaN,NaN,NaN
2026-07-30T00:00:00Z,200.0,5.5,56.5,NaN,NaN,NaN,NaN,NaN,NaN,14.342,NaN,0.0,0.0,1.0,0.0
2026-07-30T00:00:00Z,200.0,5.5,57.5,35.41,NaN,0.0,0.0,1.0,0.0,14.342,NaN,0.784,1.108,2.0,0.0
2026-07-30T00:00:00Z,200.0,5.5,58.5,35.41,NaN,0.0,0.0,1.0,0.0,14.342,NaN,0.784,1.108,2.0,0.0
2026-07-30T00:00:00Z,200.0,5.5,59.5,35.41,NaN,0.0,0.0,1.0,0.0,14.344,NaN,0.784,1.107,2.0,0.0
2026-07-30T00:00:00Z,200.0,5.5,60.5,35.41,NaN,0.0,0.0,1.0,0.0,14.354,NaN,0.784,1.1,2.0,0.0
2026-07-30T00:00:00Z,200.0,5.5,61.5,35.41,NaN,0.0,0.0,1.0,0.0,14.416,NaN,0.784,1.057,2.0,0.0
2026-07-30T00:00:00Z,200.0,5.5,62.5,35.215,NaN,0.093,0.113,3.0,0.0,14.207,NaN,0.968,1.636,3.0,0.0
2026-07-30T00:00:00Z,200.0,5.5,63.5,35.215,NaN,0.001,0.002,2.0,0.0,14.202,NaN,1.138,1.606,2.0,0.0
2026-07-30T00:00:00Z,200.0,5.5,64.5,35.215,35.215,0.001,0.002,2.0,1.0,14.2,14.197,1.138,1.607,2.0,1.0
2026-07-30T00:00:00Z,200.0,5.5,65.5,35.214,35.215,0.023,0.032,4.0,1.0,14.199,14.197,0.952,1.165,4.0,1.0
2026-07-30T00:00:00Z,200.0,5.5,66.5,35.178,NaN,0.019,0.021,7.0,0.0,14.27,NaN,0.809,0.857,7.0,0.0
2026-07-30T00:00:00Z,200.0,5.5,67.5,35.17,35.17,0.019,0.025,7.0,2.0,14.347,14.404,0.809,0.834,7.0,2.0
2026-07-30T00:00:00Z,200.0,5.5,68.5,35.174,35.18,0.022,0.023,6.0,1.0,14.128,14.697,0.216,0.25,6.0,1.0
2026-07-30T00:00:00Z,200.0,5.5,69.5,35.177,35.177,0.022,0.024,6.0,1.0,14.155,14.208,0.216,0.238,6.0,1.0
2026-07-30T00:00:00Z,200.0,5.5,70.5,35.178,NaN,0.021,0.023,7.0,0.0,14.249,NaN,0.207,0.208,7.0,0.0
2026-07-30T00:00:00Z,200.0,5.5,71.5,35.179,NaN,0.022,0.024,6.0,0.0,14.326,NaN,0.131,0.244,6.0,0.0
2026-07-30T00:00:00Z,200.0,5.5,72.5,35.126,NaN,0.023,0.042,4.0,0.0,14.305,NaN,0.207,0.345,4.0,0.0
2026-07-30T00:00:00Z,200.0,5.5,73.5,35.178,NaN,0.029,0.04,5.0,0.0,13.911,NaN,0.25,0.252,5.0,0.0
2026-07-30T00:00:00Z,200.0,5.5,74.5,35.178,NaN,0.028,0.034,4.0,0.0,13.866,NaN,0.178,0.178,4.0,0.0
2026-07-30T00:00:00Z,200.0,5.5,75.5,35.156,NaN,0.028,0.028,4.0,0.0,13.775,NaN,0.178,0.192,4.0,0.0
2026-07-30T00:00:00Z,200.0,5.5,76.5,35.118,NaN,0.031,0.047,3.0,0.0,13.636,NaN,0.12,0.176,3.0,0.0
2026-07-30T00:00:00Z,200.0,5.5,77.5,35.111,NaN,0.028,0.039,2.0,0.0,13.612,NaN,0.087,0.121,2.0,0.0
2026-07-30T00:00:00Z,200.0,5.5,78.5,35.111,NaN,0.0,0.0,1.0,0.0,13.611,NaN,0.0,0.0,1.0,0.0
2026-07-30T00:00:00Z,200.0,6.5,50.5,35.224,NaN,0.0,0.0,1.0,0.0,13.863,NaN,0.0,0.0,1.0,0.0
2026-07-30T00:00:00Z,200.0,6.5,51.5,35.224,NaN,0.0,0.0,1.0,0.0,13.863,NaN,0.0,0.0,1.0,0.0
2026-07-30T00:00:00Z,200.0,6.5,52.5,NaN,NaN,NaN,NaN,NaN,NaN,NaN,NaN,NaN,NaN,NaN,NaN
2026-07-30T00:00:00Z,200.0,6.5,53.5,35.38,NaN,0.0,0.0,1.0,0.0,15.043,NaN,0.0,0.0,1.0,0.0
2026-07-30T00:00:00Z,200.0,6.5,54.5,35.38,NaN,0.0,0.0,1.0,0.0,15.043,NaN,0.0,0.0,1.0,0.0
2026-07-30T00:00:00Z,200.0,6.5,55.5,35.38,NaN,0.0,0.0,1.0,0.0,15.043,NaN,0.0,0.0,1.0,0.0
2026-07-30T00:00:00Z,200.0,6.5,56.5,35.38,NaN,0.0,0.0,1.0,0.0,14.941,NaN,0.351,0.43,2.0,0.0
2026-07-30T00:00:00Z,200.0,6.5,57.5,35.387,NaN,0.015,0.017,2.0,0.0,14.387,NaN,0.641,0.957,3.0,0.0
2026-07-30T00:00:00Z,200.0,6.5,58.5,35.409,NaN,0.082,0.108,3.0,0.0,14.458,NaN,0.571,0.801,4.0,0.0
2026-07-30T00:00:00Z,200.0,6.5,59.5,35.398,NaN,0.08,0.127,3.0,0.0,14.874,NaN,0.759,0.871,4.0,0.0
2026-07-30T00:00:00Z,200.0,6.5,60.5,35.326,NaN,0.08,0.084,3.0,0.0,15.267,NaN,0.759,0.76,4.0,0.0
2026-07-30T00:00:00Z,200.0,6.5,61.5,35.243,NaN,0.08,0.098,3.0,0.0,14.971,NaN,0.759,0.828,4.0,0.0
2026-07-30T00:00:00Z,200.0,6.5,62.5,35.225,NaN,0.076,0.094,6.0,0.0,14.885,NaN,0.794,1.024,6.0,0.0
2026-07-30T00:00:00Z,200.0,6.5,63.5,35.215,NaN,0.054,0.067,5.0,0.0,14.52,NaN,0.85,1.265,5.0,0.0
2026-07-30T00:00:00Z,200.0,6.5,64.5,35.215,NaN,0.058,0.075,4.0,0.0,14.391,NaN,0.874,1.511,4.0,0.0
2026-07-30T00:00:00Z,200.0,6.5,65.5,35.214,NaN,0.069,0.07,5.0,0.0,14.31,NaN,0.908,1.156,5.0,0.0
2026-07-30T00:00:00Z,200.0,6.5,66.5,35.178,NaN,0.059,0.066,8.0,0.0,14.266,NaN,0.84,0.941,8.0,0.0
2026-07-30T00:00:00Z,200.0,6.5,67.5,35.17,NaN,0.055,0.067,9.0,0.0,14.352,NaN,0.795,0.854,9.0,0.0
2026-07-30T00:00:00Z,200.0,6.5,68.5,35.178,NaN,0.026,0.026,7.0,0.0,14.302,NaN,0.214,0.214,7.0,0.0
2026-07-30T00:00:00Z,200.0,6.5,69.5,35.184,35.192,0.026,0.028,7.0,1.0,14.182,14.114,0.214,0.237,7.0,1.0
2026-07-30T00:00:00Z,200.0,6.5,70.5,35.186,NaN,0.026,0.028,7.0,0.0,14.166,NaN,0.214,0.244,7.0,0.0
2026-07-30T00:00:00Z,200.0,6.5,71.5,35.186,NaN,0.027,0.029,6.0,0.0,14.274,NaN,0.183,0.205,6.0,0.0
2026-07-30T00:00:00Z,200.0,6.5,72.5,35.169,NaN,0.032,0.032,4.0,0.0,13.983,NaN,0.286,0.317,4.0,0.0
2026-07-30T00:00:00Z,200.0,6.5,73.5,35.18,NaN,0.03,0.046,4.0,0.0,13.88,NaN,0.265,0.267,4.0,0.0
2026-07-30T00:00:00Z,200.0,6.5,74.5,35.177,35.183,0.031,0.039,3.0,1.0,13.857,13.902,0.12,0.151,3.0,1.0
2026-07-30T00:00:00Z,200.0,6.5,75.5,35.173,NaN,0.031,0.036,3.0,0.0,13.829,NaN,0.12,0.135,3.0,0.0
2026-07-30T00:00:00Z,200.0,6.5,76.5,35.169,NaN,0.031,0.035,3.0,0.0,13.803,NaN,0.12,0.125,3.0,0.0
2026-07-30T00:00:00Z,200.0,6.5,77.5,35.157,NaN,0.028,0.033,2.0,0.0,13.752,NaN,0.087,0.102,2.0,0.0
2026-07-30T00:00:00Z,200.0,6.5,78.5,35.111,NaN,0.0,0.0,1.0,0.0,13.611,NaN,0.0,0.0,1.0,0.0
2026-07-30T00:00:00Z,200.0,7.5,50.5,35.224,NaN,0.0,0.0,1.0,0.0,13.863,NaN,0.0,0.0,1.0,0.0
2026-07-30T00:00:00Z,200.0,7.5,51.5,35.224,NaN,0.0,0.0,1.0,0.0,13.863,NaN,0.0,0.0,1.0,0.0
2026-07-30T00:00:00Z,200.0,7.5,52.5,NaN,NaN,NaN,NaN,NaN,NaN,NaN,NaN,NaN,NaN,NaN,NaN
2026-07-30T00:00:00Z,200.0,7.5,53.5,35.38,NaN,0.0,0.0,1.0,0.0,15.043,NaN,0.0,0.0,1.0,0.0
2026-07-30T00:00:00Z,200.0,7.5,54.5,35.38,NaN,0.0,0.0,1.0,0.0,15.043,NaN,0.0,0.0,1.0,0.0
2026-07-30T00:00:00Z,200.0,7.5,55.5,35.38,NaN,0.0,0.0,1.0,0.0,15.043,NaN,0.0,0.0,1.0,0.0
2026-07-30T00:00:00Z,200.0,7.5,56.5,35.38,NaN,0.0,0.0,1.0,0.0,15.043,NaN,0.351,0.496,2.0,0.0
2026-07-30T00:00:00Z,200.0,7.5,57.5,35.385,NaN,0.015,0.018,2.0,0.0,15.153,NaN,0.641,0.643,3.0,0.0
2026-07-30T00:00:00Z,200.0,7.5,58.5,35.408,NaN,0.082,0.108,3.0,0.0,15.853,NaN,0.571,1.009,4.0,0.0
2026-07-30T00:00:00Z,200.0,7.5,59.5,35.395,NaN,0.078,0.108,4.0,0.0,15.817,NaN,0.759,0.917,4.0,0.0
2026-07-30T00:00:00Z,200.0,7.5,60.5,35.317,NaN,0.075,0.081,6.0,0.0,15.396,NaN,0.924,0.988,6.0,0.0
2026-07-30T00:00:00Z,200.0,7.5,61.5,35.249,NaN,0.075,0.124,6.0,0.0,15.11,NaN,0.924,1.122,6.0,0.0
2026-07-30T00:00:00Z,200.0,7.5,62.5,35.252,NaN,0.083,0.107,9.0,0.0,15.41,NaN,0.87,0.957,8.0,0.0
2026-07-30T00:00:00Z,200.0,7.5,63.5,35.22,NaN,0.081,0.119,8.0,0.0,16.27,NaN,0.929,1.044,7.0,0.0
2026-07-30T00:00:00Z,200.0,7.5,64.5,35.218,NaN,0.08,0.128,7.0,0.0,16.15,NaN,0.9,0.92,6.0,0.0
2026-07-30T00:00:00Z,200.0,7.5,65.5,35.226,NaN,0.099,0.111,7.0,0.0,15.948,NaN,1.087,1.18,7.0,0.0
2026-07-30T00:00:00Z,200.0,7.5,66.5,35.19,NaN,0.059,0.061,8.0,0.0,14.482,NaN,0.84,0.865,8.0,0.0
2026-07-30T00:00:00Z,200.0,7.5,67.5,35.174,NaN,0.055,0.065,9.0,0.0,14.312,NaN,0.795,0.87,9.0,0.0
2026-07-30T00:00:00Z,200.0,7.5,68.5,35.188,NaN,0.047,0.047,8.0,0.0,14.2,NaN,0.279,0.32,8.0,0.0
2026-07-30T00:00:00Z,200.0,7.5,69.5,35.192,NaN,0.047,0.047,8.0,0.0,14.16,NaN,0.279,0.342,8.0,0.0
2026-07-30T00:00:00Z,200.0,7.5,70.5,35.193,NaN,0.047,0.048,8.0,0.0,14.203,NaN,0.279,0.319,8.0,0.0
2026-07-30T00:00:00Z,200.0,7.5,71.5,35.191,NaN,0.049,0.049,7.0,0.0,14.182,NaN,0.295,0.311,7.0,0.0
2026-07-30T00:00:00Z,200.0,7.5,72.5,35.182,NaN,0.058,0.06,5.0,0.0,13.902,NaN,0.394,0.54,5.0,0.0
2026-07-30T00:00:00Z,200.0,7.5,73.5,35.178,NaN,0.064,0.066,4.0,0.0,13.868,NaN,0.427,0.554,4.0,0.0
2026-07-30T00:00:00Z,200.0,7.5,74.5,35.175,35.167,0.008,0.008,2.0,1.0,13.841,13.784,0.059,0.059,2.0,1.0
2026-07-30T00:00:00Z,200.0,7.5,75.5,35.171,NaN,0.008,0.009,2.0,0.0,13.815,NaN,0.059,0.065,2.0,0.0
2026-07-30T00:00:00Z,200.0,7.5,76.5,35.169,NaN,0.008,0.01,2.0,0.0,13.798,NaN,0.059,0.074,2.0,0.0
2026-07-30T00:00:00Z,200.0,7.5,77.5,35.167,NaN,0.0,0.0,1.0,0.0,13.784,NaN,0.0,0.0,1.0,0.0
2026-07-30T00:00:00Z,200.0,7.5,78.5,NaN,NaN,NaN,NaN,NaN,NaN,NaN,NaN,NaN,NaN,NaN,NaN
2026-07-30T00:00:00Z,200.0,8.5,50.5,35.224,NaN,0.0,0.0,1.0,0.0,13.863,NaN,0.0,0.0,1.0,0.0
2026-07-30T00:00:00Z,200.0,8.5,51.5,35.224,NaN,0.0,0.0,1.0,0.0,13.863,NaN,0.0,0.0,1.0,0.0
2026-07-30T00:00:00Z,200.0,8.5,52.5,NaN,NaN,NaN,NaN,NaN,NaN,NaN,NaN,NaN,NaN,NaN,NaN
2026-07-30T00:00:00Z,200.0,8.5,53.5,35.38,NaN,0.0,0.0,1.0,0.0,15.043,NaN,0.0,0.0,1.0,0.0
2026-07-30T00:00:00Z,200.0,8.5,54.5,35.38,NaN,0.0,0.0,1.0,0.0,15.043,NaN,0.0,0.0,1.0,0.0
2026-07-30T00:00:00Z,200.0,8.5,55.5,35.38,35.38,0.0,0.0,1.0,1.0,15.043,15.043,0.0,0.0,1.0,1.0
2026-07-30T00:00:00Z,200.0,8.5,56.5,35.38,NaN,0.0,0.0,1.0,0.0,15.043,NaN,0.0,0.0,1.0,0.0
2026-07-30T00:00:00Z,200.0,8.5,57.5,35.383,NaN,0.015,0.019,2.0,0.0,15.127,NaN,0.433,0.556,2.0,0.0
2026-07-30T00:00:00Z,200.0,8.5,58.5,35.408,NaN,0.082,0.108,3.0,0.0,15.891,NaN,0.479,0.803,3.0,0.0
2026-07-30T00:00:00Z,200.0,8.5,59.5,35.391,35.41,0.078,0.106,4.0,1.0,15.811,15.909,0.599,0.628,3.0,1.0
2026-07-30T00:00:00Z,200.0,8.5,60.5,35.309,NaN,0.075,0.084,6.0,0.0,15.439,NaN,0.741,0.947,5.0,0.0
2026-07-30T00:00:00Z,200.0,8.5,61.5,35.273,35.224,0.075,0.106,6.0,1.0,15.445,14.789,0.741,0.943,5.0,1.0
2026-07-30T00:00:00Z,200.0,8.5,62.5,35.306,NaN,0.083,0.084,9.0,0.0,16.006,NaN,0.87,0.892,8.0,0.0
2026-07-30T00:00:00Z,200.0,8.5,63.5,35.283,NaN,0.081,0.085,8.0,0.0,16.48,NaN,0.929,1.155,7.0,0.0
2026-07-30T00:00:00Z,200.0,8.5,64.5,35.249,35.212,0.094,0.131,8.0,1.0,16.281,16.473,0.834,0.895,7.0,1.0
2026-07-30T00:00:00Z,200.0,8.5,65.5,35.28,NaN,0.114,0.119,9.0,0.0,16.082,NaN,0.981,1.094,9.0,0.0
2026-07-30T00:00:00Z,200.0,8.5,66.5,35.315,NaN,0.112,0.123,9.0,0.0,15.875,NaN,0.91,1.231,9.0,0.0
2026-07-30T00:00:00Z,200.0,8.5,67.5,35.256,NaN,0.107,0.108,10.0,0.0,14.889,NaN,0.881,0.886,10.0,0.0
2026-07-30T00:00:00Z,200.0,8.5,68.5,35.211,NaN,0.114,0.125,8.0,0.0,14.419,NaN,0.719,0.855,9.0,0.0
2026-07-30T00:00:00Z,200.0,8.5,69.5,35.22,NaN,0.114,0.122,8.0,0.0,14.475,NaN,0.719,0.826,9.0,0.0
2026-07-30T00:00:00Z,200.0,8.5,70.5,35.251,NaN,0.08,0.082,7.0,0.0,14.651,NaN,0.657,0.665,8.0,0.0
2026-07-30T00:00:00Z,200.0,8.5,71.5,35.284,NaN,0.044,0.084,5.0,0.0,14.817,NaN,0.535,0.617,6.0,0.0
2026-07-30T00:00:00Z,200.0,8.5,72.5,35.25,NaN,0.05,0.061,4.0,0.0,14.492,NaN,0.632,0.632,5.0,0.0
2026-07-30T00:00:00Z,200.0,8.5,73.5,35.177,NaN,0.058,0.07,3.0,0.0,13.855,NaN,0.706,0.965,4.0,0.0
2026-07-30T00:00:00Z,200.0,8.5,74.5,35.173,NaN,0.008,0.008,2.0,0.0,13.826,NaN,0.059,0.061,2.0,0.0
2026-07-30T00:00:00Z,200.0,8.5,75.5,35.17,NaN,0.008,0.01,2.0,0.0,13.804,NaN,0.059,0.071,2.0,0.0
2026-07-30T00:00:00Z,200.0,8.5,76.5,35.168,NaN,0.008,0.011,2.0,0.0,13.792,NaN,0.059,0.078,2.0,0.0
2026-07-30T00:00:00Z,200.0,8.5,77.5,NaN,NaN,NaN,NaN,NaN,NaN,NaN,NaN,NaN,NaN,NaN,NaN
2026-07-30T00:00:00Z,200.0,8.5,78.5,NaN,NaN,NaN,NaN,NaN,NaN,NaN,NaN,NaN,NaN,NaN,NaN
2026-07-30T00:00:00Z,200.0,9.5,50.5,NaN,NaN,NaN,NaN,NaN,NaN,NaN,NaN,NaN,NaN,NaN,NaN
2026-07-30T00:00:00Z,200.0,9.5,51.5,NaN,NaN,NaN,NaN,NaN,NaN,NaN,NaN,NaN,NaN,NaN,NaN
2026-07-30T00:00:00Z,200.0,9.5,52.5,NaN,NaN,NaN,NaN,NaN,NaN,NaN,NaN,NaN,NaN,NaN,NaN
2026-07-30T00:00:00Z,200.0,9.5,53.5,35.38,NaN,0.0,0.0,1.0,0.0,15.043,NaN,0.0,0.0,1.0,0.0
2026-07-30T00:00:00Z,200.0,9.5,54.5,35.38,NaN,0.0,0.0,1.0,0.0,15.043,NaN,0.0,0.0,1.0,0.0
2026-07-30T00:00:00Z,200.0,9.5,55.5,35.38,NaN,0.0,0.0,1.0,0.0,15.043,NaN,0.0,0.0,1.0,0.0
2026-07-30T00:00:00Z,200.0,9.5,56.5,35.38,NaN,0.0,0.0,1.0,0.0,15.043,NaN,0.0,0.0,1.0,0.0
2026-07-30T00:00:00Z,200.0,9.5,57.5,35.382,NaN,0.015,0.02,2.0,0.0,15.094,NaN,0.433,0.577,2.0,0.0
2026-07-30T00:00:00Z,200.0,9.5,58.5,35.408,NaN,0.082,0.107,3.0,0.0,15.883,NaN,0.479,0.797,3.0,0.0
2026-07-30T00:00:00Z,200.0,9.5,59.5,35.384,NaN,0.078,0.101,4.0,0.0,15.807,NaN,0.599,0.626,3.0,0.0
2026-07-30T00:00:00Z,200.0,9.5,60.5,35.317,NaN,0.075,0.081,6.0,0.0,15.626,NaN,0.741,0.844,5.0,0.0
2026-07-30T00:00:00Z,200.0,9.5,61.5,35.32,35.323,0.075,0.079,6.0,2.0,15.965,16.169,0.741,0.744,5.0,1.0
2026-07-30T00:00:00Z,200.0,9.5,62.5,35.365,35.414,0.079,0.086,8.0,1.0,16.529,17.104,0.664,0.825,7.0,1.0
2026-07-30T00:00:00Z,200.0,9.5,63.5,35.382,NaN,0.078,0.1,7.0,0.0,16.594,NaN,0.803,0.875,7.0,0.0
2026-07-30T00:00:00Z,200.0,9.5,64.5,35.322,NaN,0.086,0.094,7.0,0.0,16.004,NaN,0.576,0.703,7.0,0.0
2026-07-30T00:00:00Z,200.0,9.5,65.5,35.356,35.356,0.085,0.092,7.0,1.0,15.783,15.654,0.623,0.795,8.0,1.0
2026-07-30T00:00:00Z,200.0,9.5,66.5,35.363,NaN,0.117,0.117,6.0,0.0,15.771,NaN,0.918,0.923,7.0,0.0
2026-07-30T00:00:00Z,200.0,9.5,67.5,35.398,NaN,0.119,0.136,7.0,0.0,15.846,NaN,0.931,0.954,9.0,0.0
2026-07-30T00:00:00Z,200.0,9.5,68.5,35.275,NaN,0.119,0.137,6.0,0.0,14.939,NaN,0.904,1.035,9.0,0.0
2026-07-30T00:00:00Z,200.0,9.5,69.5,35.237,35.211,0.119,0.16,6.0,1.0,14.641,14.469,0.635,0.847,8.0,1.0
2026-07-30T00:00:00Z,200.0,9.5,70.5,35.27,35.297,0.109,0.118,5.0,1.0,14.825,14.872,0.615,0.674,7.0,1.0
2026-07-30T00:00:00Z,200.0,9.5,71.5,35.291,NaN,0.045,0.083,4.0,0.0,14.935,NaN,0.571,0.626,6.0,0.0
2026-07-30T00:00:00Z,200.0,9.5,72.5,35.295,NaN,0.05,0.095,4.0,0.0,14.961,NaN,0.635,0.719,6.0,0.0
2026-07-30T00:00:00Z,200.0,9.5,73.5,35.187,NaN,0.058,0.064,3.0,0.0,13.982,NaN,0.706,0.883,4.0,0.0
2026-07-30T00:00:00Z,200.0,9.5,74.5,35.171,NaN,0.008,0.009,2.0,0.0,13.812,NaN,0.059,0.067,2.0,0.0
2026-07-30T00:00:00Z,200.0,9.5,75.5,35.169,NaN,0.008,0.01,2.0,0.0,13.796,NaN,0.059,0.075,2.0,0.0
2026-07-30T00:00:00Z,200.0,9.5,76.5,NaN,NaN,NaN,NaN,NaN,NaN,NaN,NaN,NaN,NaN,NaN,NaN
2026-07-30T00:00:00Z,200.0,9.5,77.5,NaN,NaN,NaN,NaN,NaN,NaN,NaN,NaN,NaN,NaN,NaN,NaN
2026-07-30T00:00:00Z,200.0,9.5,78.5,NaN,NaN,NaN,NaN,NaN,NaN,NaN,NaN,NaN,NaN,NaN,NaN
2026-07-30T00:00:00Z,200.0,10.5,50.5,NaN,NaN,NaN,NaN,NaN,NaN,NaN,NaN,NaN,NaN,NaN,NaN
2026-07-30T00:00:00Z,200.0,10.5,51.5,NaN,NaN,NaN,NaN,NaN,NaN,NaN,NaN,NaN,NaN,NaN,NaN
2026-07-30T00:00:00Z,200.0,10.5,52.5,NaN,NaN,NaN,NaN,NaN,NaN,NaN,NaN,NaN,NaN,NaN,NaN
2026-07-30T00:00:00Z,200.0,10.5,53.5,35.38,NaN,0.0,0.0,1.0,0.0,15.043,NaN,0.0,0.0,1.0,0.0
2026-07-30T00:00:00Z,200.0,10.5,54.5,35.38,NaN,0.0,0.0,1.0,0.0,15.043,NaN,0.0,0.0,1.0,0.0
2026-07-30T00:00:00Z,200.0,10.5,55.5,35.38,NaN,0.0,0.0,1.0,0.0,15.043,NaN,0.0,0.0,1.0,0.0
2026-07-30T00:00:00Z,200.0,10.5,56.5,35.38,NaN,0.0,0.0,1.0,0.0,15.043,NaN,0.0,0.0,1.0,0.0
2026-07-30T00:00:00Z,200.0,10.5,57.5,35.381,NaN,0.015,0.02,2.0,0.0,15.074,NaN,0.433,0.591,2.0,0.0
2026-07-30T00:00:00Z,200.0,10.5,58.5,35.407,NaN,0.082,0.107,3.0,0.0,15.872,NaN,0.479,0.787,3.0,0.0
2026-07-30T00:00:00Z,200.0,10.5,59.5,35.371,NaN,0.078,0.093,4.0,0.0,15.833,NaN,0.599,0.635,3.0,0.0
2026-07-30T00:00:00Z,200.0,10.5,60.5,35.346,NaN,0.164,0.184,8.0,0.0,15.964,NaN,0.741,0.744,5.0,0.0
2026-07-30T00:00:00Z,200.0,10.5,61.5,35.364,NaN,0.164,0.176,8.0,0.0,16.41,NaN,0.741,0.834,5.0,0.0
2026-07-30T00:00:00Z,200.0,10.5,62.5,35.393,35.39,0.161,0.161,10.0,1.0,16.576,16.172,0.664,0.854,7.0,1.0
2026-07-30T00:00:00Z,200.0,10.5,63.5,35.399,NaN,0.169,0.169,9.0,0.0,16.514,NaN,0.803,0.847,7.0,0.0
2026-07-30T00:00:00Z,200.0,10.5,64.5,35.37,NaN,0.159,0.17,9.0,0.0,16.244,NaN,0.576,0.598,7.0,0.0
2026-07-30T00:00:00Z,200.0,10.5,65.5,35.362,NaN,0.147,0.174,9.0,0.0,16.32,NaN,0.623,0.625,8.0,0.0
2026-07-30T00:00:00Z,200.0,10.5,66.5,35.437,NaN,0.1,0.112,5.0,0.0,16.121,NaN,0.622,0.623,6.0,0.0
2026-07-30T00:00:00Z,200.0,10.5,67.5,35.438,35.397,0.113,0.139,6.0,1.0,15.903,16.054,0.805,0.809,8.0,1.0
2026-07-30T00:00:00Z,200.0,10.5,68.5,35.414,NaN,0.107,0.114,5.0,0.0,15.729,NaN,0.82,0.829,8.0,0.0
2026-07-30T00:00:00Z,200.0,10.5,69.5,35.29,NaN,0.107,0.136,5.0,0.0,15.132,NaN,0.517,0.564,7.0,0.0
2026-07-30T00:00:00Z,200.0,10.5,70.5,35.282,NaN,0.1,0.119,4.0,0.0,15.194,15.493,0.502,0.507,6.0,1.0
2026-07-30T00:00:00Z,200.0,10.5,71.5,35.294,NaN,0.043,0.059,2.0,0.0,15.247,NaN,0.383,0.449,4.0,0.0
2026-07-30T00:00:00Z,200.0,10.5,72.5,35.296,NaN,0.043,0.06,2.0,0.0,15.268,NaN,0.383,0.46,4.0,0.0
2026-07-30T00:00:00Z,200.0,10.5,73.5,35.297,NaN,0.0,0.0,1.0,0.0,15.281,NaN,0.311,0.326,2.0,0.0
2026-07-30T00:00:00Z,200.0,10.5,74.5,NaN,NaN,NaN,NaN,NaN,NaN,NaN,NaN,NaN,NaN,NaN,NaN
2026-07-30T00:00:00Z,200.0,10.5,75.5,NaN,NaN,NaN,NaN,NaN,NaN,NaN,NaN,NaN,NaN,NaN,NaN
2026-07-30T00:00:00Z,200.0,10.5,76.5,NaN,NaN,NaN,NaN,NaN,NaN,NaN,NaN,NaN,NaN,NaN,NaN
2026-07-30T00:00:00Z,200.0,10.5,77.5,NaN,NaN,NaN,NaN,NaN,NaN,NaN,NaN,NaN,NaN,NaN,NaN
2026-07-30T00:00:00Z,200.0,10.5,78.5,NaN,NaN,NaN,NaN,NaN,NaN,NaN,NaN,NaN,NaN,NaN,NaN
2026-07-30T00:00:00Z,200.0,11.5,50.5,NaN,NaN,NaN,NaN,NaN,NaN,NaN,NaN,NaN,NaN,NaN,NaN
2026-07-30T00:00:00Z,200.0,11.5,51.5,NaN,NaN,NaN,NaN,NaN,NaN,NaN,NaN,NaN,NaN,NaN,NaN
2026-07-30T00:00:00Z,200.0,11.5,52.5,NaN,NaN,NaN,NaN,NaN,NaN,NaN,NaN,NaN,NaN,NaN,NaN
2026-07-30T00:00:00Z,200.0,11.5,53.5,35.38,NaN,0.0,0.0,1.0,0.0,15.043,NaN,0.0,0.0,1.0,0.0
2026-07-30T00:00:00Z,200.0,11.5,54.5,35.38,NaN,0.0,0.0,1.0,0.0,15.043,NaN,0.0,0.0,1.0,0.0
2026-07-30T00:00:00Z,200.0,11.5,55.5,35.38,NaN,0.0,0.0,1.0,0.0,15.043,NaN,0.0,0.0,1.0,0.0
2026-07-30T00:00:00Z,200.0,11.5,56.5,35.38,NaN,0.0,0.0,1.0,0.0,15.043,NaN,0.0,0.0,1.0,0.0
2026-07-30T00:00:00Z,200.0,11.5,57.5,35.38,NaN,0.0,0.0,1.0,0.0,15.043,NaN,0.0,0.0,1.0,0.0
2026-07-30T00:00:00Z,200.0,11.5,58.5,35.38,NaN,0.0,0.0,1.0,0.0,17.116,NaN,1.49,1.6,2.0,0.0
2026-07-30T00:00:00Z,200.0,11.5,59.5,35.365,NaN,0.059,0.072,2.0,0.0,17.133,NaN,0.927,0.928,2.0,0.0
2026-07-30T00:00:00Z,200.0,11.5,60.5,35.43,NaN,0.165,0.169,6.0,0.0,16.634,NaN,0.769,0.803,4.0,0.0
2026-07-30T00:00:00Z,200.0,11.5,61.5,35.494,NaN,0.165,0.167,6.0,0.0,16.513,NaN,0.769,0.846,4.0,0.0
2026-07-30T00:00:00Z,200.0,11.5,62.5,35.493,NaN,0.157,0.163,7.0,0.0,16.455,NaN,0.841,0.858,5.0,0.0
2026-07-30T00:00:00Z,200.0,11.5,63.5,35.468,NaN,0.157,0.158,7.0,0.0,16.439,NaN,0.816,0.872,6.0,0.0
2026-07-30T00:00:00Z,200.0,11.5,64.5,35.43,NaN,0.148,0.15,8.0,0.0,17.172,NaN,0.622,0.995,6.0,0.0
2026-07-30T00:00:00Z,200.0,11.5,65.5,35.449,NaN,0.127,0.132,8.0,0.0,17.245,17.36,0.661,1.196,7.0,1.0
2026-07-30T00:00:00Z,200.0,11.5,66.5,35.47,NaN,0.056,0.068,4.0,0.0,16.408,NaN,0.664,0.735,5.0,0.0
2026-07-30T00:00:00Z,200.0,11.5,67.5,35.461,35.484,0.101,0.126,5.0,2.0,15.83,15.698,0.821,0.826,7.0,2.0
2026-07-30T00:00:00Z,200.0,11.5,68.5,35.455,NaN,0.107,0.134,5.0,0.0,15.699,NaN,0.82,0.825,8.0,0.0
2026-07-30T00:00:00Z,200.0,11.5,69.5,35.43,NaN,0.107,0.121,5.0,0.0,15.338,NaN,0.517,0.517,7.0,0.0
2026-07-30T00:00:00Z,200.0,11.5,70.5,35.302,NaN,0.1,0.11,4.0,0.0,15.333,15.218,0.502,0.507,6.0,1.0
2026-07-30T00:00:00Z,200.0,11.5,71.5,35.295,NaN,0.043,0.06,2.0,0.0,15.392,NaN,0.383,0.539,4.0,0.0
2026-07-30T00:00:00Z,200.0,11.5,72.5,35.297,NaN,0.043,0.061,2.0,0.0,15.431,NaN,0.383,0.567,4.0,0.0
2026-07-30T00:00:00Z,200.0,11.5,73.5,35.297,NaN,0.0,0.0,1.0,0.0,15.46,NaN,0.311,0.417,2.0,0.0
2026-07-30T00:00:00Z,200.0,11.5,74.5,NaN,NaN,NaN,NaN,NaN,NaN,NaN,NaN,NaN,NaN,NaN,NaN
2026-07-30T00:00:00Z,200.0,11.5,75.5,NaN,NaN,NaN,NaN,NaN,NaN,NaN,NaN,NaN,NaN,NaN,NaN
2026-07-30T00:00:00Z,200.0,11.5,76.5,NaN,NaN,NaN,NaN,NaN,NaN,NaN,NaN,NaN,NaN,NaN,NaN
2026-07-30T00:00:00Z,200.0,11.5,77.5,NaN,NaN,NaN,NaN,NaN,NaN,NaN,NaN,NaN,NaN,NaN,NaN
2026-07-30T00:00:00Z,200.0,11.5,78.5,NaN,NaN,NaN,NaN,NaN,NaN,NaN,NaN,NaN,NaN,NaN,NaN
2026-07-30T00:00:00Z,200.0,12.5,50.5,NaN,NaN,NaN,NaN,NaN,NaN,NaN,NaN,NaN,NaN,NaN,NaN
2026-07-30T00:00:00Z,200.0,12.5,51.5,35.756,NaN,0.0,0.0,1.0,0.0,15.238,NaN,0.0,0.0,1.0,0.0
2026-07-30T00:00:00Z,200.0,12.5,52.5,35.756,NaN,0.0,0.0,1.0,0.0,15.238,NaN,0.0,0.0,1.0,0.0
2026-07-30T00:00:00Z,200.0,12.5,53.5,35.756,NaN,0.0,0.0,1.0,0.0,15.238,NaN,0.0,0.0,1.0,0.0
2026-07-30T00:00:00Z,200.0,12.5,54.5,35.756,NaN,0.0,0.0,1.0,0.0,15.238,NaN,0.0,0.0,1.0,0.0
2026-07-30T00:00:00Z,200.0,12.5,55.5,35.756,NaN,0.0,0.0,1.0,0.0,15.238,NaN,0.0,0.0,1.0,0.0
2026-07-30T00:00:00Z,200.0,12.5,56.5,35.756,NaN,0.0,0.0,1.0,0.0,15.238,NaN,0.0,0.0,1.0,0.0
2026-07-30T00:00:00Z,200.0,12.5,57.5,NaN,NaN,NaN,NaN,NaN,NaN,NaN,NaN,NaN,NaN,NaN,NaN
2026-07-30T00:00:00Z,200.0,12.5,58.5,NaN,NaN,NaN,NaN,NaN,NaN,18.023,NaN,0.0,0.0,1.0,0.0
2026-07-30T00:00:00Z,200.0,12.5,59.5,35.381,NaN,0.0,0.0,1.0,0.0,18.023,NaN,0.0,0.0,1.0,0.0
2026-07-30T00:00:00Z,200.0,12.5,60.5,35.587,NaN,0.175,0.175,7.0,0.0,18.02,NaN,0.672,0.955,5.0,0.0
2026-07-30T00:00:00Z,200.0,12.5,61.5,35.597,NaN,0.175,0.177,7.0,0.0,17.925,NaN,0.672,0.89,5.0,0.0
2026-07-30T00:00:00Z,200.0,12.5,62.5,35.625,35.586,0.175,0.182,7.0,1.0,17.171,NaN,0.672,0.693,5.0,0.0
2026-07-30T00:00:00Z,200.0,12.5,63.5,35.684,NaN,0.175,0.207,7.0,0.0,16.976,NaN,0.613,0.716,6.0,0.0
2026-07-30T00:00:00Z,200.0,12.5,64.5,35.737,NaN,0.166,0.24,8.0,0.0,17.349,NaN,0.72,0.803,6.0,0.0
2026-07-30T00:00:00Z,200.0,12.5,65.5,35.591,NaN,0.166,0.166,10.0,0.0,17.317,NaN,0.83,1.042,8.0,0.0
2026-07-30T00:00:00Z,200.0,12.5,66.5,35.48,NaN,0.154,0.166,4.0,0.0,16.666,NaN,0.701,0.84,4.0,0.0
2026-07-30T00:00:00Z,200.0,12.5,67.5,35.474,NaN,0.154,0.168,4.0,0.0,15.791,NaN,0.74,0.77,5.0,0.0
2026-07-30T00:00:00Z,200.0,12.5,68.5,35.471,NaN,0.169,0.17,5.0,0.0,15.601,NaN,0.746,0.765,7.0,0.0
2026-07-30T00:00:00Z,200.0,12.5,69.5,35.47,NaN,0.169,0.171,5.0,0.0,15.288,NaN,0.398,0.453,6.0,0.0
2026-07-30T00:00:00Z,200.0,12.5,70.5,35.416,NaN,0.189,0.204,4.0,0.0,15.275,NaN,0.388,0.416,5.0,0.0
2026-07-30T00:00:00Z,200.0,12.5,71.5,35.297,NaN,0.0,0.0,1.0,0.0,15.332,NaN,0.254,0.289,3.0,0.0
2026-07-30T00:00:00Z,200.0,12.5,72.5,35.297,NaN,0.0,0.0,1.0,0.0,15.4,NaN,0.254,0.327,3.0,0.0
2026-07-30T00:00:00Z,200.0,12.5,73.5,35.297,NaN,0.0,0.0,1.0,0.0,15.489,NaN,0.311,0.437,2.0,0.0
2026-07-30T00:00:00Z,200.0,12.5,74.5,NaN,NaN,NaN,NaN,NaN,NaN,NaN,NaN,NaN,NaN,NaN,NaN
2026-07-30T00:00:00Z,200.0,12.5,75.5,NaN,NaN,NaN,NaN,NaN,NaN,NaN,NaN,NaN,NaN,NaN,NaN
2026-07-30T00:00:00Z,200.0,12.5,76.5,NaN,NaN,NaN,NaN,NaN,NaN,NaN,NaN,NaN,NaN,NaN,NaN
2026-07-30T00:00:00Z,200.0,12.5,77.5,NaN,NaN,NaN,NaN,NaN,NaN,NaN,NaN,NaN,NaN,NaN,NaN
2026-07-30T00:00:00Z,200.0,12.5,78.5,NaN,NaN,NaN,NaN,NaN,NaN,NaN,NaN,NaN,NaN,NaN,NaN
2026-07-30T00:00:00Z,200.0,13.5,50.5,NaN,NaN,NaN,NaN,NaN,NaN,NaN,NaN,NaN,NaN,NaN,NaN
2026-07-30T00:00:00Z,200.0,13.5,51.5,35.756,NaN,0.0,0.0,1.0,0.0,15.238,NaN,0.0,0.0,1.0,0.0
2026-07-30T00:00:00Z,200.0,13.5,52.5,35.756,NaN,0.0,0.0,1.0,0.0,15.238,NaN,0.0,0.0,1.0,0.0
2026-07-30T00:00:00Z,200.0,13.5,53.5,35.756,NaN,0.0,0.0,1.0,0.0,15.238,NaN,0.0,0.0,1.0,0.0
2026-07-30T00:00:00Z,200.0,13.5,54.5,35.756,NaN,0.0,0.0,1.0,0.0,15.238,NaN,0.0,0.0,1.0,0.0
2026-07-30T00:00:00Z,200.0,13.5,55.5,35.756,NaN,0.0,0.0,1.0,0.0,15.238,NaN,0.0,0.0,1.0,0.0
2026-07-30T00:00:00Z,200.0,13.5,56.5,35.756,NaN,0.0,0.0,1.0,0.0,15.238,NaN,0.0,0.0,1.0,0.0
2026-07-30T00:00:00Z,200.0,13.5,57.5,NaN,NaN,NaN,NaN,NaN,NaN,NaN,NaN,NaN,NaN,NaN,NaN
2026-07-30T00:00:00Z,200.0,13.5,58.5,NaN,NaN,NaN,NaN,NaN,NaN,18.023,NaN,0.0,0.0,1.0,0.0
2026-07-30T00:00:00Z,200.0,13.5,59.5,NaN,NaN,NaN,NaN,NaN,NaN,18.023,NaN,0.0,0.0,1.0,0.0
2026-07-30T00:00:00Z,200.0,13.5,60.5,35.668,NaN,0.107,0.114,4.0,0.0,18.021,NaN,0.241,0.321,3.0,0.0
2026-07-30T00:00:00Z,200.0,13.5,61.5,35.677,NaN,0.107,0.111,4.0,0.0,17.988,NaN,0.241,0.299,3.0,0.0
2026-07-30T00:00:00Z,200.0,13.5,62.5,35.702,NaN,0.119,0.126,5.0,0.0,17.799,NaN,0.219,0.225,4.0,0.0
2026-07-30T00:00:00Z,200.0,13.5,63.5,35.736,35.769,0.11,0.122,8.0,1.0,17.68,NaN,0.277,0.286,5.0,0.0
2026-07-30T00:00:00Z,200.0,13.5,64.5,35.758,NaN,0.14,0.14,9.0,0.0,17.489,NaN,0.749,0.766,5.0,0.0
2026-07-30T00:00:00Z,200.0,13.5,65.5,35.81,NaN,0.172,0.201,12.0,0.0,17.346,NaN,0.959,1.065,7.0,0.0
2026-07-30T00:00:00Z,200.0,13.5,66.5,35.692,NaN,0.196,0.197,8.0,0.0,16.896,NaN,0.943,1.003,5.0,0.0
2026-07-30T00:00:00Z,200.0,13.5,67.5,35.601,NaN,0.196,0.222,8.0,0.0,15.798,NaN,0.995,1.129,6.0,0.0
2026-07-30T00:00:00Z,200.0,13.5,68.5,35.671,NaN,0.197,0.197,7.0,0.0,15.544,NaN,0.702,0.796,6.0,0.0
2026-07-30T00:00:00Z,200.0,13.5,69.5,35.728,NaN,0.154,0.242,4.0,0.0,15.261,NaN,0.306,0.481,5.0,0.0
2026-07-30T00:00:00Z,200.0,13.5,70.5,35.763,NaN,0.175,0.269,3.0,0.0,15.237,NaN,0.305,0.445,4.0,0.0
2026-07-30T00:00:00Z,200.0,13.5,71.5,NaN,NaN,NaN,NaN,NaN,NaN,15.264,NaN,0.137,0.165,2.0,0.0
2026-07-30T00:00:00Z,200.0,13.5,72.5,NaN,NaN,NaN,NaN,NaN,NaN,15.317,NaN,0.137,0.143,2.0,0.0
2026-07-30T00:00:00Z,200.0,13.5,73.5,NaN,NaN,NaN,NaN,NaN,NaN,15.493,NaN,0.0,0.0,1.0,0.0
2026-07-30T00:00:00Z,200.0,13.5,74.5,NaN,NaN,NaN,NaN,NaN,NaN,NaN,NaN,NaN,NaN,NaN,NaN
2026-07-30T00:00:00Z,200.0,13.5,75.5,NaN,NaN,NaN,NaN,NaN,NaN,NaN,NaN,NaN,NaN,NaN,NaN
2026-07-30T00:00:00Z,200.0,13.5,76.5,NaN,NaN,NaN,NaN,NaN,NaN,NaN,NaN,NaN,NaN,NaN,NaN
2026-07-30T00:00:00Z,200.0,13.5,77.5,NaN,NaN,NaN,NaN,NaN,NaN,NaN,NaN,NaN,NaN,NaN,NaN
2026-07-30T00:00:00Z,200.0,13.5,78.5,NaN,NaN,NaN,NaN,NaN,NaN,NaN,NaN,NaN,NaN,NaN,NaN
2026-07-30T00:00:00Z,200.0,14.5,50.5,NaN,NaN,NaN,NaN,NaN,NaN,NaN,NaN,NaN,NaN,NaN,NaN
2026-07-30T00:00:00Z,200.0,14.5,51.5,35.756,NaN,0.0,0.0,1.0,0.0,15.238,NaN,0.0,0.0,1.0,0.0
2026-07-30T00:00:00Z,200.0,14.5,52.5,35.756,NaN,0.001,0.002,2.0,0.0,15.237,NaN,0.311,0.438,2.0,0.0
2026-07-30T00:00:00Z,200.0,14.5,53.5,35.756,NaN,0.001,0.002,2.0,0.0,15.232,NaN,0.311,0.435,2.0,0.0
2026-07-30T00:00:00Z,200.0,14.5,54.5,35.756,NaN,0.001,0.002,2.0,0.0,15.213,NaN,0.311,0.422,2.0,0.0
2026-07-30T00:00:00Z,200.0,14.5,55.5,35.756,NaN,0.001,0.002,2.0,0.0,15.136,NaN,0.311,0.374,2.0,0.0
2026-07-30T00:00:00Z,200.0,14.5,56.5,35.757,NaN,0.001,0.002,2.0,0.0,14.943,NaN,0.311,0.311,2.0,0.0
2026-07-30T00:00:00Z,200.0,14.5,57.5,35.759,NaN,0.0,0.0,1.0,0.0,14.617,NaN,0.0,0.0,1.0,0.0
2026-07-30T00:00:00Z,200.0,14.5,58.5,NaN,NaN,NaN,NaN,NaN,NaN,18.023,NaN,0.0,0.0,1.0,0.0
2026-07-30T00:00:00Z,200.0,14.5,59.5,35.847,NaN,0.0,0.0,1.0,0.0,18.023,NaN,0.023,0.032,2.0,0.0
2026-07-30T00:00:00Z,200.0,14.5,60.5,35.809,NaN,0.111,0.133,5.0,0.0,18.017,18.023,0.221,0.276,4.0,1.0
2026-07-30T00:00:00Z,200.0,14.5,61.5,35.779,NaN,0.111,0.119,5.0,0.0,17.935,NaN,0.221,0.236,4.0,0.0
2026-07-30T00:00:00Z,200.0,14.5,62.5,35.749,35.739,0.107,0.108,7.0,2.0,17.749,17.703,0.571,0.583,6.0,2.0
2026-07-30T00:00:00Z,200.0,14.5,63.5,35.729,NaN,0.102,0.118,10.0,0.0,17.666,NaN,0.538,0.542,7.0,0.0
2026-07-30T00:00:00Z,200.0,14.5,64.5,35.788,NaN,0.102,0.102,10.0,0.0,17.724,NaN,0.549,0.585,6.0,0.0
2026-07-30T00:00:00Z,200.0,14.5,65.5,35.862,NaN,0.13,0.168,11.0,0.0,17.902,NaN,0.887,1.191,6.0,0.0
2026-07-30T00:00:00Z,200.0,14.5,66.5,35.858,NaN,0.134,0.155,7.0,0.0,17.867,NaN,0.941,1.417,4.0,0.0
2026-07-30T00:00:00Z,200.0,14.5,67.5,35.813,NaN,0.134,0.138,7.0,0.0,16.429,NaN,1.055,1.057,5.0,0.0
2026-07-30T00:00:00Z,200.0,14.5,68.5,35.801,NaN,0.15,0.16,6.0,0.0,15.431,NaN,0.953,1.121,3.0,0.0
2026-07-30T00:00:00Z,200.0,14.5,69.5,35.8,NaN,0.133,0.217,3.0,0.0,15.241,NaN,0.133,0.173,2.0,0.0
2026-07-30T00:00:00Z,200.0,14.5,70.5,35.722,NaN,0.133,0.163,3.0,0.0,15.219,NaN,0.133,0.188,2.0,0.0
2026-07-30T00:00:00Z,200.0,14.5,71.5,35.607,NaN,0.0,0.0,1.0,0.0,15.218,NaN,0.0,0.0,1.0,0.0
2026-07-30T00:00:00Z,200.0,14.5,72.5,35.607,NaN,0.0,0.0,1.0,0.0,15.218,NaN,0.0,0.0,1.0,0.0
2026-07-30T00:00:00Z,200.0,14.5,73.5,35.607,NaN,0.0,0.0,1.0,0.0,NaN,NaN,NaN,NaN,NaN,NaN
2026-07-30T00:00:00Z,200.0,14.5,74.5,NaN,NaN,NaN,NaN,NaN,NaN,NaN,NaN,NaN,NaN,NaN,NaN
2026-07-30T00:00:00Z,200.0,14.5,75.5,NaN,NaN,NaN,NaN,NaN,NaN,NaN,NaN,NaN,NaN,NaN,NaN
2026-07-30T00:00:00Z,200.0,14.5,76.5,NaN,NaN,NaN,NaN,NaN,NaN,NaN,NaN,NaN,NaN,NaN,NaN
2026-07-30T00:00:00Z,200.0,14.5,77.5,NaN,NaN,NaN,NaN,NaN,NaN,NaN,NaN,NaN,NaN,NaN,NaN
2026-07-30T00:00:00Z,200.0,14.5,78.5,NaN,NaN,NaN,NaN,NaN,NaN,NaN,NaN,NaN,NaN,NaN,NaN
2026-07-30T00:00:00Z,200.0,15.5,50.5,NaN,NaN,NaN,NaN,NaN,NaN,NaN,NaN,NaN,NaN,NaN,NaN
2026-07-30T00:00:00Z,200.0,15.5,51.5,NaN,NaN,NaN,NaN,NaN,NaN,NaN,NaN,NaN,NaN,NaN,NaN
2026-07-30T00:00:00Z,200.0,15.5,52.5,35.756,NaN,0.001,0.002,2.0,0.0,15.23,NaN,0.311,0.433,2.0,0.0
2026-07-30T00:00:00Z,200.0,15.5,53.5,35.756,NaN,0.001,0.002,2.0,0.0,15.202,NaN,0.311,0.414,2.0,0.0
2026-07-30T00:00:00Z,200.0,15.5,54.5,35.757,35.756,0.001,0.002,2.0,1.0,15.101,15.238,0.311,0.355,2.0,1.0
2026-07-30T00:00:00Z,200.0,15.5,55.5,35.758,NaN,0.001,0.002,2.0,0.0,14.886,NaN,0.311,0.313,2.0,0.0
2026-07-30T00:00:00Z,200.0,15.5,56.5,35.759,NaN,0.001,0.002,2.0,0.0,14.705,NaN,0.311,0.382,2.0,0.0
2026-07-30T00:00:00Z,200.0,15.5,57.5,35.759,NaN,0.0,0.0,1.0,0.0,14.617,NaN,0.0,0.0,1.0,0.0
2026-07-30T00:00:00Z,200.0,15.5,58.5,NaN,NaN,NaN,NaN,NaN,NaN,18.023,NaN,0.0,0.0,1.0,0.0
2026-07-30T00:00:00Z,200.0,15.5,59.5,35.847,NaN,0.0,0.0,1.0,0.0,18.016,NaN,0.023,0.027,2.0,0.0
2026-07-30T00:00:00Z,200.0,15.5,60.5,35.84,NaN,0.111,0.152,5.0,0.0,17.997,NaN,0.221,0.264,4.0,0.0
2026-07-30T00:00:00Z,200.0,15.5,61.5,35.806,NaN,0.111,0.131,5.0,0.0,17.9,NaN,0.221,0.226,4.0,0.0
2026-07-30T00:00:00Z,200.0,15.5,62.5,35.752,NaN,0.107,0.107,7.0,0.0,17.741,NaN,0.571,0.582,6.0,0.0
2026-07-30T00:00:00Z,200.0,15.5,63.5,35.731,NaN,0.102,0.116,10.0,0.0,17.682,NaN,0.571,0.574,6.0,0.0
2026-07-30T00:00:00Z,200.0,15.5,64.5,35.844,NaN,0.102,0.117,10.0,0.0,17.729,NaN,0.596,0.621,5.0,0.0
2026-07-30T00:00:00Z,200.0,15.5,65.5,35.863,35.863,0.101,0.129,10.0,1.0,17.821,NaN,0.623,0.726,4.0,0.0
2026-07-30T00:00:00Z,200.0,15.5,66.5,35.86,35.856,0.055,0.062,6.0,1.0,17.87,NaN,0.771,1.025,2.0,0.0
2026-07-30T00:00:00Z,200.0,15.5,67.5,35.826,NaN,0.055,0.056,6.0,0.0,17.903,NaN,0.771,1.047,2.0,0.0
2026-07-30T00:00:00Z,200.0,15.5,68.5,35.801,35.801,0.099,0.099,5.0,1.0,NaN,NaN,NaN,NaN,NaN,NaN
2026-07-30T00:00:00Z,200.0,15.5,69.5,35.782,NaN,0.097,0.125,2.0,0.0,NaN,NaN,NaN,NaN,NaN,NaN
2026-07-30T00:00:00Z,200.0,15.5,70.5,35.624,NaN,0.097,0.126,2.0,0.0,NaN,NaN,NaN,NaN,NaN,NaN
2026-07-30T00:00:00Z,200.0,15.5,71.5,35.607,NaN,0.0,0.0,1.0,0.0,NaN,NaN,NaN,NaN,NaN,NaN
2026-07-30T00:00:00Z,200.0,15.5,72.5,35.607,NaN,0.0,0.0,1.0,0.0,NaN,NaN,NaN,NaN,NaN,NaN
2026-07-30T00:00:00Z,200.0,15.5,73.5,NaN,NaN,NaN,NaN,NaN,NaN,NaN,NaN,NaN,NaN,NaN,NaN
2026-07-30T00:00:00Z,200.0,15.5,74.5,NaN,NaN,NaN,NaN,NaN,NaN,NaN,NaN,NaN,NaN,NaN,NaN
2026-07-30T00:00:00Z,200.0,15.5,75.5,NaN,NaN,NaN,NaN,NaN,NaN,NaN,NaN,NaN,NaN,NaN,NaN
2026-07-30T00:00:00Z,200.0,15.5,76.5,NaN,NaN,NaN,NaN,NaN,NaN,NaN,NaN,NaN,NaN,NaN,NaN
2026-07-30T00:00:00Z,200.0,15.5,77.5,NaN,NaN,NaN,NaN,NaN,NaN,NaN,NaN,NaN,NaN,NaN,NaN
2026-07-30T00:00:00Z,200.0,15.5,78.5,NaN,NaN,NaN,NaN,NaN,NaN,NaN,NaN,NaN,NaN,NaN,NaN
2026-07-30T00:00:00Z,200.0,16.5,50.5,NaN,NaN,NaN,NaN,NaN,NaN,NaN,NaN,NaN,NaN,NaN,NaN
2026-07-30T00:00:00Z,200.0,16.5,51.5,NaN,NaN,NaN,NaN,NaN,NaN,NaN,NaN,NaN,NaN,NaN,NaN
2026-07-30T00:00:00Z,200.0,16.5,52.5,NaN,NaN,NaN,NaN,NaN,NaN,NaN,NaN,NaN,NaN,NaN,NaN
2026-07-30T00:00:00Z,200.0,16.5,53.5,35.757,NaN,0.001,0.002,2.0,0.0,15.057,NaN,0.311,0.336,2.0,0.0
2026-07-30T00:00:00Z,200.0,16.5,54.5,35.758,NaN,0.001,0.002,2.0,0.0,14.831,NaN,0.311,0.325,2.0,0.0
2026-07-30T00:00:00Z,200.0,16.5,55.5,35.759,35.759,0.001,0.002,2.0,1.0,14.681,14.617,0.311,0.397,2.0,1.0
2026-07-30T00:00:00Z,200.0,16.5,56.5,35.759,NaN,0.001,0.002,2.0,0.0,14.632,NaN,0.311,0.429,2.0,0.0
2026-07-30T00:00:00Z,200.0,16.5,57.5,35.759,NaN,0.0,0.0,1.0,0.0,14.617,NaN,0.0,0.0,1.0,0.0
2026-07-30T00:00:00Z,200.0,16.5,58.5,36.127,NaN,0.0,0.0,1.0,0.0,18.017,NaN,0.341,0.478,2.0,0.0
2026-07-30T00:00:00Z,200.0,16.5,59.5,35.848,NaN,0.129,0.232,4.0,0.0,17.98,NaN,0.565,0.567,8.0,0.0
2026-07-30T00:00:00Z,200.0,16.5,60.5,35.848,NaN,0.189,0.21,6.0,0.0,17.976,NaN,0.523,0.531,10.0,0.0
2026-07-30T00:00:00Z,200.0,16.5,61.5,35.843,35.847,0.189,0.212,6.0,1.0,17.965,17.978,0.523,0.529,10.0,1.0
2026-07-30T00:00:00Z,200.0,16.5,62.5,35.811,NaN,0.179,0.202,8.0,0.0,17.89,NaN,0.627,0.639,12.0,0.0
2026-07-30T00:00:00Z,200.0,16.5,63.5,35.775,NaN,0.154,0.194,11.0,0.0,17.828,NaN,0.627,0.63,12.0,0.0
2026-07-30T00:00:00Z,200.0,16.5,64.5,35.817,35.884,0.141,0.151,10.0,1.0,17.957,17.965,0.669,0.69,10.0,1.0
2026-07-30T00:00:00Z,200.0,16.5,65.5,35.849,NaN,0.084,0.093,8.0,0.0,17.429,NaN,0.623,0.623,4.0,0.0
2026-07-30T00:00:00Z,200.0,16.5,66.5,35.86,35.866,0.055,0.062,6.0,1.0,17.572,NaN,0.771,0.858,2.0,0.0
2026-07-30T00:00:00Z,200.0,16.5,67.5,35.841,NaN,0.055,0.056,6.0,0.0,17.688,NaN,0.771,0.915,2.0,0.0
2026-07-30T00:00:00Z,200.0,16.5,68.5,35.8,NaN,0.099,0.099,5.0,0.0,NaN,NaN,NaN,NaN,NaN,NaN
2026-07-30T00:00:00Z,200.0,16.5,69.5,35.68,NaN,0.097,0.1,2.0,0.0,NaN,NaN,NaN,NaN,NaN,NaN
2026-07-30T00:00:00Z,200.0,16.5,70.5,35.608,35.607,0.097,0.136,2.0,1.0,NaN,NaN,NaN,NaN,NaN,NaN
2026-07-30T00:00:00Z,200.0,16.5,71.5,35.607,NaN,0.0,0.0,1.0,0.0,NaN,NaN,NaN,NaN,NaN,NaN
2026-07-30T00:00:00Z,200.0,16.5,72.5,35.607,NaN,0.0,0.0,1.0,0.0,NaN,NaN,NaN,NaN,NaN,NaN
2026-07-30T00:00:00Z,200.0,16.5,73.5,NaN,NaN,NaN,NaN,NaN,NaN,NaN,NaN,NaN,NaN,NaN,NaN
2026-07-30T00:00:00Z,200.0,16.5,74.5,NaN,NaN,NaN,NaN,NaN,NaN,NaN,NaN,NaN,NaN,NaN,NaN
2026-07-30T00:00:00Z,200.0,16.5,75.5,NaN,NaN,NaN,NaN,NaN,NaN,NaN,NaN,NaN,NaN,NaN,NaN
2026-07-30T00:00:00Z,200.0,16.5,76.5,NaN,NaN,NaN,NaN,NaN,NaN,NaN,NaN,NaN,NaN,NaN,NaN
2026-07-30T00:00:00Z,200.0,16.5,77.5,NaN,NaN,NaN,NaN,NaN,NaN,NaN,NaN,NaN,NaN,NaN,NaN
2026-07-30T00:00:00Z,200.0,16.5,78.5,NaN,NaN,NaN,NaN,NaN,NaN,NaN,NaN,NaN,NaN,NaN,NaN
2026-07-30T00:00:00Z,200.0,17.5,50.5,NaN,NaN,NaN,NaN,NaN,NaN,NaN,NaN,NaN,NaN,NaN,NaN
2026-07-30T00:00:00Z,200.0,17.5,51.5,NaN,NaN,NaN,NaN,NaN,NaN,NaN,NaN,NaN,NaN,NaN,NaN
2026-07-30T00:00:00Z,200.0,17.5,52.5,NaN,NaN,NaN,NaN,NaN,NaN,NaN,NaN,NaN,NaN,NaN,NaN
2026-07-30T00:00:00Z,200.0,17.5,53.5,NaN,NaN,NaN,NaN,NaN,NaN,NaN,NaN,NaN,NaN,NaN,NaN
2026-07-30T00:00:00Z,200.0,17.5,54.5,NaN,NaN,NaN,NaN,NaN,NaN,NaN,NaN,NaN,NaN,NaN,NaN
2026-07-30T00:00:00Z,200.0,17.5,55.5,35.759,NaN,0.001,0.002,2.0,0.0,14.627,NaN,0.311,0.432,2.0,0.0
2026-07-30T00:00:00Z,200.0,17.5,56.5,35.759,NaN,0.001,0.002,2.0,0.0,14.619,NaN,0.311,0.438,2.0,0.0
2026-07-30T00:00:00Z,200.0,17.5,57.5,35.759,NaN,0.0,0.0,1.0,0.0,14.617,NaN,0.0,0.0,1.0,0.0
2026-07-30T00:00:00Z,200.0,17.5,58.5,36.127,NaN,0.0,0.0,1.0,0.0,17.341,NaN,0.0,0.0,1.0,0.0
2026-07-30T00:00:00Z,200.0,17.5,59.5,36.105,NaN,0.115,0.116,7.0,0.0,17.897,NaN,0.538,0.553,11.0,0.0
2026-07-30T00:00:00Z,200.0,17.5,60.5,35.92,NaN,0.186,0.208,9.0,0.0,17.913,NaN,0.516,0.52,13.0,0.0
2026-07-30T00:00:00Z,200.0,17.5,61.5,35.92,NaN,0.186,0.209,9.0,0.0,17.93,NaN,0.516,0.519,13.0,0.0
2026-07-30T00:00:00Z,200.0,17.5,62.5,35.91,NaN,0.19,0.201,11.0,0.0,17.949,NaN,0.617,0.622,15.0,0.0
2026-07-30T00:00:00Z,200.0,17.5,63.5,35.757,NaN,0.175,0.261,14.0,0.0,17.957,NaN,0.617,0.623,15.0,0.0
2026-07-30T00:00:00Z,200.0,17.5,64.5,35.756,35.722,0.174,0.251,13.0,1.0,17.964,16.424,0.622,0.624,14.0,1.0
2026-07-30T00:00:00Z,200.0,17.5,65.5,35.79,NaN,0.084,0.086,8.0,0.0,16.831,NaN,0.623,0.878,4.0,0.0
2026-07-30T00:00:00Z,200.0,17.5,66.5,35.845,NaN,0.055,0.057,6.0,0.0,16.977,NaN,0.771,0.801,2.0,0.0
2026-07-30T00:00:00Z,200.0,17.5,67.5,35.853,NaN,0.055,0.059,6.0,0.0,17.142,NaN,0.771,0.772,2.0,0.0
2026-07-30T00:00:00Z,200.0,17.5,68.5,35.769,NaN,0.099,0.103,5.0,0.0,NaN,NaN,NaN,NaN,NaN,NaN
2026-07-30T00:00:00Z,200.0,17.5,69.5,35.614,NaN,0.097,0.132,2.0,0.0,NaN,NaN,NaN,NaN,NaN,NaN
2026-07-30T00:00:00Z,200.0,17.5,70.5,35.607,NaN,0.097,0.137,2.0,0.0,NaN,NaN,NaN,NaN,NaN,NaN
2026-07-30T00:00:00Z,200.0,17.5,71.5,35.607,NaN,0.0,0.0,1.0,0.0,NaN,NaN,NaN,NaN,NaN,NaN
2026-07-30T00:00:00Z,200.0,17.5,72.5,NaN,NaN,NaN,NaN,NaN,NaN,NaN,NaN,NaN,NaN,NaN,NaN
2026-07-30T00:00:00Z,200.0,17.5,73.5,NaN,NaN,NaN,NaN,NaN,NaN,NaN,NaN,NaN,NaN,NaN,NaN
2026-07-30T00:00:00Z,200.0,17.5,74.5,NaN,NaN,NaN,NaN,NaN,NaN,NaN,NaN,NaN,NaN,NaN,NaN
2026-07-30T00:00:00Z,200.0,17.5,75.5,NaN,NaN,NaN,NaN,NaN,NaN,NaN,NaN,NaN,NaN,NaN,NaN
2026-07-30T00:00:00Z,200.0,17.5,76.5,NaN,NaN,NaN,NaN,NaN,NaN,NaN,NaN,NaN,NaN,NaN,NaN
2026-07-30T00:00:00Z,200.0,17.5,77.5,NaN,NaN,NaN,NaN,NaN,NaN,NaN,NaN,NaN,NaN,NaN,NaN
2026-07-30T00:00:00Z,200.0,17.5,78.5,NaN,NaN,NaN,NaN,NaN,NaN,NaN,NaN,NaN,NaN,NaN,NaN
2026-07-30T00:00:00Z,200.0,18.5,50.5,NaN,NaN,NaN,NaN,NaN,NaN,NaN,NaN,NaN,NaN,NaN,NaN
2026-07-30T00:00:00Z,200.0,18.5,51.5,NaN,NaN,NaN,NaN,NaN,NaN,NaN,NaN,NaN,NaN,NaN,NaN
2026-07-30T00:00:00Z,200.0,18.5,52.5,NaN,NaN,NaN,NaN,NaN,NaN,NaN,NaN,NaN,NaN,NaN,NaN
2026-07-30T00:00:00Z,200.0,18.5,53.5,NaN,NaN,NaN,NaN,NaN,NaN,NaN,NaN,NaN,NaN,NaN,NaN
2026-07-30T00:00:00Z,200.0,18.5,54.5,NaN,NaN,NaN,NaN,NaN,NaN,NaN,NaN,NaN,NaN,NaN,NaN
2026-07-30T00:00:00Z,200.0,18.5,55.5,NaN,NaN,NaN,NaN,NaN,NaN,NaN,NaN,NaN,NaN,NaN,NaN
2026-07-30T00:00:00Z,200.0,18.5,56.5,NaN,NaN,NaN,NaN,NaN,NaN,NaN,NaN,NaN,NaN,NaN,NaN
2026-07-30T00:00:00Z,200.0,18.5,57.5,35.76,NaN,0.008,0.011,2.0,0.0,14.617,NaN,0.0,0.0,1.0,0.0
2026-07-30T00:00:00Z,200.0,18.5,58.5,35.926,NaN,0.176,0.178,2.0,0.0,17.341,NaN,0.0,0.0,1.0,0.0
2026-07-30T00:00:00Z,200.0,18.5,59.5,36.089,NaN,0.15,0.155,8.0,0.0,17.831,NaN,0.538,0.573,11.0,0.0
2026-07-30T00:00:00Z,200.0,18.5,60.5,36.103,NaN,0.15,0.159,8.0,0.0,17.878,NaN,0.538,0.558,11.0,0.0
2026-07-30T00:00:00Z,200.0,18.5,61.5,36.108,NaN,0.15,0.16,8.0,0.0,17.935,NaN,0.538,0.546,11.0,0.0
2026-07-30T00:00:00Z,200.0,18.5,62.5,36.114,NaN,0.171,0.205,10.0,0.0,18.006,NaN,0.653,0.662,13.0,0.0
2026-07-30T00:00:00Z,200.0,18.5,63.5,35.979,NaN,0.158,0.158,12.0,0.0,18.09,NaN,0.653,0.68,13.0,0.0
2026-07-30T00:00:00Z,200.0,18.5,64.5,35.733,NaN,0.158,0.288,11.0,0.0,18.041,NaN,0.659,0.665,12.0,0.0
2026-07-30T00:00:00Z,200.0,18.5,65.5,35.739,NaN,0.059,0.115,5.0,0.0,16.523,NaN,0.771,1.022,2.0,0.0
2026-07-30T00:00:00Z,200.0,18.5,66.5,35.787,NaN,0.059,0.078,5.0,0.0,16.573,NaN,0.771,0.99,2.0,0.0
2026-07-30T00:00:00Z,200.0,18.5,67.5,35.85,NaN,0.059,0.06,5.0,0.0,16.645,NaN,0.771,0.947,2.0,0.0
2026-07-30T00:00:00Z,200.0,18.5,68.5,35.628,NaN,0.11,0.203,4.0,0.0,NaN,NaN,NaN,NaN,NaN,NaN
2026-07-30T00:00:00Z,200.0,18.5,69.5,35.607,NaN,0.0,0.0,1.0,0.0,NaN,NaN,NaN,NaN,NaN,NaN
2026-07-30T00:00:00Z,200.0,18.5,70.5,35.607,NaN,0.0,0.0,1.0,0.0,NaN,NaN,NaN,NaN,NaN,NaN
2026-07-30T00:00:00Z,200.0,18.5,71.5,NaN,NaN,NaN,NaN,NaN,NaN,NaN,NaN,NaN,NaN,NaN,NaN
2026-07-30T00:00:00Z,200.0,18.5,72.5,NaN,NaN,NaN,NaN,NaN,NaN,NaN,NaN,NaN,NaN,NaN,NaN
2026-07-30T00:00:00Z,200.0,18.5,73.5,NaN,NaN,NaN,NaN,NaN,NaN,NaN,NaN,NaN,NaN,NaN,NaN
2026-07-30T00:00:00Z,200.0,18.5,74.5,NaN,NaN,NaN,NaN,NaN,NaN,NaN,NaN,NaN,NaN,NaN,NaN
2026-07-30T00:00:00Z,200.0,18.5,75.5,NaN,NaN,NaN,NaN,NaN,NaN,NaN,NaN,NaN,NaN,NaN,NaN
2026-07-30T00:00:00Z,200.0,18.5,76.5,NaN,NaN,NaN,NaN,NaN,NaN,NaN,NaN,NaN,NaN,NaN,NaN
2026-07-30T00:00:00Z,200.0,18.5,77.5,NaN,NaN,NaN,NaN,NaN,NaN,NaN,NaN,NaN,NaN,NaN,NaN
2026-07-30T00:00:00Z,200.0,18.5,78.5,NaN,NaN,NaN,NaN,NaN,NaN,NaN,NaN,NaN,NaN,NaN,NaN
2026-07-30T00:00:00Z,200.0,19.5,50.5,NaN,NaN,NaN,NaN,NaN,NaN,NaN,NaN,NaN,NaN,NaN,NaN
2026-07-30T00:00:00Z,200.0,19.5,51.5,NaN,NaN,NaN,NaN,NaN,NaN,NaN,NaN,NaN,NaN,NaN,NaN
2026-07-30T00:00:00Z,200.0,19.5,52.5,NaN,NaN,NaN,NaN,NaN,NaN,NaN,NaN,NaN,NaN,NaN,NaN
2026-07-30T00:00:00Z,200.0,19.5,53.5,NaN,NaN,NaN,NaN,NaN,NaN,NaN,NaN,NaN,NaN,NaN,NaN
2026-07-30T00:00:00Z,200.0,19.5,54.5,NaN,NaN,NaN,NaN,NaN,NaN,NaN,NaN,NaN,NaN,NaN,NaN
2026-07-30T00:00:00Z,200.0,19.5,55.5,NaN,NaN,NaN,NaN,NaN,NaN,NaN,NaN,NaN,NaN,NaN,NaN
2026-07-30T00:00:00Z,200.0,19.5,56.5,NaN,NaN,NaN,NaN,NaN,NaN,NaN,NaN,NaN,NaN,NaN,NaN
2026-07-30T00:00:00Z,200.0,19.5,57.5,NaN,NaN,NaN,NaN,NaN,NaN,NaN,NaN,NaN,NaN,NaN,NaN
2026-07-30T00:00:00Z,200.0,19.5,58.5,35.785,NaN,0.176,0.242,2.0,0.0,17.341,NaN,0.0,0.0,1.0,0.0
2026-07-30T00:00:00Z,200.0,19.5,59.5,35.949,NaN,0.15,0.182,8.0,0.0,17.892,NaN,0.538,0.555,11.0,0.0
2026-07-30T00:00:00Z,200.0,19.5,60.5,36.101,NaN,0.164,0.165,9.0,0.0,17.952,NaN,0.615,0.64,12.0,0.0
2026-07-30T00:00:00Z,200.0,19.5,61.5,36.128,36.134,0.165,0.168,11.0,5.0,18.023,18.038,0.617,0.646,14.0,9.0
2026-07-30T00:00:00Z,200.0,19.5,62.5,36.14,NaN,0.182,0.196,13.0,0.0,18.103,NaN,0.727,0.728,16.0,0.0
2026-07-30T00:00:00Z,200.0,19.5,63.5,36.157,NaN,0.167,0.18,12.0,0.0,18.209,NaN,0.727,0.74,16.0,0.0
2026-07-30T00:00:00Z,200.0,19.5,64.5,36.241,NaN,0.174,0.213,13.0,0.0,18.646,NaN,0.649,0.872,20.0,0.0
2026-07-30T00:00:00Z,200.0,19.5,65.5,36.277,NaN,0.204,0.244,7.0,0.0,18.466,NaN,0.758,0.875,10.0,0.0
2026-07-30T00:00:00Z,200.0,19.5,66.5,36.228,NaN,0.207,0.235,6.0,0.0,17.973,NaN,0.676,0.68,9.0,0.0
2026-07-30T00:00:00Z,200.0,19.5,67.5,36.275,NaN,0.226,0.287,4.0,0.0,17.976,NaN,0.556,0.64,7.0,0.0
2026-07-30T00:00:00Z,200.0,19.5,68.5,36.255,NaN,0.315,0.374,3.0,0.0,17.99,NaN,0.267,0.284,5.0,0.0
2026-07-30T00:00:00Z,200.0,19.5,69.5,35.619,NaN,0.315,0.535,3.0,0.0,18.002,NaN,0.267,0.288,5.0,0.0
2026-07-30T00:00:00Z,200.0,19.5,70.5,NaN,NaN,NaN,NaN,NaN,NaN,NaN,NaN,NaN,NaN,NaN,NaN
2026-07-30T00:00:00Z,200.0,19.5,71.5,NaN,NaN,NaN,NaN,NaN,NaN,NaN,NaN,NaN,NaN,NaN,NaN
2026-07-30T00:00:00Z,200.0,19.5,72.5,NaN,NaN,NaN,NaN,NaN,NaN,NaN,NaN,NaN,NaN,NaN,NaN
2026-07-30T00:00:00Z,200.0,19.5,73.5,NaN,NaN,NaN,NaN,NaN,NaN,NaN,NaN,NaN,NaN,NaN,NaN
2026-07-30T00:00:00Z,200.0,19.5,74.5,NaN,NaN,NaN,NaN,NaN,NaN,NaN,NaN,NaN,NaN,NaN,NaN
2026-07-30T00:00:00Z,200.0,19.5,75.5,NaN,NaN,NaN,NaN,NaN,NaN,NaN,NaN,NaN,NaN,NaN,NaN
2026-07-30T00:00:00Z,200.0,19.5,76.5,NaN,NaN,NaN,NaN,NaN,NaN,NaN,NaN,NaN,NaN,NaN,NaN
2026-07-30T00:00:00Z,200.0,19.5,77.5,NaN,NaN,NaN,NaN,NaN,NaN,NaN,NaN,NaN,NaN,NaN,NaN
2026-07-30T00:00:00Z,200.0,19.5,78.5,NaN,NaN,NaN,NaN,NaN,NaN,NaN,NaN,NaN,NaN,NaN,NaN
2026-07-30T00:00:00Z,200.0,20.5,50.5,NaN,NaN,NaN,NaN,NaN,NaN,NaN,NaN,NaN,NaN,NaN,NaN
2026-07-30T00:00:00Z,200.0,20.5,51.5,NaN,NaN,NaN,NaN,NaN,NaN,NaN,NaN,NaN,NaN,NaN,NaN
2026-07-30T00:00:00Z,200.0,20.5,52.5,NaN,NaN,NaN,NaN,NaN,NaN,NaN,NaN,NaN,NaN,NaN,NaN
2026-07-30T00:00:00Z,200.0,20.5,53.5,NaN,NaN,NaN,NaN,NaN,NaN,NaN,NaN,NaN,NaN,NaN,NaN
2026-07-30T00:00:00Z,200.0,20.5,54.5,NaN,NaN,NaN,NaN,NaN,NaN,NaN,NaN,NaN,NaN,NaN,NaN
2026-07-30T00:00:00Z,200.0,20.5,55.5,NaN,NaN,NaN,NaN,NaN,NaN,NaN,NaN,NaN,NaN,NaN,NaN
2026-07-30T00:00:00Z,200.0,20.5,56.5,NaN,NaN,NaN,NaN,NaN,NaN,NaN,NaN,NaN,NaN,NaN,NaN
2026-07-30T00:00:00Z,200.0,20.5,57.5,NaN,NaN,NaN,NaN,NaN,NaN,NaN,NaN,NaN,NaN,NaN,NaN
2026-07-30T00:00:00Z,200.0,20.5,58.5,NaN,NaN,NaN,NaN,NaN,NaN,NaN,NaN,NaN,NaN,NaN,NaN
2026-07-30T00:00:00Z,200.0,20.5,59.5,35.796,NaN,0.222,0.418,8.0,0.0,17.983,NaN,0.566,0.576,11.0,0.0
2026-07-30T00:00:00Z,200.0,20.5,60.5,35.969,NaN,0.216,0.294,9.0,0.0,18.037,NaN,0.629,0.647,12.0,0.0
2026-07-30T00:00:00Z,200.0,20.5,61.5,36.135,36.123,0.206,0.209,11.0,1.0,18.189,17.994,0.623,0.627,14.0,1.0
2026-07-30T00:00:00Z,200.0,20.5,62.5,36.175,NaN,0.145,0.156,11.0,0.0,18.276,NaN,0.628,0.633,14.0,0.0
2026-07-30T00:00:00Z,200.0,20.5,63.5,36.216,NaN,0.101,0.119,10.0,0.0,18.645,NaN,0.628,0.772,14.0,0.0
2026-07-30T00:00:00Z,200.0,20.5,64.5,36.252,NaN,0.106,0.13,11.0,0.0,18.839,NaN,0.556,0.878,18.0,0.0
2026-07-30T00:00:00Z,200.0,20.5,65.5,36.249,NaN,0.118,0.123,6.0,0.0,18.261,NaN,0.566,0.568,9.0,0.0
2026-07-30T00:00:00Z,200.0,20.5,66.5,36.268,NaN,0.119,0.14,5.0,0.0,17.931,NaN,0.457,0.481,8.0,0.0
2026-07-30T00:00:00Z,200.0,20.5,67.5,36.275,NaN,0.072,0.088,3.0,0.0,17.952,NaN,0.253,0.268,6.0,0.0
2026-07-30T00:00:00Z,200.0,20.5,68.5,36.277,NaN,0.016,0.016,2.0,0.0,17.969,NaN,0.267,0.277,5.0,0.0
2026-07-30T00:00:00Z,200.0,20.5,69.5,36.278,NaN,0.016,0.016,2.0,0.0,17.983,NaN,0.267,0.281,5.0,0.0
2026-07-30T00:00:00Z,200.0,20.5,70.5,NaN,NaN,NaN,NaN,NaN,NaN,NaN,NaN,NaN,NaN,NaN,NaN
2026-07-30T00:00:00Z,200.0,20.5,71.5,NaN,NaN,NaN,NaN,NaN,NaN,NaN,NaN,NaN,NaN,NaN,NaN
2026-07-30T00:00:00Z,200.0,20.5,72.5,NaN,NaN,NaN,NaN,NaN,NaN,NaN,NaN,NaN,NaN,NaN,NaN
2026-07-30T00:00:00Z,200.0,20.5,73.5,NaN,NaN,NaN,NaN,NaN,NaN,NaN,NaN,NaN,NaN,NaN,NaN
2026-07-30T00:00:00Z,200.0,20.5,74.5,NaN,NaN,NaN,NaN,NaN,NaN,NaN,NaN,NaN,NaN,NaN,NaN
2026-07-30T00:00:00Z,200.0,20.5,75.5,NaN,NaN,NaN,NaN,NaN,NaN,NaN,NaN,NaN,NaN,NaN,NaN
2026-07-30T00:00:00Z,200.0,20.5,76.5,NaN,NaN,NaN,NaN,NaN,NaN,NaN,NaN,NaN,NaN,NaN,NaN
2026-07-30T00:00:00Z,200.0,20.5,77.5,NaN,NaN,NaN,NaN,NaN,NaN,NaN,NaN,NaN,NaN,NaN,NaN
2026-07-30T00:00:00Z,200.0,20.5,78.5,NaN,NaN,NaN,NaN,NaN,NaN,NaN,NaN,NaN,NaN,NaN,NaN
2026-07-30T00:00:00Z,200.0,21.5,50.5,NaN,NaN,NaN,NaN,NaN,NaN,NaN,NaN,NaN,NaN,NaN,NaN
2026-07-30T00:00:00Z,200.0,21.5,51.5,NaN,NaN,NaN,NaN,NaN,NaN,NaN,NaN,NaN,NaN,NaN,NaN
2026-07-30T00:00:00Z,200.0,21.5,52.5,NaN,NaN,NaN,NaN,NaN,NaN,NaN,NaN,NaN,NaN,NaN,NaN
2026-07-30T00:00:00Z,200.0,21.5,53.5,NaN,NaN,NaN,NaN,NaN,NaN,NaN,NaN,NaN,NaN,NaN,NaN
2026-07-30T00:00:00Z,200.0,21.5,54.5,NaN,NaN,NaN,NaN,NaN,NaN,NaN,NaN,NaN,NaN,NaN,NaN
2026-07-30T00:00:00Z,200.0,21.5,55.5,NaN,NaN,NaN,NaN,NaN,NaN,NaN,NaN,NaN,NaN,NaN,NaN
2026-07-30T00:00:00Z,200.0,21.5,56.5,NaN,NaN,NaN,NaN,NaN,NaN,NaN,NaN,NaN,NaN,NaN,NaN
2026-07-30T00:00:00Z,200.0,21.5,57.5,NaN,NaN,NaN,NaN,NaN,NaN,NaN,NaN,NaN,NaN,NaN,NaN
2026-07-30T00:00:00Z,200.0,21.5,58.5,NaN,NaN,NaN,NaN,NaN,NaN,NaN,NaN,NaN,NaN,NaN,NaN
2026-07-30T00:00:00Z,200.0,21.5,59.5,35.777,NaN,0.222,0.434,8.0,0.0,18.763,NaN,0.676,0.808,14.0,0.0
2026-07-30T00:00:00Z,200.0,21.5,60.5,35.821,35.775,0.216,0.408,9.0,1.0,18.411,NaN,0.692,0.693,15.0,0.0
2026-07-30T00:00:00Z,200.0,21.5,61.5,36.135,NaN,0.206,0.209,11.0,0.0,18.537,NaN,0.668,0.678,17.0,0.0
2026-07-30T00:00:00Z,200.0,21.5,62.5,36.235,36.314,0.145,0.186,11.0,1.0,18.872,19.245,0.685,0.851,17.0,1.0
2026-07-30T00:00:00Z,200.0,21.5,63.5,36.187,NaN,0.101,0.106,10.0,0.0,18.824,NaN,0.628,0.888,14.0,0.0
2026-07-30T00:00:00Z,200.0,21.5,64.5,36.209,36.308,0.106,0.111,11.0,1.0,18.647,19.03,0.556,0.739,18.0,1.0
2026-07-30T00:00:00Z,200.0,21.5,65.5,36.214,NaN,0.118,0.118,6.0,0.0,18.063,NaN,0.566,0.584,9.0,0.0
2026-07-30T00:00:00Z,200.0,21.5,66.5,36.263,NaN,0.119,0.137,5.0,0.0,17.901,18.058,0.457,0.491,8.0,1.0
2026-07-30T00:00:00Z,200.0,21.5,67.5,36.274,NaN,0.072,0.088,3.0,0.0,17.926,NaN,0.253,0.26,6.0,0.0
2026-07-30T00:00:00Z,200.0,21.5,68.5,36.276,NaN,0.016,0.016,2.0,0.0,17.945,NaN,0.267,0.272,5.0,0.0
2026-07-30T00:00:00Z,200.0,21.5,69.5,NaN,NaN,NaN,NaN,NaN,NaN,NaN,NaN,NaN,NaN,NaN,NaN
2026-07-30T00:00:00Z,200.0,21.5,70.5,NaN,NaN,NaN,NaN,NaN,NaN,NaN,NaN,NaN,NaN,NaN,NaN
2026-07-30T00:00:00Z,200.0,21.5,71.5,NaN,NaN,NaN,NaN,NaN,NaN,NaN,NaN,NaN,NaN,NaN,NaN
2026-07-30T00:00:00Z,200.0,21.5,72.5,NaN,NaN,NaN,NaN,NaN,NaN,NaN,NaN,NaN,NaN,NaN,NaN
2026-07-30T00:00:00Z,200.0,21.5,73.5,NaN,NaN,NaN,NaN,NaN,NaN,NaN,NaN,NaN,NaN,NaN,NaN
2026-07-30T00:00:00Z,200.0,21.5,74.5,NaN,NaN,NaN,NaN,NaN,NaN,NaN,NaN,NaN,NaN,NaN,NaN
2026-07-30T00:00:00Z,200.0,21.5,75.5,NaN,NaN,NaN,NaN,NaN,NaN,NaN,NaN,NaN,NaN,NaN,NaN
2026-07-30T00:00:00Z,200.0,21.5,76.5,NaN,NaN,NaN,NaN,NaN,NaN,NaN,NaN,NaN,NaN,NaN,NaN
2026-07-30T00:00:00Z,200.0,21.5,77.5,NaN,NaN,NaN,NaN,NaN,NaN,NaN,NaN,NaN,NaN,NaN,NaN
2026-07-30T00:00:00Z,200.0,21.5,78.5,NaN,NaN,NaN,NaN,NaN,NaN,NaN,NaN,NaN,NaN,NaN,NaN
2026-07-30T00:00:00Z,200.0,22.5,50.5,NaN,NaN,NaN,NaN,NaN,NaN,NaN,NaN,NaN,NaN,NaN,NaN
2026-07-30T00:00:00Z,200.0,22.5,51.5,NaN,NaN,NaN,NaN,NaN,NaN,NaN,NaN,NaN,NaN,NaN,NaN
2026-07-30T00:00:00Z,200.0,22.5,52.5,NaN,NaN,NaN,NaN,NaN,NaN,NaN,NaN,NaN,NaN,NaN,NaN
2026-07-30T00:00:00Z,200.0,22.5,53.5,NaN,NaN,NaN,NaN,NaN,NaN,NaN,NaN,NaN,NaN,NaN,NaN
2026-07-30T00:00:00Z,200.0,22.5,54.5,NaN,NaN,NaN,NaN,NaN,NaN,NaN,NaN,NaN,NaN,NaN,NaN
2026-07-30T00:00:00Z,200.0,22.5,55.5,NaN,NaN,NaN,NaN,NaN,NaN,NaN,NaN,NaN,NaN,NaN,NaN
2026-07-30T00:00:00Z,200.0,22.5,56.5,NaN,NaN,NaN,NaN,NaN,NaN,NaN,NaN,NaN,NaN,NaN,NaN
2026-07-30T00:00:00Z,200.0,22.5,57.5,NaN,NaN,NaN,NaN,NaN,NaN,NaN,NaN,NaN,NaN,NaN,NaN
2026-07-30T00:00:00Z,200.0,22.5,58.5,NaN,NaN,NaN,NaN,NaN,NaN,NaN,NaN,NaN,NaN,NaN,NaN
2026-07-30T00:00:00Z,200.0,22.5,59.5,36.47,NaN,0.356,0.399,6.0,0.0,18.926,NaN,0.623,0.628,10.0,0.0
2026-07-30T00:00:00Z,200.0,22.5,60.5,36.163,NaN,0.33,0.355,7.0,0.0,19.179,NaN,0.605,0.675,11.0,0.0
2026-07-30T00:00:00Z,200.0,22.5,61.5,36.196,NaN,0.306,0.313,9.0,0.0,19.145,NaN,0.572,0.642,13.0,0.0
2026-07-30T00:00:00Z,200.0,22.5,62.5,36.182,NaN,0.279,0.28,9.0,0.0,18.888,NaN,0.647,0.656,13.0,0.0
2026-07-30T00:00:00Z,200.0,22.5,63.5,36.118,35.994,0.104,0.118,7.0,1.0,18.645,18.414,0.513,0.564,8.0,1.0
2026-07-30T00:00:00Z,200.0,22.5,64.5,36.216,NaN,0.101,0.103,9.0,0.0,18.358,NaN,0.503,0.523,13.0,0.0
2026-07-30T00:00:00Z,200.0,22.5,65.5,36.183,36.124,0.118,0.122,6.0,1.0,17.91,17.716,0.566,0.64,9.0,1.0
2026-07-30T00:00:00Z,200.0,22.5,66.5,36.256,36.274,0.119,0.134,5.0,2.0,17.867,17.855,0.457,0.504,8.0,4.0
2026-07-30T00:00:00Z,200.0,22.5,67.5,36.273,NaN,0.072,0.087,3.0,0.0,17.897,NaN,0.253,0.255,6.0,0.0
2026-07-30T00:00:00Z,200.0,22.5,68.5,NaN,NaN,NaN,NaN,NaN,NaN,NaN,NaN,NaN,NaN,NaN,NaN
2026-07-30T00:00:00Z,200.0,22.5,69.5,NaN,NaN,NaN,NaN,NaN,NaN,NaN,NaN,NaN,NaN,NaN,NaN
2026-07-30T00:00:00Z,200.0,22.5,70.5,NaN,NaN,NaN,NaN,NaN,NaN,NaN,NaN,NaN,NaN,NaN,NaN
2026-07-30T00:00:00Z,200.0,22.5,71.5,NaN,NaN,NaN,NaN,NaN,NaN,NaN,NaN,NaN,NaN,NaN,NaN
2026-07-30T00:00:00Z,200.0,22.5,72.5,NaN,NaN,NaN,NaN,NaN,NaN,NaN,NaN,NaN,NaN,NaN,NaN
2026-07-30T00:00:00Z,200.0,22.5,73.5,NaN,NaN,NaN,NaN,NaN,NaN,NaN,NaN,NaN,NaN,NaN,NaN
2026-07-30T00:00:00Z,200.0,22.5,74.5,NaN,NaN,NaN,NaN,NaN,NaN,NaN,NaN,NaN,NaN,NaN,NaN
2026-07-30T00:00:00Z,200.0,22.5,75.5,NaN,NaN,NaN,NaN,NaN,NaN,NaN,NaN,NaN,NaN,NaN,NaN
2026-07-30T00:00:00Z,200.0,22.5,76.5,NaN,NaN,NaN,NaN,NaN,NaN,NaN,NaN,NaN,NaN,NaN,NaN
2026-07-30T00:00:00Z,200.0,22.5,77.5,NaN,NaN,NaN,NaN,NaN,NaN,NaN,NaN,NaN,NaN,NaN,NaN
2026-07-30T00:00:00Z,200.0,22.5,78.5,NaN,NaN,NaN,NaN,NaN,NaN,NaN,NaN,NaN,NaN,NaN,NaN
2026-07-30T00:00:00Z,200.0,23.5,50.5,NaN,NaN,NaN,NaN,NaN,NaN,NaN,NaN,NaN,NaN,NaN,NaN
2026-07-30T00:00:00Z,200.0,23.5,51.5,NaN,NaN,NaN,NaN,NaN,NaN,NaN,NaN,NaN,NaN,NaN,NaN
2026-07-30T00:00:00Z,200.0,23.5,52.5,NaN,NaN,NaN,NaN,NaN,NaN,NaN,NaN,NaN,NaN,NaN,NaN
2026-07-30T00:00:00Z,200.0,23.5,53.5,NaN,NaN,NaN,NaN,NaN,NaN,NaN,NaN,NaN,NaN,NaN,NaN
2026-07-30T00:00:00Z,200.0,23.5,54.5,NaN,NaN,NaN,NaN,NaN,NaN,NaN,NaN,NaN,NaN,NaN,NaN
2026-07-30T00:00:00Z,200.0,23.5,55.5,NaN,NaN,NaN,NaN,NaN,NaN,NaN,NaN,NaN,NaN,NaN,NaN
2026-07-30T00:00:00Z,200.0,23.5,56.5,NaN,NaN,NaN,NaN,NaN,NaN,NaN,NaN,NaN,NaN,NaN,NaN
2026-07-30T00:00:00Z,200.0,23.5,57.5,NaN,NaN,NaN,NaN,NaN,NaN,NaN,NaN,NaN,NaN,NaN,NaN
2026-07-30T00:00:00Z,200.0,23.5,58.5,NaN,NaN,NaN,NaN,NaN,NaN,NaN,NaN,NaN,NaN,NaN,NaN
2026-07-30T00:00:00Z,200.0,23.5,59.5,36.672,36.629,0.468,0.53,3.0,1.0,19.114,18.653,0.389,0.414,6.0,1.0
2026-07-30T00:00:00Z,200.0,23.5,60.5,36.739,NaN,0.408,0.533,4.0,0.0,19.241,19.198,0.36,0.36,7.0,2.0
2026-07-30T00:00:00Z,200.0,23.5,61.5,36.647,NaN,0.364,0.493,6.0,0.0,19.244,NaN,0.413,0.427,9.0,0.0
2026-07-30T00:00:00Z,200.0,23.5,62.5,36.105,NaN,0.339,0.361,6.0,0.0,18.772,NaN,0.598,0.652,9.0,0.0
2026-07-30T00:00:00Z,200.0,23.5,63.5,36.067,NaN,0.134,0.179,4.0,0.0,18.482,NaN,0.595,0.607,4.0,0.0
2026-07-30T00:00:00Z,200.0,23.5,64.5,36.124,NaN,0.118,0.148,6.0,0.0,18.118,NaN,0.566,0.573,9.0,0.0
2026-07-30T00:00:00Z,200.0,23.5,65.5,36.161,NaN,0.118,0.129,6.0,0.0,17.813,NaN,0.566,0.691,9.0,0.0
2026-07-30T00:00:00Z,200.0,23.5,66.5,36.247,NaN,0.119,0.13,5.0,0.0,17.832,NaN,0.457,0.52,8.0,0.0
2026-07-30T00:00:00Z,200.0,23.5,67.5,NaN,NaN,NaN,NaN,NaN,NaN,NaN,NaN,NaN,NaN,NaN,NaN
2026-07-30T00:00:00Z,200.0,23.5,68.5,NaN,NaN,NaN,NaN,NaN,NaN,NaN,NaN,NaN,NaN,NaN,NaN
2026-07-30T00:00:00Z,200.0,23.5,69.5,NaN,NaN,NaN,NaN,NaN,NaN,NaN,NaN,NaN,NaN,NaN,NaN
2026-07-30T00:00:00Z,200.0,23.5,70.5,NaN,NaN,NaN,NaN,NaN,NaN,NaN,NaN,NaN,NaN,NaN,NaN
2026-07-30T00:00:00Z,200.0,23.5,71.5,NaN,NaN,NaN,NaN,NaN,NaN,NaN,NaN,NaN,NaN,NaN,NaN
2026-07-30T00:00:00Z,200.0,23.5,72.5,NaN,NaN,NaN,NaN,NaN,NaN,NaN,NaN,NaN,NaN,NaN,NaN
2026-07-30T00:00:00Z,200.0,23.5,73.5,NaN,NaN,NaN,NaN,NaN,NaN,NaN,NaN,NaN,NaN,NaN,NaN
2026-07-30T00:00:00Z,200.0,23.5,74.5,NaN,NaN,NaN,NaN,NaN,NaN,NaN,NaN,NaN,NaN,NaN,NaN
2026-07-30T00:00:00Z,200.0,23.5,75.5,NaN,NaN,NaN,NaN,NaN,NaN,NaN,NaN,NaN,NaN,NaN,NaN
2026-07-30T00:00:00Z,200.0,23.5,76.5,NaN,NaN,NaN,NaN,NaN,NaN,NaN,NaN,NaN,NaN,NaN,NaN
2026-07-30T00:00:00Z,200.0,23.5,77.5,NaN,NaN,NaN,NaN,NaN,NaN,NaN,NaN,NaN,NaN,NaN,NaN
2026-07-30T00:00:00Z,200.0,23.5,78.5,NaN,NaN,NaN,NaN,NaN,NaN,NaN,NaN,NaN,NaN,NaN,NaN
2026-07-30T00:00:00Z,200.0,24.5,50.5,NaN,NaN,NaN,NaN,NaN,NaN,NaN,NaN,NaN,NaN,NaN,NaN
2026-07-30T00:00:00Z,200.0,24.5,51.5,NaN,NaN,NaN,NaN,NaN,NaN,NaN,NaN,NaN,NaN,NaN,NaN
2026-07-30T00:00:00Z,200.0,24.5,52.5,NaN,NaN,NaN,NaN,NaN,NaN,NaN,NaN,NaN,NaN,NaN,NaN
2026-07-30T00:00:00Z,200.0,24.5,53.5,NaN,NaN,NaN,NaN,NaN,NaN,NaN,NaN,NaN,NaN,NaN,NaN
2026-07-30T00:00:00Z,200.0,24.5,54.5,NaN,NaN,NaN,NaN,NaN,NaN,NaN,NaN,NaN,NaN,NaN,NaN
2026-07-30T00:00:00Z,200.0,24.5,55.5,NaN,NaN,NaN,NaN,NaN,NaN,NaN,NaN,NaN,NaN,NaN,NaN
2026-07-30T00:00:00Z,200.0,24.5,56.5,NaN,NaN,NaN,NaN,NaN,NaN,NaN,NaN,NaN,NaN,NaN,NaN
2026-07-30T00:00:00Z,200.0,24.5,57.5,36.665,NaN,0.117,0.142,2.0,0.0,18.91,NaN,0.389,0.52,6.0,0.0
2026-07-30T00:00:00Z,200.0,24.5,58.5,36.733,NaN,0.117,0.118,2.0,0.0,19.219,NaN,0.389,0.391,6.0,0.0
2026-07-30T00:00:00Z,200.0,24.5,59.5,36.812,36.863,0.117,0.134,2.0,1.0,19.355,19.739,0.389,0.402,6.0,1.0
2026-07-30T00:00:00Z,200.0,24.5,60.5,36.849,NaN,0.225,0.334,3.0,0.0,19.354,19.23,0.36,0.374,7.0,3.0
2026-07-30T00:00:00Z,200.0,24.5,61.5,36.858,NaN,0.298,0.529,5.0,0.0,19.321,NaN,0.413,0.453,9.0,0.0
2026-07-30T00:00:00Z,200.0,24.5,62.5,36.442,NaN,0.297,0.321,5.0,0.0,19.212,NaN,0.598,0.625,9.0,0.0
2026-07-30T00:00:00Z,200.0,24.5,63.5,36.042,NaN,0.134,0.196,4.0,0.0,18.367,NaN,0.595,0.64,4.0,0.0
2026-07-30T00:00:00Z,200.0,24.5,64.5,36.111,NaN,0.118,0.157,6.0,0.0,17.949,NaN,0.566,0.623,9.0,0.0
2026-07-30T00:00:00Z,200.0,24.5,65.5,36.148,NaN,0.118,0.135,6.0,0.0,17.761,NaN,0.566,0.722,9.0,0.0
2026-07-30T00:00:00Z,200.0,24.5,66.5,NaN,NaN,NaN,NaN,NaN,NaN,NaN,NaN,NaN,NaN,NaN,NaN
2026-07-30T00:00:00Z,200.0,24.5,67.5,NaN,NaN,NaN,NaN,NaN,NaN,NaN,NaN,NaN,NaN,NaN,NaN
2026-07-30T00:00:00Z,200.0,24.5,68.5,NaN,NaN,NaN,NaN,NaN,NaN,NaN,NaN,NaN,NaN,NaN,NaN
2026-07-30T00:00:00Z,200.0,24.5,69.5,NaN,NaN,NaN,NaN,NaN,NaN,NaN,NaN,NaN,NaN,NaN,NaN
2026-07-30T00:00:00Z,200.0,24.5,70.5,NaN,NaN,NaN,NaN,NaN,NaN,NaN,NaN,NaN,NaN,NaN,NaN
2026-07-30T00:00:00Z,200.0,24.5,71.5,NaN,NaN,NaN,NaN,NaN,NaN,NaN,NaN,NaN,NaN,NaN,NaN
2026-07-30T00:00:00Z,200.0,24.5,72.5,NaN,NaN,NaN,NaN,NaN,NaN,NaN,NaN,NaN,NaN,NaN,NaN
2026-07-30T00:00:00Z,200.0,24.5,73.5,NaN,NaN,NaN,NaN,NaN,NaN,NaN,NaN,NaN,NaN,NaN,NaN
2026-07-30T00:00:00Z,200.0,24.5,74.5,NaN,NaN,NaN,NaN,NaN,NaN,NaN,NaN,NaN,NaN,NaN,NaN
2026-07-30T00:00:00Z,200.0,24.5,75.5,NaN,NaN,NaN,NaN,NaN,NaN,NaN,NaN,NaN,NaN,NaN,NaN
2026-07-30T00:00:00Z,200.0,24.5,76.5,NaN,NaN,NaN,NaN,NaN,NaN,NaN,NaN,NaN,NaN,NaN,NaN
2026-07-30T00:00:00Z,200.0,24.5,77.5,NaN,NaN,NaN,NaN,NaN,NaN,NaN,NaN,NaN,NaN,NaN,NaN
2026-07-30T00:00:00Z,200.0,24.5,78.5,NaN,NaN,NaN,NaN,NaN,NaN,NaN,NaN,NaN,NaN,NaN,NaN
2026-07-30T00:00:00Z,200.0,25.5,50.5,NaN,NaN,NaN,NaN,NaN,NaN,NaN,NaN,NaN,NaN,NaN,NaN
2026-07-30T00:00:00Z,200.0,25.5,51.5,NaN,NaN,NaN,NaN,NaN,NaN,NaN,NaN,NaN,NaN,NaN,NaN
2026-07-30T00:00:00Z,200.0,25.5,52.5,NaN,NaN,NaN,NaN,NaN,NaN,NaN,NaN,NaN,NaN,NaN,NaN
2026-07-30T00:00:00Z,200.0,25.5,53.5,NaN,NaN,NaN,NaN,NaN,NaN,NaN,NaN,NaN,NaN,NaN,NaN
2026-07-30T00:00:00Z,200.0,25.5,54.5,NaN,NaN,NaN,NaN,NaN,NaN,NaN,NaN,NaN,NaN,NaN,NaN
2026-07-30T00:00:00Z,200.0,25.5,55.5,NaN,NaN,NaN,NaN,NaN,NaN,NaN,NaN,NaN,NaN,NaN,NaN
2026-07-30T00:00:00Z,200.0,25.5,56.5,NaN,NaN,NaN,NaN,NaN,NaN,NaN,NaN,NaN,NaN,NaN,NaN
2026-07-30T00:00:00Z,200.0,25.5,57.5,36.798,NaN,0.117,0.128,2.0,0.0,19.432,NaN,0.389,0.427,6.0,0.0
2026-07-30T00:00:00Z,200.0,25.5,58.5,NaN,NaN,NaN,NaN,NaN,NaN,NaN,NaN,NaN,NaN,NaN,NaN
2026-07-30T00:00:00Z,200.0,25.5,59.5,NaN,NaN,NaN,NaN,NaN,NaN,NaN,NaN,NaN,NaN,NaN,NaN
2026-07-30T00:00:00Z,200.0,25.5,60.5,NaN,NaN,NaN,NaN,NaN,NaN,NaN,NaN,NaN,NaN,NaN,NaN
2026-07-30T00:00:00Z,200.0,25.5,61.5,NaN,NaN,NaN,NaN,NaN,NaN,NaN,NaN,NaN,NaN,NaN,NaN
2026-07-30T00:00:00Z,200.0,25.5,62.5,NaN,NaN,NaN,NaN,NaN,NaN,NaN,NaN,NaN,NaN,NaN,NaN
2026-07-30T00:00:00Z,200.0,25.5,63.5,NaN,NaN,NaN,NaN,NaN,NaN,NaN,NaN,NaN,NaN,NaN,NaN
2026-07-30T00:00:00Z,200.0,25.5,64.5,NaN,NaN,NaN,NaN,NaN,NaN,NaN,NaN,NaN,NaN,NaN,NaN
2026-07-30T00:00:00Z,200.0,25.5,65.5,NaN,NaN,NaN,NaN,NaN,NaN,NaN,NaN,NaN,NaN,NaN,NaN
2026-07-30T00:00:00Z,200.0,25.5,66.5,NaN,NaN,NaN,NaN,NaN,NaN,NaN,NaN,NaN,NaN,NaN,NaN
2026-07-30T00:00:00Z,200.0,25.5,67.5,NaN,NaN,NaN,NaN,NaN,NaN,NaN,NaN,NaN,NaN,NaN,NaN
2026-07-30T00:00:00Z,200.0,25.5,68.5,NaN,NaN,NaN,NaN,NaN,NaN,NaN,NaN,NaN,NaN,NaN,NaN
2026-07-30T00:00:00Z,200.0,25.5,69.5,NaN,NaN,NaN,NaN,NaN,NaN,NaN,NaN,NaN,NaN,NaN,NaN
2026-07-30T00:00:00Z,200.0,25.5,70.5,NaN,NaN,NaN,NaN,NaN,NaN,NaN,NaN,NaN,NaN,NaN,NaN
2026-07-30T00:00:00Z,200.0,25.5,71.5,NaN,NaN,NaN,NaN,NaN,NaN,NaN,NaN,NaN,NaN,NaN,NaN
2026-07-30T00:00:00Z,200.0,25.5,72.5,NaN,NaN,NaN,NaN,NaN,NaN,NaN,NaN,NaN,NaN,NaN,NaN
2026-07-30T00:00:00Z,200.0,25.5,73.5,NaN,NaN,NaN,NaN,NaN,NaN,NaN,NaN,NaN,NaN,NaN,NaN
2026-07-30T00:00:00Z,200.0,25.5,74.5,NaN,NaN,NaN,NaN,NaN,NaN,NaN,NaN,NaN,NaN,NaN,NaN
2026-07-30T00:00:00Z,200.0,25.5,75.5,NaN,NaN,NaN,NaN,NaN,NaN,NaN,NaN,NaN,NaN,NaN,NaN
2026-07-30T00:00:00Z,200.0,25.5,76.5,NaN,NaN,NaN,NaN,NaN,NaN,NaN,NaN,NaN,NaN,NaN,NaN
2026-07-30T00:00:00Z,200.0,25.5,77.5,NaN,NaN,NaN,NaN,NaN,NaN,NaN,NaN,NaN,NaN,NaN,NaN
2026-07-30T00:00:00Z,200.0,25.5,78.5,NaN,NaN,NaN,NaN,NaN,NaN,NaN,NaN,NaN,NaN,NaN,NaN
